card_id,card_code,card_art_variant,card_name,character_id,card_rarity,card_color,card_expansion,card_power,card_cost,card_counter,card_effect,card_trigger,card_image,card_banned,is_character_card
EB01-006-0,EB01-006,0,Tony Tony.Chopper,175.0,SR,Red,EB01,4000.0,3.0,1000.0,"[Blocker] (After your opponent declares an attack, you may rest this card to make it the new target of the attack.)[DON!! x2] [When Attacking] Give up to 1 of your opponent's Characters −3000 power during this turn.",,https://en.onepiece-cardgame.com/images/cardlist/card/EB01-006_r1.png?250502,0,True
OP01-006-1,OP01-006,1,Otama,1390.0,UC,Red,OP01,,1.0,2000.0,[On Play] Give up to 1 of your opponent's Characters −2000 power during this turn.,,https://en.onepiece-cardgame.com/images/cardlist/card/OP01-006_p1.png?250502,0,True
OP01-006-2,OP01-006,2,Otama,1390.0,UC,Red,OP01,,1.0,2000.0,[On Play] Give up to 1 of your opponent's Characters −2000 power during this turn.,,https://en.onepiece-cardgame.com/images/cardlist/card/OP01-006_p2.png?250502,0,True
OP01-006-3,OP01-006,3,Otama,1390.0,UC,Red,OP01,,1.0,2000.0,[On Play] Give up to 1 of your opponent's Characters −2000 power during this turn.,,https://en.onepiece-cardgame.com/images/cardlist/card/OP01-006_p3.png?250502,0,True
OP01-006-0,OP01-006,0,Otama,1390.0,UC,Red,OP01,,1.0,2000.0,[On Play] Give up to 1 of your opponent's Characters −2000 power during this turn.,,https://en.onepiece-cardgame.com/images/cardlist/card/OP01-006_r1.png?250502,0,True
OP01-016-7,OP01-016,7,Nami,515.0,R,Red,OP01,2000.0,1.0,1000.0,"[On Play] Look at 5 cards from the top of your deck; reveal up to 1 {Straw Hat Crew} type card other than [Nami] and add it to your hand. Then, place the rest at the bottom of your deck in any order.",,https://en.onepiece-cardgame.com/images/cardlist/card/OP01-016_p7.png?250502,0,True
OP01-024-2,OP01-024,2,Monkey.D.Luffy,558.0,SR,Red,OP01,3000.0,2.0,1000.0,[DON!! x2] This Character cannot be K.O.'d in battle by <Strike> attribute Characters.[Activate: Main] [Once Per Turn] Give this Character up to 2 rested DON!! cards.,,https://en.onepiece-cardgame.com/images/cardlist/card/OP01-024_p2.png?250502,0,True
OP01-024-0,OP01-024,0,Monkey.D.Luffy,558.0,SR,Red,OP01,3000.0,2.0,1000.0,[DON!! x2] This Character cannot be K.O.'d in battle by <Strike> attribute Characters.[Activate: Main] [Once Per Turn] Give this Character up to 2 rested DON!! cards.,,https://en.onepiece-cardgame.com/images/cardlist/card/OP01-024_r1.png?250502,0,True
OP01-029-3,OP01-029,3,Radical Beam!!,,UC,Red,OP01,,1.0,,"[Counter] Up to 1 of your Leader or Character cards gains +2000 power during this battle. Then, if you have 2 or less Life cards, that card gains an additional +2000 power.",[Trigger] Up to 1 of your Leader or Character cards gains +1000 power during this turn.,https://en.onepiece-cardgame.com/images/cardlist/card/OP01-029_p3.png?250502,0,False
OP01-029-4,OP01-029,4,Radical Beam!!,,UC,Red,OP01,,1.0,,"[Counter] Up to 1 of your Leader or Character cards gains +2000 power during this battle. Then, if you have 2 or less Life cards, that card gains an additional +2000 power.",[Trigger] Up to 1 of your Leader or Character cards gains +1000 power during this turn.,https://en.onepiece-cardgame.com/images/cardlist/card/OP01-029_p4.png?250502,0,False
OP01-029-0,OP01-029,0,Radical Beam!!,,UC,Red,OP01,,1.0,,"[Counter] Up to 1 of your Leader or Character cards gains +2000 power during this battle. Then, if you have 2 or less Life cards, that card gains an additional +2000 power.",[Trigger] Up to 1 of your Leader or Character cards gains +1000 power during this turn.,https://en.onepiece-cardgame.com/images/cardlist/card/OP01-029_r1.png?250502,0,False
OP01-033-2,OP01-033,2,Izo,833.0,UC,Green,OP01,3000.0,3.0,2000.0,[On Play] Rest up to 1 of your opponent's Characters with a cost of 4 or less.,,https://en.onepiece-cardgame.com/images/cardlist/card/OP01-033_p2.png?250502,0,True
OP01-033-3,OP01-033,3,Izo,833.0,UC,Green,OP01,3000.0,3.0,2000.0,[On Play] Rest up to 1 of your opponent's Characters with a cost of 4 or less.,,https://en.onepiece-cardgame.com/images/cardlist/card/OP01-033_p3.png?250502,0,True
OP01-033-4,OP01-033,4,Izo,833.0,UC,Green,OP01,3000.0,3.0,2000.0,[On Play] Rest up to 1 of your opponent's Characters with a cost of 4 or less.,,https://en.onepiece-cardgame.com/images/cardlist/card/OP01-033_p4.png?250502,0,True
OP01-033-0,OP01-033,0,Izo,833.0,UC,Green,OP01,3000.0,3.0,2000.0,[On Play] Rest up to 1 of your opponent's Characters with a cost of 4 or less.,,https://en.onepiece-cardgame.com/images/cardlist/card/OP01-033_r1.png?250502,0,True
OP01-041-2,OP01-041,2,Kouzuki Momonosuke,709.0,R,Green,OP01,,1.0,1000.0,"[Activate: Main] ➀ (You may rest the specified number of DON!! cards in your cost area.) You may rest this Character: Look at 5 cards from the top of your deck; reveal up to 1 {Land of Wano} type card and add it to your hand. Then, place the rest at the bottom of your deck in any order.",,https://en.onepiece-cardgame.com/images/cardlist/card/OP01-041_p2.png?250502,0,True
OP01-041-3,OP01-041,3,Kouzuki Momonosuke,709.0,R,Green,OP01,,1.0,1000.0,"[Activate: Main] ➀ (You may rest the specified number of DON!! cards in your cost area.) You may rest this Character: Look at 5 cards from the top of your deck; reveal up to 1 {Land of Wano} type card and add it to your hand. Then, place the rest at the bottom of your deck in any order.",,https://en.onepiece-cardgame.com/images/cardlist/card/OP01-041_p3.png?250502,0,True
OP01-041-4,OP01-041,4,Kouzuki Momonosuke,709.0,R,Green,OP01,,1.0,1000.0,"[Activate: Main] ➀ (You may rest the specified number of DON!! cards in your cost area.) You may rest this Character: Look at 5 cards from the top of your deck; reveal up to 1 {Land of Wano} type card and add it to your hand. Then, place the rest at the bottom of your deck in any order.",,https://en.onepiece-cardgame.com/images/cardlist/card/OP01-041_p4.png?250502,0,True
OP01-041-0,OP01-041,0,Kouzuki Momonosuke,709.0,R,Green,OP01,,1.0,1000.0,"[Activate: Main] ➀ (You may rest the specified number of DON!! cards in your cost area.) You may rest this Character: Look at 5 cards from the top of your deck; reveal up to 1 {Land of Wano} type card and add it to your hand. Then, place the rest at the bottom of your deck in any order.",,https://en.onepiece-cardgame.com/images/cardlist/card/OP01-041_r1.png?250502,0,True
OP01-047-3,OP01-047,3,Trafalgar Law,169.0,SR,Green,OP01,6000.0,5.0,,"[Blocker] (After your opponent declares an attack, you may rest this card to make it the new target of the attack.)[On Play] You may return 1 of your Characters to the owner's hand: Play up to 1 Character card with a cost of 3 or less from your hand.",,https://en.onepiece-cardgame.com/images/cardlist/card/OP01-047_p3.png?250502,0,True
OP01-047-0,OP01-047,0,Trafalgar Law,169.0,SR,Green,OP01,6000.0,5.0,,"[Blocker] (After your opponent declares an attack, you may rest this card to make it the new target of the attack.)[On Play] You may return 1 of your Characters to the owner's hand: Play up to 1 Character card with a cost of 3 or less from your hand.",,https://en.onepiece-cardgame.com/images/cardlist/card/OP01-047_r1.png?250502,0,True
OP01-051-3,OP01-051,3,"Eustass""Captain""Kid",1034.0,SR,Green,OP01,8000.0,8.0,,"[DON!! x1] [Opponent's Turn] If this Character is rested, your opponent cannot attack any card other than the Character [Eustass""Captain""Kid].[Activate: Main] [Once Per Turn] You may rest this Character: Play up to 1 Character card with a cost of 3 or less from your hand.",,https://en.onepiece-cardgame.com/images/cardlist/card/OP01-051_p3.png?250502,0,True
OP01-051-0,OP01-051,0,"Eustass""Captain""Kid",1034.0,SR,Green,OP01,8000.0,8.0,,"[DON!! x1] [Opponent's Turn] If this Character is rested, your opponent cannot attack any card other than the Character [Eustass""Captain""Kid].[Activate: Main] [Once Per Turn] You may rest this Character: Play up to 1 Character card with a cost of 3 or less from your hand.",,https://en.onepiece-cardgame.com/images/cardlist/card/OP01-051_r1.png?250502,0,True
OP01-052-1,OP01-052,1,Raizo,396.0,UC,Green,OP01,4000.0,3.0,1000.0,"[When Attacking] [Once Per Turn] If you have 2 or more rested Characters, draw 1 card.",,https://en.onepiece-cardgame.com/images/cardlist/card/OP01-052_p1.png?250502,0,True
OP01-052-2,OP01-052,2,Raizo,396.0,UC,Green,OP01,4000.0,3.0,1000.0,"[When Attacking] [Once Per Turn] If you have 2 or more rested Characters, draw 1 card.",,https://en.onepiece-cardgame.com/images/cardlist/card/OP01-052_p2.png?250502,0,True
OP01-052-0,OP01-052,0,Raizo,396.0,UC,Green,OP01,4000.0,3.0,1000.0,"[When Attacking] [Once Per Turn] If you have 2 or more rested Characters, draw 1 card.",,https://en.onepiece-cardgame.com/images/cardlist/card/OP01-052_r1.png?250502,0,True
OP01-070-3,OP01-070,3,Dracule Mihawk,1061.0,SR,Blue,OP01,9000.0,9.0,,[On Play] Place up to 1 Character with a cost of 7 or less at the bottom of the owner's deck.,,https://en.onepiece-cardgame.com/images/cardlist/card/OP01-070_p3.png?250502,0,True
OP01-070-0,OP01-070,0,Dracule Mihawk,1061.0,SR,Blue,OP01,9000.0,9.0,,[On Play] Place up to 1 Character with a cost of 7 or less at the bottom of the owner's deck.,,https://en.onepiece-cardgame.com/images/cardlist/card/OP01-070_r1.png?250502,0,True
OP01-078-3,OP01-078,3,Boa Hancock,1305.0,SR,Blue,OP01,5000.0,4.0,1000.0,"[Blocker] (After your opponent declares an attack, you may rest this card to make it the new target of the attack.)[DON!! x1] [When Attacking]/[On Block] Draw 1 card if you have 5 or less cards in your hand.",,https://en.onepiece-cardgame.com/images/cardlist/card/OP01-078_p3.png?250502,0,True
OP01-078-0,OP01-078,0,Boa Hancock,1305.0,SR,Blue,OP01,5000.0,4.0,1000.0,"[Blocker] (After your opponent declares an attack, you may rest this card to make it the new target of the attack.)[DON!! x1] [When Attacking]/[On Block] Draw 1 card if you have 5 or less cards in your hand.",,https://en.onepiece-cardgame.com/images/cardlist/card/OP01-078_r1.png?250502,0,True
OP01-120-5,OP01-120,5,Shanks,290.0,SEC,Red,OP01,10000.0,9.0,,[Rush] (This card can attack on the turn in which it is played.)[When Attacking] Your opponent cannot activate a [Blocker] Character that has 2000 or less power during this battle.,,https://en.onepiece-cardgame.com/images/cardlist/card/OP01-120_p5.png?250502,0,True
OP01-120-0,OP01-120,0,Shanks,290.0,SEC,Red,OP01,10000.0,9.0,,[Rush] (This card can attack on the turn in which it is played.)[When Attacking] Your opponent cannot activate a [Blocker] Character that has 2000 or less power during this battle.,,https://en.onepiece-cardgame.com/images/cardlist/card/OP01-120_r1.png?250502,0,True
OP01-121-3,OP01-121,3,Yamato,88.0,SEC,Green,OP01,5000.0,5.0,1000.0,"Also treat this card's name as [Kouzuki Oden] according to the rules.[Double Attack] (This card deals 2 damage.)[Banish] (When this card deals damage, the target card is trashed without activating its Trigger.)",,https://en.onepiece-cardgame.com/images/cardlist/card/OP01-121_p3.png?250502,0,True
OP01-121-0,OP01-121,0,Yamato,88.0,SEC,Green,OP01,5000.0,5.0,1000.0,"Also treat this card's name as [Kouzuki Oden] according to the rules.[Double Attack] (This card deals 2 damage.)[Banish] (When this card deals damage, the target card is trashed without activating its Trigger.)",,https://en.onepiece-cardgame.com/images/cardlist/card/OP01-121_r1.png?250502,0,True
OP02-004-4,OP02-004,4,Edward.Newgate,1051.0,SR,Red,OP02,10000.0,9.0,,"[On Play] Up to 1 of your Leader gains +2000 power until the start of your next turn. Then, you cannot add Life cards to your hand using your own effects during this turn.[DON!! x2] [When Attacking] K.O. up to 1 of your opponent's Characters with 3000 power or less.",,https://en.onepiece-cardgame.com/images/cardlist/card/OP02-004_p4.png?250502,0,True
OP02-004-0,OP02-004,0,Edward.Newgate,1051.0,SR,Red,OP02,10000.0,9.0,,"[On Play] Up to 1 of your Leader gains +2000 power until the start of your next turn. Then, you cannot add Life cards to your hand using your own effects during this turn.[DON!! x2] [When Attacking] K.O. up to 1 of your opponent's Characters with 3000 power or less.",,https://en.onepiece-cardgame.com/images/cardlist/card/OP02-004_r1.png?250502,0,True
OP02-013-0,OP02-013,0,Portgas.D.Ace,416.0,SR,Red,OP02,7000.0,7.0,,"[On Play] Give up to 2 of your opponent's Characters −3000 power during this turn. Then, if your Leader's type includes ""Whitebeard Pirates"", this Character gains [Rush] during this turn.(This card can attack on the turn in which it is played.)",,https://en.onepiece-cardgame.com/images/cardlist/card/OP02-013_r1.png?250502,0,True
OP02-015-1,OP02-015,1,Makino,641.0,UC,Red,OP02,,1.0,2000.0,[Activate: Main] You may rest this Character: Up to 1 of your red Characters with a cost of 1 gains +3000 power during this turn.,,https://en.onepiece-cardgame.com/images/cardlist/card/OP02-015_p1.png?250502,0,True
OP02-015-2,OP02-015,2,Makino,641.0,UC,Red,OP02,,1.0,2000.0,[Activate: Main] You may rest this Character: Up to 1 of your red Characters with a cost of 1 gains +3000 power during this turn.,,https://en.onepiece-cardgame.com/images/cardlist/card/OP02-015_p2.png?250502,0,True
OP02-015-0,OP02-015,0,Makino,641.0,UC,Red,OP02,,1.0,2000.0,[Activate: Main] You may rest this Character: Up to 1 of your red Characters with a cost of 1 gains +3000 power during this turn.,,https://en.onepiece-cardgame.com/images/cardlist/card/OP02-015_r1.png?250502,0,True
OP02-018-3,OP02-018,3,Marco,635.0,R,Red,OP02,5000.0,4.0,1000.0,"[Blocker] (After your opponent declares an attack, you may rest this card to make it the new target of the attack.)[On K.O.] You may trash 1 card with a type including ""Whitebeard Pirates"" from your hand: If you have 2 or less Life cards, play this Character card from your trash rested.",,https://en.onepiece-cardgame.com/images/cardlist/card/OP02-018_p3.png?250502,0,True
OP02-018-4,OP02-018,4,Marco,635.0,R,Red,OP02,5000.0,4.0,1000.0,"[Blocker] (After your opponent declares an attack, you may rest this card to make it the new target of the attack.)[On K.O.] You may trash 1 card with a type including ""Whitebeard Pirates"" from your hand: If you have 2 or less Life cards, play this Character card from your trash rested.",,https://en.onepiece-cardgame.com/images/cardlist/card/OP02-018_p4.png?250502,0,True
OP02-018-5,OP02-018,5,Marco,635.0,R,Red,OP02,5000.0,4.0,1000.0,"[Blocker] (After your opponent declares an attack, you may rest this card to make it the new target of the attack.)[On K.O.] You may trash 1 card with a type including ""Whitebeard Pirates"" from your hand: If you have 2 or less Life cards, play this Character card from your trash rested.",,https://en.onepiece-cardgame.com/images/cardlist/card/OP02-018_p5.png?250502,0,True
OP02-018-0,OP02-018,0,Marco,635.0,R,Red,OP02,5000.0,4.0,1000.0,"[Blocker] (After your opponent declares an attack, you may rest this card to make it the new target of the attack.)[On K.O.] You may trash 1 card with a type including ""Whitebeard Pirates"" from your hand: If you have 2 or less Life cards, play this Character card from your trash rested.",,https://en.onepiece-cardgame.com/images/cardlist/card/OP02-018_r2.png?250502,0,True
OP02-089-1,OP02-089,1,Judgment of Hell,,R,Purple,OP02,,2.0,,[Counter] DON!! −1 (You may return the specified number of DON!! cards from your field to your DON!! deck.): Give up to a total of 2 of your opponent's Leader or Character cards −3000 power during this turn.,"[Trigger] If your opponent has 6 or more DON!! cards on their field, your opponent returns 1 DON!! card from their field to their DON!! deck.",https://en.onepiece-cardgame.com/images/cardlist/card/OP02-089_p1.png?250502,0,False
OP02-089-2,OP02-089,2,Judgment of Hell,,R,Purple,OP02,,2.0,,[Counter] DON!! −1 (You may return the specified number of DON!! cards from your field to your DON!! deck.): Give up to a total of 2 of your opponent's Leader or Character cards −3000 power during this turn.,"[Trigger] If your opponent has 6 or more DON!! cards on their field, your opponent returns 1 DON!! card from their field to their DON!! deck.",https://en.onepiece-cardgame.com/images/cardlist/card/OP02-089_p2.png?250502,0,False
OP02-089-3,OP02-089,3,Judgment of Hell,,R,Purple,OP02,,2.0,,[Counter] DON!! −1 (You may return the specified number of DON!! cards from your field to your DON!! deck.): Give up to a total of 2 of your opponent's Leader or Character cards −3000 power during this turn.,"[Trigger] If your opponent has 6 or more DON!! cards on their field, your opponent returns 1 DON!! card from their field to their DON!! deck.",https://en.onepiece-cardgame.com/images/cardlist/card/OP02-089_p3.png?250502,0,False
OP02-089-0,OP02-089,0,Judgment of Hell,,R,Purple,OP02,,2.0,,[Counter] DON!! −1 (You may return the specified number of DON!! cards from your field to your DON!! deck.): Give up to a total of 2 of your opponent's Leader or Character cards −3000 power during this turn.,"[Trigger] If your opponent has 6 or more DON!! cards on their field, your opponent returns 1 DON!! card from their field to their DON!! deck.",https://en.onepiece-cardgame.com/images/cardlist/card/OP02-089_r1.png?250502,0,False
OP02-096-4,OP02-096,4,Kuzan,685.0,SR,Black,OP02,5000.0,4.0,,[On Play] Draw 1 card.[When Attacking] Give up to 1 of your opponent's Characters −4 cost during this turn.,,https://en.onepiece-cardgame.com/images/cardlist/card/OP02-096_p4.png?250502,0,True
OP02-096-0,OP02-096,0,Kuzan,685.0,SR,Black,OP02,5000.0,4.0,,[On Play] Draw 1 card.[When Attacking] Give up to 1 of your opponent's Characters −4 cost during this turn.,,https://en.onepiece-cardgame.com/images/cardlist/card/OP02-096_r1.png?250502,0,True
OP02-099-5,OP02-099,5,Sakazuki,337.0,SR,Black,OP02,7000.0,6.0,,[On Play] You may trash 1 card from your hand: K.O. up to 1 of your opponent's Characters with a cost of 5 or less.,,https://en.onepiece-cardgame.com/images/cardlist/card/OP02-099_p5.png?250502,0,True
OP02-099-0,OP02-099,0,Sakazuki,337.0,SR,Black,OP02,7000.0,6.0,,[On Play] You may trash 1 card from your hand: K.O. up to 1 of your opponent's Characters with a cost of 5 or less.,,https://en.onepiece-cardgame.com/images/cardlist/card/OP02-099_r1.png?250502,0,True
OP02-106-4,OP02-106,4,Tsuru,158.0,UC,Black,OP02,,1.0,2000.0,[On Play] Give up to 1 of your opponent's Characters −2 cost during this turn.,,https://en.onepiece-cardgame.com/images/cardlist/card/OP02-106_p4.png?250502,0,True
OP02-106-5,OP02-106,5,Tsuru,158.0,UC,Black,OP02,,1.0,2000.0,[On Play] Give up to 1 of your opponent's Characters −2 cost during this turn.,,https://en.onepiece-cardgame.com/images/cardlist/card/OP02-106_p5.png?250502,0,True
OP02-106-0,OP02-106,0,Tsuru,158.0,UC,Black,OP02,,1.0,2000.0,[On Play] Give up to 1 of your opponent's Characters −2 cost during this turn.,,https://en.onepiece-cardgame.com/images/cardlist/card/OP02-106_r2.png?250502,0,True
OP02-114-4,OP02-114,4,Borsalino,1291.0,SR,Black,OP02,5000.0,4.0,1000.0,"[Opponent's Turn] This Character gains +1000 power and cannot be K.O.'d by effects.[Blocker] (After your opponent declares an attack, you may rest this card to make it the new target of the attack.)",,https://en.onepiece-cardgame.com/images/cardlist/card/OP02-114_p4.png?250502,0,True
OP02-114-0,OP02-114,0,Borsalino,1291.0,SR,Black,OP02,5000.0,4.0,1000.0,"[Opponent's Turn] This Character gains +1000 power and cannot be K.O.'d by effects.[Blocker] (After your opponent declares an attack, you may rest this card to make it the new target of the attack.)",,https://en.onepiece-cardgame.com/images/cardlist/card/OP02-114_r1.png?250502,0,True
OP02-117-4,OP02-117,4,Ice Age,,UC,Black,OP02,,1.0,,[Main] Give up to 1 of your opponent's Characters −5 cost during this turn.,[Trigger] K.O. up to 1 of your opponent's Characters with a cost of 3 or less.,https://en.onepiece-cardgame.com/images/cardlist/card/OP02-117_p4.png?250502,1,False
OP02-117-5,OP02-117,5,Ice Age,,UC,Black,OP02,,1.0,,[Main] Give up to 1 of your opponent's Characters −5 cost during this turn.,[Trigger] K.O. up to 1 of your opponent's Characters with a cost of 3 or less.,https://en.onepiece-cardgame.com/images/cardlist/card/OP02-117_p5.png?250502,1,False
OP02-117-0,OP02-117,0,Ice Age,,UC,Black,OP02,,1.0,,[Main] Give up to 1 of your opponent's Characters −5 cost during this turn.,[Trigger] K.O. up to 1 of your opponent's Characters with a cost of 3 or less.,https://en.onepiece-cardgame.com/images/cardlist/card/OP02-117_r2.png?250502,1,False
OP02-121-2,OP02-121,2,Kuzan,685.0,SEC,Black,OP02,10000.0,10.0,,[Your Turn] Give all of your opponent's Characters −5 cost.[On Play] K.O. up to 1 of your opponent's Characters with a cost of 0.,,https://en.onepiece-cardgame.com/images/cardlist/card/OP02-121_p2.png?250502,0,True
OP02-121-0,OP02-121,0,Kuzan,685.0,SEC,Black,OP02,10000.0,10.0,,[Your Turn] Give all of your opponent's Characters −5 cost.[On Play] K.O. up to 1 of your opponent's Characters with a cost of 0.,,https://en.onepiece-cardgame.com/images/cardlist/card/OP02-121_r1.png?250502,0,True
OP03-003-3,OP03-003,3,Izo,833.0,R,Red,OP03,2000.0,1.0,1000.0,"[On Play] Look at 5 cards from the top of your deck; reveal up to 1 card with a type including ""Whitebeard Pirates"" other than [Izo] and add it to your hand. Then, place the rest at the bottom of your deck in any order.",,https://en.onepiece-cardgame.com/images/cardlist/card/OP03-003_p3.png?250502,0,True
OP03-003-4,OP03-003,4,Izo,833.0,R,Red,OP03,2000.0,1.0,1000.0,"[On Play] Look at 5 cards from the top of your deck; reveal up to 1 card with a type including ""Whitebeard Pirates"" other than [Izo] and add it to your hand. Then, place the rest at the bottom of your deck in any order.",,https://en.onepiece-cardgame.com/images/cardlist/card/OP03-003_p4.png?250502,0,True
OP03-003-5,OP03-003,5,Izo,833.0,R,Red,OP03,2000.0,1.0,1000.0,"[On Play] Look at 5 cards from the top of your deck; reveal up to 1 card with a type including ""Whitebeard Pirates"" other than [Izo] and add it to your hand. Then, place the rest at the bottom of your deck in any order.",,https://en.onepiece-cardgame.com/images/cardlist/card/OP03-003_p5.png?250502,0,True
OP03-003-0,OP03-003,0,Izo,833.0,R,Red,OP03,2000.0,1.0,1000.0,"[On Play] Look at 5 cards from the top of your deck; reveal up to 1 card with a type including ""Whitebeard Pirates"" other than [Izo] and add it to your hand. Then, place the rest at the bottom of your deck in any order.",,https://en.onepiece-cardgame.com/images/cardlist/card/OP03-003_r2.png?250502,0,True
OP03-055-2,OP03-055,2,Gum-Gum Giant Gavel,,C,Blue,OP03,,1.0,,"[Counter] You may trash 1 card from your hand: Up to 1 of your Leader gains +4000 power during this battle. Then, you may trash 2 cards from the top of your deck.",[Trigger] Return up to 1 Character with a cost of 4 or less to the owner's hand.,https://en.onepiece-cardgame.com/images/cardlist/card/OP03-055_p2.png?250502,0,False
OP03-055-3,OP03-055,3,Gum-Gum Giant Gavel,,C,Blue,OP03,,1.0,,"[Counter] You may trash 1 card from your hand: Up to 1 of your Leader gains +4000 power during this battle. Then, you may trash 2 cards from the top of your deck.",[Trigger] Return up to 1 Character with a cost of 4 or less to the owner's hand.,https://en.onepiece-cardgame.com/images/cardlist/card/OP03-055_p3.png?250502,0,False
OP03-055-0,OP03-055,0,Gum-Gum Giant Gavel,,C,Blue,OP03,,1.0,,"[Counter] You may trash 1 card from your hand: Up to 1 of your Leader gains +4000 power during this battle. Then, you may trash 2 cards from the top of your deck.",[Trigger] Return up to 1 Character with a cost of 4 or less to the owner's hand.,https://en.onepiece-cardgame.com/images/cardlist/card/OP03-055_r1.png?250502,0,False
OP03-056-1,OP03-056,1,Sanji's Pilaf,,UC,Blue,OP03,,3.0,,[Main] Draw 2 cards.,[Trigger] Activate this card's [Main] effect.,https://en.onepiece-cardgame.com/images/cardlist/card/OP03-056_p1.png?250502,0,False
OP03-056-2,OP03-056,2,Sanji's Pilaf,,UC,Blue,OP03,,3.0,,[Main] Draw 2 cards.,[Trigger] Activate this card's [Main] effect.,https://en.onepiece-cardgame.com/images/cardlist/card/OP03-056_p2.png?250502,0,False
OP03-056-3,OP03-056,3,Sanji's Pilaf,,UC,Blue,OP03,,3.0,,[Main] Draw 2 cards.,[Trigger] Activate this card's [Main] effect.,https://en.onepiece-cardgame.com/images/cardlist/card/OP03-056_p3.png?250502,0,False
OP03-056-0,OP03-056,0,Sanji's Pilaf,,UC,Blue,OP03,,3.0,,[Main] Draw 2 cards.,[Trigger] Activate this card's [Main] effect.,https://en.onepiece-cardgame.com/images/cardlist/card/OP03-056_r1.png?250502,0,False
OP03-057-1,OP03-057,1,Three Thousand Worlds,,R,Blue,OP03,,4.0,,[Main] Place up to 1 Character with a cost of 5 or less at the bottom of the owner's deck.,[Trigger] Place up to 1 Character with a cost of 3 or less at the bottom of the owner's deck.,https://en.onepiece-cardgame.com/images/cardlist/card/OP03-057_p1.png?250502,0,False
OP03-057-2,OP03-057,2,Three Thousand Worlds,,R,Blue,OP03,,4.0,,[Main] Place up to 1 Character with a cost of 5 or less at the bottom of the owner's deck.,[Trigger] Place up to 1 Character with a cost of 3 or less at the bottom of the owner's deck.,https://en.onepiece-cardgame.com/images/cardlist/card/OP03-057_p2.png?250502,0,False
OP03-057-3,OP03-057,3,Three Thousand Worlds,,R,Blue,OP03,,4.0,,[Main] Place up to 1 Character with a cost of 5 or less at the bottom of the owner's deck.,[Trigger] Place up to 1 Character with a cost of 3 or less at the bottom of the owner's deck.,https://en.onepiece-cardgame.com/images/cardlist/card/OP03-057_p3.png?250502,0,False
OP03-057-0,OP03-057,0,Three Thousand Worlds,,R,Blue,OP03,,4.0,,[Main] Place up to 1 Character with a cost of 5 or less at the bottom of the owner's deck.,[Trigger] Place up to 1 Character with a cost of 3 or less at the bottom of the owner's deck.,https://en.onepiece-cardgame.com/images/cardlist/card/OP03-057_r1.png?250502,0,False
OP03-060-1,OP03-060,1,Kalifa,772.0,UC,Purple,OP03,4000.0,4.0,2000.0,[When Attacking] DON!! −1 (You may return the specified number of DON!! cards from your field to your DON!! deck.): Draw 2 cards and trash 1 card from your hand.,,https://en.onepiece-cardgame.com/images/cardlist/card/OP03-060_p1.png?250502,0,True
OP03-060-2,OP03-060,2,Kalifa,772.0,UC,Purple,OP03,4000.0,4.0,2000.0,[When Attacking] DON!! −1 (You may return the specified number of DON!! cards from your field to your DON!! deck.): Draw 2 cards and trash 1 card from your hand.,,https://en.onepiece-cardgame.com/images/cardlist/card/OP03-060_p2.png?250502,0,True
OP03-060-0,OP03-060,0,Kalifa,772.0,UC,Purple,OP03,4000.0,4.0,2000.0,[When Attacking] DON!! −1 (You may return the specified number of DON!! cards from your field to your DON!! deck.): Draw 2 cards and trash 1 card from your hand.,,https://en.onepiece-cardgame.com/images/cardlist/card/OP03-060_r1.png?250502,0,True
OP03-079-2,OP03-079,2,Vergo,132.0,UC,Black,OP03,5000.0,5.0,2000.0,[DON!! x1] This Character cannot be K.O.'d in battle.,,https://en.onepiece-cardgame.com/images/cardlist/card/OP03-079_p2.png?250502,0,True
OP03-079-3,OP03-079,3,Vergo,132.0,UC,Black,OP03,5000.0,5.0,2000.0,[DON!! x1] This Character cannot be K.O.'d in battle.,,https://en.onepiece-cardgame.com/images/cardlist/card/OP03-079_p3.png?250502,0,True
OP03-079-0,OP03-079,0,Vergo,132.0,UC,Black,OP03,5000.0,5.0,2000.0,[DON!! x1] This Character cannot be K.O.'d in battle.,,https://en.onepiece-cardgame.com/images/cardlist/card/OP03-079_r2.png?250502,0,True
OP03-089-3,OP03-089,3,Brannew,1285.0,R,Black,OP03,3000.0,2.0,1000.0,"[On Play] Look at 3 cards from the top of your deck; reveal up to 1 {Navy} type card other than [Brannew] and add it to your hand. Then, trash the rest.",,https://en.onepiece-cardgame.com/images/cardlist/card/OP03-089_p3.png?250502,0,True
OP03-089-4,OP03-089,4,Brannew,1285.0,R,Black,OP03,3000.0,2.0,1000.0,"[On Play] Look at 3 cards from the top of your deck; reveal up to 1 {Navy} type card other than [Brannew] and add it to your hand. Then, trash the rest.",,https://en.onepiece-cardgame.com/images/cardlist/card/OP03-089_p4.png?250502,0,True
OP03-089-5,OP03-089,5,Brannew,1285.0,R,Black,OP03,3000.0,2.0,1000.0,"[On Play] Look at 3 cards from the top of your deck; reveal up to 1 {Navy} type card other than [Brannew] and add it to your hand. Then, trash the rest.",,https://en.onepiece-cardgame.com/images/cardlist/card/OP03-089_p5.png?250502,0,True
OP03-089-0,OP03-089,0,Brannew,1285.0,R,Black,OP03,3000.0,2.0,1000.0,"[On Play] Look at 3 cards from the top of your deck; reveal up to 1 {Navy} type card other than [Brannew] and add it to your hand. Then, trash the rest.",,https://en.onepiece-cardgame.com/images/cardlist/card/OP03-089_r2.png?250502,0,True
OP03-094-1,OP03-094,1,Air Door,,UC,Black,OP03,,4.0,,"[Main] If your Leader's type includes ""CP"", look at 5 cards from the top of your deck; play up to 1 Character card with a type including ""CP"" and a cost of 5 or less. Then, trash the rest.",[Trigger] Play up to 1 black Character card with a cost of 3 or less from your trash.,https://en.onepiece-cardgame.com/images/cardlist/card/OP03-094_p1.png?250502,0,False
OP03-094-2,OP03-094,2,Air Door,,UC,Black,OP03,,4.0,,"[Main] If your Leader's type includes ""CP"", look at 5 cards from the top of your deck; play up to 1 Character card with a type including ""CP"" and a cost of 5 or less. Then, trash the rest.",[Trigger] Play up to 1 black Character card with a cost of 3 or less from your trash.,https://en.onepiece-cardgame.com/images/cardlist/card/OP03-094_p2.png?250502,0,False
OP03-094-0,OP03-094,0,Air Door,,UC,Black,OP03,,4.0,,"[Main] If your Leader's type includes ""CP"", look at 5 cards from the top of your deck; play up to 1 Character card with a type including ""CP"" and a cost of 5 or less. Then, trash the rest.",[Trigger] Play up to 1 black Character card with a cost of 3 or less from your trash.,https://en.onepiece-cardgame.com/images/cardlist/card/OP03-094_r1.png?250502,0,False
OP03-108-2,OP03-108,2,Charlotte Cracker,1216.0,SR,Yellow,OP03,5000.0,4.0,1000.0,"[DON!! x1] If you have less Life cards than your opponent, this Character gains [Double Attack] and +1000 power.(This card deals 2 damage.)",[Trigger] You may trash 1 card from your hand: Play this card.,https://en.onepiece-cardgame.com/images/cardlist/card/OP03-108_p2.png?250502,0,True
OP03-108-0,OP03-108,0,Charlotte Cracker,1216.0,SR,Yellow,OP03,5000.0,4.0,1000.0,"[DON!! x1] If you have less Life cards than your opponent, this Character gains [Double Attack] and +1000 power.(This card deals 2 damage.)",[Trigger] You may trash 1 card from your hand: Play this card.,https://en.onepiece-cardgame.com/images/cardlist/card/OP03-108_r1.png?250502,0,True
OP03-110-2,OP03-110,2,Charlotte Smoothie,1167.0,R,Yellow,OP03,5000.0,4.0,1000.0,[When Attacking] You may add 1 card from the top or bottom of your Life cards to your hand: This Character gains +2000 power during this battle.,[Trigger] You may trash 1 card from your hand: Play this card.,https://en.onepiece-cardgame.com/images/cardlist/card/OP03-110_p2.png?250502,0,True
OP03-110-3,OP03-110,3,Charlotte Smoothie,1167.0,R,Yellow,OP03,5000.0,4.0,1000.0,[When Attacking] You may add 1 card from the top or bottom of your Life cards to your hand: This Character gains +2000 power during this battle.,[Trigger] You may trash 1 card from your hand: Play this card.,https://en.onepiece-cardgame.com/images/cardlist/card/OP03-110_p3.png?250502,0,True
OP03-110-4,OP03-110,4,Charlotte Smoothie,1167.0,R,Yellow,OP03,5000.0,4.0,1000.0,[When Attacking] You may add 1 card from the top or bottom of your Life cards to your hand: This Character gains +2000 power during this battle.,[Trigger] You may trash 1 card from your hand: Play this card.,https://en.onepiece-cardgame.com/images/cardlist/card/OP03-110_p4.png?250502,0,True
OP03-110-0,OP03-110,0,Charlotte Smoothie,1167.0,R,Yellow,OP03,5000.0,4.0,1000.0,[When Attacking] You may add 1 card from the top or bottom of your Life cards to your hand: This Character gains +2000 power during this battle.,[Trigger] You may trash 1 card from your hand: Play this card.,https://en.onepiece-cardgame.com/images/cardlist/card/OP03-110_r1.png?250502,0,True
OP03-113-2,OP03-113,2,Charlotte Perospero,1174.0,SR,Yellow,OP03,5000.0,3.0,,"[On K.O.] Look at 3 cards from the top of your deck; reveal up to 1 {Big Mom Pirates} type card and add it to your hand. Then, place the rest at the bottom of your deck in any order.",[Trigger] You may trash 1 card from your hand: Play this card.,https://en.onepiece-cardgame.com/images/cardlist/card/OP03-113_p2.png?250502,0,True
OP03-113-0,OP03-113,0,Charlotte Perospero,1174.0,SR,Yellow,OP03,5000.0,3.0,,"[On K.O.] Look at 3 cards from the top of your deck; reveal up to 1 {Big Mom Pirates} type card and add it to your hand. Then, place the rest at the bottom of your deck in any order.",[Trigger] You may trash 1 card from your hand: Play this card.,https://en.onepiece-cardgame.com/images/cardlist/card/OP03-113_r1.png?250502,0,True
OP03-116-2,OP03-116,2,Shirahoshi,272.0,UC,Yellow,OP03,,5.0,1000.0,[On Play] Draw 3 cards and trash 2 cards from your hand.,[Trigger] Play this card.,https://en.onepiece-cardgame.com/images/cardlist/card/OP03-116_p2.png?250502,0,True
OP03-116-3,OP03-116,3,Shirahoshi,272.0,UC,Yellow,OP03,,5.0,1000.0,[On Play] Draw 3 cards and trash 2 cards from your hand.,[Trigger] Play this card.,https://en.onepiece-cardgame.com/images/cardlist/card/OP03-116_p3.png?250502,0,True
OP03-116-0,OP03-116,0,Shirahoshi,272.0,UC,Yellow,OP03,,5.0,1000.0,[On Play] Draw 3 cards and trash 2 cards from your hand.,[Trigger] Play this card.,https://en.onepiece-cardgame.com/images/cardlist/card/OP03-116_r1.png?250502,0,True
OP03-121-4,OP03-121,4,Thunder Bolt,,C,Yellow,OP03,,2.0,,[Main] You may trash 1 card from the top of your Life cards: K.O. up to 1 of your opponent's Characters with a cost of 5 or less.,[Trigger] K.O. up to 1 of your opponent's Characters with a cost of 5 or less.,https://en.onepiece-cardgame.com/images/cardlist/card/OP03-121_p4.png?250502,0,False
OP03-121-5,OP03-121,5,Thunder Bolt,,C,Yellow,OP03,,2.0,,[Main] You may trash 1 card from the top of your Life cards: K.O. up to 1 of your opponent's Characters with a cost of 5 or less.,[Trigger] K.O. up to 1 of your opponent's Characters with a cost of 5 or less.,https://en.onepiece-cardgame.com/images/cardlist/card/OP03-121_p5.png?250502,0,False
OP03-121-0,OP03-121,0,Thunder Bolt,,C,Yellow,OP03,,2.0,,[Main] You may trash 1 card from the top of your Life cards: K.O. up to 1 of your opponent's Characters with a cost of 5 or less.,[Trigger] K.O. up to 1 of your opponent's Characters with a cost of 5 or less.,https://en.onepiece-cardgame.com/images/cardlist/card/OP03-121_r1.png?250502,0,False
OP03-122-0,OP03-122,0,Sogeking,136.0,SEC,Blue,OP03,6000.0,7.0,1000.0,"Also treat this card's name as [Usopp] according to the rules.[On Play] Return up to 1 Character with a cost of 6 or less to the owner's hand. Then, draw 2 cards and trash 2 cards from your hand.",,https://en.onepiece-cardgame.com/images/cardlist/card/OP03-122_r1.png?250502,0,True
OP03-123-3,OP03-123,3,Charlotte Katakuri,1200.0,SEC,Yellow,OP03,8000.0,8.0,,[On Play] Add up to 1 Character with a cost of 8 or less to the top or bottom of the owner's Life cards face-up.,,https://en.onepiece-cardgame.com/images/cardlist/card/OP03-123_p3.png?250502,0,True
OP03-123-0,OP03-123,0,Charlotte Katakuri,1200.0,SEC,Yellow,OP03,8000.0,8.0,,[On Play] Add up to 1 Character with a cost of 8 or less to the top or bottom of the owner's Life cards face-up.,,https://en.onepiece-cardgame.com/images/cardlist/card/OP03-123_r1.png?250502,0,True
OP04-029-1,OP04-029,1,Dellinger,1097.0,C,Green,OP04,4000.0,3.0,1000.0,[End of Your Turn] Set up to 1 of your DON!! cards as active.,,https://en.onepiece-cardgame.com/images/cardlist/card/OP04-029_p1.png?250502,0,True
OP04-029-2,OP04-029,2,Dellinger,1097.0,C,Green,OP04,4000.0,3.0,1000.0,[End of Your Turn] Set up to 1 of your DON!! cards as active.,,https://en.onepiece-cardgame.com/images/cardlist/card/OP04-029_p2.png?250502,0,True
OP04-029-0,OP04-029,0,Dellinger,1097.0,C,Green,OP04,4000.0,3.0,1000.0,[End of Your Turn] Set up to 1 of your DON!! cards as active.,,https://en.onepiece-cardgame.com/images/cardlist/card/OP04-029_r1.png?250502,0,True
OP04-031-2,OP04-031,2,Donquixote Doflamingo,1070.0,SR,Green,OP04,10000.0,10.0,,[On Play] Up to a total of 3 of your opponent's rested Leader and Character cards will not become active in your opponent's next Refresh Phase.,,https://en.onepiece-cardgame.com/images/cardlist/card/OP04-031_p2.png?250502,0,True
OP04-031-0,OP04-031,0,Donquixote Doflamingo,1070.0,SR,Green,OP04,10000.0,10.0,,[On Play] Up to a total of 3 of your opponent's rested Leader and Character cards will not become active in your opponent's next Refresh Phase.,,https://en.onepiece-cardgame.com/images/cardlist/card/OP04-031_r1.png?250502,0,True
OP04-032-1,OP04-032,1,Baby 5,1338.0,UC,Green,OP04,1000.0,1.0,2000.0,[End of Your Turn] You may trash this Character: Set up to 2 of your DON!! cards as active.,,https://en.onepiece-cardgame.com/images/cardlist/card/OP04-032_p1.png?250502,0,True
OP04-032-2,OP04-032,2,Baby 5,1338.0,UC,Green,OP04,1000.0,1.0,2000.0,[End of Your Turn] You may trash this Character: Set up to 2 of your DON!! cards as active.,,https://en.onepiece-cardgame.com/images/cardlist/card/OP04-032_p2.png?250502,0,True
OP04-032-0,OP04-032,0,Baby 5,1338.0,UC,Green,OP04,1000.0,1.0,2000.0,[End of Your Turn] You may trash this Character: Set up to 2 of your DON!! cards as active.,,https://en.onepiece-cardgame.com/images/cardlist/card/OP04-032_r1.png?250502,0,True
OP04-036-1,OP04-036,1,Donquixote Family,,C,Green,OP04,,1.0,,"[Counter] Look at 5 cards from the top of your deck; reveal up to 1 {Donquixote Pirates} type card and add it to your hand. Then, place the rest at the bottom of your deck in any order.",[Trigger] Activate this card's [Counter] effect.,https://en.onepiece-cardgame.com/images/cardlist/card/OP04-036_p1.png?250502,0,False
OP04-036-2,OP04-036,2,Donquixote Family,,C,Green,OP04,,1.0,,"[Counter] Look at 5 cards from the top of your deck; reveal up to 1 {Donquixote Pirates} type card and add it to your hand. Then, place the rest at the bottom of your deck in any order.",[Trigger] Activate this card's [Counter] effect.,https://en.onepiece-cardgame.com/images/cardlist/card/OP04-036_p2.png?250502,0,False
OP04-036-0,OP04-036,0,Donquixote Family,,C,Green,OP04,,1.0,,"[Counter] Look at 5 cards from the top of your deck; reveal up to 1 {Donquixote Pirates} type card and add it to your hand. Then, place the rest at the bottom of your deck in any order.",[Trigger] Activate this card's [Counter] effect.,https://en.onepiece-cardgame.com/images/cardlist/card/OP04-036_r1.png?250502,0,False
OP04-044-3,OP04-044,3,Kaido,783.0,SR,Blue,OP04,12000.0,10.0,,[On Play] Return up to 1 Character with a cost of 8 or less and up to 1 Character with a cost of 3 or less to the owner's hand.,,https://en.onepiece-cardgame.com/images/cardlist/card/OP04-044_p3.png?250502,0,True
OP04-044-0,OP04-044,0,Kaido,783.0,SR,Blue,OP04,12000.0,10.0,,[On Play] Return up to 1 Character with a cost of 8 or less and up to 1 Character with a cost of 3 or less to the owner's hand.,,https://en.onepiece-cardgame.com/images/cardlist/card/OP04-044_r1.png?250502,0,True
OP04-056-1,OP04-056,1,Gum-Gum Red Roc,,R,Blue,OP04,,6.0,,[Main] Place up to 1 Character at the bottom of the owner's deck.,[Trigger] Place up to 1 Character with a cost of 4 or less at the bottom of the owner's deck.,https://en.onepiece-cardgame.com/images/cardlist/card/OP04-056_p1.png?250502,0,False
OP04-056-2,OP04-056,2,Gum-Gum Red Roc,,R,Blue,OP04,,6.0,,[Main] Place up to 1 Character at the bottom of the owner's deck.,[Trigger] Place up to 1 Character with a cost of 4 or less at the bottom of the owner's deck.,https://en.onepiece-cardgame.com/images/cardlist/card/OP04-056_p2.png?250502,0,False
OP04-056-3,OP04-056,3,Gum-Gum Red Roc,,R,Blue,OP04,,6.0,,[Main] Place up to 1 Character at the bottom of the owner's deck.,[Trigger] Place up to 1 Character with a cost of 4 or less at the bottom of the owner's deck.,https://en.onepiece-cardgame.com/images/cardlist/card/OP04-056_p3.png?250502,0,False
OP04-056-0,OP04-056,0,Gum-Gum Red Roc,,R,Blue,OP04,,6.0,,[Main] Place up to 1 Character at the bottom of the owner's deck.,[Trigger] Place up to 1 Character with a cost of 4 or less at the bottom of the owner's deck.,https://en.onepiece-cardgame.com/images/cardlist/card/OP04-056_r1.png?250502,0,False
OP04-083-0,OP04-083,0,Sabo,343.0,SR,Black,OP04,6000.0,5.0,1000.0,"[Blocker] (After your opponent declares an attack, you may rest this card to make it the new target of the attack.)[On Play] None of your Characters can be K.O.'d by effects until the start of your next turn. Then, draw 2 cards and trash 2 cards from your hand.",,https://en.onepiece-cardgame.com/images/cardlist/card/OP04-083_r1.png?250502,0,True
OP04-089-1,OP04-089,1,Bartolomeo,1324.0,R,Black,OP04,3000.0,3.0,2000.0,"[Blocker] (After your opponent declares an attack, you may rest this card to make it the new target of the attack.)",,https://en.onepiece-cardgame.com/images/cardlist/card/OP04-089_p1.png?250502,0,True
OP04-089-2,OP04-089,2,Bartolomeo,1324.0,R,Black,OP04,3000.0,3.0,2000.0,"[Blocker] (After your opponent declares an attack, you may rest this card to make it the new target of the attack.)",,https://en.onepiece-cardgame.com/images/cardlist/card/OP04-089_p2.png?250502,0,True
OP04-089-3,OP04-089,3,Bartolomeo,1324.0,R,Black,OP04,3000.0,3.0,2000.0,"[Blocker] (After your opponent declares an attack, you may rest this card to make it the new target of the attack.)",,https://en.onepiece-cardgame.com/images/cardlist/card/OP04-089_p3.png?250502,0,True
OP04-089-0,OP04-089,0,Bartolomeo,1324.0,R,Black,OP04,3000.0,3.0,2000.0,"[Blocker] (After your opponent declares an attack, you may rest this card to make it the new target of the attack.)",,https://en.onepiece-cardgame.com/images/cardlist/card/OP04-089_r1.png?250502,0,True
OP04-095-2,OP04-095,2,Barrier!!,,C,Black,OP04,,1.0,,"[Counter] Up to 1 of your Leader or Character cards gains +2000 power during this battle. Then, if you have 15 or more cards in your trash, that card gains an additional +2000 power during this battle.",[Trigger] Draw 2 cards and trash 1 card from your hand.,https://en.onepiece-cardgame.com/images/cardlist/card/OP04-095_p2.png?250502,0,False
OP04-095-3,OP04-095,3,Barrier!!,,C,Black,OP04,,1.0,,"[Counter] Up to 1 of your Leader or Character cards gains +2000 power during this battle. Then, if you have 15 or more cards in your trash, that card gains an additional +2000 power during this battle.",[Trigger] Draw 2 cards and trash 1 card from your hand.,https://en.onepiece-cardgame.com/images/cardlist/card/OP04-095_p3.png?250502,0,False
OP04-095-0,OP04-095,0,Barrier!!,,C,Black,OP04,,1.0,,"[Counter] Up to 1 of your Leader or Character cards gains +2000 power during this battle. Then, if you have 15 or more cards in your trash, that card gains an additional +2000 power during this battle.",[Trigger] Draw 2 cards and trash 1 card from your hand.,https://en.onepiece-cardgame.com/images/cardlist/card/OP04-095_r1.png?250502,0,False
OP04-100-3,OP04-100,3,"Capone""Gang""Bege",1259.0,R,Yellow,OP04,3000.0,3.0,2000.0,-,[Trigger] Up to 1 of your opponent's Leader or Character cards cannot attack during this turn.,https://en.onepiece-cardgame.com/images/cardlist/card/OP04-100_p3.png?250502,0,True
OP04-100-4,OP04-100,4,"Capone""Gang""Bege",1259.0,R,Yellow,OP04,3000.0,3.0,2000.0,-,[Trigger] Up to 1 of your opponent's Leader or Character cards cannot attack during this turn.,https://en.onepiece-cardgame.com/images/cardlist/card/OP04-100_p4.png?250502,0,True
OP04-100-5,OP04-100,5,"Capone""Gang""Bege",1259.0,R,Yellow,OP04,3000.0,3.0,2000.0,-,[Trigger] Up to 1 of your opponent's Leader or Character cards cannot attack during this turn.,https://en.onepiece-cardgame.com/images/cardlist/card/OP04-100_p5.png?250502,0,True
OP04-100-0,OP04-100,0,"Capone""Gang""Bege",1259.0,R,Yellow,OP04,3000.0,3.0,2000.0,-,[Trigger] Up to 1 of your opponent's Leader or Character cards cannot attack during this turn.,https://en.onepiece-cardgame.com/images/cardlist/card/OP04-100_r1.png?250502,0,True
OP04-104-2,OP04-104,2,Sanji,326.0,SR,Yellow,OP04,5000.0,4.0,1000.0,"[Blocker] (After your opponent declares an attack, you may rest this card to make it the new target of the attack.)",[Trigger] You may trash 1 card from your hand: Play this card.,https://en.onepiece-cardgame.com/images/cardlist/card/OP04-104_p2.png?250502,0,True
OP04-104-0,OP04-104,0,Sanji,326.0,SR,Yellow,OP04,5000.0,4.0,1000.0,"[Blocker] (After your opponent declares an attack, you may rest this card to make it the new target of the attack.)",[Trigger] You may trash 1 card from your hand: Play this card.,https://en.onepiece-cardgame.com/images/cardlist/card/OP04-104_r1.png?250502,0,True
OP04-112-3,OP04-112,3,Yamato,88.0,SR,Yellow,OP04,9000.0,9.0,,"[On Play] K.O. up to 1 of your opponent's Characters with a cost equal to or less than the total of your and your opponent's Life cards. Then, if you have 1 or less Life cards, add up to 1 card from the top of your deck to the top of your Life cards.",,https://en.onepiece-cardgame.com/images/cardlist/card/OP04-112_p3.png?250502,0,True
OP04-112-0,OP04-112,0,Yamato,88.0,SR,Yellow,OP04,9000.0,9.0,,"[On Play] K.O. up to 1 of your opponent's Characters with a cost equal to or less than the total of your and your opponent's Life cards. Then, if you have 1 or less Life cards, add up to 1 card from the top of your deck to the top of your Life cards.",,https://en.onepiece-cardgame.com/images/cardlist/card/OP04-112_r1.png?250502,0,True
OP05-006-2,OP05-006,2,Koala,727.0,SR,Red,OP05,3000.0,2.0,2000.0,"[On Play] If your Leader has the {Revolutionary Army} type, give up to 1 of your opponent's Characters −3000 power during this turn.",,https://en.onepiece-cardgame.com/images/cardlist/card/OP05-006_p2.png?250502,0,True
OP05-006-0,OP05-006,0,Koala,727.0,SR,Red,OP05,3000.0,2.0,2000.0,"[On Play] If your Leader has the {Revolutionary Army} type, give up to 1 of your opponent's Characters −3000 power during this turn.",,https://en.onepiece-cardgame.com/images/cardlist/card/OP05-006_r1.png?250502,0,True
OP05-007-2,OP05-007,2,Sabo,343.0,SR,Red,OP05,7000.0,6.0,,[On Play] K.O. up to 2 of your opponent's Characters with a total power of 4000 or less.,,https://en.onepiece-cardgame.com/images/cardlist/card/OP05-007_p2.png?250502,0,True
OP05-007-0,OP05-007,0,Sabo,343.0,SR,Red,OP05,7000.0,6.0,,[On Play] K.O. up to 2 of your opponent's Characters with a total power of 4000 or less.,,https://en.onepiece-cardgame.com/images/cardlist/card/OP05-007_r1.png?250502,0,True
OP05-010-1,OP05-010,1,Nico Robin,495.0,UC,Red,OP05,2000.0,1.0,1000.0,[On Play] K.O. up to 1 of your opponent's Characters with 1000 power or less.,,https://en.onepiece-cardgame.com/images/cardlist/card/OP05-010_p1.png?250502,0,True
OP05-010-2,OP05-010,2,Nico Robin,495.0,UC,Red,OP05,2000.0,1.0,1000.0,[On Play] K.O. up to 1 of your opponent's Characters with 1000 power or less.,,https://en.onepiece-cardgame.com/images/cardlist/card/OP05-010_p2.png?250502,0,True
OP05-010-0,OP05-010,0,Nico Robin,495.0,UC,Red,OP05,2000.0,1.0,1000.0,[On Play] K.O. up to 1 of your opponent's Characters with 1000 power or less.,,https://en.onepiece-cardgame.com/images/cardlist/card/OP05-010_r1.png?250502,0,True
OP05-015-2,OP05-015,2,Belo Betty,1314.0,R,Red,OP05,2000.0,1.0,1000.0,"[On Play] Look at 5 cards from the top of your deck; reveal up to 1 {Revolutionary Army} type card other than [Belo Betty] and add it to your hand. Then, place the rest at the bottom of your deck in any order.",,https://en.onepiece-cardgame.com/images/cardlist/card/OP05-015_p2.png?250502,0,True
OP05-015-3,OP05-015,3,Belo Betty,1314.0,R,Red,OP05,2000.0,1.0,1000.0,"[On Play] Look at 5 cards from the top of your deck; reveal up to 1 {Revolutionary Army} type card other than [Belo Betty] and add it to your hand. Then, place the rest at the bottom of your deck in any order.",,https://en.onepiece-cardgame.com/images/cardlist/card/OP05-015_p3.png?250502,0,True
OP05-015-4,OP05-015,4,Belo Betty,1314.0,R,Red,OP05,2000.0,1.0,1000.0,"[On Play] Look at 5 cards from the top of your deck; reveal up to 1 {Revolutionary Army} type card other than [Belo Betty] and add it to your hand. Then, place the rest at the bottom of your deck in any order.",,https://en.onepiece-cardgame.com/images/cardlist/card/OP05-015_p4.png?250502,0,True
OP05-015-0,OP05-015,0,Belo Betty,1314.0,R,Red,OP05,2000.0,1.0,1000.0,"[On Play] Look at 5 cards from the top of your deck; reveal up to 1 {Revolutionary Army} type card other than [Belo Betty] and add it to your hand. Then, place the rest at the bottom of your deck in any order.",,https://en.onepiece-cardgame.com/images/cardlist/card/OP05-015_r1.png?250502,0,True
OP05-034-2,OP05-034,2,Baby 5,1338.0,R,Green,OP05,1000.0,1.0,1000.0,"[Activate: Main] ➀ (You may rest the specified number of DON!! cards in your cost area.) You may rest this Character: Look at 5 cards from the top of your deck; reveal up to 1 {Donquixote Pirates} type card and add it to your hand. Then, place the rest at the bottom of your deck in any order.",,https://en.onepiece-cardgame.com/images/cardlist/card/OP05-034_p2.png?250502,0,True
OP05-034-3,OP05-034,3,Baby 5,1338.0,R,Green,OP05,1000.0,1.0,1000.0,"[Activate: Main] ➀ (You may rest the specified number of DON!! cards in your cost area.) You may rest this Character: Look at 5 cards from the top of your deck; reveal up to 1 {Donquixote Pirates} type card and add it to your hand. Then, place the rest at the bottom of your deck in any order.",,https://en.onepiece-cardgame.com/images/cardlist/card/OP05-034_p3.png?250502,0,True
OP05-034-4,OP05-034,4,Baby 5,1338.0,R,Green,OP05,1000.0,1.0,1000.0,"[Activate: Main] ➀ (You may rest the specified number of DON!! cards in your cost area.) You may rest this Character: Look at 5 cards from the top of your deck; reveal up to 1 {Donquixote Pirates} type card and add it to your hand. Then, place the rest at the bottom of your deck in any order.",,https://en.onepiece-cardgame.com/images/cardlist/card/OP05-034_p4.png?250502,0,True
OP05-034-0,OP05-034,0,Baby 5,1338.0,R,Green,OP05,1000.0,1.0,1000.0,"[Activate: Main] ➀ (You may rest the specified number of DON!! cards in your cost area.) You may rest this Character: Look at 5 cards from the top of your deck; reveal up to 1 {Donquixote Pirates} type card and add it to your hand. Then, place the rest at the bottom of your deck in any order.",,https://en.onepiece-cardgame.com/images/cardlist/card/OP05-034_r1.png?250502,0,True
OP05-043-2,OP05-043,2,Ulti,147.0,SR,Blue,OP05,5000.0,4.0,1000.0,"[On Play] If your Leader is multicolored, look at 3 cards from the top of your deck and add up to 1 card to your hand. Then, place the rest at the top or bottom of the deck in any order.",,https://en.onepiece-cardgame.com/images/cardlist/card/OP05-043_p2.png?250502,0,True
OP05-043-0,OP05-043,0,Ulti,147.0,SR,Blue,OP05,5000.0,4.0,1000.0,"[On Play] If your Leader is multicolored, look at 3 cards from the top of your deck and add up to 1 card to your hand. Then, place the rest at the top or bottom of the deck in any order.",,https://en.onepiece-cardgame.com/images/cardlist/card/OP05-043_r1.png?250502,0,True
OP05-057-1,OP05-057,1,Hound Blaze,,R,Blue,OP05,,2.0,,"[Main] Up to 1 of your Leader or Character cards gains +3000 power during this turn. Then, place up to 1 Character with a cost of 2 or less at the bottom of the owner's deck.",[Trigger] Return up to 1 Character with a cost of 3 or less to the owner's hand.,https://en.onepiece-cardgame.com/images/cardlist/card/OP05-057_p1.png?250502,0,False
OP05-057-2,OP05-057,2,Hound Blaze,,R,Blue,OP05,,2.0,,"[Main] Up to 1 of your Leader or Character cards gains +3000 power during this turn. Then, place up to 1 Character with a cost of 2 or less at the bottom of the owner's deck.",[Trigger] Return up to 1 Character with a cost of 3 or less to the owner's hand.,https://en.onepiece-cardgame.com/images/cardlist/card/OP05-057_p2.png?250502,0,False
OP05-057-3,OP05-057,3,Hound Blaze,,R,Blue,OP05,,2.0,,"[Main] Up to 1 of your Leader or Character cards gains +3000 power during this turn. Then, place up to 1 Character with a cost of 2 or less at the bottom of the owner's deck.",[Trigger] Return up to 1 Character with a cost of 3 or less to the owner's hand.,https://en.onepiece-cardgame.com/images/cardlist/card/OP05-057_p3.png?250502,0,False
OP05-057-0,OP05-057,0,Hound Blaze,,R,Blue,OP05,,2.0,,"[Main] Up to 1 of your Leader or Character cards gains +3000 power during this turn. Then, place up to 1 Character with a cost of 2 or less at the bottom of the owner's deck.",[Trigger] Return up to 1 Character with a cost of 3 or less to the owner's hand.,https://en.onepiece-cardgame.com/images/cardlist/card/OP05-057_r1.png?250502,0,False
OP05-069-0,OP05-069,0,Trafalgar Law,169.0,SR,Purple,OP05,5000.0,3.0,,"[When Attacking] If your opponent has more DON!! cards on their field than you, look at 5 cards from the top of your deck; reveal up to 1 {Heart Pirates} type card and add it to your hand. Then, place the rest at the bottom of your deck in any order.",,https://en.onepiece-cardgame.com/images/cardlist/card/OP05-069_r1.png?250502,0,True
OP05-073-1,OP05-073,1,Miss Doublefinger(Zala),65.0,UC,Purple,OP05,4000.0,4.0,2000.0,[On Play] You may trash 1 card from your hand: Add up to 1 DON!! card from your DON!! deck and rest it.,[Trigger] DON!! −1 (You may return the specified number of DON!! cards from your field to your DON!! deck.): Play this card.,https://en.onepiece-cardgame.com/images/cardlist/card/OP05-073_p1.png?250502,0,True
OP05-073-2,OP05-073,2,Miss Doublefinger(Zala),65.0,UC,Purple,OP05,4000.0,4.0,2000.0,[On Play] You may trash 1 card from your hand: Add up to 1 DON!! card from your DON!! deck and rest it.,[Trigger] DON!! −1 (You may return the specified number of DON!! cards from your field to your DON!! deck.): Play this card.,https://en.onepiece-cardgame.com/images/cardlist/card/OP05-073_p2.png?250502,0,True
OP05-073-0,OP05-073,0,Miss Doublefinger(Zala),65.0,UC,Purple,OP05,4000.0,4.0,2000.0,[On Play] You may trash 1 card from your hand: Add up to 1 DON!! card from your DON!! deck and rest it.,[Trigger] DON!! −1 (You may return the specified number of DON!! cards from your field to your DON!! deck.): Play this card.,https://en.onepiece-cardgame.com/images/cardlist/card/OP05-073_r1.png?250502,0,True
OP05-074-4,OP05-074,4,"Eustass""Captain""Kid",1034.0,SR,Purple,OP05,6000.0,5.0,1000.0,"[Blocker] (After your opponent declares an attack, you may rest this card to make it the new target of the attack.)[Your Turn] [Once Per Turn] When a DON!! card on your field is returned to your DON!! deck, add up to 1 DON!! card from your DON!! deck and set it as active.",,https://en.onepiece-cardgame.com/images/cardlist/card/OP05-074_p4.png?250502,0,True
OP05-074-0,OP05-074,0,"Eustass""Captain""Kid",1034.0,SR,Purple,OP05,6000.0,5.0,1000.0,"[Blocker] (After your opponent declares an attack, you may rest this card to make it the new target of the attack.)[Your Turn] [Once Per Turn] When a DON!! card on your field is returned to your DON!! deck, add up to 1 DON!! card from your DON!! deck and set it as active.",,https://en.onepiece-cardgame.com/images/cardlist/card/OP05-074_r1.png?250502,0,True
OP05-081-1,OP05-081,1,One-Legged Toy Soldier,,UC,Black,OP05,,2.0,2000.0,[Activate: Main] You may trash this Character: Give up to 1 of your opponent's Characters −3 cost during this turn.,,https://en.onepiece-cardgame.com/images/cardlist/card/OP05-081_p1.png?250502,0,False
OP05-081-2,OP05-081,2,One-Legged Toy Soldier,,UC,Black,OP05,,2.0,2000.0,[Activate: Main] You may trash this Character: Give up to 1 of your opponent's Characters −3 cost during this turn.,,https://en.onepiece-cardgame.com/images/cardlist/card/OP05-081_p2.png?250502,0,False
OP05-081-3,OP05-081,3,One-Legged Toy Soldier,,UC,Black,OP05,,2.0,2000.0,[Activate: Main] You may trash this Character: Give up to 1 of your opponent's Characters −3 cost during this turn.,,https://en.onepiece-cardgame.com/images/cardlist/card/OP05-081_p3.png?250502,0,False
OP05-081-0,OP05-081,0,One-Legged Toy Soldier,,UC,Black,OP05,,2.0,2000.0,[Activate: Main] You may trash this Character: Give up to 1 of your opponent's Characters −3 cost during this turn.,,https://en.onepiece-cardgame.com/images/cardlist/card/OP05-081_r1.png?250502,0,False
OP05-082-1,OP05-082,1,Shirahoshi,272.0,R,Black,OP05,,1.0,2000.0,"[Activate: Main] You may rest this Character and place 2 cards from your trash at the bottom of your deck in any order: If your opponent has 6 or more cards in their hand, your opponent trashes 1 card from their hand.",,https://en.onepiece-cardgame.com/images/cardlist/card/OP05-082_p1.png?250502,0,True
OP05-082-2,OP05-082,2,Shirahoshi,272.0,R,Black,OP05,,1.0,2000.0,"[Activate: Main] You may rest this Character and place 2 cards from your trash at the bottom of your deck in any order: If your opponent has 6 or more cards in their hand, your opponent trashes 1 card from their hand.",,https://en.onepiece-cardgame.com/images/cardlist/card/OP05-082_p2.png?250502,0,True
OP05-082-3,OP05-082,3,Shirahoshi,272.0,R,Black,OP05,,1.0,2000.0,"[Activate: Main] You may rest this Character and place 2 cards from your trash at the bottom of your deck in any order: If your opponent has 6 or more cards in their hand, your opponent trashes 1 card from their hand.",,https://en.onepiece-cardgame.com/images/cardlist/card/OP05-082_p3.png?250502,0,True
OP05-082-0,OP05-082,0,Shirahoshi,272.0,R,Black,OP05,,1.0,2000.0,"[Activate: Main] You may rest this Character and place 2 cards from your trash at the bottom of your deck in any order: If your opponent has 6 or more cards in their hand, your opponent trashes 1 card from their hand.",,https://en.onepiece-cardgame.com/images/cardlist/card/OP05-082_r1.png?250502,0,True
OP05-105-1,OP05-105,1,Satori,318.0,R,Yellow,OP05,5000.0,5.0,2000.0,-,[Trigger] You may trash 1 card from your hand: Play this card.,https://en.onepiece-cardgame.com/images/cardlist/card/OP05-105_p1.png?250502,0,True
OP05-105-2,OP05-105,2,Satori,318.0,R,Yellow,OP05,5000.0,5.0,2000.0,-,[Trigger] You may trash 1 card from your hand: Play this card.,https://en.onepiece-cardgame.com/images/cardlist/card/OP05-105_p2.png?250502,0,True
OP05-105-3,OP05-105,3,Satori,318.0,R,Yellow,OP05,5000.0,5.0,2000.0,-,[Trigger] You may trash 1 card from your hand: Play this card.,https://en.onepiece-cardgame.com/images/cardlist/card/OP05-105_p3.png?250502,0,True
OP05-105-0,OP05-105,0,Satori,318.0,R,Yellow,OP05,5000.0,5.0,2000.0,-,[Trigger] You may trash 1 card from your hand: Play this card.,https://en.onepiece-cardgame.com/images/cardlist/card/OP05-105_r1.png?250502,0,True
OP05-114-2,OP05-114,2,El Thor,,UC,Yellow,OP05,,1.0,,"[Counter] Up to 1 of your Leader or Character cards gains +2000 power during this battle. Then, if your opponent has 2 or less Life cards, that card gains an additional +2000 power during this battle.",[Trigger] K.O. up to 1 of your opponent's Characters with a cost equal to or less than the number of your opponent's Life cards.,https://en.onepiece-cardgame.com/images/cardlist/card/OP05-114_p2.png?250502,0,False
OP05-114-3,OP05-114,3,El Thor,,UC,Yellow,OP05,,1.0,,"[Counter] Up to 1 of your Leader or Character cards gains +2000 power during this battle. Then, if your opponent has 2 or less Life cards, that card gains an additional +2000 power during this battle.",[Trigger] K.O. up to 1 of your opponent's Characters with a cost equal to or less than the number of your opponent's Life cards.,https://en.onepiece-cardgame.com/images/cardlist/card/OP05-114_p3.png?250502,0,False
OP05-114-0,OP05-114,0,El Thor,,UC,Yellow,OP05,,1.0,,"[Counter] Up to 1 of your Leader or Character cards gains +2000 power during this battle. Then, if your opponent has 2 or less Life cards, that card gains an additional +2000 power during this battle.",[Trigger] K.O. up to 1 of your opponent's Characters with a cost equal to or less than the number of your opponent's Life cards.,https://en.onepiece-cardgame.com/images/cardlist/card/OP05-114_r1.png?250502,0,False
OP05-115-1,OP05-115,1,Two-Hundred Million Volts Amaru,,R,Yellow,OP05,,2.0,,"[Main] Up to 1 of your Leader or Character cards gains +3000 power during this turn. Then, if you have 1 or less Life cards, rest up to 1 of your opponent's Characters with a cost of 4 or less.",[Trigger] You may trash 2 cards from your hand: Add up to 1 card from the top of your deck to the top of your Life cards.,https://en.onepiece-cardgame.com/images/cardlist/card/OP05-115_p1.png?250502,0,False
OP05-115-2,OP05-115,2,Two-Hundred Million Volts Amaru,,R,Yellow,OP05,,2.0,,"[Main] Up to 1 of your Leader or Character cards gains +3000 power during this turn. Then, if you have 1 or less Life cards, rest up to 1 of your opponent's Characters with a cost of 4 or less.",[Trigger] You may trash 2 cards from your hand: Add up to 1 card from the top of your deck to the top of your Life cards.,https://en.onepiece-cardgame.com/images/cardlist/card/OP05-115_p2.png?250502,0,False
OP05-115-3,OP05-115,3,Two-Hundred Million Volts Amaru,,R,Yellow,OP05,,2.0,,"[Main] Up to 1 of your Leader or Character cards gains +3000 power during this turn. Then, if you have 1 or less Life cards, rest up to 1 of your opponent's Characters with a cost of 4 or less.",[Trigger] You may trash 2 cards from your hand: Add up to 1 card from the top of your deck to the top of your Life cards.,https://en.onepiece-cardgame.com/images/cardlist/card/OP05-115_p3.png?250502,0,False
OP05-115-0,OP05-115,0,Two-Hundred Million Volts Amaru,,R,Yellow,OP05,,2.0,,"[Main] Up to 1 of your Leader or Character cards gains +3000 power during this turn. Then, if you have 1 or less Life cards, rest up to 1 of your opponent's Characters with a cost of 4 or less.",[Trigger] You may trash 2 cards from your hand: Add up to 1 card from the top of your deck to the top of your Life cards.,https://en.onepiece-cardgame.com/images/cardlist/card/OP05-115_r1.png?250502,0,False
OP05-117-1,OP05-117,1,Upper Yard,,UC,Yellow,OP05,,1.0,,"[On Play] Look at 5 cards from the top of your deck; reveal up to 1 {Sky Island} type card and add it to your hand. Then, place the rest at the bottom of your deck in any order.",,https://en.onepiece-cardgame.com/images/cardlist/card/OP05-117_p1.png?250502,0,False
OP05-117-2,OP05-117,2,Upper Yard,,UC,Yellow,OP05,,1.0,,"[On Play] Look at 5 cards from the top of your deck; reveal up to 1 {Sky Island} type card and add it to your hand. Then, place the rest at the bottom of your deck in any order.",,https://en.onepiece-cardgame.com/images/cardlist/card/OP05-117_p2.png?250502,0,False
OP05-117-3,OP05-117,3,Upper Yard,,UC,Yellow,OP05,,1.0,,"[On Play] Look at 5 cards from the top of your deck; reveal up to 1 {Sky Island} type card and add it to your hand. Then, place the rest at the bottom of your deck in any order.",,https://en.onepiece-cardgame.com/images/cardlist/card/OP05-117_p3.png?250502,0,False
OP05-117-0,OP05-117,0,Upper Yard,,UC,Yellow,OP05,,1.0,,"[On Play] Look at 5 cards from the top of your deck; reveal up to 1 {Sky Island} type card and add it to your hand. Then, place the rest at the bottom of your deck in any order.",,https://en.onepiece-cardgame.com/images/cardlist/card/OP05-117_r1.png?250502,0,False
OP05-118-2,OP05-118,2,Kaido,783.0,SEC,Blue,OP05,12000.0,10.0,,[On Play] Draw 4 cards if your opponent has 3 or less Life cards.,,https://en.onepiece-cardgame.com/images/cardlist/card/OP05-118_p2.png?250502,0,True
OP05-118-0,OP05-118,0,Kaido,783.0,SEC,Blue,OP05,12000.0,10.0,,[On Play] Draw 4 cards if your opponent has 3 or less Life cards.,,https://en.onepiece-cardgame.com/images/cardlist/card/OP05-118_r1.png?250502,0,True
OP05-119-3,OP05-119,3,Monkey.D.Luffy,558.0,SEC,Purple,OP05,12000.0,10.0,,"[On Play] DON!! −10: Place all of your Characters except this Character at the bottom of your deck in any order. Then, take an extra turn after this one.[Activate: Main] [Once Per Turn] ➀ (You may rest the specified number of DON!! cards in your cost area.): Add up to 1 DON!! card from your DON!! deck and set it as active.",,https://en.onepiece-cardgame.com/images/cardlist/card/OP05-119_p3.png?250502,0,True
OP05-119-0,OP05-119,0,Monkey.D.Luffy,558.0,SEC,Purple,OP05,12000.0,10.0,,"[On Play] DON!! −10: Place all of your Characters except this Character at the bottom of your deck in any order. Then, take an extra turn after this one.[Activate: Main] [Once Per Turn] ➀ (You may rest the specified number of DON!! cards in your cost area.): Add up to 1 DON!! card from your DON!! deck and set it as active.",,https://en.onepiece-cardgame.com/images/cardlist/card/OP05-119_r1.png?250502,0,True
OP06-003-1,OP06-003,1,Emporio.Ivankov,1043.0,UC,Red,OP06,6000.0,5.0,,"[On Play] Look at 3 cards from the top of your deck and play up to 1 {Revolutionary Army} type Character card with 5000 power or less. Then, place the rest at the bottom of your deck in any order.",,https://en.onepiece-cardgame.com/images/cardlist/card/OP06-003_p1.png?250502,0,True
OP06-003-2,OP06-003,2,Emporio.Ivankov,1043.0,UC,Red,OP06,6000.0,5.0,,"[On Play] Look at 3 cards from the top of your deck and play up to 1 {Revolutionary Army} type Character card with 5000 power or less. Then, place the rest at the bottom of your deck in any order.",,https://en.onepiece-cardgame.com/images/cardlist/card/OP06-003_p2.png?250502,0,True
OP06-003-0,OP06-003,0,Emporio.Ivankov,1043.0,UC,Red,OP06,6000.0,5.0,,"[On Play] Look at 3 cards from the top of your deck and play up to 1 {Revolutionary Army} type Character card with 5000 power or less. Then, place the rest at the bottom of your deck in any order.",,https://en.onepiece-cardgame.com/images/cardlist/card/OP06-003_r1.png?250502,0,True
OP06-023-1,OP06-023,1,Arlong,1356.0,R,Green,OP06,6000.0,4.0,,[On Play] You may trash 1 card from your hand: Up to 1 of your opponent's rested Leader cannot attack until the end of your opponent's next turn.,[Trigger] Rest up to 1 of your opponent's Characters with a cost of 4 or less.,https://en.onepiece-cardgame.com/images/cardlist/card/OP06-023_p1.png?250502,0,True
OP06-023-2,OP06-023,2,Arlong,1356.0,R,Green,OP06,6000.0,4.0,,[On Play] You may trash 1 card from your hand: Up to 1 of your opponent's rested Leader cannot attack until the end of your opponent's next turn.,[Trigger] Rest up to 1 of your opponent's Characters with a cost of 4 or less.,https://en.onepiece-cardgame.com/images/cardlist/card/OP06-023_p2.png?250502,0,True
OP06-023-3,OP06-023,3,Arlong,1356.0,R,Green,OP06,6000.0,4.0,,[On Play] You may trash 1 card from your hand: Up to 1 of your opponent's rested Leader cannot attack until the end of your opponent's next turn.,[Trigger] Rest up to 1 of your opponent's Characters with a cost of 4 or less.,https://en.onepiece-cardgame.com/images/cardlist/card/OP06-023_p3.png?250502,0,True
OP06-023-0,OP06-023,0,Arlong,1356.0,R,Green,OP06,6000.0,4.0,,[On Play] You may trash 1 card from your hand: Up to 1 of your opponent's rested Leader cannot attack until the end of your opponent's next turn.,[Trigger] Rest up to 1 of your opponent's Characters with a cost of 4 or less.,https://en.onepiece-cardgame.com/images/cardlist/card/OP06-023_r1.png?250502,0,True
OP06-035-2,OP06-035,2,Hody Jones,883.0,SR,Green,OP06,8000.0,7.0,,"[Rush] (This card can attack on the turn in which it is played.)[On Play] Rest up to a total of 2 of your opponent's Characters or DON!! cards. Then, add 1 card from the top of your Life cards to your hand.",,https://en.onepiece-cardgame.com/images/cardlist/card/OP06-035_p2.png?250502,0,True
OP06-035-0,OP06-035,0,Hody Jones,883.0,SR,Green,OP06,8000.0,7.0,,"[Rush] (This card can attack on the turn in which it is played.)[On Play] Rest up to a total of 2 of your opponent's Characters or DON!! cards. Then, add 1 card from the top of your Life cards to your hand.",,https://en.onepiece-cardgame.com/images/cardlist/card/OP06-035_r1.png?250502,0,True
OP06-036-1,OP06-036,1,Ryuma,292.0,R,Green,OP06,6000.0,4.0,,[On Play]/[On K.O.] K.O. up to 1 of your opponent's rested Characters with a cost of 4 or less.,,https://en.onepiece-cardgame.com/images/cardlist/card/OP06-036_p1.png?250502,0,True
OP06-036-2,OP06-036,2,Ryuma,292.0,R,Green,OP06,6000.0,4.0,,[On Play]/[On K.O.] K.O. up to 1 of your opponent's rested Characters with a cost of 4 or less.,,https://en.onepiece-cardgame.com/images/cardlist/card/OP06-036_p2.png?250502,0,True
OP06-036-3,OP06-036,3,Ryuma,292.0,R,Green,OP06,6000.0,4.0,,[On Play]/[On K.O.] K.O. up to 1 of your opponent's rested Characters with a cost of 4 or less.,,https://en.onepiece-cardgame.com/images/cardlist/card/OP06-036_p3.png?250502,0,True
OP06-036-0,OP06-036,0,Ryuma,292.0,R,Green,OP06,6000.0,4.0,,[On Play]/[On K.O.] K.O. up to 1 of your opponent's rested Characters with a cost of 4 or less.,,https://en.onepiece-cardgame.com/images/cardlist/card/OP06-036_r1.png?250502,0,True
OP06-038-2,OP06-038,2,The Billion-fold World Trichiliocosm,,UC,Green,OP06,,1.0,,"[Counter] Up to 1 of your Leader or Character cards gains +2000 power during this battle. Then, if you have 8 or more rested cards, that card gains an additional +2000 power during this battle.",[Trigger] K.O. up to 1 of your opponent's rested Characters with a cost of 3 or less.,https://en.onepiece-cardgame.com/images/cardlist/card/OP06-038_p2.png?250502,0,False
OP06-038-3,OP06-038,3,The Billion-fold World Trichiliocosm,,UC,Green,OP06,,1.0,,"[Counter] Up to 1 of your Leader or Character cards gains +2000 power during this battle. Then, if you have 8 or more rested cards, that card gains an additional +2000 power during this battle.",[Trigger] K.O. up to 1 of your opponent's rested Characters with a cost of 3 or less.,https://en.onepiece-cardgame.com/images/cardlist/card/OP06-038_p3.png?250502,0,False
OP06-038-0,OP06-038,0,The Billion-fold World Trichiliocosm,,UC,Green,OP06,,1.0,,"[Counter] Up to 1 of your Leader or Character cards gains +2000 power during this battle. Then, if you have 8 or more rested cards, that card gains an additional +2000 power during this battle.",[Trigger] K.O. up to 1 of your opponent's rested Characters with a cost of 3 or less.,https://en.onepiece-cardgame.com/images/cardlist/card/OP06-038_r1.png?250502,0,False
OP06-056-1,OP06-056,1,Ama no Murakumo Sword,,UC,Blue,OP06,,2.0,,[Main] Place up to 1 of your opponent's Characters with a cost of 2 or less and up to 1 of your opponent's Characters with a cost of 1 or less at the bottom of the owner's deck in any order.,[Trigger] Activate this card's [Main] effect.,https://en.onepiece-cardgame.com/images/cardlist/card/OP06-056_p1.png?250502,0,False
OP06-056-2,OP06-056,2,Ama no Murakumo Sword,,UC,Blue,OP06,,2.0,,[Main] Place up to 1 of your opponent's Characters with a cost of 2 or less and up to 1 of your opponent's Characters with a cost of 1 or less at the bottom of the owner's deck in any order.,[Trigger] Activate this card's [Main] effect.,https://en.onepiece-cardgame.com/images/cardlist/card/OP06-056_p2.png?250502,0,False
OP06-056-0,OP06-056,0,Ama no Murakumo Sword,,UC,Blue,OP06,,2.0,,[Main] Place up to 1 of your opponent's Characters with a cost of 2 or less and up to 1 of your opponent's Characters with a cost of 1 or less at the bottom of the owner's deck in any order.,[Trigger] Activate this card's [Main] effect.,https://en.onepiece-cardgame.com/images/cardlist/card/OP06-056_r1.png?250502,0,False
OP06-060-1,OP06-060,1,Vinsmoke Ichiji,121.0,C,Purple,OP06,4000.0,4.0,1000.0,"[Activate: Main] DON!! −1 (You may return the specified number of DON!! cards from your field to your DON!! deck.) You may trash this Character: If your Leader has the {GERMA 66} type, play up to 1 [Vinsmoke Ichiji] with a cost of 7 from your hand or trash.",,https://en.onepiece-cardgame.com/images/cardlist/card/OP06-060_p1.png?250502,0,True
OP06-060-2,OP06-060,2,Vinsmoke Ichiji,121.0,C,Purple,OP06,4000.0,4.0,1000.0,"[Activate: Main] DON!! −1 (You may return the specified number of DON!! cards from your field to your DON!! deck.) You may trash this Character: If your Leader has the {GERMA 66} type, play up to 1 [Vinsmoke Ichiji] with a cost of 7 from your hand or trash.",,https://en.onepiece-cardgame.com/images/cardlist/card/OP06-060_p2.png?250502,0,True
OP06-060-0,OP06-060,0,Vinsmoke Ichiji,121.0,C,Purple,OP06,4000.0,4.0,1000.0,"[Activate: Main] DON!! −1 (You may return the specified number of DON!! cards from your field to your DON!! deck.) You may trash this Character: If your Leader has the {GERMA 66} type, play up to 1 [Vinsmoke Ichiji] with a cost of 7 from your hand or trash.",,https://en.onepiece-cardgame.com/images/cardlist/card/OP06-060_r1.png?250502,0,True
OP06-064-1,OP06-064,1,Vinsmoke Niji,119.0,C,Purple,OP06,3000.0,3.0,1000.0,"[Activate: Main] DON!! −1 (You may return the specified number of DON!! cards from your field to your DON!! deck.) You may trash this Character: If your Leader has the {GERMA 66} type, play up to 1 [Vinsmoke Niji] with a cost of 5 from your hand or trash.",,https://en.onepiece-cardgame.com/images/cardlist/card/OP06-064_p1.png?250502,0,True
OP06-064-2,OP06-064,2,Vinsmoke Niji,119.0,C,Purple,OP06,3000.0,3.0,1000.0,"[Activate: Main] DON!! −1 (You may return the specified number of DON!! cards from your field to your DON!! deck.) You may trash this Character: If your Leader has the {GERMA 66} type, play up to 1 [Vinsmoke Niji] with a cost of 5 from your hand or trash.",,https://en.onepiece-cardgame.com/images/cardlist/card/OP06-064_p2.png?250502,0,True
OP06-064-0,OP06-064,0,Vinsmoke Niji,119.0,C,Purple,OP06,3000.0,3.0,1000.0,"[Activate: Main] DON!! −1 (You may return the specified number of DON!! cards from your field to your DON!! deck.) You may trash this Character: If your Leader has the {GERMA 66} type, play up to 1 [Vinsmoke Niji] with a cost of 5 from your hand or trash.",,https://en.onepiece-cardgame.com/images/cardlist/card/OP06-064_r1.png?250502,0,True
OP06-065-1,OP06-065,1,Vinsmoke Niji,119.0,R,Purple,OP06,6000.0,5.0,1000.0,"[On Play] If the number of DON!! cards on your field is equal to or less than the number on your opponent's field, choose one:• K.O. up to 1 of your opponent's Characters with a cost of 2 or less.• Return up to 1 of your opponent's Characters with a cost of 4 or less to the owner's hand.",,https://en.onepiece-cardgame.com/images/cardlist/card/OP06-065_p1.png?250502,0,True
OP06-065-2,OP06-065,2,Vinsmoke Niji,119.0,R,Purple,OP06,6000.0,5.0,1000.0,"[On Play] If the number of DON!! cards on your field is equal to or less than the number on your opponent's field, choose one:• K.O. up to 1 of your opponent's Characters with a cost of 2 or less.• Return up to 1 of your opponent's Characters with a cost of 4 or less to the owner's hand.",,https://en.onepiece-cardgame.com/images/cardlist/card/OP06-065_p2.png?250502,0,True
OP06-065-3,OP06-065,3,Vinsmoke Niji,119.0,R,Purple,OP06,6000.0,5.0,1000.0,"[On Play] If the number of DON!! cards on your field is equal to or less than the number on your opponent's field, choose one:• K.O. up to 1 of your opponent's Characters with a cost of 2 or less.• Return up to 1 of your opponent's Characters with a cost of 4 or less to the owner's hand.",,https://en.onepiece-cardgame.com/images/cardlist/card/OP06-065_p3.png?250502,0,True
OP06-065-0,OP06-065,0,Vinsmoke Niji,119.0,R,Purple,OP06,6000.0,5.0,1000.0,"[On Play] If the number of DON!! cards on your field is equal to or less than the number on your opponent's field, choose one:• K.O. up to 1 of your opponent's Characters with a cost of 2 or less.• Return up to 1 of your opponent's Characters with a cost of 4 or less to the owner's hand.",,https://en.onepiece-cardgame.com/images/cardlist/card/OP06-065_r1.png?250502,0,True
OP06-066-1,OP06-066,1,Vinsmoke Yonji,116.0,C,Purple,OP06,2000.0,2.0,1000.0,"[Activate: Main] DON!! −1 (You may return the specified number of DON!! cards from your field to your DON!! deck.) You may trash this Character: If your Leader has the {GERMA 66} type, play up to 1 [Vinsmoke Yonji] with a cost of 4 from your hand or trash.",,https://en.onepiece-cardgame.com/images/cardlist/card/OP06-066_p1.png?250502,0,True
OP06-066-2,OP06-066,2,Vinsmoke Yonji,116.0,C,Purple,OP06,2000.0,2.0,1000.0,"[Activate: Main] DON!! −1 (You may return the specified number of DON!! cards from your field to your DON!! deck.) You may trash this Character: If your Leader has the {GERMA 66} type, play up to 1 [Vinsmoke Yonji] with a cost of 4 from your hand or trash.",,https://en.onepiece-cardgame.com/images/cardlist/card/OP06-066_p2.png?250502,0,True
OP06-066-0,OP06-066,0,Vinsmoke Yonji,116.0,C,Purple,OP06,2000.0,2.0,1000.0,"[Activate: Main] DON!! −1 (You may return the specified number of DON!! cards from your field to your DON!! deck.) You may trash this Character: If your Leader has the {GERMA 66} type, play up to 1 [Vinsmoke Yonji] with a cost of 4 from your hand or trash.",,https://en.onepiece-cardgame.com/images/cardlist/card/OP06-066_r1.png?250502,0,True
OP06-067-1,OP06-067,1,Vinsmoke Yonji,116.0,R,Purple,OP06,5000.0,4.0,1000.0,"If the number of DON!! cards on your field is equal to or less than the number on your opponent's field, this Character gains +1000 power.[Blocker] (After your opponent declares an attack, you may rest this card to make it the new target of the attack.)",,https://en.onepiece-cardgame.com/images/cardlist/card/OP06-067_p1.png?250502,0,True
OP06-067-2,OP06-067,2,Vinsmoke Yonji,116.0,R,Purple,OP06,5000.0,4.0,1000.0,"If the number of DON!! cards on your field is equal to or less than the number on your opponent's field, this Character gains +1000 power.[Blocker] (After your opponent declares an attack, you may rest this card to make it the new target of the attack.)",,https://en.onepiece-cardgame.com/images/cardlist/card/OP06-067_p2.png?250502,0,True
OP06-067-3,OP06-067,3,Vinsmoke Yonji,116.0,R,Purple,OP06,5000.0,4.0,1000.0,"If the number of DON!! cards on your field is equal to or less than the number on your opponent's field, this Character gains +1000 power.[Blocker] (After your opponent declares an attack, you may rest this card to make it the new target of the attack.)",,https://en.onepiece-cardgame.com/images/cardlist/card/OP06-067_p3.png?250502,0,True
OP06-067-0,OP06-067,0,Vinsmoke Yonji,116.0,R,Purple,OP06,5000.0,4.0,1000.0,"If the number of DON!! cards on your field is equal to or less than the number on your opponent's field, this Character gains +1000 power.[Blocker] (After your opponent declares an attack, you may rest this card to make it the new target of the attack.)",,https://en.onepiece-cardgame.com/images/cardlist/card/OP06-067_r1.png?250502,0,True
OP06-068-1,OP06-068,1,Vinsmoke Reiju,117.0,C,Purple,OP06,2000.0,2.0,1000.0,"[Activate: Main] DON!! −1 (You may return the specified number of DON!! cards from your field to your DON!! deck.) You may trash this Character: If your Leader has the {GERMA 66} type, play up to 1 [Vinsmoke Reiju] with a cost of 4 from your hand or trash.",,https://en.onepiece-cardgame.com/images/cardlist/card/OP06-068_p1.png?250502,0,True
OP06-068-2,OP06-068,2,Vinsmoke Reiju,117.0,C,Purple,OP06,2000.0,2.0,1000.0,"[Activate: Main] DON!! −1 (You may return the specified number of DON!! cards from your field to your DON!! deck.) You may trash this Character: If your Leader has the {GERMA 66} type, play up to 1 [Vinsmoke Reiju] with a cost of 4 from your hand or trash.",,https://en.onepiece-cardgame.com/images/cardlist/card/OP06-068_p2.png?250502,0,True
OP06-068-0,OP06-068,0,Vinsmoke Reiju,117.0,C,Purple,OP06,2000.0,2.0,1000.0,"[Activate: Main] DON!! −1 (You may return the specified number of DON!! cards from your field to your DON!! deck.) You may trash this Character: If your Leader has the {GERMA 66} type, play up to 1 [Vinsmoke Reiju] with a cost of 4 from your hand or trash.",,https://en.onepiece-cardgame.com/images/cardlist/card/OP06-068_r1.png?250502,0,True
OP06-069-3,OP06-069,3,Vinsmoke Reiju,117.0,SR,Purple,OP06,5000.0,4.0,1000.0,"[On Play] If the number of DON!! cards on your field is equal to or less than the number on your opponent's field and you have 5 or less cards in your hand, draw 2 cards.",,https://en.onepiece-cardgame.com/images/cardlist/card/OP06-069_p3.png?250502,0,True
OP06-069-0,OP06-069,0,Vinsmoke Reiju,117.0,SR,Purple,OP06,5000.0,4.0,1000.0,"[On Play] If the number of DON!! cards on your field is equal to or less than the number on your opponent's field and you have 5 or less cards in your hand, draw 2 cards.",,https://en.onepiece-cardgame.com/images/cardlist/card/OP06-069_r1.png?250502,0,True
OP06-079-1,OP06-079,1,Kingdom of GERMA,,C,Purple,OP06,,1.0,,"[Activate: Main] You may trash 1 card from your hand and rest this Stage: Look at 3 cards from the top of your deck; reveal up to 1 card with a type including ""GERMA"" and add it to your hand. Then, place the rest at the bottom of your deck in any order.",,https://en.onepiece-cardgame.com/images/cardlist/card/OP06-079_p1.png?250502,0,False
OP06-079-2,OP06-079,2,Kingdom of GERMA,,C,Purple,OP06,,1.0,,"[Activate: Main] You may trash 1 card from your hand and rest this Stage: Look at 3 cards from the top of your deck; reveal up to 1 card with a type including ""GERMA"" and add it to your hand. Then, place the rest at the bottom of your deck in any order.",,https://en.onepiece-cardgame.com/images/cardlist/card/OP06-079_p2.png?250502,0,False
OP06-079-3,OP06-079,3,Kingdom of GERMA,,C,Purple,OP06,,1.0,,"[Activate: Main] You may trash 1 card from your hand and rest this Stage: Look at 3 cards from the top of your deck; reveal up to 1 card with a type including ""GERMA"" and add it to your hand. Then, place the rest at the bottom of your deck in any order.",,https://en.onepiece-cardgame.com/images/cardlist/card/OP06-079_p3.png?250502,0,False
OP06-079-0,OP06-079,0,Kingdom of GERMA,,C,Purple,OP06,,1.0,,"[Activate: Main] You may trash 1 card from your hand and rest this Stage: Look at 3 cards from the top of your deck; reveal up to 1 card with a type including ""GERMA"" and add it to your hand. Then, place the rest at the bottom of your deck in any order.",,https://en.onepiece-cardgame.com/images/cardlist/card/OP06-079_r1.png?250502,0,False
OP06-086-2,OP06-086,2,Gecko Moria,984.0,SR,Black,OP06,9000.0,8.0,,[On Play] Choose up to 1 Character card with a cost of 4 or less and up to 1 Character card with a cost of 2 or less from your trash. Play 1 card and play the other card rested.,,https://en.onepiece-cardgame.com/images/cardlist/card/OP06-086_p2.png?250502,1,True
OP06-086-0,OP06-086,0,Gecko Moria,984.0,SR,Black,OP06,9000.0,8.0,,[On Play] Choose up to 1 Character card with a cost of 4 or less and up to 1 Character card with a cost of 2 or less from your trash. Play 1 card and play the other card rested.,,https://en.onepiece-cardgame.com/images/cardlist/card/OP06-086_r1.png?250502,1,True
OP06-091-1,OP06-091,1,Victoria Cindry,122.0,UC,Black,OP06,2000.0,1.0,2000.0,"[On Play] If your Leader has the {Thriller Bark Pirates} type, trash 5 cards from the top of your deck.",,https://en.onepiece-cardgame.com/images/cardlist/card/OP06-091_p1.png?250502,0,True
OP06-091-2,OP06-091,2,Victoria Cindry,122.0,UC,Black,OP06,2000.0,1.0,2000.0,"[On Play] If your Leader has the {Thriller Bark Pirates} type, trash 5 cards from the top of your deck.",,https://en.onepiece-cardgame.com/images/cardlist/card/OP06-091_p2.png?250502,0,True
OP06-091-0,OP06-091,0,Victoria Cindry,122.0,UC,Black,OP06,2000.0,1.0,2000.0,"[On Play] If your Leader has the {Thriller Bark Pirates} type, trash 5 cards from the top of your deck.",,https://en.onepiece-cardgame.com/images/cardlist/card/OP06-091_r1.png?250502,0,True
OP06-100-1,OP06-100,1,Inuarashi,844.0,UC,Yellow,OP06,5000.0,4.0,1000.0,[DON!! x2] [When Attacking] You may trash 1 card from your hand: K.O. up to 1 of your opponent's Characters with a cost equal to or less than the number of your opponent's Life cards.,"[Trigger] If your opponent has 3 or less Life cards, play this card.",https://en.onepiece-cardgame.com/images/cardlist/card/OP06-100_p1.png?250502,0,True
OP06-100-2,OP06-100,2,Inuarashi,844.0,UC,Yellow,OP06,5000.0,4.0,1000.0,[DON!! x2] [When Attacking] You may trash 1 card from your hand: K.O. up to 1 of your opponent's Characters with a cost equal to or less than the number of your opponent's Life cards.,"[Trigger] If your opponent has 3 or less Life cards, play this card.",https://en.onepiece-cardgame.com/images/cardlist/card/OP06-100_p2.png?250502,0,True
OP06-100-0,OP06-100,0,Inuarashi,844.0,UC,Yellow,OP06,5000.0,4.0,1000.0,[DON!! x2] [When Attacking] You may trash 1 card from your hand: K.O. up to 1 of your opponent's Characters with a cost equal to or less than the number of your opponent's Life cards.,"[Trigger] If your opponent has 3 or less Life cards, play this card.",https://en.onepiece-cardgame.com/images/cardlist/card/OP06-100_r1.png?250502,0,True
OP06-106-2,OP06-106,2,Kouzuki Hiyori,711.0,SR,Yellow,OP06,,2.0,2000.0,[On Play] You may add 1 card from the top or bottom of your Life cards to your hand: Add up to 1 card from your hand to the top of your Life cards.,,https://en.onepiece-cardgame.com/images/cardlist/card/OP06-106_p2.png?250502,0,True
OP06-106-0,OP06-106,0,Kouzuki Hiyori,711.0,SR,Yellow,OP06,,2.0,2000.0,[On Play] You may add 1 card from the top or bottom of your Life cards to your hand: Add up to 1 card from your hand to the top of your Life cards.,,https://en.onepiece-cardgame.com/images/cardlist/card/OP06-106_r1.png?250502,0,True
OP06-110-1,OP06-110,1,Nekomamushi,504.0,UC,Yellow,OP06,5000.0,4.0,1000.0,[DON!! x2] This Character can also attack your opponent's active Characters.,"[Trigger] If your opponent has 3 or less Life cards, play this card.",https://en.onepiece-cardgame.com/images/cardlist/card/OP06-110_p1.png?250502,0,True
OP06-110-2,OP06-110,2,Nekomamushi,504.0,UC,Yellow,OP06,5000.0,4.0,1000.0,[DON!! x2] This Character can also attack your opponent's active Characters.,"[Trigger] If your opponent has 3 or less Life cards, play this card.",https://en.onepiece-cardgame.com/images/cardlist/card/OP06-110_p2.png?250502,0,True
OP06-110-0,OP06-110,0,Nekomamushi,504.0,UC,Yellow,OP06,5000.0,4.0,1000.0,[DON!! x2] This Character can also attack your opponent's active Characters.,"[Trigger] If your opponent has 3 or less Life cards, play this card.",https://en.onepiece-cardgame.com/images/cardlist/card/OP06-110_r1.png?250502,0,True
OP06-114-1,OP06-114,1,Wyper,94.0,UC,Yellow,OP06,7000.0,5.0,,"[On Play] You may place 1 Stage with a cost of 1 at the bottom of the owner's deck: Look at 5 cards from the top of your deck; reveal up to 1 [Upper Yard] or {Shandian Warrior} type card and add it to your hand. Then, place the rest at the bottom of your deck in any order.",,https://en.onepiece-cardgame.com/images/cardlist/card/OP06-114_p1.png?250502,0,True
OP06-114-2,OP06-114,2,Wyper,94.0,UC,Yellow,OP06,7000.0,5.0,,"[On Play] You may place 1 Stage with a cost of 1 at the bottom of the owner's deck: Look at 5 cards from the top of your deck; reveal up to 1 [Upper Yard] or {Shandian Warrior} type card and add it to your hand. Then, place the rest at the bottom of your deck in any order.",,https://en.onepiece-cardgame.com/images/cardlist/card/OP06-114_p2.png?250502,0,True
OP06-114-0,OP06-114,0,Wyper,94.0,UC,Yellow,OP06,7000.0,5.0,,"[On Play] You may place 1 Stage with a cost of 1 at the bottom of the owner's deck: Look at 5 cards from the top of your deck; reveal up to 1 [Upper Yard] or {Shandian Warrior} type card and add it to your hand. Then, place the rest at the bottom of your deck in any order.",,https://en.onepiece-cardgame.com/images/cardlist/card/OP06-114_r1.png?250502,0,True
OP06-118-0,OP06-118,0,Roronoa Zoro,357.0,SEC,Green,OP06,9000.0,9.0,,[When Attacking] [Once Per Turn] ➀ (You may rest the specified number of DON!! cards in your cost area.): Set this Character as active.[Activate: Main] [Once Per Turn] ➁ (You may rest the specified number of DON!! cards in your cost area.): Set this Character as active.,,https://en.onepiece-cardgame.com/images/cardlist/card/OP06-118_r1.png?250502,0,True
P-014-1,P-014,1,Koby,730.0,P,Red,P,3000.0,3.0,,"[Blocker] (After your opponent declares an attack, you may rest this card to make it the new target of the attack.)",[Trigger] Play this card.,https://en.onepiece-cardgame.com/images/cardlist/card/P-014_p1.png?250502,0,True
P-014-2,P-014,2,Koby,730.0,P,Red,P,3000.0,3.0,,"[Blocker] (After your opponent declares an attack, you may rest this card to make it the new target of the attack.)",[Trigger] Play this card.,https://en.onepiece-cardgame.com/images/cardlist/card/P-014_p2.png?250502,0,True
P-014-0,P-014,0,Koby,730.0,P,Red,P,3000.0,3.0,,"[Blocker] (After your opponent declares an attack, you may rest this card to make it the new target of the attack.)",[Trigger] Play this card.,https://en.onepiece-cardgame.com/images/cardlist/card/P-014_r1.png?250502,0,True
P-029-2,P-029,2,Bartolomeo,1324.0,P,Green,P,3000.0,2.0,1000.0,[End of Your Turn] You may rest this Character: Set up to 1 of your {FILM} type Characters other than [Bartolomeo] as active.,,https://en.onepiece-cardgame.com/images/cardlist/card/P-029_p2.png?250502,0,True
P-029-3,P-029,3,Bartolomeo,1324.0,P,Green,P,3000.0,2.0,1000.0,[End of Your Turn] You may rest this Character: Set up to 1 of your {FILM} type Characters other than [Bartolomeo] as active.,,https://en.onepiece-cardgame.com/images/cardlist/card/P-029_p3.png?250502,0,True
P-029-0,P-029,0,Bartolomeo,1324.0,P,Green,P,3000.0,2.0,1000.0,[End of Your Turn] You may rest this Character: Set up to 1 of your {FILM} type Characters other than [Bartolomeo] as active.,,https://en.onepiece-cardgame.com/images/cardlist/card/P-029_r1.png?250502,0,True
P-053-2,P-053,2,Nami,515.0,P,Blue,P,1000.0,1.0,2000.0,"[On Play] If you have 3 or less cards in your hand, return up to 1 of your opponent's Characters with a cost of 3 or less to the owner's hand.",,https://en.onepiece-cardgame.com/images/cardlist/card/P-053_p2.png?250502,0,True
P-053-3,P-053,3,Nami,515.0,P,Blue,P,1000.0,1.0,2000.0,"[On Play] If you have 3 or less cards in your hand, return up to 1 of your opponent's Characters with a cost of 3 or less to the owner's hand.",,https://en.onepiece-cardgame.com/images/cardlist/card/P-053_p3.png?250502,0,True
P-053-0,P-053,0,Nami,515.0,P,Blue,P,1000.0,1.0,2000.0,"[On Play] If you have 3 or less cards in your hand, return up to 1 of your opponent's Characters with a cost of 3 or less to the owner's hand.",,https://en.onepiece-cardgame.com/images/cardlist/card/P-053_r1.png?250502,0,True
P-055-2,P-055,2,Monkey.D.Luffy,558.0,P,Blue,P,5000.0,4.0,1000.0,[On Play] You may trash 2 cards from your hand: Your opponent places 1 of their Characters at the bottom of the owner's deck.,,https://en.onepiece-cardgame.com/images/cardlist/card/P-055_p2.png?250502,0,True
P-055-3,P-055,3,Monkey.D.Luffy,558.0,P,Blue,P,5000.0,4.0,1000.0,[On Play] You may trash 2 cards from your hand: Your opponent places 1 of their Characters at the bottom of the owner's deck.,,https://en.onepiece-cardgame.com/images/cardlist/card/P-055_p3.png?250502,0,True
P-055-0,P-055,0,Monkey.D.Luffy,558.0,P,Blue,P,5000.0,4.0,1000.0,[On Play] You may trash 2 cards from your hand: Your opponent places 1 of their Characters at the bottom of the owner's deck.,,https://en.onepiece-cardgame.com/images/cardlist/card/P-055_r1.png?250502,0,True
PRB01-001-0,PRB01-001,0,Sanji,326.0,L,Red,PRB01,5000.0,,,[Activate: Main] [Once Per Turn] Up to 1 of your Characters without an [On Play] effect and with a cost of 8 or less gains [Rush] during this turn.(This card can attack on the turn in which it is played.),,https://en.onepiece-cardgame.com/images/cardlist/card/PRB01-001.png?250502,0,True
PRB01-001-1,PRB01-001,1,Sanji,326.0,L,Red,PRB01,5000.0,,,[Activate: Main] [Once Per Turn] Up to 1 of your Characters without an [On Play] effect and with a cost of 8 or less gains [Rush] during this turn.(This card can attack on the turn in which it is played.),,https://en.onepiece-cardgame.com/images/cardlist/card/PRB01-001_p1.png?250502,0,True
ST01-006-8,ST01-006,8,Tony Tony.Chopper,175.0,C,Red,ST01,1000.0,1.0,,"[Blocker] (After your opponent declares an attack, you may rest this card to make it the new target of the attack.)",,https://en.onepiece-cardgame.com/images/cardlist/card/ST01-006_p8.png?250502,0,True
ST01-006-9,ST01-006,9,Tony Tony.Chopper,175.0,C,Red,ST01,1000.0,1.0,,"[Blocker] (After your opponent declares an attack, you may rest this card to make it the new target of the attack.)",,https://en.onepiece-cardgame.com/images/cardlist/card/ST01-006_p9.png?250502,0,True
ST01-006-10,ST01-006,10,Tony Tony.Chopper,175.0,C,Red,ST01,1000.0,1.0,,"[Blocker] (After your opponent declares an attack, you may rest this card to make it the new target of the attack.)",,https://en.onepiece-cardgame.com/images/cardlist/card/ST01-006_p10.png?250502,0,True
ST01-006-0,ST01-006,0,Tony Tony.Chopper,175.0,C,Red,ST01,1000.0,1.0,,"[Blocker] (After your opponent declares an attack, you may rest this card to make it the new target of the attack.)",,https://en.onepiece-cardgame.com/images/cardlist/card/ST01-006_r2.png?250502,0,True
ST01-014-2,ST01-014,2,Guard Point,,C,Red,ST01,,1.0,,[Counter] Up to 1 of your Leader or Character cards gains +3000 power during this battle.,[Trigger] Up to 1 of your Leader or Character cards gains +1000 power during this turn.,https://en.onepiece-cardgame.com/images/cardlist/card/ST01-014_p2.png?250502,0,False
ST01-014-3,ST01-014,3,Guard Point,,C,Red,ST01,,1.0,,[Counter] Up to 1 of your Leader or Character cards gains +3000 power during this battle.,[Trigger] Up to 1 of your Leader or Character cards gains +1000 power during this turn.,https://en.onepiece-cardgame.com/images/cardlist/card/ST01-014_p3.png?250502,0,False
ST01-014-0,ST01-014,0,Guard Point,,C,Red,ST01,,1.0,,[Counter] Up to 1 of your Leader or Character cards gains +3000 power during this battle.,[Trigger] Up to 1 of your Leader or Character cards gains +1000 power during this turn.,https://en.onepiece-cardgame.com/images/cardlist/card/ST01-014_r3.png?250502,0,False
ST02-004-3,ST02-004,3,"Capone""Gang""Bege",1259.0,C,Green,ST02,1000.0,1.0,,"[Blocker] (After your opponent declares an attack, you may rest this card to make it the new target of the attack.)",,https://en.onepiece-cardgame.com/images/cardlist/card/ST02-004_p3.png?250502,0,True
ST02-004-4,ST02-004,4,"Capone""Gang""Bege",1259.0,C,Green,ST02,1000.0,1.0,,"[Blocker] (After your opponent declares an attack, you may rest this card to make it the new target of the attack.)",,https://en.onepiece-cardgame.com/images/cardlist/card/ST02-004_p4.png?250502,0,True
ST02-004-5,ST02-004,5,"Capone""Gang""Bege",1259.0,C,Green,ST02,1000.0,1.0,,"[Blocker] (After your opponent declares an attack, you may rest this card to make it the new target of the attack.)",,https://en.onepiece-cardgame.com/images/cardlist/card/ST02-004_p5.png?250502,0,True
ST02-004-0,ST02-004,0,"Capone""Gang""Bege",1259.0,C,Green,ST02,1000.0,1.0,,"[Blocker] (After your opponent declares an attack, you may rest this card to make it the new target of the attack.)",,https://en.onepiece-cardgame.com/images/cardlist/card/ST02-004_r2.png?250502,0,True
ST03-005-4,ST03-005,4,Dracule Mihawk,1061.0,C,Blue,ST03,5000.0,4.0,2000.0,[DON!! x1] [When Attacking] Draw 2 cards and trash 2 cards from your hand.,,https://en.onepiece-cardgame.com/images/cardlist/card/ST03-005_p4.png?250502,0,True
ST03-005-5,ST03-005,5,Dracule Mihawk,1061.0,C,Blue,ST03,5000.0,4.0,2000.0,[DON!! x1] [When Attacking] Draw 2 cards and trash 2 cards from your hand.,,https://en.onepiece-cardgame.com/images/cardlist/card/ST03-005_p5.png?250502,0,True
ST03-005-0,ST03-005,0,Dracule Mihawk,1061.0,C,Blue,ST03,5000.0,4.0,2000.0,[DON!! x1] [When Attacking] Draw 2 cards and trash 2 cards from your hand.,,https://en.onepiece-cardgame.com/images/cardlist/card/ST03-005_r1.png?250502,0,True
ST03-008-7,ST03-008,7,Trafalgar Law,169.0,C,Blue,ST03,1000.0,1.0,,"[Blocker] (After your opponent declares an attack, you may rest this card to make it the new target of the attack.)",,https://en.onepiece-cardgame.com/images/cardlist/card/ST03-008_p7.png?250502,0,True
ST03-008-8,ST03-008,8,Trafalgar Law,169.0,C,Blue,ST03,1000.0,1.0,,"[Blocker] (After your opponent declares an attack, you may rest this card to make it the new target of the attack.)",,https://en.onepiece-cardgame.com/images/cardlist/card/ST03-008_p8.png?250502,0,True
ST03-008-0,ST03-008,0,Trafalgar Law,169.0,C,Blue,ST03,1000.0,1.0,,"[Blocker] (After your opponent declares an attack, you may rest this card to make it the new target of the attack.)",,https://en.onepiece-cardgame.com/images/cardlist/card/ST03-008_r1.png?250502,0,True
ST03-013-2,ST03-013,2,Boa Hancock,1305.0,C,Blue,ST03,1000.0,3.0,1000.0,"[Blocker] (After your opponent declares an attack, you may rest this card to make it the new target of the attack.)",[Trigger] Play this card.,https://en.onepiece-cardgame.com/images/cardlist/card/ST03-013_p2.png?250502,0,True
ST03-013-3,ST03-013,3,Boa Hancock,1305.0,C,Blue,ST03,1000.0,3.0,1000.0,"[Blocker] (After your opponent declares an attack, you may rest this card to make it the new target of the attack.)",[Trigger] Play this card.,https://en.onepiece-cardgame.com/images/cardlist/card/ST03-013_p3.png?250502,0,True
ST03-013-4,ST03-013,4,Boa Hancock,1305.0,C,Blue,ST03,1000.0,3.0,1000.0,"[Blocker] (After your opponent declares an attack, you may rest this card to make it the new target of the attack.)",[Trigger] Play this card.,https://en.onepiece-cardgame.com/images/cardlist/card/ST03-013_p4.png?250502,0,True
ST03-013-0,ST03-013,0,Boa Hancock,1305.0,C,Blue,ST03,1000.0,3.0,1000.0,"[Blocker] (After your opponent declares an attack, you may rest this card to make it the new target of the attack.)",[Trigger] Play this card.,https://en.onepiece-cardgame.com/images/cardlist/card/ST03-013_r1.png?250502,0,True
ST04-003-4,ST04-003,4,Kaido,783.0,SR,Purple,ST04,10000.0,9.0,,[On Play] DON!! −5 (You may return the specified number of DON!! cards from your field to your DON!! deck.): K.O. up to 1 of your opponent's Characters with a cost of 6 or less. This Character gains [Rush] during this turn.(This card can attack on the turn in which it is played.),,https://en.onepiece-cardgame.com/images/cardlist/card/ST04-003_p4.png?250502,0,True
ST04-003-0,ST04-003,0,Kaido,783.0,SR,Purple,ST04,10000.0,9.0,,[On Play] DON!! −5 (You may return the specified number of DON!! cards from your field to your DON!! deck.): K.O. up to 1 of your opponent's Characters with a cost of 6 or less. This Character gains [Rush] during this turn.(This card can attack on the turn in which it is played.),,https://en.onepiece-cardgame.com/images/cardlist/card/ST04-003_r1.png?250502,0,True
ST04-005-4,ST04-005,4,Queen,403.0,C,Purple,ST04,6000.0,5.0,1000.0,"[Blocker] (After your opponent declares an attack, you may rest this card to make it the new target of the attack.)[On Play] DON!! −1 (You may return the specified number of DON!! cards from your field to your DON!! deck.): Draw 2 cards and trash 1 card from your hand.",,https://en.onepiece-cardgame.com/images/cardlist/card/ST04-005_p4.png?250502,0,True
ST04-005-5,ST04-005,5,Queen,403.0,C,Purple,ST04,6000.0,5.0,1000.0,"[Blocker] (After your opponent declares an attack, you may rest this card to make it the new target of the attack.)[On Play] DON!! −1 (You may return the specified number of DON!! cards from your field to your DON!! deck.): Draw 2 cards and trash 1 card from your hand.",,https://en.onepiece-cardgame.com/images/cardlist/card/ST04-005_p5.png?250502,0,True
ST04-005-0,ST04-005,0,Queen,403.0,C,Purple,ST04,6000.0,5.0,1000.0,"[Blocker] (After your opponent declares an attack, you may rest this card to make it the new target of the attack.)[On Play] DON!! −1 (You may return the specified number of DON!! cards from your field to your DON!! deck.): Draw 2 cards and trash 1 card from your hand.",,https://en.onepiece-cardgame.com/images/cardlist/card/ST04-005_r1.png?250502,0,True
ST04-016-3,ST04-016,3,Blast Breath,,C,Purple,ST04,,1.0,,[Counter] DON!! −1 (You may return the specified number of DON!! cards from your field to your DON!! deck.): Up to 1 of your Leader or Character cards gains +4000 power during this battle.,,https://en.onepiece-cardgame.com/images/cardlist/card/ST04-016_p3.png?250502,0,False
ST04-016-4,ST04-016,4,Blast Breath,,C,Purple,ST04,,1.0,,[Counter] DON!! −1 (You may return the specified number of DON!! cards from your field to your DON!! deck.): Up to 1 of your Leader or Character cards gains +4000 power during this battle.,,https://en.onepiece-cardgame.com/images/cardlist/card/ST04-016_p4.png?250502,0,False
ST04-016-0,ST04-016,0,Blast Breath,,C,Purple,ST04,,1.0,,[Counter] DON!! −1 (You may return the specified number of DON!! cards from your field to your DON!! deck.): Up to 1 of your Leader or Character cards gains +4000 power during this battle.,,https://en.onepiece-cardgame.com/images/cardlist/card/ST04-016_r1.png?250502,0,False
ST06-010-1,ST06-010,1,Helmeppo,908.0,C,Black,ST06,3000.0,2.0,1000.0,[On Play] Give up to 1 of your opponent's Characters −3 cost during this turn.,,https://en.onepiece-cardgame.com/images/cardlist/card/ST06-010_p1.png?250502,0,True
ST06-010-2,ST06-010,2,Helmeppo,908.0,C,Black,ST06,3000.0,2.0,1000.0,[On Play] Give up to 1 of your opponent's Characters −3 cost during this turn.,,https://en.onepiece-cardgame.com/images/cardlist/card/ST06-010_p2.png?250502,0,True
ST06-010-0,ST06-010,0,Helmeppo,908.0,C,Black,ST06,3000.0,2.0,1000.0,[On Play] Give up to 1 of your opponent's Characters −3 cost during this turn.,,https://en.onepiece-cardgame.com/images/cardlist/card/ST06-010_r1.png?250502,0,True
ST06-014-1,ST06-014,1,Shockwave,,C,Black,ST06,,2.0,,"[Counter] Up to 1 of your Leader or Character cards gains +4000 power during this battle. Then, K.O. up to 1 of your opponent's active Characters with a cost of 3 or less.",[Trigger] K.O. up to 1 of your opponent's Characters with a cost of 4 or less.,https://en.onepiece-cardgame.com/images/cardlist/card/ST06-014_p1.png?250502,0,False
ST06-014-2,ST06-014,2,Shockwave,,C,Black,ST06,,2.0,,"[Counter] Up to 1 of your Leader or Character cards gains +4000 power during this battle. Then, K.O. up to 1 of your opponent's active Characters with a cost of 3 or less.",[Trigger] K.O. up to 1 of your opponent's Characters with a cost of 4 or less.,https://en.onepiece-cardgame.com/images/cardlist/card/ST06-014_p2.png?250502,0,False
ST06-014-0,ST06-014,0,Shockwave,,C,Black,ST06,,2.0,,"[Counter] Up to 1 of your Leader or Character cards gains +4000 power during this battle. Then, K.O. up to 1 of your opponent's active Characters with a cost of 3 or less.",[Trigger] K.O. up to 1 of your opponent's Characters with a cost of 4 or less.,https://en.onepiece-cardgame.com/images/cardlist/card/ST06-014_r1.png?250502,0,False
ST07-007-2,ST07-007,2,Charlotte Brulee,1226.0,C,Yellow,ST07,1000.0,3.0,1000.0,"[Blocker] (After your opponent declares an attack, you may rest this card to make it the new target of the attack.)",[Trigger] Play this card.,https://en.onepiece-cardgame.com/images/cardlist/card/ST07-007_p2.png?250502,0,True
ST07-007-3,ST07-007,3,Charlotte Brulee,1226.0,C,Yellow,ST07,1000.0,3.0,1000.0,"[Blocker] (After your opponent declares an attack, you may rest this card to make it the new target of the attack.)",[Trigger] Play this card.,https://en.onepiece-cardgame.com/images/cardlist/card/ST07-007_p3.png?250502,0,True
ST07-007-0,ST07-007,0,Charlotte Brulee,1226.0,C,Yellow,ST07,1000.0,3.0,1000.0,"[Blocker] (After your opponent declares an attack, you may rest this card to make it the new target of the attack.)",[Trigger] Play this card.,https://en.onepiece-cardgame.com/images/cardlist/card/ST07-007_r1.png?250502,0,True
ST09-014-1,ST09-014,1,Narikabura Arrow,,C,Yellow,ST09,,1.0,,"[Counter] If you have 2 or less Life cards, give up to 1 of your opponent's Leader or Character cards −3000 power during this turn.",[Trigger] You may trash 2 cards from your hand: Add up to 1 card from the top of your deck to the top of your Life cards.,https://en.onepiece-cardgame.com/images/cardlist/card/ST09-014_p1.png?250502,0,False
ST09-014-2,ST09-014,2,Narikabura Arrow,,C,Yellow,ST09,,1.0,,"[Counter] If you have 2 or less Life cards, give up to 1 of your opponent's Leader or Character cards −3000 power during this turn.",[Trigger] You may trash 2 cards from your hand: Add up to 1 card from the top of your deck to the top of your Life cards.,https://en.onepiece-cardgame.com/images/cardlist/card/ST09-014_p2.png?250502,0,False
ST09-014-0,ST09-014,0,Narikabura Arrow,,C,Yellow,ST09,,1.0,,"[Counter] If you have 2 or less Life cards, give up to 1 of your opponent's Leader or Character cards −3000 power during this turn.",[Trigger] You may trash 2 cards from your hand: Add up to 1 card from the top of your deck to the top of your Life cards.,https://en.onepiece-cardgame.com/images/cardlist/card/ST09-014_r1.png?250502,0,False
ST10-010-3,ST10-010,3,Trafalgar Law,169.0,SR,Purple,ST10,5000.0,4.0,1000.0,"[Blocker] (After your opponent declares an attack, you may rest this card to make it the new target of the attack.)[On Play] DON!! −1 (You may return the specified number of DON!! cards from your field to your DON!! deck.): If your opponent has 7 or more cards in their hand, trash 2 cards from your opponent's hand.",,https://en.onepiece-cardgame.com/images/cardlist/card/ST10-010_p3.png?250502,0,True
ST10-010-0,ST10-010,0,Trafalgar Law,169.0,SR,Purple,ST10,5000.0,4.0,1000.0,"[Blocker] (After your opponent declares an attack, you may rest this card to make it the new target of the attack.)[On Play] DON!! −1 (You may return the specified number of DON!! cards from your field to your DON!! deck.): If your opponent has 7 or more cards in their hand, trash 2 cards from your opponent's hand.",,https://en.onepiece-cardgame.com/images/cardlist/card/ST10-010_r1.png?250502,0,True
ST12-014-1,ST12-014,1,Duval,1054.0,C,Blue,ST12,1000.0,2.0,1000.0,"[Blocker] (After your opponent declares an attack, you may rest this card to make it the new target of the attack.)[On Play] Look at 3 cards from the top of your deck and place them at the top or bottom of the deck in any order.",,https://en.onepiece-cardgame.com/images/cardlist/card/ST12-014_p1.png?250502,0,True
ST12-014-2,ST12-014,2,Duval,1054.0,C,Blue,ST12,1000.0,2.0,1000.0,"[Blocker] (After your opponent declares an attack, you may rest this card to make it the new target of the attack.)[On Play] Look at 3 cards from the top of your deck and place them at the top or bottom of the deck in any order.",,https://en.onepiece-cardgame.com/images/cardlist/card/ST12-014_p2.png?250502,0,True
ST12-014-0,ST12-014,0,Duval,1054.0,C,Blue,ST12,1000.0,2.0,1000.0,"[Blocker] (After your opponent declares an attack, you may rest this card to make it the new target of the attack.)[On Play] Look at 3 cards from the top of your deck and place them at the top or bottom of the deck in any order.",,https://en.onepiece-cardgame.com/images/cardlist/card/ST12-014_r1.png?250502,0,True
EB01-001-2,EB01-001,2,Kouzuki Oden,708.0,L,Red/Green,EB01,5000.0,,,"All of your {Land of Wano} type Character cards without a Counter have a +1000 Counter, according to the rules.[DON!! x1] [When Attacking] If you have a {Land of Wano} type Character with a cost of 5 or more, this Leader gains +1000 power until the start of your next turn.",,https://en.onepiece-cardgame.com/images/cardlist/card/EB01-001_p2.png?250502,0,True
EB01-021-2,EB01-021,2,Hannyabal,918.0,L,Blue/Purple,EB01,5000.0,,,[End of Your Turn] You may return 1 of your {Impel Down} type Characters with a cost of 2 or more to the owner's hand: Add up to 1 DON!! card from your DON!! deck and set it as active.,,https://en.onepiece-cardgame.com/images/cardlist/card/EB01-021_p2.png?250502,0,True
EB01-040-2,EB01-040,2,Kyros,682.0,L,Black/Yellow,EB01,5000.0,,,[Activate: Main] [Once Per Turn] You may turn 1 card from the top of your Life cards face-up: K.O. up to 1 of your opponent's Characters with a cost of 0.,,https://en.onepiece-cardgame.com/images/cardlist/card/EB01-040_p2.png?250502,0,True
EB02-001-0,EB02-001,0,Karoo,763.0,C,Red,EB02,7000.0,5.0,1000.0,-,,https://en.onepiece-cardgame.com/images/cardlist/card/EB02-001.png?250502,0,True
EB02-002-0,EB02-002,0,Sabo,343.0,R,Red,EB02,5000.0,4.0,2000.0,[Activate: Main] You may rest this Character: Up to 1 of your {Revolutionary Army} type Characters other than [Sabo] gains +2000 power during this turn.,,https://en.onepiece-cardgame.com/images/cardlist/card/EB02-002.png?250502,0,True
EB02-003-0,EB02-003,0,Tony Tony.Chopper,175.0,R,Red,EB02,3000.0,3.0,1000.0,"[DON!! x2] [Opponent's Turn] This Character gains +2000 power.[On Play] If your Leader has the {Straw Hat Crew} type, give up to 1 rested DON!! card to your Leader or 1 of your Characters.",,https://en.onepiece-cardgame.com/images/cardlist/card/EB02-003.png?250502,0,True
EB02-003-1,EB02-003,1,Tony Tony.Chopper,175.0,R,Red,EB02,3000.0,3.0,1000.0,"[DON!! x2] [Opponent's Turn] This Character gains +2000 power.[On Play] If your Leader has the {Straw Hat Crew} type, give up to 1 rested DON!! card to your Leader or 1 of your Characters.",,https://en.onepiece-cardgame.com/images/cardlist/card/EB02-003_p1.png?250502,0,True
EB02-004-0,EB02-004,0,Don Accino,,C,Red,EB02,10000.0,8.0,1000.0,-,,https://en.onepiece-cardgame.com/images/cardlist/card/EB02-004.png?250502,0,False
EB02-005-0,EB02-005,0,Fake Straw Hat Crew,,C,Red,EB02,3000.0,2.0,,[Your Turn] This Character gains +2000 power.[Opponent's Turn] Give this Character −2000 power.,,https://en.onepiece-cardgame.com/images/cardlist/card/EB02-005.png?250502,0,False
EB02-006-0,EB02-006,0,Yamato,88.0,SR,Red,EB02,7000.0,6.0,,"[Activate: Main] [Once Per Turn] If your Leader has the {Land of Wano} type or is [Portgas.D.Ace], give up to 1 rested DON!! card to 1 of your Leader. Then, this Character gains [Rush] during this turn.",,https://en.onepiece-cardgame.com/images/cardlist/card/EB02-006.png?250502,0,True
EB02-006-1,EB02-006,1,Yamato,88.0,SR,Red,EB02,7000.0,6.0,,"[Activate: Main] [Once Per Turn] If your Leader has the {Land of Wano} type or is [Portgas.D.Ace], give up to 1 rested DON!! card to 1 of your Leader. Then, this Character gains [Rush] during this turn.",,https://en.onepiece-cardgame.com/images/cardlist/card/EB02-006_p1.png?250502,0,True
EB02-007-0,EB02-007,0,Cloven Rose Blizzard,,C,Red,EB02,,3.0,,"[Main] Up to a total of 3 of your Leader and Character cards gain +1000 power during this turn. Then, K.O. up to 1 of your opponent's Characters with 3000 power or less.",[Trigger] K.O. up to 1 of your opponent's Characters with 4000 power or less.,https://en.onepiece-cardgame.com/images/cardlist/card/EB02-007.png?250502,0,False
EB02-008-0,EB02-008,0,The Peak,,R,Red,EB02,,2.0,,"[Main] Look at 4 cards from the top of your deck; reveal up to 1 card with a cost of 4 or more and add it to your hand. Then, place the rest at the bottom of your deck in any order.",[Trigger] Activate this card's [Main] effect.,https://en.onepiece-cardgame.com/images/cardlist/card/EB02-008.png?250502,0,False
EB02-009-0,EB02-009,0,Thousand Sunny,,C,Red,EB02,,2.0,,[Activate: Main] You may rest this Stage: Give up to 1 of your currently given DON!! cards to 1 of your {Straw Hat Crew} type Characters.,,https://en.onepiece-cardgame.com/images/cardlist/card/EB02-009.png?250502,0,False
EB02-010-0,EB02-010,0,Monkey.D.Luffy,558.0,L,Green/Purple,EB02,5000.0,,,"[Activate: Main] [Once Per Turn] DON!! −2: If the only Characters on your field are {Straw Hat Crew} type Characters, set up to 2 of your DON!! cards as active. Then, this Leader gains +1000 power until the end of your opponent's next turn.",,https://en.onepiece-cardgame.com/images/cardlist/card/EB02-010.png?250502,0,True
EB02-010-1,EB02-010,1,Monkey.D.Luffy,558.0,L,Green/Purple,EB02,5000.0,,,"[Activate: Main] [Once Per Turn] DON!! −2: If the only Characters on your field are {Straw Hat Crew} type Characters, set up to 2 of your DON!! cards as active. Then, this Leader gains +1000 power until the end of your opponent's next turn.",,https://en.onepiece-cardgame.com/images/cardlist/card/EB02-010_p1.png?250502,0,True
EB02-011-0,EB02-011,0,Arlong,1356.0,SR,Green,EB02,4000.0,3.0,1000.0,"[On Play] If your Leader has the {Fish-Man} or {East Blue} type, give up to 1 rested DON!! card to 1 of your Leader. Then, up to 1 of your opponent's Characters with a cost of 5 or less cannot be rested until the end of your opponent's next turn.",,https://en.onepiece-cardgame.com/images/cardlist/card/EB02-011.png?250502,0,True
EB02-011-1,EB02-011,1,Arlong,1356.0,SR,Green,EB02,4000.0,3.0,1000.0,"[On Play] If your Leader has the {Fish-Man} or {East Blue} type, give up to 1 rested DON!! card to 1 of your Leader. Then, up to 1 of your opponent's Characters with a cost of 5 or less cannot be rested until the end of your opponent's next turn.",,https://en.onepiece-cardgame.com/images/cardlist/card/EB02-011_p1.png?250502,0,True
EB02-012-0,EB02-012,0,Gaimon,999.0,C,Green,EB02,1000.0,1.0,1000.0,"If you have a [Sarfunkel], this Character gains [Blocker].",,https://en.onepiece-cardgame.com/images/cardlist/card/EB02-012.png?250502,0,True
EB02-013-0,EB02-013,0,Carrot,1252.0,C,Green,EB02,,1.0,2000.0,"[On Play] If you have 3 or more DON!! cards on your field, look at 7 cards from the top of your deck; reveal up to 1 [Zou] and add it to your hand. Then, place the rest at the bottom of your deck in any order and play up to 1 [Zou] from your hand.",,https://en.onepiece-cardgame.com/images/cardlist/card/EB02-013.png?250502,0,True
EB02-014-0,EB02-014,0,Sarfunkel,321.0,C,Green,EB02,,2.0,1000.0,[On Play] Play up to 1 [Gaimon] from your hand.,,https://en.onepiece-cardgame.com/images/cardlist/card/EB02-014.png?250502,0,True
EB02-015-0,EB02-015,0,Jewelry Bonney,809.0,SR,Green,EB02,7000.0,7.0,1000.0,"[On Play] Up to 1 of your opponent's rested Characters will not become active in your opponent's next Refresh Phase. Then, set up to 1 of your DON!! cards as active at the end of this turn.",,https://en.onepiece-cardgame.com/images/cardlist/card/EB02-015.png?250502,0,True
EB02-015-1,EB02-015,1,Jewelry Bonney,809.0,SR,Green,EB02,7000.0,7.0,1000.0,"[On Play] Up to 1 of your opponent's rested Characters will not become active in your opponent's next Refresh Phase. Then, set up to 1 of your DON!! cards as active at the end of this turn.",,https://en.onepiece-cardgame.com/images/cardlist/card/EB02-015_p1.png?250502,0,True
EB02-016-0,EB02-016,0,Chopperman,,C,Green,EB02,6000.0,5.0,1000.0,Also treat this card's name as [Tony Tony.Chopper] according to the rules.[On Play] Play up to 1 {Animal} type Character card with a cost of 3 or less from your hand.,,https://en.onepiece-cardgame.com/images/cardlist/card/EB02-016.png?250502,0,False
EB02-017-0,EB02-017,0,Nami,515.0,R,Green,EB02,2000.0,1.0,1000.0,"[On Play] Look at 5 cards from the top of your deck; reveal up to 1 {Straw Hat Crew} type card other than [Nami] and add it to your hand. Then, place the rest at the bottom of your deck in any order.",,https://en.onepiece-cardgame.com/images/cardlist/card/EB02-017.png?250502,0,True
EB02-017-1,EB02-017,1,Nami,515.0,R,Green,EB02,2000.0,1.0,1000.0,"[On Play] Look at 5 cards from the top of your deck; reveal up to 1 {Straw Hat Crew} type card other than [Nami] and add it to your hand. Then, place the rest at the bottom of your deck in any order.",,https://en.onepiece-cardgame.com/images/cardlist/card/EB02-017_p1.png?250502,0,True
EB02-018-0,EB02-018,0,Buggy,1280.0,R,Green,EB02,6000.0,4.0,,"[On Play] If you have no other [Buggy] Characters, up to 1 of your Leader gains [Double Attack] during this turn.",[Trigger] Rest up to 1 of your opponent's Characters with a cost of 4 or less.,https://en.onepiece-cardgame.com/images/cardlist/card/EB02-018.png?250502,0,True
EB02-019-0,EB02-019,0,Roronoa Zoro,357.0,R,Green,EB02,5000.0,4.0,1000.0,"If your opponent has 2 or more Characters, this Character can attack Characters on the turn in which it is played.[On Play] If your Leader has the {Straw Hat Crew} type, rest up to 1 of your opponent's Characters with a cost of 4 or less.",,https://en.onepiece-cardgame.com/images/cardlist/card/EB02-019.png?250502,0,True
EB02-020-0,EB02-020,0,We Are!,,R,Green,EB02,,2.0,,"[Main] Look at 4 cards from the top of your deck; reveal up to 1 card with a cost of 4 or more and add it to your hand. Then, place the rest at the bottom of your deck in any order.",[Trigger] Activate this card's [Main] effect.,https://en.onepiece-cardgame.com/images/cardlist/card/EB02-020.png?250502,0,False
EB02-021-0,EB02-021,0,Gum-Gum Giant Pistol,,C,Green,EB02,,3.0,,"[Main] Up to 1 of your {Straw Hat Crew} type Characters gains +6000 power during this turn. Then, the selected Character will not become active in your next Refresh Phase.",[Trigger] Rest up to 1 of your opponent's Characters with a cost of 4 or less.,https://en.onepiece-cardgame.com/images/cardlist/card/EB02-021.png?250502,0,False
EB02-022-0,EB02-022,0,Usopp,136.0,R,Blue,EB02,5000.0,4.0,1000.0,"[On Play] If you have 2 or less Characters with 5000 power or more, play up to 1 Character card with 6000 power or less and no base effect from your hand.",,https://en.onepiece-cardgame.com/images/cardlist/card/EB02-022.png?250502,0,True
EB02-022-1,EB02-022,1,Usopp,136.0,R,Blue,EB02,5000.0,4.0,1000.0,"[On Play] If you have 2 or less Characters with 5000 power or more, play up to 1 Character card with 6000 power or less and no base effect from your hand.",,https://en.onepiece-cardgame.com/images/cardlist/card/EB02-022_p1.png?250502,0,True
EB02-023-0,EB02-023,0,Crocodile,1120.0,C,Blue,EB02,5000.0,4.0,1000.0,"[Your Turn] [Once Per Turn] When your opponent's Character is returned to the owner's hand by your effect, look at 3 cards from the top of your deck and place them at the top or bottom of the deck in any order.",,https://en.onepiece-cardgame.com/images/cardlist/card/EB02-023.png?250502,0,True
EB02-024-0,EB02-024,0,Sogeking,136.0,C,Blue,EB02,5000.0,4.0,1000.0,"Also treat this card's name as [Usopp] according to the rules.[On Play] Draw 2 cards and place 2 cards from your hand at the bottom of your deck in any order. Then, return up to 1 Character with a cost of 1 or less to the owner's hand.",,https://en.onepiece-cardgame.com/images/cardlist/card/EB02-024.png?250502,0,True
EB02-025-0,EB02-025,0,Donquixote Rosinante,1068.0,R,Blue,EB02,3000.0,2.0,1000.0,"[Activate: Main] You may rest 1 of your DON!! cards and this Character: If your Leader is [Donquixote Rosinante], look at 5 cards from the top of your deck; play up to 1 Character card with a cost of 2 or less rested. Then, place the rest at the bottom of your deck in any order.",,https://en.onepiece-cardgame.com/images/cardlist/card/EB02-025.png?250502,0,True
EB02-026-0,EB02-026,0,Nefeltari Vivi,509.0,SR,Blue,EB02,2000.0,3.0,1000.0,"[On Play] If your Leader is multicolored and you have 5 or less cards in your hand, draw 2 cards.",,https://en.onepiece-cardgame.com/images/cardlist/card/EB02-026.png?250502,0,True
EB02-026-1,EB02-026,1,Nefeltari Vivi,509.0,SR,Blue,EB02,2000.0,3.0,1000.0,"[On Play] If your Leader is multicolored and you have 5 or less cards in your hand, draw 2 cards.",,https://en.onepiece-cardgame.com/images/cardlist/card/EB02-026_p1.png?250502,0,True
EB02-027-0,EB02-027,0,Vista,115.0,C,Blue,EB02,5000.0,4.0,1000.0,[On Play] Place up to 1 of your opponent's Characters with 1000 power or less at the bottom of the owner's deck.,,https://en.onepiece-cardgame.com/images/cardlist/card/EB02-027.png?250502,0,True
EB02-028-0,EB02-028,0,Portgas.D.Ace,416.0,R,Blue,EB02,5000.0,5.0,1000.0,"[On Play] If your Leader's type includes ""Whitebeard Pirates"", look at 5 cards from the top of your deck; reveal up to 1 Character card with a cost of 2 and add it to your hand. Then, place the rest at the bottom of your deck in any order and play up to 1 Character card with a cost of 2 from your hand rested.",,https://en.onepiece-cardgame.com/images/cardlist/card/EB02-028.png?250502,0,True
EB02-029-0,EB02-029,0,Grandpa Ryu,,C,Blue,EB02,5000.0,3.0,1000.0,-,,https://en.onepiece-cardgame.com/images/cardlist/card/EB02-029.png?250502,0,False
EB02-030-0,EB02-030,0,And That's When Somebody Makes Fun of Their Friend's Dream!!!!,,C,Blue,EB02,,2.0,,"[Counter] If any of your Characters would be K.O.'d in battle during this turn, you may trash 1 card from your hand instead.",[Trigger] Draw 1 card.,https://en.onepiece-cardgame.com/images/cardlist/card/EB02-030.png?250502,0,False
EB02-031-0,EB02-031,0,Hope,,R,Blue,EB02,,2.0,,"[Main] Look at 4 cards from the top of your deck; reveal up to 1 card with a cost of 4 or more and add it to your hand. Then, place the rest at the bottom of your deck in any order.",[Trigger] Activate this card's [Main] effect.,https://en.onepiece-cardgame.com/images/cardlist/card/EB02-031.png?250502,0,False
EB02-032-0,EB02-032,0,Iceburg,861.0,C,Purple,EB02,,1.0,2000.0,"[On Play] If you have 3 or more DON!! cards on your field, look at 7 cards from the top of your deck; reveal up to 1 [Galley-La Company] and add it to your hand. Then, place the rest at the bottom of your deck in any order and play up to 1 [Galley-La Company] from your hand.",,https://en.onepiece-cardgame.com/images/cardlist/card/EB02-032.png?250502,0,True
EB02-033-0,EB02-033,0,Klabautermann,,C,Purple,EB02,,1.0,1000.0,"If you have [Merry Go] on your field, this Character gains [Blocker].",,https://en.onepiece-cardgame.com/images/cardlist/card/EB02-033.png?250502,0,False
EB02-034-0,EB02-034,0,Komei,,C,Purple,EB02,6000.0,4.0,1000.0,-,,https://en.onepiece-cardgame.com/images/cardlist/card/EB02-034.png?250502,0,False
EB02-035-0,EB02-035,0,Sanji & Pudding,,SR,Purple,EB02,7000.0,5.0,,"[Your Turn] [Once Per Turn] When 2 or more DON!! cards on your field are returned to your DON!! deck, add up to 1 DON!! card from your DON!! deck and set it as active.[On Play] If the number of DON!! cards on your field is equal to or less than the number on your opponent's field, draw 1 card.",,https://en.onepiece-cardgame.com/images/cardlist/card/EB02-035.png?250502,0,False
EB02-035-1,EB02-035,1,Sanji & Pudding,,SR,Purple,EB02,7000.0,5.0,,"[Your Turn] [Once Per Turn] When 2 or more DON!! cards on your field are returned to your DON!! deck, add up to 1 DON!! card from your DON!! deck and set it as active.[On Play] If the number of DON!! cards on your field is equal to or less than the number on your opponent's field, draw 1 card.",,https://en.onepiece-cardgame.com/images/cardlist/card/EB02-035_p1.png?250502,0,False
EB02-036-0,EB02-036,0,Nico Robin,495.0,R,Purple,EB02,2000.0,3.0,1000.0,"[Blocker][On K.O.] DON!! −1: Look at 3 cards from the top of your deck; reveal up to 1 {Straw Hat Crew} type card and add it to your hand. Then, place the rest at the bottom of your deck in any order.",,https://en.onepiece-cardgame.com/images/cardlist/card/EB02-036.png?250502,0,True
EB02-036-1,EB02-036,1,Nico Robin,495.0,R,Purple,EB02,2000.0,3.0,1000.0,"[Blocker][On K.O.] DON!! −1: Look at 3 cards from the top of your deck; reveal up to 1 {Straw Hat Crew} type card and add it to your hand. Then, place the rest at the bottom of your deck in any order.",,https://en.onepiece-cardgame.com/images/cardlist/card/EB02-036_p1.png?250502,0,True
EB02-037-0,EB02-037,0,Franky,1014.0,R,Purple,EB02,4000.0,3.0,1000.0,"[On Play]/[When Attacking] If your Leader has the {Straw Hat Crew} type and the number of DON!! cards on your field is equal to or less than the number on your opponent's field, add up to 1 DON!! card from your DON!! deck and rest it.",,https://en.onepiece-cardgame.com/images/cardlist/card/EB02-037.png?250502,0,True
EB02-038-0,EB02-038,0,Magellan,646.0,C,Purple,EB02,4000.0,3.0,1000.0,[On Play] Play up to 1 {Impel Down} type Character card with a cost of 2 or less from your hand.,,https://en.onepiece-cardgame.com/images/cardlist/card/EB02-038.png?250502,0,True
EB02-039-0,EB02-039,0,GERMA 66,,C,Purple,EB02,,4.0,,"[Main] You may trash 1 {GERMA 66} type Character card with 4000 power or less from your hand: If the number of DON!! cards on your field is equal to or less than the number on your opponent's field, play up to 1 Character card with 5000 to 7000 power and the same card name as the trashed card from your trash.",,https://en.onepiece-cardgame.com/images/cardlist/card/EB02-039.png?250502,0,False
EB02-040-0,EB02-040,0,BRAND NEW WORLD,,R,Purple,EB02,,2.0,,"[Main] Look at 4 cards from the top of your deck; reveal up to 1 card with a cost of 4 or more and add it to your hand. Then, place the rest at the bottom of your deck in any order.",[Trigger] Activate this card's [Main] effect.,https://en.onepiece-cardgame.com/images/cardlist/card/EB02-040.png?250502,0,False
EB02-041-0,EB02-041,0,Merry Go,,R,Purple,EB02,,1.0,,"[On Play] If your Leader has the {Straw Hat Crew} type, draw 1 card.[Activate: Main] You may rest this Stage: If the number of DON!! cards on your field is equal to or less than the number on your opponent's field, up to 1 of your {Straw Hat Crew} type Characters gains +2 cost until the end of your opponent's next turn.",,https://en.onepiece-cardgame.com/images/cardlist/card/EB02-041.png?250502,0,False
EB02-042-0,EB02-042,0,All-Hunt Grount,,C,Black,EB02,8000.0,6.0,1000.0,-,,https://en.onepiece-cardgame.com/images/cardlist/card/EB02-042.png?250502,0,False
EB02-043-0,EB02-043,0,Jonathan,1392.0,C,Black,EB02,9000.0,7.0,1000.0,-,,https://en.onepiece-cardgame.com/images/cardlist/card/EB02-043.png?250502,0,True
EB02-044-0,EB02-044,0,Sengoku,305.0,SR,Black,EB02,7000.0,7.0,1000.0,[Blocker][On Play] Play up to 1 black {Navy} type Character card with a cost of 4 or less from your trash rested.,,https://en.onepiece-cardgame.com/images/cardlist/card/EB02-044.png?250502,0,True
EB02-044-1,EB02-044,1,Sengoku,305.0,SR,Black,EB02,7000.0,7.0,1000.0,[Blocker][On Play] Play up to 1 black {Navy} type Character card with a cost of 4 or less from your trash rested.,,https://en.onepiece-cardgame.com/images/cardlist/card/EB02-044_p1.png?250502,0,True
EB02-045-0,EB02-045,0,Trafalgar Law,169.0,SR,Black,EB02,6000.0,5.0,1000.0,"[Blocker][On Play] You may place 2 cards from your trash at the bottom of your deck in any order: Choose one:• Draw 1 card.• If your opponent has 5 or more cards in their hand, your opponent trashes 1 card from their hand.",,https://en.onepiece-cardgame.com/images/cardlist/card/EB02-045.png?250502,0,True
EB02-045-1,EB02-045,1,Trafalgar Law,169.0,SR,Black,EB02,6000.0,5.0,1000.0,"[Blocker][On Play] You may place 2 cards from your trash at the bottom of your deck in any order: Choose one:• Draw 1 card.• If your opponent has 5 or more cards in their hand, your opponent trashes 1 card from their hand.",,https://en.onepiece-cardgame.com/images/cardlist/card/EB02-045_p1.png?250502,0,True
EB02-046-0,EB02-046,0,Hildon,895.0,C,Black,EB02,3000.0,3.0,2000.0,[On Play] Trash 2 cards from the top of your deck and give up to 1 of your opponent's Characters −1 cost during this turn.,,https://en.onepiece-cardgame.com/images/cardlist/card/EB02-046.png?250502,0,True
EB02-047-0,EB02-047,0,Blueno,1307.0,C,Black,EB02,6000.0,5.0,1000.0,"[Activate: Main] You may trash 1 card from your hand and trash this Character: Play up to 1 Character card with a type including ""CP"" and a cost of 5 or less other than [Blueno] from your trash.",,https://en.onepiece-cardgame.com/images/cardlist/card/EB02-047.png?250502,0,True
EB02-048-0,EB02-048,0,Brook,1282.0,R,Black,EB02,6000.0,5.0,1000.0,[On Play] Add up to 1 [Laboon] from your trash to your hand.[On K.O.] Play up to 1 [Laboon] with a cost of 4 or less from your hand.,,https://en.onepiece-cardgame.com/images/cardlist/card/EB02-048.png?250502,0,True
EB02-048-1,EB02-048,1,Brook,1282.0,R,Black,EB02,6000.0,5.0,1000.0,[On Play] Add up to 1 [Laboon] from your trash to your hand.[On K.O.] Play up to 1 [Laboon] with a cost of 4 or less from your hand.,,https://en.onepiece-cardgame.com/images/cardlist/card/EB02-048_p1.png?250502,0,True
EB02-049-0,EB02-049,0,Monkey.D.Garp,559.0,R,Black,EB02,6000.0,5.0,,"[On Play] Give up to 2 rested DON!! cards to 1 of your Leader.[Activate: Main] You may rest this Character: If your Leader is [Monkey.D.Garp], K.O. up to 1 of your opponent's Characters with a cost of 1 or less.",,https://en.onepiece-cardgame.com/images/cardlist/card/EB02-049.png?250502,0,True
EB02-050-0,EB02-050,0,Kokoro no Chizu,,R,Black,EB02,,2.0,,"[Main] Look at 4 cards from the top of your deck; reveal up to 1 card with a cost of 4 or more and add it to your hand. Then, place the rest at the bottom of your deck in any order.",[Trigger] Activate this card's [Main] effect.,https://en.onepiece-cardgame.com/images/cardlist/card/EB02-050.png?250502,0,False
EB02-051-0,EB02-051,0,Three-Pace Hum Soul Notch Slash,,C,Black,EB02,,3.0,,[Main] Choose one:• K.O. up to 1 of your opponent's Characters with a cost of 2 or less.• Give up to 1 of your opponent's Characters −4 cost during this turn.,,https://en.onepiece-cardgame.com/images/cardlist/card/EB02-051.png?250502,0,False
EB02-052-0,EB02-052,0,Enel,1041.0,SR,Yellow,EB02,11000.0,10.0,,"If your Leader has the {Sky Island} type, this Character gains [Rush].[When Attacking] You may trash 1 card from your hand: If you have 1 or less Life cards, add up to 1 card from the top of your deck to the top of your Life cards. Then, this Character gains +1000 power during this turn.",,https://en.onepiece-cardgame.com/images/cardlist/card/EB02-052.png?250502,0,True
EB02-052-1,EB02-052,1,Enel,1041.0,SR,Yellow,EB02,11000.0,10.0,,"If your Leader has the {Sky Island} type, this Character gains [Rush].[When Attacking] You may trash 1 card from your hand: If you have 1 or less Life cards, add up to 1 card from the top of your deck to the top of your Life cards. Then, this Character gains +1000 power during this turn.",,https://en.onepiece-cardgame.com/images/cardlist/card/EB02-052_p1.png?250502,0,True
EB02-053-0,EB02-053,0,Myskina Olga,,C,Yellow,EB02,4000.0,3.0,1000.0,[On Play]/[On K.O.] Look at up to 1 card from the top of your or your opponent's Life cards and place it at the top or bottom of the Life cards.,,https://en.onepiece-cardgame.com/images/cardlist/card/EB02-053.png?250502,0,False
EB02-054-0,EB02-054,0,Sanji,326.0,R,Yellow,EB02,6000.0,5.0,1000.0,"[Blocker] (After your opponent declares an attack, you may rest this card to make it the new target of the attack.)[On Play] If you have 2 or less Life cards, draw 2 cards and trash 1 card from your hand.",,https://en.onepiece-cardgame.com/images/cardlist/card/EB02-054.png?250502,0,True
EB02-054-1,EB02-054,1,Sanji,326.0,R,Yellow,EB02,6000.0,5.0,1000.0,"[Blocker] (After your opponent declares an attack, you may rest this card to make it the new target of the attack.)[On Play] If you have 2 or less Life cards, draw 2 cards and trash 1 card from your hand.",,https://en.onepiece-cardgame.com/images/cardlist/card/EB02-054_p1.png?250502,0,True
EB02-055-0,EB02-055,0,Jinbe,807.0,R,Yellow,EB02,5000.0,4.0,2000.0,-,"[Trigger] If your Leader has the {Fish-Man} or {Merfolk} type and you have 2 or less Life cards, play this card.",https://en.onepiece-cardgame.com/images/cardlist/card/EB02-055.png?250502,0,True
EB02-056-0,EB02-056,0,Vegapunk,126.0,SR,Yellow,EB02,,5.0,1000.0,"[Blocker][On Play] Look at 5 cards from the top of your deck; play up to 1 {Scientist} type Character card with a cost of 5 or less other than [Vegapunk]. Then, place the rest at the bottom of your deck in any order and if your opponent has 2 or less Characters, trash 1 card from your hand.",[Trigger] Draw 1 card.,https://en.onepiece-cardgame.com/images/cardlist/card/EB02-056.png?250502,0,True
EB02-056-1,EB02-056,1,Vegapunk,126.0,SR,Yellow,EB02,,5.0,1000.0,"[Blocker][On Play] Look at 5 cards from the top of your deck; play up to 1 {Scientist} type Character card with a cost of 5 or less other than [Vegapunk]. Then, place the rest at the bottom of your deck in any order and if your opponent has 2 or less Characters, trash 1 card from your hand.",[Trigger] Draw 1 card.,https://en.onepiece-cardgame.com/images/cardlist/card/EB02-056_p1.png?250502,0,True
EB02-057-0,EB02-057,0,Mad Treasure,,C,Yellow,EB02,5000.0,4.0,1000.0,[When Attacking] You may add 1 card from the top or bottom of your Life cards to your hand: Add up to 1 of your opponent's Characters with a cost of 3 or less to the top or bottom of your opponent's Life cards face-up.,,https://en.onepiece-cardgame.com/images/cardlist/card/EB02-057.png?250502,0,False
EB02-058-0,EB02-058,0,UUUUUS!,,R,Yellow,EB02,,2.0,,"[Main] Look at 4 cards from the top of your deck; reveal up to 1 card with a cost of 4 or more and add it to your hand. Then, place the rest at the bottom of your deck in any order.",[Trigger] Activate this card's [Main] effect.,https://en.onepiece-cardgame.com/images/cardlist/card/EB02-058.png?250502,0,False
EB02-059-0,EB02-059,0,Without Your Help I Can't Become the King of the Pirates!!!!,,C,Yellow,EB02,,4.0,,"[Counter] Up to 1 of your Leader or Character cards gains +1000 power during this battle. Then, if you have 1 or less Life cards, play up to 1 of your yellow {Straw Hat Crew} type Character cards or [Sanji] with a cost of 5 or less from your hand.",,https://en.onepiece-cardgame.com/images/cardlist/card/EB02-059.png?250502,0,False
EB02-060-0,EB02-060,0,Merry Go,,C,Yellow,EB02,,2.0,,[Activate: Main] You may rest this Stage and turn 1 card from the top of your Life cards face-up: Up to 1 of your {Straw Hat Crew} type Characters gains +1000 power until the end of your opponent's next turn.,,https://en.onepiece-cardgame.com/images/cardlist/card/EB02-060.png?250502,0,False
EB02-061-0,EB02-061,0,Monkey.D.Luffy,558.0,SEC,Purple,EB02,7000.0,6.0,,"If your Leader is multicolored and your opponent has 5 or more DON!! cards on their field, this Character gains [Rush].[When Attacking] [Once Per Turn] You may return 2 of your active DON!! cards to your DON!! deck: Set this Character as active. Then, add 1 card from the top of your Life cards to your hand.",,https://en.onepiece-cardgame.com/images/cardlist/card/EB02-061.png?250502,0,True
EB02-061-1,EB02-061,1,Monkey.D.Luffy,558.0,SEC,Purple,EB02,7000.0,6.0,,"If your Leader is multicolored and your opponent has 5 or more DON!! cards on their field, this Character gains [Rush].[When Attacking] [Once Per Turn] You may return 2 of your active DON!! cards to your DON!! deck: Set this Character as active. Then, add 1 card from the top of your Life cards to your hand.",,https://en.onepiece-cardgame.com/images/cardlist/card/EB02-061_p1.png?250502,0,True
EB02-061-2,EB02-061,2,Monkey.D.Luffy,558.0,SEC,Purple,EB02,7000.0,6.0,,"If your Leader is multicolored and your opponent has 5 or more DON!! cards on their field, this Character gains [Rush].[When Attacking] [Once Per Turn] You may return 2 of your active DON!! cards to your DON!! deck: Set this Character as active. Then, add 1 card from the top of your Life cards to your hand.",,https://en.onepiece-cardgame.com/images/cardlist/card/EB02-061_p2.png?250502,0,True
OP05-001-2,OP05-001,2,Sabo,343.0,L,Red/Black,OP05,5000.0,,,"[DON!! x1] [Opponent's Turn] [Once Per Turn] If your Character with 5000 power or more would be K.O.'d, you may give that Character −1000 power during this turn instead of that Character being K.O.'d.",,https://en.onepiece-cardgame.com/images/cardlist/card/OP05-001_p2.png?250502,0,True
OP05-002-2,OP05-002,2,Belo Betty,1314.0,L,Red/Yellow,OP05,5000.0,,,[Activate: Main] [Once Per Turn] You may trash 1 {Revolutionary Army} type card from your hand: Up to 3 of your {Revolutionary Army} type Characters or Characters with a [Trigger] gain +3000 power during this turn.,,https://en.onepiece-cardgame.com/images/cardlist/card/OP05-002_p2.png?250502,0,True
OP05-022-2,OP05-022,2,Donquixote Rosinante,1068.0,L,Green/Blue,OP05,5000.0,,,"[Blocker] (After your opponent declares an attack, you may rest this card to make it the new target of the attack.)[End of Your Turn] If you have 6 or less cards in your hand, set this Leader as active.",,https://en.onepiece-cardgame.com/images/cardlist/card/OP05-022_p2.png?250502,0,True
OP05-060-4,OP05-060,4,Monkey.D.Luffy,558.0,L,Purple,OP05,5000.0,,,"[Activate: Main] [Once Per Turn] You may add 1 card from the top of your Life cards to your hand: If you have 0 or 3 or more DON!! cards on your field, add up to 1 DON!! card from your DON!! deck and set it as active.",,https://en.onepiece-cardgame.com/images/cardlist/card/OP05-060_p4.png?250502,0,True
OP05-098-3,OP05-098,3,Enel,1041.0,L,Yellow,OP05,5000.0,,,"[Opponent's Turn] [Once Per Turn] When your number of Life cards becomes 0, add 1 card from the top of your deck to the top of your Life cards. Then, trash 1 card from your hand.",,https://en.onepiece-cardgame.com/images/cardlist/card/OP05-098_p3.png?250502,0,True
OP06-001-2,OP06-001,2,Uta,134.0,L,Red/Purple,OP06,5000.0,,,"[When Attacking] You may trash 1 {FILM} type card from your hand: Give up to 1 of your opponent's Characters −2000 power during this turn. Then, add up to 1 DON!! card from your DON!! deck and rest it.",,https://en.onepiece-cardgame.com/images/cardlist/card/OP06-001_p2.png?250502,0,True
OP06-020-2,OP06-020,2,Hody Jones,883.0,L,Green,OP06,5000.0,,,"[Activate: Main] You may rest this Leader: Rest up to 1 of your opponent's DON!! cards or Characters with a cost of 3 or less. Then, you cannot add Life cards to your hand using your own effects during this turn.",,https://en.onepiece-cardgame.com/images/cardlist/card/OP06-020_p2.png?250502,0,True
OP06-021-2,OP06-021,2,Perona,434.0,L,Green/Black,OP06,5000.0,,,[Activate: Main] [Once Per Turn] Choose one:• Rest up to 1 of your opponent's Characters with a cost of 4 or less.• Give up to 1 of your opponent's Characters −1 cost during this turn.,,https://en.onepiece-cardgame.com/images/cardlist/card/OP06-021_p2.png?250502,0,True
OP06-022-2,OP06-022,2,Yamato,88.0,L,Green/Yellow,OP06,5000.0,,,"[Double Attack] (This card deals 2 damage.)[Activate: Main] [Once Per Turn] If your opponent has 3 or less Life cards, give up to 2 rested DON!! cards to 1 of your Characters.",,https://en.onepiece-cardgame.com/images/cardlist/card/OP06-022_p2.png?250502,0,True
OP06-042-2,OP06-042,2,Vinsmoke Reiju,117.0,L,Blue/Purple,OP06,5000.0,,,"[Your Turn] [Once Per Turn] When a DON!! card on your field is returned to your DON!! deck, draw 1 card.",,https://en.onepiece-cardgame.com/images/cardlist/card/OP06-042_p2.png?250502,0,True
OP06-080-2,OP06-080,2,Gecko Moria,984.0,L,Black,OP06,5000.0,,,[DON!! x1] [When Attacking] ➁ (You may rest the specified number of DON!! cards in your cost area.) You may trash 1 card from your hand: Trash 2 cards from the top of your deck and play up to 1 {Thriller Bark Pirates} type Character card with a cost of 4 or less from your trash.,,https://en.onepiece-cardgame.com/images/cardlist/card/OP06-080_p2.png?250502,0,True
OP07-001-2,OP07-001,2,Monkey.D.Dragon,560.0,L,Red,OP07,5000.0,,,[Activate: Main] [Once Per Turn] Give up to 2 total of your currently given DON!! cards to 1 of your Characters.,,https://en.onepiece-cardgame.com/images/cardlist/card/OP07-001_p2.png?250502,0,True
OP07-019-2,OP07-019,2,Jewelry Bonney,809.0,L,Green,OP07,5000.0,,,[On Your Opponent's Attack] [Once Per Turn] ➀ (You may rest the specified number of DON!! cards in your cost area.): Rest up to 1 of your opponent's Leader or Character cards.,,https://en.onepiece-cardgame.com/images/cardlist/card/OP07-019_p2.png?250502,0,True
OP07-038-2,OP07-038,2,Boa Hancock,1305.0,L,Blue,OP07,5000.0,,,"[Your Turn] [Once Per Turn] This effect can be activated when a Character is removed from the field by your effect. If you have 5 or less cards in your hand, draw 1 card.",,https://en.onepiece-cardgame.com/images/cardlist/card/OP07-038_p2.png?250502,0,True
OP07-059-2,OP07-059,2,Foxy,1016.0,L,Purple,OP07,5000.0,,,"[When Attacking] DON!! −3 (You may return the specified number of DON!! cards from your field to your DON!! deck.): If you have 3 or more {Foxy Pirates} type Characters, select your opponent's rested Leader and up to 1 Character card. The selected cards will not become active in your opponent's next Refresh Phase.",,https://en.onepiece-cardgame.com/images/cardlist/card/OP07-059_p2.png?250502,0,True
OP07-079-2,OP07-079,2,Rob Lucci,369.0,L,Black,OP07,5000.0,,,[When Attacking] You may trash 2 cards from the top of your deck: Give up to 1 of your opponent's Characters −1 cost during this turn.,,https://en.onepiece-cardgame.com/images/cardlist/card/OP07-079_p2.png?250502,0,True
OP07-097-2,OP07-097,2,Vegapunk,126.0,L,Yellow,OP07,5000.0,,,This Leader cannot attack.[Activate: Main] [Once Per Turn] ① (You may rest the specified number of DON!! cards in your cost area.): Select up to 1 {Egghead} type card with a cost of 5 or less from your hand and play it or add it to the top of your Life cards face-up.,,https://en.onepiece-cardgame.com/images/cardlist/card/OP07-097_p2.png?250502,0,True
OP08-001-2,OP08-001,2,Tony Tony.Chopper,175.0,L,Red/Green,OP08,5000.0,,,[Activate: Main] [Once Per Turn] Give up to 3 of your {Animal} or {Drum Kingdom} type Characters up to 1 rested DON!! card each.,,https://en.onepiece-cardgame.com/images/cardlist/card/OP08-001_p2.png?250502,0,True
OP08-002-2,OP08-002,2,Marco,635.0,L,Red/Blue,OP08,5000.0,,,"[DON!! x1] [Activate: Main] [Once Per Turn] Draw 1 card and place 1 card from your hand at the top or bottom of your deck. Then, give up to 1 of your opponent's Characters −2000 power during this turn.",,https://en.onepiece-cardgame.com/images/cardlist/card/OP08-002_p2.png?250502,0,True
OP08-021-2,OP08-021,2,Carrot,1252.0,L,Green,OP08,5000.0,,,"[Activate: Main] [Once Per Turn] If you have a {Minks} type Character, rest up to 1 of your opponent's Characters with a cost of 5 or less.",,https://en.onepiece-cardgame.com/images/cardlist/card/OP08-021_p2.png?250502,0,True
OP08-057-2,OP08-057,2,King,737.0,L,Purple/Black,OP08,5000.0,,,"[Activate: Main] [Once Per Turn] DON!! −2 (You may return the specified number of DON!! cards from your field to your DON!! deck.): Choose one:• If you have 5 or less cards in your hand, draw 1 card.• Give up to 1 of your opponent's Characters −2 cost during this turn.",,https://en.onepiece-cardgame.com/images/cardlist/card/OP08-057_p2.png?250502,0,True
OP08-058-2,OP08-058,2,Charlotte Pudding,1170.0,L,Purple/Yellow,OP08,5000.0,,,[When Attacking] You may turn 2 cards from the top of your Life cards face-up: Add up to 1 DON!! card from your DON!! deck and rest it.,,https://en.onepiece-cardgame.com/images/cardlist/card/OP08-058_p2.png?250502,0,True
OP08-098-2,OP08-098,2,Kalgara,773.0,L,Yellow,OP08,5000.0,,,"[DON!! x1] [When Attacking] Play up to 1 {Shandian Warrior} type Character card from your hand with a cost equal to or less than the number of DON!! cards on your field. If you do, add 1 card from the top of your Life cards to your hand.",,https://en.onepiece-cardgame.com/images/cardlist/card/OP08-098_p2.png?250502,0,True
EB01-001-0,EB01-001,0,Kouzuki Oden,708.0,L,Red/Green,EB01,5000.0,,,"All of your {Land of Wano} type Character cards without a Counter have a +1000 Counter, according to the rules.[DON!! x1] [When Attacking] If you have a {Land of Wano} type Character with a cost of 5 or more, this Leader gains +1000 power until the start of your next turn.",,https://en.onepiece-cardgame.com/images/cardlist/card/EB01-001.png?250502,0,True
EB01-001-1,EB01-001,1,Kouzuki Oden (Parallel),708.0,L,Red/Green,EB01,5000.0,,,"All of your {Land of Wano} type Character cards without a Counter have a +1000 Counter, according to the rules.[DON!! x1] [When Attacking] If you have a {Land of Wano} type Character with a cost of 5 or more, this Leader gains +1000 power until the start of your next turn.",,https://en.onepiece-cardgame.com/images/cardlist/card/EB01-001_p1.png?250502,0,True
EB01-002-0,EB01-002,0,Izo,833.0,R,Red,EB01,7000.0,5.0,,"[On Play] Give up to 1 rested DON!! card to your Leader or 1 of your Characters.[On Your Opponent's Attack] [Once Per Turn] You may trash 1 card from your hand: If your Leader has the {Land of Wano} or {Whitebeard Pirates} type, give up to 1 of your opponent's Leader or Character cards −2000 power during this turn.",,https://en.onepiece-cardgame.com/images/cardlist/card/EB01-002.png?250502,0,True
EB01-003-0,EB01-003,0,Kid & Killer,,R,Red,EB01,5000.0,4.0,,"[Rush] (This card can attack on the turn in which it is played.)[When Attacking] If your opponent has 2 or less Life cards, this Character gains +2000 power during this turn.",,https://en.onepiece-cardgame.com/images/cardlist/card/EB01-003.png?250502,0,False
EB01-003-1,EB01-003,1,Kid & Killer (Parallel),,R,Red,EB01,5000.0,4.0,,"[Rush] (This card can attack on the turn in which it is played.)[When Attacking] If your opponent has 2 or less Life cards, this Character gains +2000 power during this turn.",,https://en.onepiece-cardgame.com/images/cardlist/card/EB01-003_p1.png?250502,0,False
EB01-004-0,EB01-004,0,Koza,714.0,C,Red,EB01,3000.0,2.0,1000.0,[When Attacking] You may give your 1 active Leader −5000 power during this turn: Give up to 1 of your opponent's Characters −3000 power during this turn.,,https://en.onepiece-cardgame.com/images/cardlist/card/EB01-004.png?250502,0,True
EB01-005-0,EB01-005,0,Doma,1076.0,C,Red,EB01,3000.0,1.0,1000.0,-,,https://en.onepiece-cardgame.com/images/cardlist/card/EB01-005.png?250502,0,True
EB01-006-1,EB01-006,1,Tony Tony.Chopper (Parallel),175.0,SR,Red,EB01,4000.0,3.0,1000.0,"[Blocker] (After your opponent declares an attack, you may rest this card to make it the new target of the attack.)[DON!! x2] [When Attacking] Give up to 1 of your opponent's Characters −3000 power during this turn.",,https://en.onepiece-cardgame.com/images/cardlist/card/EB01-006_p1.png?250502,0,True
EB01-006-2,EB01-006,2,Tony Tony.Chopper (Parallel),175.0,SR,Red,EB01,4000.0,3.0,1000.0,"[Blocker] (After your opponent declares an attack, you may rest this card to make it the new target of the attack.)[DON!! x2] [When Attacking] Give up to 1 of your opponent's Characters −3000 power during this turn.",,https://en.onepiece-cardgame.com/images/cardlist/card/EB01-006_p2.png?250502,0,True
EB01-007-0,EB01-007,0,Yamato,88.0,C,Red,EB01,5000.0,5.0,2000.0,[Activate: Main] [Once Per Turn] Give up to 1 rested DON!! card to your Leader or 1 of your Characters.,,https://en.onepiece-cardgame.com/images/cardlist/card/EB01-007.png?250502,0,True
EB01-008-0,EB01-008,0,LittleOars Jr.,660.0,R,Red,EB01,7000.0,6.0,1000.0,"[Once Per Turn] If this Character would be K.O.'d by an effect, you may trash 1 Event or Stage card from your hand instead.",,https://en.onepiece-cardgame.com/images/cardlist/card/EB01-008.png?250502,0,True
EB01-009-0,EB01-009,0,Just Shut Up and Come with Us!!!!,,C,Red,EB01,,1.0,,"[Counter] Look at 5 cards from the top of your deck and play up to 1 {Animal} type Character card with a cost of 3 or less. Then, place the rest at the bottom of your deck in any order.",,https://en.onepiece-cardgame.com/images/cardlist/card/EB01-009.png?250502,0,False
EB01-010-0,EB01-010,0,There's No Way You Could Defeat Me!!,,R,Red,EB01,,3.0,,[Counter] K.O. up to 1 of your opponent's Characters with 6000 base power or less.,[Trigger] K.O. up to 1 of your opponent's Characters with 5000 base power or less.,https://en.onepiece-cardgame.com/images/cardlist/card/EB01-010.png?250502,0,False
EB01-011-0,EB01-011,0,Mini-Merry,,C,Red,EB01,,1.0,,[Activate: Main] You may rest this card and place 1 of your Characters with 1000 base power at the bottom of your deck: Draw 1 card.,,https://en.onepiece-cardgame.com/images/cardlist/card/EB01-011.png?250502,0,False
EB01-012-0,EB01-012,0,Cavendish,1245.0,SR,Green,EB01,6000.0,5.0,1000.0,"[On Play]/[When Attacking] If your Leader has the {Supernovas} type and you have no other [Cavendish] Characters, set up to 2 of your DON!! cards as active.",,https://en.onepiece-cardgame.com/images/cardlist/card/EB01-012.png?250502,0,True
EB01-012-1,EB01-012,1,Cavendish (Parallel),1245.0,SR,Green,EB01,6000.0,5.0,1000.0,"[On Play]/[When Attacking] If your Leader has the {Supernovas} type and you have no other [Cavendish] Characters, set up to 2 of your DON!! cards as active.",,https://en.onepiece-cardgame.com/images/cardlist/card/EB01-012_p1.png?250502,0,True
EB01-013-0,EB01-013,0,Kouzuki Hiyori,711.0,R,Green,EB01,,4.0,1000.0,"[Activate: Main] You may trash this Character: Play up to 1 {Land of Wano} type Character card with a cost of 5 or less other than [Kouzuki Hiyori] from your hand. Then, draw 1 card.",,https://en.onepiece-cardgame.com/images/cardlist/card/EB01-013.png?250502,0,True
EB01-013-1,EB01-013,1,Kouzuki Hiyori (Parallel),711.0,R,Green,EB01,,4.0,1000.0,"[Activate: Main] You may trash this Character: Play up to 1 {Land of Wano} type Character card with a cost of 5 or less other than [Kouzuki Hiyori] from your hand. Then, draw 1 card.",,https://en.onepiece-cardgame.com/images/cardlist/card/EB01-013_p1.png?250502,0,True
EB01-014-0,EB01-014,0,Sanji,326.0,R,Green,EB01,5000.0,4.0,2000.0,[DON!! x1] [Your Turn] This Character gains +1000 power for every 3 of your rested DON!! cards.,,https://en.onepiece-cardgame.com/images/cardlist/card/EB01-014.png?250502,0,True
EB01-015-0,EB01-015,0,Scratchmen Apoo,313.0,R,Green,EB01,1000.0,1.0,2000.0,[On Play] Rest up to 1 of your opponent's Characters with a cost of 2 or less.,,https://en.onepiece-cardgame.com/images/cardlist/card/EB01-015.png?250502,0,True
EB01-016-0,EB01-016,0,Bingoh,8.0,C,Green,EB01,,1.0,1000.0,[Activate: Main] You may rest this Character: K.O. up to 1 of your opponent's rested Characters with a cost of 1 or less.,,https://en.onepiece-cardgame.com/images/cardlist/card/EB01-016.png?250502,0,True
EB01-017-0,EB01-017,0,Blueno,1307.0,C,Green,EB01,2000.0,2.0,1000.0,"[Blocker] (After your opponent declares an attack, you may rest this card to make it the new target of the attack.)",,https://en.onepiece-cardgame.com/images/cardlist/card/EB01-017.png?250502,0,True
EB01-018-0,EB01-018,0,Mountain God,545.0,C,Green,EB01,7000.0,5.0,1000.0,-,,https://en.onepiece-cardgame.com/images/cardlist/card/EB01-018.png?250502,0,True
EB01-019-0,EB01-019,0,Off-White,,R,Green,EB01,,2.0,,"[Counter] Up to 1 of your Leader or Character cards gains +4000 power during this battle. Then, look at 3 cards from the top of your deck; reveal up to 1 {Donquixote Pirates} type Character card and add it to your hand. Then, place the rest at the bottom of your deck in any order.",,https://en.onepiece-cardgame.com/images/cardlist/card/EB01-019.png?250502,0,False
EB01-020-0,EB01-020,0,Chambres,,C,Green,EB01,,1.0,,"[Main] If your Leader has the {Supernovas} type, return 1 of your Characters to the owner's hand, and play up to 1 Character card with a cost of 2 or less from your hand that is a different color than the returned Character.",[Trigger] Activate this card's [Main] effect.,https://en.onepiece-cardgame.com/images/cardlist/card/EB01-020.png?250502,0,False
EB01-021-0,EB01-021,0,Hannyabal,918.0,L,Blue/Purple,EB01,5000.0,,,[End of Your Turn] You may return 1 of your {Impel Down} type Characters with a cost of 2 or more to the owner's hand: Add up to 1 DON!! card from your DON!! deck and set it as active.,,https://en.onepiece-cardgame.com/images/cardlist/card/EB01-021.png?250502,0,True
EB01-021-1,EB01-021,1,Hannyabal (Parallel),918.0,L,Blue/Purple,EB01,5000.0,,,[End of Your Turn] You may return 1 of your {Impel Down} type Characters with a cost of 2 or more to the owner's hand: Add up to 1 DON!! card from your DON!! deck and set it as active.,,https://en.onepiece-cardgame.com/images/cardlist/card/EB01-021_p1.png?250502,0,True
EB01-022-0,EB01-022,0,Inazuma,854.0,SR,Blue,EB01,7000.0,6.0,1000.0,"[End of Your Turn] If you have 2 or less cards in your hand, draw 2 cards.",,https://en.onepiece-cardgame.com/images/cardlist/card/EB01-022.png?250502,0,True
EB01-022-1,EB01-022,1,Inazuma (Parallel),854.0,SR,Blue,EB01,7000.0,6.0,1000.0,"[End of Your Turn] If you have 2 or less cards in your hand, draw 2 cards.",,https://en.onepiece-cardgame.com/images/cardlist/card/EB01-022_p1.png?250502,0,True
EB01-023-0,EB01-023,0,Edward Weevil,1050.0,R,Blue,EB01,6000.0,4.0,,[On Play] Draw 1 card.,,https://en.onepiece-cardgame.com/images/cardlist/card/EB01-023.png?250502,0,True
EB01-024-0,EB01-024,0,Hamlet,927.0,C,Blue,EB01,4000.0,3.0,1000.0,"If you have 4 or less cards in your hand, all of your {SMILE} type Characters gain +1000 power.",,https://en.onepiece-cardgame.com/images/cardlist/card/EB01-024.png?250502,0,True
EB01-025-0,EB01-025,0,Fourtricks,1018.0,C,Blue,EB01,5000.0,3.0,1000.0,-,,https://en.onepiece-cardgame.com/images/cardlist/card/EB01-025.png?250502,0,True
EB01-026-0,EB01-026,0,Prince Bellett,,C,Blue,EB01,2000.0,2.0,2000.0,"[DON!! x1] [When Attacking] If you have 1 or less cards in your hand, return up to 1 Character with a cost of 3 or less to the owner's hand.",,https://en.onepiece-cardgame.com/images/cardlist/card/EB01-026.png?250502,0,False
EB01-027-0,EB01-027,0,Mr.1(Daz.Bonez),1102.0,R,Blue,EB01,6000.0,5.0,1000.0,"If your Leader's type includes ""Baroque Works"", this Character gains +1000 power for every 2 Events in your trash.[On Play] Draw 2 cards and trash 1 card from your hand.",,https://en.onepiece-cardgame.com/images/cardlist/card/EB01-027.png?250502,0,True
EB01-027-1,EB01-027,1,Mr.1(Daz.Bonez) (Parallel),1102.0,R,Blue,EB01,6000.0,5.0,1000.0,"If your Leader's type includes ""Baroque Works"", this Character gains +1000 power for every 2 Events in your trash.[On Play] Draw 2 cards and trash 1 card from your hand.",,https://en.onepiece-cardgame.com/images/cardlist/card/EB01-027_p1.png?250502,0,True
EB01-028-0,EB01-028,0,Gum-Gum Champion Rifle,,R,Blue,EB01,,1.0,,"[Counter] If your Leader has the {Impel Down} type, up to 1 of your Leader or Character cards gains +2000 power during this battle. Then, your opponent returns 1 of their active Characters to the owner's hand.",[Trigger] Return up to 1 Character with a cost of 3 or less to the bottom of the owner's deck.,https://en.onepiece-cardgame.com/images/cardlist/card/EB01-028.png?250502,0,False
EB01-029-0,EB01-029,0,Sorry. I'm a Goner.,,C,Blue,EB01,,1.0,,"[Counter] Reveal 1 card from the top of your deck. If the revealed card has a cost of 4 or more, return up to 1 of your Characters to the owner's hand. Then, place the revealed card at the bottom of your deck.",[Trigger] Return up to 1 Character with a cost of 8 or less to the owner's hand.,https://en.onepiece-cardgame.com/images/cardlist/card/EB01-029.png?250502,0,False
EB01-030-0,EB01-030,0,Loguetown,,C,Blue,EB01,,2.0,,[Activate: Main] You may place this card and 1 card from your hand at the bottom of your deck in any order: Draw 2 cards.,[Trigger] Play this card.,https://en.onepiece-cardgame.com/images/cardlist/card/EB01-030.png?250502,0,False
EB01-031-0,EB01-031,0,Kalifa,772.0,R,Purple,EB01,5000.0,5.0,1000.0,"[On Play] DON!! −1 (You may return the specified number of DON!! cards from your field to your DON!! deck.): If your Leader has the {Water Seven} type, add up to 2 Character cards with a cost of 4 or less from your trash to your hand.",,https://en.onepiece-cardgame.com/images/cardlist/card/EB01-031.png?250502,0,True
EB01-031-1,EB01-031,1,Kalifa (Parallel),772.0,R,Purple,EB01,5000.0,5.0,1000.0,"[On Play] DON!! −1 (You may return the specified number of DON!! cards from your field to your DON!! deck.): If your Leader has the {Water Seven} type, add up to 2 Character cards with a cost of 4 or less from your trash to your hand.",,https://en.onepiece-cardgame.com/images/cardlist/card/EB01-031_p1.png?250502,0,True
EB01-032-0,EB01-032,0,Army Wolves,,C,Purple,EB01,7000.0,5.0,1000.0,-,,https://en.onepiece-cardgame.com/images/cardlist/card/EB01-032.png?250502,0,False
EB01-033-0,EB01-033,0,Blueno,1307.0,R,Purple,EB01,5000.0,4.0,1000.0,"[On Play] DON!! −1 (You may return the specified number of DON!! cards from your field to your DON!! deck.): If your Leader has the {Water Seven} type, play up to 1 {Water Seven} type Character card with a cost of 5 other than [Blueno] from your hand or trash.",,https://en.onepiece-cardgame.com/images/cardlist/card/EB01-033.png?250502,0,True
EB01-034-0,EB01-034,0,Ms. Wednesday,509.0,SR,Purple,EB01,4000.0,3.0,1000.0,"[Blocker] (After your opponent declares an attack, you may rest this card to make it the new target of the attack.)[On Your Opponent's Attack] [Once Per Turn] DON!! −1 (You may return the specified number of DON!! cards from your field to your DON!! deck.): If your Leader's type includes ""Baroque Works"", add up to 1 DON!! card from your DON!! deck and set it as active.",,https://en.onepiece-cardgame.com/images/cardlist/card/EB01-034.png?250502,0,True
EB01-034-1,EB01-034,1,Ms. Wednesday (Parallel),509.0,SR,Purple,EB01,4000.0,3.0,1000.0,"[Blocker] (After your opponent declares an attack, you may rest this card to make it the new target of the attack.)[On Your Opponent's Attack] [Once Per Turn] DON!! −1 (You may return the specified number of DON!! cards from your field to your DON!! deck.): If your Leader's type includes ""Baroque Works"", add up to 1 DON!! card from your DON!! deck and set it as active.",,https://en.onepiece-cardgame.com/images/cardlist/card/EB01-034_p1.png?250502,0,True
EB01-035-0,EB01-035,0,Ms. Monday,581.0,C,Purple,EB01,5000.0,3.0,,"[On Play] If your Leader's type includes ""Baroque Works"", up to 1 of your Leader or Character cards gains +1000 power during this turn.",[Trigger] DON!! −1 (You may return the specified number of DON!! cards from your field to your DON!! deck.): Play this card.,https://en.onepiece-cardgame.com/images/cardlist/card/EB01-035.png?250502,0,True
EB01-036-0,EB01-036,0,Minochihuahua,592.0,C,Purple,EB01,5000.0,4.0,,"[Rush] (This card can attack on the turn in which it is played.)[On K.O.] If your Leader has the {Impel Down} type, add up to 1 DON!! card from your DON!! deck and rest it.",,https://en.onepiece-cardgame.com/images/cardlist/card/EB01-036.png?250502,0,True
EB01-037-0,EB01-037,0,Mr. 9,535.0,C,Purple,EB01,4000.0,3.0,1000.0,[On Your Opponent's Attack] [Once Per Turn] DON!! −1 (You may return the specified number of DON!! cards from your field to your DON!! deck.): K.O. up to 1 of your opponent's Characters with a cost of 2 or less.,,https://en.onepiece-cardgame.com/images/cardlist/card/EB01-037.png?250502,0,True
EB01-038-0,EB01-038,0,Oh Come My Way,,C,Purple,EB01,,1.0,,"[Counter] DON!! −1 (You may return the specified number of DON!! cards from your field to your DON!! deck.): If your Leader's type includes ""Baroque Works"", select 1 of your Characters. Change the attack target to the selected Character.",[Trigger] DON!! −1: Draw 2 cards.,https://en.onepiece-cardgame.com/images/cardlist/card/EB01-038.png?250502,0,False
EB01-039-0,EB01-039,0,Conquerer of Three Worlds Ragnaraku,,R,Purple,EB01,,5.0,,[Main] DON!! −1 (You may return the specified number of DON!! cards from your field to your DON!! deck.): K.O. up to 1 of your opponent's Characters with a cost of 8 or less.,[Trigger] Add up to 1 DON!! card from your DON!! deck and set it as active.,https://en.onepiece-cardgame.com/images/cardlist/card/EB01-039.png?250502,0,False
EB01-040-0,EB01-040,0,Kyros,682.0,L,Black/Yellow,EB01,5000.0,,,[Activate: Main] [Once Per Turn] You may turn 1 card from the top of your Life cards face-up: K.O. up to 1 of your opponent's Characters with a cost of 0.,,https://en.onepiece-cardgame.com/images/cardlist/card/EB01-040.png?250502,0,True
EB01-040-1,EB01-040,1,Kyros (Parallel),682.0,L,Black/Yellow,EB01,5000.0,,,[Activate: Main] [Once Per Turn] You may turn 1 card from the top of your Life cards face-up: K.O. up to 1 of your opponent's Characters with a cost of 0.,,https://en.onepiece-cardgame.com/images/cardlist/card/EB01-040_p1.png?250502,0,True
EB01-041-0,EB01-041,0,Crocus,1118.0,C,Black,EB01,8000.0,6.0,1000.0,-,,https://en.onepiece-cardgame.com/images/cardlist/card/EB01-041.png?250502,0,True
EB01-042-0,EB01-042,0,Scarlet,316.0,R,Black,EB01,,2.0,1000.0,"[Activate: Main] You may trash this Character: Play up to 1 {Dressrosa} type Character card with a cost of 3 or less other than [Scarlet] from your hand rested. Then, give up to 1 of your opponent's Characters −2 cost during this turn.",,https://en.onepiece-cardgame.com/images/cardlist/card/EB01-042.png?250502,0,True
EB01-043-0,EB01-043,0,Spandine,244.0,R,Black,EB01,2000.0,3.0,1000.0,"[On Play] You may place 3 cards with a type including ""CP"" from your trash at the bottom of your deck in any order: Play up to 1 Character card with a type including ""CP"" and a cost of 4 or less other than [Spandine] from your trash rested.",,https://en.onepiece-cardgame.com/images/cardlist/card/EB01-043.png?250502,0,True
EB01-044-0,EB01-044,0,Funkfreed,1005.0,C,Black,EB01,1000.0,1.0,1000.0,[Activate: Main] You may rest this Character: Up to 1 of your [Spandam] Characters gains +3000 power during this turn.,,https://en.onepiece-cardgame.com/images/cardlist/card/EB01-044.png?250502,0,True
EB01-045-0,EB01-045,0,Brook,1282.0,C,Black,EB01,4000.0,3.0,1000.0,"[On Play] If your opponent has a Character with a cost of 0, this Character gains [Rush] during this turn.(This card can attack on the turn in which it is played.)",,https://en.onepiece-cardgame.com/images/cardlist/card/EB01-045.png?250502,0,True
EB01-046-0,EB01-046,0,Brook,1282.0,SR,Black,EB01,4000.0,3.0,1000.0,"[On Play]/[When Attacking] Give up to 1 of your opponent's Characters −1 cost during this turn. Then, K.O. up to 1 of your opponent's Characters with a cost of 0.",,https://en.onepiece-cardgame.com/images/cardlist/card/EB01-046.png?250502,0,True
EB01-046-1,EB01-046,1,Brook (Parallel),1282.0,SR,Black,EB01,4000.0,3.0,1000.0,"[On Play]/[When Attacking] Give up to 1 of your opponent's Characters −1 cost during this turn. Then, K.O. up to 1 of your opponent's Characters with a cost of 0.",,https://en.onepiece-cardgame.com/images/cardlist/card/EB01-046_p1.png?250502,0,True
EB01-047-0,EB01-047,0,Laboon,679.0,C,Black,EB01,4000.0,2.0,,"[Once Per Turn] When a Character is K.O.'d, draw 1 card and trash 1 card from your hand.",,https://en.onepiece-cardgame.com/images/cardlist/card/EB01-047.png?250502,0,True
EB01-048-0,EB01-048,0,Laboon,679.0,SR,Black,EB01,5000.0,4.0,1000.0,[Activate: Main] You may rest this Character: Give up to 1 of your opponent's Characters −4 cost during this turn.,,https://en.onepiece-cardgame.com/images/cardlist/card/EB01-048.png?250502,0,True
EB01-048-1,EB01-048,1,Laboon (Parallel),679.0,SR,Black,EB01,5000.0,4.0,1000.0,[Activate: Main] You may rest this Character: Give up to 1 of your opponent's Characters −4 cost during this turn.,,https://en.onepiece-cardgame.com/images/cardlist/card/EB01-048_p1.png?250502,0,True
EB01-049-0,EB01-049,0,T-Bone,213.0,R,Black,EB01,5000.0,5.0,2000.0,[On Play] K.O. up to 1 of your opponent's Characters with a cost of 2 or less.,,https://en.onepiece-cardgame.com/images/cardlist/card/EB01-049.png?250502,0,True
EB01-049-1,EB01-049,1,T-Bone (Parallel),213.0,R,Black,EB01,5000.0,5.0,2000.0,[On Play] K.O. up to 1 of your opponent's Characters with a cost of 2 or less.,,https://en.onepiece-cardgame.com/images/cardlist/card/EB01-049_p1.png?250502,0,True
EB01-050-0,EB01-050,0,...I Want to Live!!,,C,Black,EB01,,3.0,,"[Counter] If you have 30 or more cards in your trash, add up to 1 card from the top of your deck to the top of your Life cards.",,https://en.onepiece-cardgame.com/images/cardlist/card/EB01-050.png?250502,0,False
EB01-051-0,EB01-051,0,Finger Pistol,,R,Black,EB01,,4.0,,[Main] You may trash 2 cards from the top of your deck: K.O. up to 1 of your opponent's Characters with a cost of 5 or less.,[Trigger] Activate this card's [Main] effect.,https://en.onepiece-cardgame.com/images/cardlist/card/EB01-051.png?250502,0,False
EB01-052-0,EB01-052,0,Viola,114.0,SR,Yellow,EB01,,2.0,1000.0,"[Blocker] (After your opponent declares an attack, you may rest this card to make it the new target of the attack.)[On Play] Choose one:• Look at all of your opponent's Life cards and place them back in their Life area in any order.• Turn all of your Life cards face-down.",,https://en.onepiece-cardgame.com/images/cardlist/card/EB01-052.png?250502,0,True
EB01-052-1,EB01-052,1,Viola (Parallel),114.0,SR,Yellow,EB01,,2.0,1000.0,"[Blocker] (After your opponent declares an attack, you may rest this card to make it the new target of the attack.)[On Play] Choose one:• Look at all of your opponent's Life cards and place them back in their Life area in any order.• Turn all of your Life cards face-down.",,https://en.onepiece-cardgame.com/images/cardlist/card/EB01-052_p1.png?250502,0,True
EB01-053-0,EB01-053,0,Gastino,1269.0,C,Yellow,EB01,5000.0,3.0,,[On Play] Place up to 1 of your opponent's Characters with a cost of 3 or less at the top or bottom of your opponent's Life cards face-up.,[Trigger] Give up to a total of 2 of your opponent's Leader or Character cards −3000 power during this turn.,https://en.onepiece-cardgame.com/images/cardlist/card/EB01-053.png?250502,0,True
EB01-054-0,EB01-054,0,Gan.Fall,990.0,R,Yellow,EB01,4000.0,3.0,1000.0,"[Blocker] (After your opponent declares an attack, you may rest this card to make it the new target of the attack.)[On Play] If your opponent has 1 or less Life cards, K.O. up to 1 of your opponent's Characters with a cost of 3 or less.",,https://en.onepiece-cardgame.com/images/cardlist/card/EB01-054.png?250502,0,True
EB01-055-0,EB01-055,0,Charlotte Compote,1218.0,C,Yellow,EB01,9000.0,7.0,1000.0,-,,https://en.onepiece-cardgame.com/images/cardlist/card/EB01-055.png?250502,0,True
EB01-056-0,EB01-056,0,Charlotte Flampe,1206.0,R,Yellow,EB01,1000.0,1.0,2000.0,[On Play] You may add 1 card from the top or bottom of your Life cards to your hand: Draw 1 card.,,https://en.onepiece-cardgame.com/images/cardlist/card/EB01-056.png?250502,0,True
EB01-056-1,EB01-056,1,Charlotte Flampe (Parallel),1206.0,R,Yellow,EB01,1000.0,1.0,2000.0,[On Play] You may add 1 card from the top or bottom of your Life cards to your hand: Draw 1 card.,,https://en.onepiece-cardgame.com/images/cardlist/card/EB01-056_p1.png?250502,0,True
EB01-057-0,EB01-057,0,Shirahoshi,272.0,SR,Yellow,EB01,,2.0,1000.0,"When this Character is K.O.'d by your opponent's effect, add up to 1 card from the top of your deck to the top of your Life cards.[Blocker] (After your opponent declares an attack, you may rest this card to make it the new target of the attack.)",,https://en.onepiece-cardgame.com/images/cardlist/card/EB01-057.png?250502,0,True
EB01-057-1,EB01-057,1,Shirahoshi (Parallel),272.0,SR,Yellow,EB01,,2.0,1000.0,"When this Character is K.O.'d by your opponent's effect, add up to 1 card from the top of your deck to the top of your Life cards.[Blocker] (After your opponent declares an attack, you may rest this card to make it the new target of the attack.)",,https://en.onepiece-cardgame.com/images/cardlist/card/EB01-057_p1.png?250502,0,True
EB01-058-0,EB01-058,0,Mont Blanc Cricket,557.0,C,Yellow,EB01,3000.0,2.0,1000.0,"[DON!! x1] [Your Turn] If you have 2 or less Life cards, this Character gains +2000 power.",,https://en.onepiece-cardgame.com/images/cardlist/card/EB01-058.png?250502,0,True
EB01-059-0,EB01-059,0,Kingdom Come,,R,Yellow,EB01,,6.0,,"[Main] K.O. up to 1 of your opponent's Characters. Then, trash cards from the top of your Life cards until you have 1 Life card.",[Trigger] K.O. up to 1 of your opponent's Characters with a cost equal to or less than the total of your and your opponent's Life cards.,https://en.onepiece-cardgame.com/images/cardlist/card/EB01-059.png?250502,1,False
EB01-060-0,EB01-060,0,Did Someone Say...Kami?,,C,Yellow,EB01,,4.0,,"[Main] Play up to 1 [Enel] with a cost of 7 or less from your hand or trash. Then, trash cards from the top of your Life cards until you have 1 Life card.",[Trigger] Draw 2 cards and trash 1 card from your hand.,https://en.onepiece-cardgame.com/images/cardlist/card/EB01-060.png?250502,0,False
EB01-061-0,EB01-061,0,Mr.2.Bon.Kurei(Bentham),15.0,SEC,Purple,EB01,1000.0,4.0,1000.0,[On Play] Add up to 1 DON!! card from your DON!! deck and set it as active.[When Attacking] Select up to 1 of your opponent's Characters. This Character's base power becomes the same as the selected Character's power during this turn.,,https://en.onepiece-cardgame.com/images/cardlist/card/EB01-061.png?250502,0,True
EB01-061-1,EB01-061,1,Mr.2.Bon.Kurei(Bentham) (Parallel),15.0,SEC,Purple,EB01,1000.0,4.0,1000.0,[On Play] Add up to 1 DON!! card from your DON!! deck and set it as active.[When Attacking] Select up to 1 of your opponent's Characters. This Character's base power becomes the same as the selected Character's power during this turn.,,https://en.onepiece-cardgame.com/images/cardlist/card/EB01-061_p1.png?250502,0,True
OP12-001-0,OP12-001,0,Silvers Rayleigh,264.0,L,Red,OP12,5000.0,,,"Under the rules of this game, you cannot include cards with a cost of 5 or more in your deck.[Activate: Main] [Once Per Turn] You may reveal 2 Events from your hand: Up to 1 of your Characters with 4000 base power or less gains +2000 power during this turn.",,https://en.onepiece-cardgame.com/images/cardlist/card/OP12-001.png?250502,0,True
OP12-001-1,OP12-001,1,Silvers Rayleigh,264.0,L,Red,OP12,5000.0,,,"Under the rules of this game, you cannot include cards with a cost of 5 or more in your deck.[Activate: Main] [Once Per Turn] You may reveal 2 Events from your hand: Up to 1 of your Characters with 4000 base power or less gains +2000 power during this turn.",,https://en.onepiece-cardgame.com/images/cardlist/card/OP12-001_p1.png?250502,0,True
OP12-002-0,OP12-002,0,Edward.Newgate,1051.0,UC,Red,OP12,6000.0,5.0,2000.0,-,,https://en.onepiece-cardgame.com/images/cardlist/card/OP12-002.png?250502,0,True
OP12-003-0,OP12-003,0,Crocus,1118.0,UC,Red,OP12,3000.0,2.0,1000.0,[On K.O.] You may reveal 2 Events from your hand: Play up to 1 red Character card with 3000 power or less from your hand.,,https://en.onepiece-cardgame.com/images/cardlist/card/OP12-003.png?250502,0,True
OP12-004-0,OP12-004,0,Kouzuki Oden,708.0,UC,Red,OP12,3000.0,2.0,1000.0,[Activate: Main] [Once Per Turn] You may reveal 2 Events from your hand: This Character gains +2000 power during this turn.,,https://en.onepiece-cardgame.com/images/cardlist/card/OP12-004.png?250502,0,True
OP12-005-0,OP12-005,0,Shiki,286.0,C,Red,OP12,10000.0,8.0,1000.0,-,,https://en.onepiece-cardgame.com/images/cardlist/card/OP12-005.png?250502,0,True
OP12-006-0,OP12-006,0,Shakuyaku,297.0,R,Red,OP12,2000.0,1.0,1000.0,"[On Play] Look at 5 cards from the top of your deck; reveal up to 1 [Monkey.D.Luffy] or 1 red Event and add it to your hand. Then, place the rest at the bottom of your deck in any order.",,https://en.onepiece-cardgame.com/images/cardlist/card/OP12-006.png?250502,0,True
OP12-007-0,OP12-007,0,Shanks,290.0,C,Red,OP12,2000.0,2.0,1000.0,"[On Play] Up to 1 of your Characters with a type including ""Roger Pirates"" other than [Shanks] gains [Rush] during this turn.(This card can attack on the turn in which it is played.)",,https://en.onepiece-cardgame.com/images/cardlist/card/OP12-007.png?250502,0,True
OP12-008-0,OP12-008,0,Shanks,290.0,R,Red,OP12,6000.0,4.0,,[Blocker][On Your Opponent's Attack] [Once Per Turn] You may trash 1 card from your hand: Give up to 1 of your opponent's Leader or Character cards −2000 power during this turn.,,https://en.onepiece-cardgame.com/images/cardlist/card/OP12-008.png?250502,0,True
OP12-008-1,OP12-008,1,Shanks,290.0,R,Red,OP12,6000.0,4.0,,[Blocker][On Your Opponent's Attack] [Once Per Turn] You may trash 1 card from your hand: Give up to 1 of your opponent's Leader or Character cards −2000 power during this turn.,,https://en.onepiece-cardgame.com/images/cardlist/card/OP12-008_p1.png?250502,0,True
OP12-009-0,OP12-009,0,Jinbe,807.0,R,Red,OP12,4000.0,3.0,1000.0,"[On Play] You may reveal 2 Events from your hand: This Character gains [Rush] during this turn. Then, this Character gains +1000 power until the end of your opponent's next End Phase.",,https://en.onepiece-cardgame.com/images/cardlist/card/OP12-009.png?250502,0,True
OP12-010-0,OP12-010,0,Douglas Bullet,1393.0,UC,Red,OP12,7000.0,6.0,2000.0,-,,https://en.onepiece-cardgame.com/images/cardlist/card/OP12-010.png?250502,0,True
OP12-011-0,OP12-011,0,Duval,1054.0,C,Red,OP12,7000.0,5.0,1000.0,-,,https://en.onepiece-cardgame.com/images/cardlist/card/OP12-011.png?250502,0,True
OP12-012-0,OP12-012,0,Buggy,1280.0,C,Red,OP12,2000.0,2.0,1000.0,"[On Play] Up to 1 of your Characters with a type including ""Roger Pirates"" other than [Buggy] gains [Blocker] until the end of your opponent's next End Phase.",,https://en.onepiece-cardgame.com/images/cardlist/card/OP12-012.png?250502,0,True
OP12-013-0,OP12-013,0,Hatchan,907.0,C,Red,OP12,2000.0,1.0,1000.0,[Activate: Main] You may rest this Character and reveal 2 Events from your hand: Give up to 2 rested DON!! cards to your Leader or 1 of your Characters.,,https://en.onepiece-cardgame.com/images/cardlist/card/OP12-013.png?250502,0,True
OP12-014-0,OP12-014,0,Boa Hancock,1305.0,SR,Red,OP12,3000.0,2.0,,"[On Play] Look at 5 cards from the top of your deck; reveal up to 1 [Monkey.D.Luffy] or red Event and add it to your hand. Then, place the rest at the bottom of your deck in any order.[Activate: Main] You may trash this Character: Give up to 2 rested DON!! cards to your Leader or 1 of your Characters.",,https://en.onepiece-cardgame.com/images/cardlist/card/OP12-014.png?250502,0,True
OP12-014-1,OP12-014,1,Boa Hancock,1305.0,SR,Red,OP12,3000.0,2.0,,"[On Play] Look at 5 cards from the top of your deck; reveal up to 1 [Monkey.D.Luffy] or red Event and add it to your hand. Then, place the rest at the bottom of your deck in any order.[Activate: Main] You may trash this Character: Give up to 2 rested DON!! cards to your Leader or 1 of your Characters.",,https://en.onepiece-cardgame.com/images/cardlist/card/OP12-014_p1.png?250502,0,True
OP12-015-0,OP12-015,0,Monkey.D.Luffy,558.0,SR,Red,OP12,4000.0,4.0,1000.0,"If you have a total of 2 or more given DON!! cards, this Character gains +2000 power.[On Play] You may reveal 2 Events from your hand: Play up to 1 red Character card with 3000 power or less from your hand. Then, give up to 1 rested DON!! card to your Leader or 1 of your Characters.",,https://en.onepiece-cardgame.com/images/cardlist/card/OP12-015.png?250502,0,True
OP12-015-1,OP12-015,1,Monkey.D.Luffy,558.0,SR,Red,OP12,4000.0,4.0,1000.0,"If you have a total of 2 or more given DON!! cards, this Character gains +2000 power.[On Play] You may reveal 2 Events from your hand: Play up to 1 red Character card with 3000 power or less from your hand. Then, give up to 1 rested DON!! card to your Leader or 1 of your Characters.",,https://en.onepiece-cardgame.com/images/cardlist/card/OP12-015_p1.png?250502,0,True
OP12-016-0,OP12-016,0,To Never Doubt--That Is Power!,,C,Red,OP12,,,,[Main] You may give 2 active DON!! cards to 1 of your [Silvers Rayleigh]: Your opponent cannot activate [Blocker] when the card given these DON!! cards attacks during this turn.[Counter] Up to 1 of your Characters or [Silvers Rayleigh] gains +2000 power during this battle.,,https://en.onepiece-cardgame.com/images/cardlist/card/OP12-016.png?250502,0,False
OP12-017-0,OP12-017,0,Color of Observation Haki,,UC,Red,OP12,,,,"[Main] You may give 1 active DON!! card to 1 of your [Silvers Rayleigh]: Look at 4 cards from the top of your deck; reveal up to 1 red Event or up to 1 Character card with a cost of 3 or more and add it to your hand. Then, place the rest at the bottom of your deck in any order.",,https://en.onepiece-cardgame.com/images/cardlist/card/OP12-017.png?250502,0,False
OP12-018-0,OP12-018,0,Color of the Supreme King Haki,,R,Red,OP12,,,,"[Counter] Up to 1 of your Characters or [Silvers Rayleigh] gains +2000 power during this battle. Then, you may rest 1 of your DON!! cards. If you do, give your opponent's Leader and all of their Characters −1000 power during this turn.",,https://en.onepiece-cardgame.com/images/cardlist/card/OP12-018.png?250502,0,False
OP12-019-0,OP12-019,0,Color of Arms Haki,,C,Red,OP12,,,,[Main] You may give 1 active DON!! card to 1 of your [Silvers Rayleigh]: Up to 1 of your Leader or Character cards gains +1000 power during this turn.[Counter] Up to 1 of your Characters or [Silvers Rayleigh] gains +2000 power during this battle.,,https://en.onepiece-cardgame.com/images/cardlist/card/OP12-019.png?250502,0,False
OP12-020-0,OP12-020,0,Roronoa Zoro,357.0,L,Green,OP12,5000.0,,,"[DON!! x3] [Activate: Main] [Once Per Turn] If this Leader battles your opponent's Character during this turn, set this Leader as active. Then, this Leader cannot attack your opponent's Characters with a base cost of 7 or less during this turn.",,https://en.onepiece-cardgame.com/images/cardlist/card/OP12-020.png?250502,0,True
OP12-020-1,OP12-020,1,Roronoa Zoro,357.0,L,Green,OP12,5000.0,,,"[DON!! x3] [Activate: Main] [Once Per Turn] If this Leader battles your opponent's Character during this turn, set this Leader as active. Then, this Leader cannot attack your opponent's Characters with a base cost of 7 or less during this turn.",,https://en.onepiece-cardgame.com/images/cardlist/card/OP12-020_p1.png?250502,0,True
OP12-021-0,OP12-021,0,Ipponmatsu,842.0,C,Green,OP12,,3.0,1000.0,"If your Leader has the <Slash> attribute and you have 6 or more rested DON!! cards, this Character cannot be rested by your opponent's effects.[Blocker]",,https://en.onepiece-cardgame.com/images/cardlist/card/OP12-021.png?250502,0,True
OP12-022-0,OP12-022,0,Inuarashi,844.0,C,Green,OP12,7000.0,6.0,1000.0,[Activate: Main] You may rest this Character: Up to 1 of your opponent's rested Characters with a cost of 5 or less will not become active in your opponent's next Refresh Phase.,,https://en.onepiece-cardgame.com/images/cardlist/card/OP12-022.png?250502,0,True
OP12-023-0,OP12-023,0,Kawamatsu,758.0,UC,Green,OP12,6000.0,5.0,2000.0,-,,https://en.onepiece-cardgame.com/images/cardlist/card/OP12-023.png?250502,0,True
OP12-024-0,OP12-024,0,Gyukimaru,,C,Green,OP12,5000.0,4.0,1000.0,"If this Character is active, this Character cannot be K.O.'d by your opponent's effects.[When Attacking] If you have a total of 3 or more given DON!! cards, rest up to 1 of your opponent's Characters with a base cost of 6 or less.",,https://en.onepiece-cardgame.com/images/cardlist/card/OP12-024.png?250502,0,False
OP12-025-0,OP12-025,0,Kin'emon,742.0,C,Green,OP12,8000.0,6.0,1000.0,-,,https://en.onepiece-cardgame.com/images/cardlist/card/OP12-025.png?250502,0,True
OP12-026-0,OP12-026,0,Kuina,283.0,UC,Green,OP12,1000.0,4.0,1000.0,"[Activate: Main] You may rest this Character: Rest up to 1 of your opponent's Characters with a base cost of 4 or less. Then, give up to 3 rested DON!! cards to your [Roronoa Zoro] Leader.",,https://en.onepiece-cardgame.com/images/cardlist/card/OP12-026.png?250502,0,True
OP12-027-0,OP12-027,0,Koushirou,284.0,UC,Green,OP12,1000.0,2.0,1000.0,"If your <Slash> attribute Character with a cost of 5 or less other than this Character would be K.O.'d by your opponent's effect, you may rest this Character instead.[Blocker]",,https://en.onepiece-cardgame.com/images/cardlist/card/OP12-027.png?250502,0,True
OP12-028-0,OP12-028,0,Kouzuki Hiyori,711.0,R,Green,OP12,,1.0,1000.0,"[Activate: Main] You may rest 1 of your DON!! cards and this Character: If your Leader is [Roronoa Zoro], look at 5 cards from the top of your deck; reveal up to 1 <Slash> attribute card or green Event and add it to your hand. Then, place the rest at the bottom of your deck in any order.",,https://en.onepiece-cardgame.com/images/cardlist/card/OP12-028.png?250502,0,True
OP12-029-0,OP12-029,0,Shimotsuki Kouzaburou,,UC,Green,OP12,2000.0,3.0,2000.0,"[On Play] Rest up to 1 of your opponent's Characters with a cost of 2 or less. Then, K.O. up to 1 of your opponent's rested Characters with a base cost of 1 or less.",,https://en.onepiece-cardgame.com/images/cardlist/card/OP12-029.png?250502,0,False
OP12-030-0,OP12-030,0,Dracule Mihawk,1061.0,SR,Green,OP12,8000.0,8.0,,"[Blocker][On Play] Set up to 4 of your DON!! cards as active. Then, you cannot play Character cards with a base cost of 7 or more during this turn.",,https://en.onepiece-cardgame.com/images/cardlist/card/OP12-030.png?250502,0,True
OP12-030-1,OP12-030,1,Dracule Mihawk,1061.0,SR,Green,OP12,8000.0,8.0,,"[Blocker][On Play] Set up to 4 of your DON!! cards as active. Then, you cannot play Character cards with a base cost of 7 or more during this turn.",,https://en.onepiece-cardgame.com/images/cardlist/card/OP12-030_p1.png?250502,0,True
OP12-031-0,OP12-031,0,Tashigi,200.0,R,Green,OP12,7000.0,5.0,,"[On Play] Rest up to 1 of your opponent's Characters with a base cost of 6 or less. Then, give up to 3 rested DON!! cards to your [Roronoa Zoro] Leader.",,https://en.onepiece-cardgame.com/images/cardlist/card/OP12-031.png?250502,0,True
OP12-031-1,OP12-031,1,Tashigi,200.0,R,Green,OP12,7000.0,5.0,,"[On Play] Rest up to 1 of your opponent's Characters with a base cost of 6 or less. Then, give up to 3 rested DON!! cards to your [Roronoa Zoro] Leader.",,https://en.onepiece-cardgame.com/images/cardlist/card/OP12-031_p1.png?250502,0,True
OP12-032-0,OP12-032,0,Nekomamushi,504.0,UC,Green,OP12,7000.0,6.0,2000.0,-,,https://en.onepiece-cardgame.com/images/cardlist/card/OP12-032.png?250502,0,True
OP12-033-0,OP12-033,0,Helmeppo,908.0,C,Green,OP12,5000.0,4.0,,"[Blocker] (After your opponent declares an attack, you may rest this card to make it the new target of the attack.)[On Block] Rest up to 1 of your opponent's Characters with a cost of 5 or less.",,https://en.onepiece-cardgame.com/images/cardlist/card/OP12-033.png?250502,0,True
OP12-034-0,OP12-034,0,Perona,434.0,SR,Green,OP12,2000.0,1.0,1000.0,"[On Play] If your Leader has the <Slash> attribute, look at 5 cards from the top of your deck; reveal up to 1 <Slash> attribute card or green Event and add it to your hand. Then, place the rest at the bottom of your deck in any order.",,https://en.onepiece-cardgame.com/images/cardlist/card/OP12-034.png?250502,0,True
OP12-034-1,OP12-034,1,Perona,434.0,SR,Green,OP12,2000.0,1.0,1000.0,"[On Play] If your Leader has the <Slash> attribute, look at 5 cards from the top of your deck; reveal up to 1 <Slash> attribute card or green Event and add it to your hand. Then, place the rest at the bottom of your deck in any order.",,https://en.onepiece-cardgame.com/images/cardlist/card/OP12-034_p1.png?250502,0,True
OP12-035-0,OP12-035,0,Morgan,550.0,C,Green,OP12,5000.0,3.0,1000.0,-,,https://en.onepiece-cardgame.com/images/cardlist/card/OP12-035.png?250502,0,True
OP12-036-0,OP12-036,0,Roronoa Zoro,357.0,C,Green,OP12,5000.0,4.0,1000.0,"This card in your hand cannot be played by effects.If your Leader has the <Slash> attribute, this Character cannot be K.O.'d in battle by <Slash> attribute cards and gains +1000 power.",,https://en.onepiece-cardgame.com/images/cardlist/card/OP12-036.png?250502,0,True
OP12-037-0,OP12-037,0,Demon Aura Nine Sword Style Asura Blades Drawn Dead Man's Game,,R,Green,OP12,,1.0,,[Main] You may rest 3 of your DON!! cards: Rest up to a total of 2 of your opponent's Characters or DON!! cards.[Counter] Your Leader gains +3000 power during this battle.,,https://en.onepiece-cardgame.com/images/cardlist/card/OP12-037.png?250502,0,False
OP12-037-1,OP12-037,1,Demon Aura Nine Sword Style Asura Blades Drawn Dead Man's Game,,R,Green,OP12,,1.0,,[Main] You may rest 3 of your DON!! cards: Rest up to a total of 2 of your opponent's Characters or DON!! cards.[Counter] Your Leader gains +3000 power during this battle.,,https://en.onepiece-cardgame.com/images/cardlist/card/OP12-037_p1.png?250502,0,False
OP12-038-0,OP12-038,0,Two-Sword Style Rashomon,,C,Green,OP12,,1.0,,[Main] You may rest 2 of your DON!! cards: K.O. up to 2 of your opponent's rested Characters with a base cost of 4 or less.[Counter] Your Leader gains +3000 power during this battle.,,https://en.onepiece-cardgame.com/images/cardlist/card/OP12-038.png?250502,0,False
OP12-039-0,OP12-039,0,Luffy Is the Man Who Will Become the King of Pirates!!!,,R,Green,OP12,,3.0,,[Main] Set your [Roronoa Zoro] Leader as active.,[Trigger] Up to 1 of your Leader or Character cards gains +1000 power during this turn.,https://en.onepiece-cardgame.com/images/cardlist/card/OP12-039.png?250502,0,False
OP12-040-0,OP12-040,0,Kuzan,685.0,L,Blue,OP12,5000.0,,,"When a card is trashed from your hand by your {Navy} type card's effect, draw cards equal to the number of cards trashed.",,https://en.onepiece-cardgame.com/images/cardlist/card/OP12-040.png?250502,0,True
OP12-040-1,OP12-040,1,Kuzan,685.0,L,Blue,OP12,5000.0,,,"When a card is trashed from your hand by your {Navy} type card's effect, draw cards equal to the number of cards trashed.",,https://en.onepiece-cardgame.com/images/cardlist/card/OP12-040_p1.png?250502,0,True
OP12-041-0,OP12-041,0,Sanji,326.0,L,Blue/Purple,OP12,5000.0,,,"[Activate: Main] [Once Per Turn] DON!! −1: Activate up to 1 {Straw Hat Crew} type Event with a base cost of 3 or less from your hand.[When Attacking] If the number of DON!! cards on your field is equal to or less than the number on your opponent's field, add up to 1 DON!! card from your DON!! deck and rest it.",,https://en.onepiece-cardgame.com/images/cardlist/card/OP12-041.png?250502,0,True
OP12-041-1,OP12-041,1,Sanji,326.0,L,Blue/Purple,OP12,5000.0,,,"[Activate: Main] [Once Per Turn] DON!! −1: Activate up to 1 {Straw Hat Crew} type Event with a base cost of 3 or less from your hand.[When Attacking] If the number of DON!! cards on your field is equal to or less than the number on your opponent's field, add up to 1 DON!! card from your DON!! deck and rest it.",,https://en.onepiece-cardgame.com/images/cardlist/card/OP12-041_p1.png?250502,0,True
OP12-042-0,OP12-042,0,Alvida,1369.0,C,Blue,OP12,5000.0,4.0,1000.0,"If you have 2 or more Characters with a base cost of 5 or more, this Character gains +1 cost.[On Play] Place up to 1 of your opponent's Characters with a base cost of 1 or less at the bottom of the owner's deck.",,https://en.onepiece-cardgame.com/images/cardlist/card/OP12-042.png?250502,0,True
OP12-043-0,OP12-043,0,Kuzan,685.0,R,Blue,OP12,8000.0,6.0,,"If you have 5 or more cards in your hand, this Character gains +1 cost.[On Play] You may trash 1 card from your hand: Up to 1 of your opponent's Characters cannot attack until the end of your opponent's next End Phase.",,https://en.onepiece-cardgame.com/images/cardlist/card/OP12-043.png?250502,0,True
OP12-043-1,OP12-043,1,Kuzan,685.0,R,Blue,OP12,8000.0,6.0,,"If you have 5 or more cards in your hand, this Character gains +1 cost.[On Play] You may trash 1 card from your hand: Up to 1 of your opponent's Characters cannot attack until the end of your opponent's next End Phase.",,https://en.onepiece-cardgame.com/images/cardlist/card/OP12-043_p1.png?250502,0,True
OP12-044-0,OP12-044,0,Sakazuki,337.0,R,Blue,OP12,8000.0,7.0,,"[On Play] If your Leader has the {Navy} type, draw 2 cards.[Activate: Main] [Once Per Turn] You may trash 1 card from your hand: Give up to 1 rested DON!! card to your Leader or 1 of your Characters.",,https://en.onepiece-cardgame.com/images/cardlist/card/OP12-044.png?250502,0,True
OP12-045-0,OP12-045,0,Jango,822.0,C,Blue,OP12,8000.0,6.0,1000.0,-,,https://en.onepiece-cardgame.com/images/cardlist/card/OP12-045.png?250502,0,True
OP12-046-0,OP12-046,0,Zephyr(Navy),1396.0,C,Blue,OP12,5000.0,5.0,2000.0,[On Play] Trash 2 cards from your hand.[Activate: Main] You may trash this Character: Return up to 1 Character with a cost of 5 or less to the owner's hand.,,https://en.onepiece-cardgame.com/images/cardlist/card/OP12-046.png?250502,0,True
OP12-047-0,OP12-047,0,Sengoku,305.0,R,Blue,OP12,3000.0,3.0,1000.0,"[On Play] You may trash 1 card from your hand: Look at 5 cards from the top of your deck; reveal up to 2 {Navy} type cards other than [Sengoku] and add them to your hand. Then, place the rest at the bottom of your deck in any order.",,https://en.onepiece-cardgame.com/images/cardlist/card/OP12-047.png?250502,0,True
OP12-048-0,OP12-048,0,Donquixote Rosinante,1068.0,C,Blue,OP12,1000.0,1.0,1000.0,"[Opponent's Turn] If your blue {Navy} type Character would be removed from the field by your opponent's effect, you may rest this Character and trash 1 card from your hand instead.",,https://en.onepiece-cardgame.com/images/cardlist/card/OP12-048.png?250502,0,True
OP12-049-0,OP12-049,0,Buggy,1280.0,UC,Blue,OP12,7000.0,6.0,2000.0,-,,https://en.onepiece-cardgame.com/images/cardlist/card/OP12-049.png?250502,0,True
OP12-050-0,OP12-050,0,Jaguar.D.Saul,825.0,UC,Blue,OP12,7000.0,6.0,1000.0,"[Blocker] (After your opponent declares an attack, you may rest this card to make it the new target of the attack.)",,https://en.onepiece-cardgame.com/images/cardlist/card/OP12-050.png?250502,0,True
OP12-051-0,OP12-051,0,Hina,894.0,UC,Blue,OP12,3000.0,3.0,2000.0,[Activate: Main] You may rest this Character and trash 1 card from your hand: Up to 1 of your opponent's Characters with a base cost of 4 or less cannot activate [Blocker] during this turn.,,https://en.onepiece-cardgame.com/images/cardlist/card/OP12-051.png?250502,0,True
OP12-052-0,OP12-052,0,Fullbody,1008.0,C,Blue,OP12,6000.0,4.0,1000.0,-,,https://en.onepiece-cardgame.com/images/cardlist/card/OP12-052.png?250502,0,True
OP12-053-0,OP12-053,0,Borsalino,1291.0,R,Blue,OP12,5000.0,4.0,1000.0,"[Once Per Turn] If this Character would be removed from the field by your opponent's effect, you may trash 1 card from your hand instead.[Opponent's Turn] If your Leader has the {Navy} type, this Character gains [Blocker] and +1000 power.",,https://en.onepiece-cardgame.com/images/cardlist/card/OP12-053.png?250502,0,True
OP12-054-0,OP12-054,0,Marshall.D.Teach,623.0,C,Blue,OP12,2000.0,1.0,1000.0,"[On Play] If your Leader has the {The Seven Warlords of the Sea} type, return up to 1 Character with a cost of 1 or less other than this Character to the owner's hand.",,https://en.onepiece-cardgame.com/images/cardlist/card/OP12-054.png?250502,0,True
OP12-055-0,OP12-055,0,Mohji & Cabaji,,UC,Blue,OP12,6000.0,5.0,2000.0,-,,https://en.onepiece-cardgame.com/images/cardlist/card/OP12-055.png?250502,0,False
OP12-056-0,OP12-056,0,Monkey.D.Garp,559.0,SR,Blue,OP12,8000.0,8.0,,[On Play] You may trash 1 card from your hand: Play up to 1 blue {Navy} type Character card with 8000 power or less other than [Monkey.D.Garp] from your hand.,,https://en.onepiece-cardgame.com/images/cardlist/card/OP12-056.png?250502,0,True
OP12-056-1,OP12-056,1,Monkey.D.Garp,559.0,SR,Blue,OP12,8000.0,8.0,,[On Play] You may trash 1 card from your hand: Play up to 1 blue {Navy} type Character card with 8000 power or less other than [Monkey.D.Garp] from your hand.,,https://en.onepiece-cardgame.com/images/cardlist/card/OP12-056_p1.png?250502,0,True
OP12-057-0,OP12-057,0,Ice Block Pheasant Peck,,C,Blue,OP12,,1.0,,"[Counter] Up to 1 of your Leader or Character cards gains +4000 power during this battle. Then, trash 1 card from your hand.",[Trigger] You may trash 1 card from your hand: Draw 1 card.,https://en.onepiece-cardgame.com/images/cardlist/card/OP12-057.png?250502,0,False
OP12-058-0,OP12-058,0,I Will Make Whitebeard the King of the Pirates,,C,Blue,OP12,,9.0,,"[Main] If your Leader's type includes ""Whitebeard Pirates"", reveal 1 card from the top of your deck. If that card is a Character card with a type including ""Whitebeard Pirates"" and a cost of 9 or less, you may play that card. If you do, that Character gains [Rush] during this turn.",[Trigger] Draw 1 card.,https://en.onepiece-cardgame.com/images/cardlist/card/OP12-058.png?250502,0,False
OP12-059-0,OP12-059,0,Concasser,,UC,Blue,OP12,,1.0,,"[Main] If your Leader is [Sanji], draw 1 card.[Counter] If you have 4 or more Events in your trash, up to 1 of your Leader gains +4000 power during this battle.",,https://en.onepiece-cardgame.com/images/cardlist/card/OP12-059.png?250502,0,False
OP12-060-0,OP12-060,0,Boeuf Burst,,R,Blue,OP12,,3.0,,"[Main] If your Leader is multicolored, choose one:• Return up to 1 of your opponent's Characters with a cost of 4 or less to the owner's hand.• If you have 6 or less cards in your hand, draw 2 cards.",,https://en.onepiece-cardgame.com/images/cardlist/card/OP12-060.png?250502,0,False
OP12-060-1,OP12-060,1,Boeuf Burst,,R,Blue,OP12,,3.0,,"[Main] If your Leader is multicolored, choose one:• Return up to 1 of your opponent's Characters with a cost of 4 or less to the owner's hand.• If you have 6 or less cards in your hand, draw 2 cards.",,https://en.onepiece-cardgame.com/images/cardlist/card/OP12-060_p1.png?250502,0,False
OP12-061-0,OP12-061,0,Donquixote Rosinante,1068.0,L,Purple/Yellow,OP12,5000.0,,,"[Once Per Turn] If your [Trafalgar Law] would be K.O.'d, you may add 1 card from the top of your Life cards to your hand instead.[Activate: Main] [Once Per Turn] DON!! −1: The next time you play [Trafalgar Law] with a cost of 4 or more from your hand during this turn, the cost will be reduced by 2.",,https://en.onepiece-cardgame.com/images/cardlist/card/OP12-061.png?250502,0,True
OP12-061-1,OP12-061,1,Donquixote Rosinante,1068.0,L,Purple/Yellow,OP12,5000.0,,,"[Once Per Turn] If your [Trafalgar Law] would be K.O.'d, you may add 1 card from the top of your Life cards to your hand instead.[Activate: Main] [Once Per Turn] DON!! −1: The next time you play [Trafalgar Law] with a cost of 4 or more from your hand during this turn, the cost will be reduced by 2.",,https://en.onepiece-cardgame.com/images/cardlist/card/OP12-061_p1.png?250502,0,True
OP12-062-0,OP12-062,0,Vinsmoke Sora,118.0,R,Purple,OP12,,1.0,2000.0,"[On Play] If your Leader is [Sanji] and the number of DON!! cards on your field is equal to or less than the number on your opponent's field, add up to 1 DON!! card from your DON!! deck and rest it. Then, draw 1 card.",,https://en.onepiece-cardgame.com/images/cardlist/card/OP12-062.png?250502,0,True
OP12-063-0,OP12-063,0,Vinsmoke Reiju,117.0,SR,Purple,OP12,5000.0,4.0,1000.0,"If you have 4 or more Events in your trash, this Character gains +2000 power and +5 cost.[Blocker] (After your opponent declares an attack, you may rest this card to make it the new target of the attack.)",,https://en.onepiece-cardgame.com/images/cardlist/card/OP12-063.png?250502,0,True
OP12-063-1,OP12-063,1,Vinsmoke Reiju,117.0,SR,Purple,OP12,5000.0,4.0,1000.0,"If you have 4 or more Events in your trash, this Character gains +2000 power and +5 cost.[Blocker] (After your opponent declares an attack, you may rest this card to make it the new target of the attack.)",,https://en.onepiece-cardgame.com/images/cardlist/card/OP12-063_p1.png?250502,0,True
OP12-064-0,OP12-064,0,Vergo,132.0,C,Purple,OP12,7000.0,5.0,1000.0,-,,https://en.onepiece-cardgame.com/images/cardlist/card/OP12-064.png?250502,0,True
OP12-065-0,OP12-065,0,Emporio.Ivankov,1043.0,UC,Purple,OP12,7000.0,6.0,1000.0,"If you have 4 or more Events in your trash, this Character gains [Blocker].[On K.O.] Add up to 1 Event from your trash to your hand.",,https://en.onepiece-cardgame.com/images/cardlist/card/OP12-065.png?250502,0,True
OP12-066-0,OP12-066,0,Carne,1250.0,C,Purple,OP12,1000.0,1.0,1000.0,"If you have 4 or more Events in your trash, this Character gains [Blocker].(After your opponent declares an attack, you may rest this card to make it the new target of the attack.)",,https://en.onepiece-cardgame.com/images/cardlist/card/OP12-066.png?250502,0,True
OP12-067-0,OP12-067,0,Carmen,1394.0,C,Purple,OP12,5000.0,3.0,1000.0,-,,https://en.onepiece-cardgame.com/images/cardlist/card/OP12-067.png?250502,0,True
OP12-068-0,OP12-068,0,Gin,971.0,UC,Purple,OP12,7000.0,6.0,2000.0,-,,https://en.onepiece-cardgame.com/images/cardlist/card/OP12-068.png?250502,0,True
OP12-069-0,OP12-069,0,Crocodile,1120.0,C,Purple,OP12,8000.0,6.0,,"[On Your Opponent's Attack] [Once Per Turn] DON!! −1: If your Leader's type includes ""Baroque Works"", up to 1 of your Leader or Character cards gains +2000 power during this battle.",,https://en.onepiece-cardgame.com/images/cardlist/card/OP12-069.png?250502,0,True
OP12-070-0,OP12-070,0,Sanji,326.0,R,Purple,OP12,5000.0,3.0,,"This Character gains +1000 power for every 5 Events in your trash.If this Character would be removed from the field by your opponent's effect, you may return 1 DON!! card from your field to your DON!! deck instead.",,https://en.onepiece-cardgame.com/images/cardlist/card/OP12-070.png?250502,0,True
OP12-070-1,OP12-070,1,Sanji,326.0,R,Purple,OP12,5000.0,3.0,,"This Character gains +1000 power for every 5 Events in your trash.If this Character would be removed from the field by your opponent's effect, you may return 1 DON!! card from your field to your DON!! deck instead.",,https://en.onepiece-cardgame.com/images/cardlist/card/OP12-070_p1.png?250502,0,True
OP12-071-0,OP12-071,0,Charlotte Pudding,1170.0,R,Purple,OP12,2000.0,1.0,1000.0,"[On Play] Look at 4 cards from the top of your deck; reveal up to 1 [Sanji] or Event card and add it to your hand. Then, place the rest at the bottom of your deck in any order.",,https://en.onepiece-cardgame.com/images/cardlist/card/OP12-071.png?250502,0,True
OP12-072-0,OP12-072,0,Zeff,64.0,UC,Purple,OP12,5000.0,4.0,1000.0,"When a DON!! card on your field is returned to your DON!! deck, if your Leader is [Sanji], this Character gains [Rush] during this turn.(This card can attack on the turn in which it is played.)",,https://en.onepiece-cardgame.com/images/cardlist/card/OP12-072.png?250502,0,True
OP12-073-0,OP12-073,0,Trafalgar Law,169.0,SR,Purple,OP12,8000.0,7.0,,"[On Play] If the number of DON!! cards on your field is equal to or less than the number on your opponent's field, add up to 1 DON!! card from your DON!! deck and set it as active. Then, all of your [Donquixote Rosinante] and {Heart Pirates} type Characters gain +1000 power until the end of your opponent's next End Phase.",,https://en.onepiece-cardgame.com/images/cardlist/card/OP12-073.png?250502,0,True
OP12-073-1,OP12-073,1,Trafalgar Law,169.0,SR,Purple,OP12,8000.0,7.0,,"[On Play] If the number of DON!! cards on your field is equal to or less than the number on your opponent's field, add up to 1 DON!! card from your DON!! deck and set it as active. Then, all of your [Donquixote Rosinante] and {Heart Pirates} type Characters gain +1000 power until the end of your opponent's next End Phase.",,https://en.onepiece-cardgame.com/images/cardlist/card/OP12-073_p1.png?250502,0,True
OP12-074-0,OP12-074,0,Patty,450.0,C,Purple,OP12,2000.0,3.0,2000.0,"[On Play] You may trash 1 Event from your hand: If your Leader is [Sanji], add up to 1 DON!! card from your DON!! deck and set it as active.",,https://en.onepiece-cardgame.com/images/cardlist/card/OP12-074.png?250502,0,True
OP12-075-0,OP12-075,0,Ms. All Sunday,495.0,C,Purple,OP12,5000.0,4.0,1000.0,"[On Play] K.O. up to 1 of your opponent's Characters with a cost of 3 or less. Then, your opponent may add 1 DON!! card from their DON!! deck and set it as active.",[Trigger] DON!! −1: Play this card.,https://en.onepiece-cardgame.com/images/cardlist/card/OP12-075.png?250502,0,True
OP12-076-0,OP12-076,0,Monet,563.0,UC,Purple,OP12,6000.0,5.0,2000.0,-,,https://en.onepiece-cardgame.com/images/cardlist/card/OP12-076.png?250502,0,True
OP12-077-0,OP12-077,0,"The ""Extinguishes All Sound Created by Your Influence"" Technique",,C,Purple,OP12,,2.0,,"[Main] Select up to 1 of your [Trafalgar Law] cards and that card gains +2000 power during this turn. Then, if the selected card attacks during this turn, your opponent cannot activate [Blocker].",[Trigger] Draw 1 card.,https://en.onepiece-cardgame.com/images/cardlist/card/OP12-077.png?250502,0,False
OP12-078-0,OP12-078,0,Brochette Blow,,UC,Purple,OP12,,3.0,,"[Main] If the number of DON!! cards on your field is equal to or less than the number on your opponent's field, draw 1 card. Then, give up to 1 of your opponent's Characters −3000 power during this turn.",,https://en.onepiece-cardgame.com/images/cardlist/card/OP12-078.png?250502,0,False
OP12-079-0,OP12-079,0,Luffy Is the Man Who Will Be King of the Pirates!!!,,R,Purple,OP12,,1.0,,"[Main] If your Leader is [Sanji], look at 3 cards from the top of your deck and add up to 1 card to your hand. Then, place the rest at the bottom of your deck in any order.",,https://en.onepiece-cardgame.com/images/cardlist/card/OP12-079.png?250502,0,False
OP12-080-0,OP12-080,0,Baratie,,C,Purple,OP12,,1.0,,"[Activate: Main] You may place this Stage at the bottom of the owner's deck: If your Leader is [Sanji], look at 3 cards from the top of your deck; reveal up to 1 Event and add it to your hand. Then, place the rest at the bottom of your deck in any order.",[Trigger] Play this card.,https://en.onepiece-cardgame.com/images/cardlist/card/OP12-080.png?250502,0,False
OP12-081-0,OP12-081,0,Koala,727.0,L,Black/Yellow,OP12,5000.0,,,"When this Leader attacks your opponent's Leader, if you have 2 or more Characters with a cost of 8 or more, draw 1 card.[Once Per Turn] This effect can be activated when your opponent plays a Character with a base cost of 8 or more, or when your opponent plays a Character using a Character's effect. Your opponent adds 1 card from the top of their Life cards to their hand.",,https://en.onepiece-cardgame.com/images/cardlist/card/OP12-081.png?250502,0,True
OP12-081-1,OP12-081,1,Koala,727.0,L,Black/Yellow,OP12,5000.0,,,"When this Leader attacks your opponent's Leader, if you have 2 or more Characters with a cost of 8 or more, draw 1 card.[Once Per Turn] This effect can be activated when your opponent plays a Character with a base cost of 8 or more, or when your opponent plays a Character using a Character's effect. Your opponent adds 1 card from the top of their Life cards to their hand.",,https://en.onepiece-cardgame.com/images/cardlist/card/OP12-081_p1.png?250502,0,True
OP12-082-0,OP12-082,0,Issho,836.0,C,Black,OP12,10000.0,8.0,1000.0,-,,https://en.onepiece-cardgame.com/images/cardlist/card/OP12-082.png?250502,0,True
OP12-083-0,OP12-083,0,Inazuma,854.0,UC,Black,OP12,6000.0,5.0,2000.0,-,,https://en.onepiece-cardgame.com/images/cardlist/card/OP12-083.png?250502,0,True
OP12-084-0,OP12-084,0,Emporio.Ivankov,1043.0,UC,Black,OP12,4000.0,3.0,1000.0,"[Blocker] (After your opponent declares an attack, you may rest this card to make it the new target of the attack.)[On Play] If your Leader has the {Revolutionary Army} type, trash 3 cards from the top of your deck.",,https://en.onepiece-cardgame.com/images/cardlist/card/OP12-084.png?250502,0,True
OP12-085-0,OP12-085,0,Karasu,764.0,C,Black,OP12,6000.0,5.0,1000.0,"If your Leader has the {Revolutionary Army} type, this Character gains +3 cost.[When Attacking] If your Leader has the {Revolutionary Army} type and your opponent has 5 or more cards in their hand, your opponent trashes 1 card from their hand.",,https://en.onepiece-cardgame.com/images/cardlist/card/OP12-085.png?250502,0,True
OP12-086-0,OP12-086,0,Koala,727.0,R,Black,OP12,2000.0,1.0,1000.0,"[On Play] If your Leader has the {Revolutionary Army} type, look at 3 cards from the top of your deck; reveal up to 1 {Revolutionary Army} type card other than [Koala] or up to 1 [Nico Robin] and add it to your hand. Then, trash the rest.",,https://en.onepiece-cardgame.com/images/cardlist/card/OP12-086.png?250502,0,True
OP12-086-1,OP12-086,1,Koala,727.0,R,Black,OP12,2000.0,1.0,1000.0,"[On Play] If your Leader has the {Revolutionary Army} type, look at 3 cards from the top of your deck; reveal up to 1 {Revolutionary Army} type card other than [Koala] or up to 1 [Nico Robin] and add it to your hand. Then, trash the rest.",,https://en.onepiece-cardgame.com/images/cardlist/card/OP12-086_p1.png?250502,0,True
OP12-087-0,OP12-087,0,Nico Robin,495.0,SR,Black,OP12,7000.0,6.0,,"If your Leader is [Koala] or [Monkey.D.Luffy], this Character gains [Blocker] and +3 cost.[On Play] You may trash 1 card from your hand: If your opponent has 5 or more cards in their hand, your opponent trashes 2 cards from their hand.",,https://en.onepiece-cardgame.com/images/cardlist/card/OP12-087.png?250502,0,True
OP12-087-1,OP12-087,1,Nico Robin,495.0,SR,Black,OP12,7000.0,6.0,,"If your Leader is [Koala] or [Monkey.D.Luffy], this Character gains [Blocker] and +3 cost.[On Play] You may trash 1 card from your hand: If your opponent has 5 or more cards in their hand, your opponent trashes 2 cards from their hand.",,https://en.onepiece-cardgame.com/images/cardlist/card/OP12-087_p1.png?250502,0,True
OP12-088-0,OP12-088,0,Bastille,1320.0,C,Black,OP12,8000.0,6.0,1000.0,-,,https://en.onepiece-cardgame.com/images/cardlist/card/OP12-088.png?250502,0,True
OP12-089-0,OP12-089,0,Hack,932.0,R,Black,OP12,5000.0,4.0,1000.0,"If your Leader has the {Revolutionary Army} type, this Character gains [Blocker] and +4 cost.[On K.O.] If your Leader has the {Revolutionary Army} type, K.O. up to 1 of your opponent's Characters with a base cost of 4 or less.",,https://en.onepiece-cardgame.com/images/cardlist/card/OP12-089.png?250502,0,True
OP12-090-0,OP12-090,0,Belo Betty,1314.0,C,Black,OP12,4000.0,3.0,2000.0,[When Attacking] You may trash 2 cards from the top of your deck: Give up to 1 of your opponent's Characters −2 cost during this turn.,,https://en.onepiece-cardgame.com/images/cardlist/card/OP12-090.png?250502,0,True
OP12-091-0,OP12-091,0,Poker,424.0,C,Black,OP12,4000.0,3.0,1000.0,[Activate: Main] [Once Per Turn] You may place 3 cards from your trash at the bottom of your deck in any order: Up to 2 of your {SMILE} type Characters gain +2000 power during this turn.,,https://en.onepiece-cardgame.com/images/cardlist/card/OP12-091.png?250502,0,True
OP12-092-0,OP12-092,0,Mizerka,575.0,UC,Black,OP12,7000.0,6.0,2000.0,-,,https://en.onepiece-cardgame.com/images/cardlist/card/OP12-092.png?250502,0,True
OP12-093-0,OP12-093,0,Morley,548.0,UC,Black,OP12,5000.0,4.0,2000.0,"If your Leader has the {Revolutionary Army} type, this Character gains +4 cost.",,https://en.onepiece-cardgame.com/images/cardlist/card/OP12-093.png?250502,0,True
OP12-094-0,OP12-094,0,Monkey.D.Dragon,560.0,SR,Black,OP12,8000.0,8.0,,"[On Play] You may place 3 {Revolutionary Army} type cards from your trash at the bottom of your deck in any order: If your Leader has the {Revolutionary Army} type, play up to 1 Character card with a cost of 6 or less from your trash.",,https://en.onepiece-cardgame.com/images/cardlist/card/OP12-094.png?250502,0,True
OP12-094-1,OP12-094,1,Monkey.D.Dragon,560.0,SR,Black,OP12,8000.0,8.0,,"[On Play] You may place 3 {Revolutionary Army} type cards from your trash at the bottom of your deck in any order: If your Leader has the {Revolutionary Army} type, play up to 1 Character card with a cost of 6 or less from your trash.",,https://en.onepiece-cardgame.com/images/cardlist/card/OP12-094_p1.png?250502,0,True
OP12-095-0,OP12-095,0,Lindbergh,662.0,C,Black,OP12,5000.0,4.0,1000.0,"If your Leader has the {Revolutionary Army} type, this Character gains +4 cost.[On Play] Draw 1 card and trash 1 card from your hand.",,https://en.onepiece-cardgame.com/images/cardlist/card/OP12-095.png?250502,0,True
OP12-096-0,OP12-096,0,Ursa Shock,,C,Black,OP12,,4.0,,"[Main] K.O. up to 1 of your opponent's Characters with a cost of 4 or less. If you have a Character with a cost of 8 or more, you may select your opponent's Character with a cost of 6 or less instead.",[Trigger] Draw 1 card and trash 1 card from the top of your deck.,https://en.onepiece-cardgame.com/images/cardlist/card/OP12-096.png?250502,0,False
OP12-097-0,OP12-097,0,Captains Assembled,,R,Black,OP12,,1.0,,"[Main] Look at 3 cards from the top of your deck; reveal up to 1 {Revolutionary Army} type card other than [Captains Assembled] and add it to your hand. Then, trash the rest.",[Trigger] Activate this card's [Main] effect.,https://en.onepiece-cardgame.com/images/cardlist/card/OP12-097.png?250502,0,False
OP12-098-0,OP12-098,0,Hair Removal Fist,,UC,Black,OP12,,1.0,,"[Counter] Up to 1 of your Leader or Character cards gains +2000 power during this battle. Then, if you have a {Revolutionary Army} type Character with a cost of 8 or more, that card gains an additional +2000 power during this battle.",[Trigger] Draw 1 card and trash 1 card from the top of your deck.,https://en.onepiece-cardgame.com/images/cardlist/card/OP12-098.png?250502,0,False
OP12-099-0,OP12-099,0,Kalgara,773.0,R,Yellow,OP12,6000.0,5.0,1000.0,"[Your Turn] When a card is removed from your or your opponent's Life cards, draw 1 card. Then, you cannot draw cards using your own effects during this turn.",,https://en.onepiece-cardgame.com/images/cardlist/card/OP12-099.png?250502,0,True
OP12-100-0,OP12-100,0,Sabo,343.0,R,Yellow,OP12,6000.0,5.0,1000.0,"If you have 3 or less Life cards, this Character gains [Blocker] and +3 cost.[On Play] You may add 1 card from the top of your Life cards to your hand: Draw 2 cards and trash 1 card from your hand.",,https://en.onepiece-cardgame.com/images/cardlist/card/OP12-100.png?250502,0,True
OP12-101-0,OP12-101,0,Jewelry Bonney,809.0,C,Yellow,OP12,1000.0,3.0,1000.0,[Activate: Main] You may rest this Character: Your {Supernovas} type Leader gains +1000 power until the end of your opponent's next turn.,"[Trigger] If your Leader has the {Supernovas} type, play this card.",https://en.onepiece-cardgame.com/images/cardlist/card/OP12-101.png?250502,0,True
OP12-102-0,OP12-102,0,Shirahoshi,272.0,SR,Yellow,OP12,,2.0,1000.0,"If your Character with a base cost of 6 or less would be removed from the field by your opponent's effect, you may turn 1 card from the top of your Life cards face-up instead.[Opponent's Turn] If you have no other [Shirahoshi] with a base cost of 2, all of your {Neptunian} type Characters gain +2000 power.",,https://en.onepiece-cardgame.com/images/cardlist/card/OP12-102.png?250502,0,True
OP12-102-1,OP12-102,1,Shirahoshi,272.0,SR,Yellow,OP12,,2.0,1000.0,"If your Character with a base cost of 6 or less would be removed from the field by your opponent's effect, you may turn 1 card from the top of your Life cards face-up instead.[Opponent's Turn] If you have no other [Shirahoshi] with a base cost of 2, all of your {Neptunian} type Characters gain +2000 power.",,https://en.onepiece-cardgame.com/images/cardlist/card/OP12-102_p1.png?250502,0,True
OP12-103-0,OP12-103,0,Seto,298.0,UC,Yellow,OP12,6000.0,5.0,2000.0,-,,https://en.onepiece-cardgame.com/images/cardlist/card/OP12-103.png?250502,0,True
OP12-104-0,OP12-104,0,Sentomaru,301.0,C,Yellow,OP12,5000.0,4.0,1000.0,-,[Trigger] K.O. up to 1 of your opponent's Characters with a cost of 4 or less.,https://en.onepiece-cardgame.com/images/cardlist/card/OP12-104.png?250502,0,True
OP12-105-0,OP12-105,0,Trafalgar Lammy,166.0,C,Yellow,OP12,,1.0,2000.0,[Your Turn] [On Play] Up to 1 of your [Trafalgar Law] cards gains +2000 power during this turn.,,https://en.onepiece-cardgame.com/images/cardlist/card/OP12-105.png?250502,0,True
OP12-106-0,OP12-106,0,Trafalgar Law,169.0,UC,Yellow,OP12,7000.0,6.0,1000.0,"[Blocker] (After your opponent declares an attack, you may rest this card to make it the new target of the attack.)",,https://en.onepiece-cardgame.com/images/cardlist/card/OP12-106.png?250502,0,True
OP12-107-0,OP12-107,0,Donquixote Doflamingo,1070.0,R,Yellow,OP12,8000.0,8.0,,"If you have 2 or less Life cards, this Character gains [Rush].(This card can attack on the turn in which it is played.)[Opponent's Turn] [On K.O.] Add up to 1 card from the top of your deck to the top of your Life cards.",,https://en.onepiece-cardgame.com/images/cardlist/card/OP12-107.png?250502,0,True
OP12-108-0,OP12-108,0,Donquixote Rosinante,1068.0,R,Yellow,OP12,2000.0,1.0,1000.0,"[On Play] Look at 5 cards from the top of your deck; reveal up to 1 [Trafalgar Law] and add it to your hand. Then, place the rest at the bottom of your deck in any order.",,https://en.onepiece-cardgame.com/images/cardlist/card/OP12-108.png?250502,0,True
OP12-108-1,OP12-108,1,Donquixote Rosinante,1068.0,R,Yellow,OP12,2000.0,1.0,1000.0,"[On Play] Look at 5 cards from the top of your deck; reveal up to 1 [Trafalgar Law] and add it to your hand. Then, place the rest at the bottom of your deck in any order.",,https://en.onepiece-cardgame.com/images/cardlist/card/OP12-108_p1.png?250502,0,True
OP12-109-0,OP12-109,0,Pacifista,406.0,C,Yellow,OP12,5000.0,4.0,1000.0,-,[Trigger] K.O. up to 1 of your opponent's Characters with a cost of 1 or less and add this card to your hand.,https://en.onepiece-cardgame.com/images/cardlist/card/OP12-109.png?250502,0,True
OP12-110-0,OP12-110,0,Buffalo,1274.0,C,Yellow,OP12,5000.0,3.0,1000.0,-,,https://en.onepiece-cardgame.com/images/cardlist/card/OP12-110.png?250502,0,True
OP12-111-0,OP12-111,0,Baby 5,1338.0,C,Yellow,OP12,4000.0,2.0,1000.0,-,,https://en.onepiece-cardgame.com/images/cardlist/card/OP12-111.png?250502,0,True
OP12-112-0,OP12-112,0,Baby 5,1338.0,R,Yellow,OP12,5000.0,4.0,2000.0,-,"[Trigger] If your Leader is multicolored, draw 2 cards.",https://en.onepiece-cardgame.com/images/cardlist/card/OP12-112.png?250502,0,True
OP12-113-0,OP12-113,0,Roronoa Zoro,357.0,UC,Yellow,OP12,6000.0,5.0,1000.0,"[On K.O.] If your Leader has the {Supernovas} type, play up to 1 {Supernovas} type Character card with a cost of 4 or less from your hand rested.",[Trigger] K.O. up to 1 of your opponent's Characters with a cost of 1 or less and add this card to your hand.,https://en.onepiece-cardgame.com/images/cardlist/card/OP12-113.png?250502,0,True
OP12-114-0,OP12-114,0,Wyper,94.0,UC,Yellow,OP12,7000.0,6.0,2000.0,-,,https://en.onepiece-cardgame.com/images/cardlist/card/OP12-114.png?250502,0,True
OP12-115-0,OP12-115,0,I Love You!!,,UC,Yellow,OP12,,1.0,,"[Counter] Up to 1 of your Leader or Character cards gains +2000 power during this battle. Then, if you have 2 or less Life cards, add up to 1 [Trafalgar Law] from your trash to your hand.",,https://en.onepiece-cardgame.com/images/cardlist/card/OP12-115.png?250502,0,False
OP12-116-0,OP12-116,0,We'll Ring the Bell Waiting for You!!,,C,Yellow,OP12,,3.0,,"[Main] Look at 5 cards from the top of your deck; reveal a total of up to 2 {Shandian Warrior} type Character cards or [Mont Blanc Noland] and add them to your hand. Then, place the rest at the bottom of your deck in any order.",[Trigger] Draw 1 card.,https://en.onepiece-cardgame.com/images/cardlist/card/OP12-116.png?250502,0,False
OP12-117-0,OP12-117,0,Slam Gibson,,R,Yellow,OP12,,1.0,,"[Main] You may rest 5 of your DON!! cards: If your Leader has the {Supernovas} type, add up to 1 Character with a cost of 9 or less to the top or bottom of the owner's Life cards face-down.[Counter] Your Leader gains +3000 power during this battle.",,https://en.onepiece-cardgame.com/images/cardlist/card/OP12-117.png?250502,0,False
OP12-118-0,OP12-118,0,Jewelry Bonney,809.0,SEC,Green,OP12,6000.0,5.0,1000.0,"[Blocker][On Play] If you have 8 or more rested cards, draw 2 cards and trash 1 card from your hand. Then, set up to 1 of your DON!! cards as active.",,https://en.onepiece-cardgame.com/images/cardlist/card/OP12-118.png?250502,0,True
OP12-118-1,OP12-118,1,Jewelry Bonney,809.0,SEC,Green,OP12,6000.0,5.0,1000.0,"[Blocker][On Play] If you have 8 or more rested cards, draw 2 cards and trash 1 card from your hand. Then, set up to 1 of your DON!! cards as active.",,https://en.onepiece-cardgame.com/images/cardlist/card/OP12-118_p1.png?250502,0,True
OP12-118-2,OP12-118,2,Jewelry Bonney,809.0,SEC,Green,OP12,6000.0,5.0,1000.0,"[Blocker][On Play] If you have 8 or more rested cards, draw 2 cards and trash 1 card from your hand. Then, set up to 1 of your DON!! cards as active.",,https://en.onepiece-cardgame.com/images/cardlist/card/OP12-118_p2.png?250502,0,True
OP12-119-0,OP12-119,0,Bartholomew Kuma,1326.0,SEC,Yellow,OP12,7000.0,6.0,1000.0,"[On Play] You may trash 1 card from your hand: Add up to 1 card from the top of your deck to the top of your Life cards. Then, this Character gains +2 cost until the end of your opponent's next End Phase.[Opponent's Turn] [On K.O.] Add up to 1 card from the top of your deck to the top of your Life cards.",,https://en.onepiece-cardgame.com/images/cardlist/card/OP12-119.png?250502,0,True
OP12-119-1,OP12-119,1,Bartholomew Kuma,1326.0,SEC,Yellow,OP12,7000.0,6.0,1000.0,"[On Play] You may trash 1 card from your hand: Add up to 1 card from the top of your deck to the top of your Life cards. Then, this Character gains +2 cost until the end of your opponent's next End Phase.[Opponent's Turn] [On K.O.] Add up to 1 card from the top of your deck to the top of your Life cards.",,https://en.onepiece-cardgame.com/images/cardlist/card/OP12-119_p1.png?250502,0,True
OP06-050-2,OP06-050,2,Tashigi,200.0,SP CARD,Blue,OP06,2000.0,1.0,1000.0,"[On Play] Look at 5 cards from the top of your deck; reveal up to 1 {Navy} type card other than [Tashigi] and add it to your hand. Then, place the rest at the bottom of your deck in any order.",,https://en.onepiece-cardgame.com/images/cardlist/card/OP06-050_p2.png?250502,0,True
OP09-013-1,OP09-013,1,Yasopp,82.0,SP CARD,Red,OP09,6000.0,5.0,1000.0,[On Play] Up to 1 of your Leader gains +1000 power until the end of your opponent's next turn.[DON!! x1] [When Attacking] Give up to 1 of your opponent's Characters −1000 power during this turn.,,https://en.onepiece-cardgame.com/images/cardlist/card/OP09-013_p1.png?250502,0,True
OP09-037-2,OP09-037,2,Lim,1395.0,SP CARD,Green,OP09,5000.0,3.0,,"[On Play] Look at 5 cards from the top of your deck; reveal up to 1 {ODYSSEY} type card other than [Lim] and add it to your hand. Then, place the rest at the bottom of your deck in any order.[End of Your Turn] If you have 3 or more rested Characters, set this Character as active.",,https://en.onepiece-cardgame.com/images/cardlist/card/OP09-037_p2.png?250502,0,True
OP09-093-4,OP09-093,4,Marshall.D.Teach,623.0,SP CARD,Black,OP09,12000.0,10.0,,"[Blocker][Activate: Main] [Once Per Turn] If your Leader has the {Blackbeard Pirates} type and this Character was played on this turn, negate the effect of up to 1 of your opponent's Leader during this turn. Then, negate the effect of up to 1 of your opponent's Characters and that Character cannot attack until the end of your opponent's next turn.",,https://en.onepiece-cardgame.com/images/cardlist/card/OP09-093_p4.png?250502,0,True
OP09-093-5,OP09-093,5,Marshall.D.Teach,623.0,SP CARD,Black,OP09,12000.0,10.0,,"[Blocker][Activate: Main] [Once Per Turn] If your Leader has the {Blackbeard Pirates} type and this Character was played on this turn, negate the effect of up to 1 of your opponent's Leader during this turn. Then, negate the effect of up to 1 of your opponent's Characters and that Character cannot attack until the end of your opponent's next turn.",,https://en.onepiece-cardgame.com/images/cardlist/card/OP09-093_p5.png?250502,0,True
OP10-082-2,OP10-082,2,Kuzan,685.0,SP CARD,Black,OP10,5000.0,5.0,,"This Character cannot be removed from the field by your opponent's effects.[Activate: Main] You may trash this Character: Draw 1 card. Then, play up to 1 {Blackbeard Pirates} type Character card with a cost of 5 or less other than [Kuzan] from your trash.",,https://en.onepiece-cardgame.com/images/cardlist/card/OP10-082_p2.png?250502,0,True
ST13-011-2,ST13-011,2,Portgas.D.Ace,416.0,SP CARD,Yellow,ST13,7000.0,5.0,,"[On Play] If you have 2 or less Life cards, this Character gains [Rush].(This card can attack on the turn in which it is played.)",,https://en.onepiece-cardgame.com/images/cardlist/card/ST13-011_p2.png?250502,0,True
ST18-004-1,ST18-004,1,Zoro-Juurou,357.0,SP CARD,Purple,ST18,6000.0,4.0,,"[On Play] Look at 5 cards from the top of your deck; reveal up to 1 purple {Straw Hat Crew} type card and add it to your hand. Then, place the rest at the bottom of your deck in any order.",,https://en.onepiece-cardgame.com/images/cardlist/card/ST18-004_p1.png?250502,0,True
OP11-001-0,OP11-001,0,Koby,730.0,L,Red/Black,OP11,5000.0,,,"Your {SWORD} type Characters can attack Characters on the turn in which they are played.[Once Per Turn] If your {Navy} type Character with 7000 base power or less would be removed from the field by your opponent's effect, you may place 3 cards from your trash at the bottom of your deck in any order instead.",,https://en.onepiece-cardgame.com/images/cardlist/card/OP11-001.png?250502,0,True
OP11-001-1,OP11-001,1,Koby,730.0,L,Red/Black,OP11,5000.0,,,"Your {SWORD} type Characters can attack Characters on the turn in which they are played.[Once Per Turn] If your {Navy} type Character with 7000 base power or less would be removed from the field by your opponent's effect, you may place 3 cards from your trash at the bottom of your deck in any order instead.",,https://en.onepiece-cardgame.com/images/cardlist/card/OP11-001_p1.png?250502,0,True
OP11-002-0,OP11-002,0,Ain,1406.0,C,Red,OP11,4000.0,3.0,1000.0,"[On Play] Give up to 1 of your opponent's Characters −1000 power during this turn. Then, K.O. up to 1 of your opponent's Characters with 0 power or less.",,https://en.onepiece-cardgame.com/images/cardlist/card/OP11-002.png?250502,0,True
OP11-003-0,OP11-003,0,Usopp,136.0,UC,Red,OP11,6000.0,5.0,2000.0,-,,https://en.onepiece-cardgame.com/images/cardlist/card/OP11-003.png?250502,0,True
OP11-004-0,OP11-004,0,Kujyaku,705.0,SR,Red,OP11,,1.0,1000.0,"[On Play] Look at 5 cards from the top of your deck; reveal up to 1 {Navy} type card other than [Kujyaku] and add it to your hand. Then, place the rest at the bottom of your deck in any order.[Activate: Main] You may trash this Character: Up to 1 of your Characters gains +1000 power during this turn.",,https://en.onepiece-cardgame.com/images/cardlist/card/OP11-004.png?250502,0,True
OP11-004-1,OP11-004,1,Kujyaku,705.0,SR,Red,OP11,,1.0,1000.0,"[On Play] Look at 5 cards from the top of your deck; reveal up to 1 {Navy} type card other than [Kujyaku] and add it to your hand. Then, place the rest at the bottom of your deck in any order.[Activate: Main] You may trash this Character: Up to 1 of your Characters gains +1000 power during this turn.",,https://en.onepiece-cardgame.com/images/cardlist/card/OP11-004_p1.png?250502,0,True
OP11-005-0,OP11-005,0,Smoker,258.0,C,Red,OP11,5000.0,4.0,1000.0,"[Blocker] (After your opponent declares an attack, you may rest this card to make it the new target of the attack.)[DON!! x1] This Character cannot be K.O.'d by effects of Characters without the <Special> attribute.",,https://en.onepiece-cardgame.com/images/cardlist/card/OP11-005.png?250502,0,True
OP11-006-0,OP11-006,0,Zephyr,1396.0,C,Red,OP11,6000.0,5.0,1000.0,[DON!! x1] [When Attacking] Give up to 1 of your opponent's <Special> attribute Characters −5000 power during this turn.,,https://en.onepiece-cardgame.com/images/cardlist/card/OP11-006.png?250502,0,True
OP11-007-0,OP11-007,0,Tashigi,200.0,C,Red,OP11,1000.0,1.0,1000.0,"[Activate: Main] You may rest this Character: If your Leader has the {Navy} type, up to 1 of your {Navy} type Characters gains +2000 power during this turn.",,https://en.onepiece-cardgame.com/images/cardlist/card/OP11-007.png?250502,0,True
OP11-008-0,OP11-008,0,Doll,1077.0,R,Red,OP11,1000.0,4.0,1000.0,"[Blocker][On Play] You may trash 1 card from your hand: If your Leader has the {Navy} type, give up to 1 of your opponent's Characters −6000 power during this turn.",,https://en.onepiece-cardgame.com/images/cardlist/card/OP11-008.png?250502,0,True
OP11-008-1,OP11-008,1,Doll,1077.0,R,Red,OP11,1000.0,4.0,1000.0,"[Blocker][On Play] You may trash 1 card from your hand: If your Leader has the {Navy} type, give up to 1 of your opponent's Characters −6000 power during this turn.",,https://en.onepiece-cardgame.com/images/cardlist/card/OP11-008_p1.png?250502,0,True
OP11-009-0,OP11-009,0,Nico Robin,495.0,C,Red,OP11,4000.0,3.0,1000.0,[DON!! x2] [When Attacking] Give up to 1 of your opponent's Characters −2000 power until the end of your opponent's next turn.,,https://en.onepiece-cardgame.com/images/cardlist/card/OP11-009.png?250502,0,True
OP11-010-0,OP11-010,0,Hibari,899.0,SR,Red,OP11,6000.0,5.0,,"[On Play] Give up to 1 of your opponent's Characters −2000 power during this turn.[When Attacking] This Character gains +1000 power during this turn. Then, up to 1 of your {Navy} type Leader can also attack active Characters during this turn.",,https://en.onepiece-cardgame.com/images/cardlist/card/OP11-010.png?250502,0,True
OP11-010-1,OP11-010,1,Hibari,899.0,SR,Red,OP11,6000.0,5.0,,"[On Play] Give up to 1 of your opponent's Characters −2000 power during this turn.[When Attacking] This Character gains +1000 power during this turn. Then, up to 1 of your {Navy} type Leader can also attack active Characters during this turn.",,https://en.onepiece-cardgame.com/images/cardlist/card/OP11-010_p1.png?250502,0,True
OP11-011-0,OP11-011,0,Bins,1397.0,C,Red,OP11,7000.0,5.0,1000.0,-,,https://en.onepiece-cardgame.com/images/cardlist/card/OP11-011.png?250502,0,True
OP11-012-0,OP11-012,0,Franky,1014.0,UC,Red,OP11,4000.0,4.0,2000.0,"[Your Turn] [Once Per Turn] When your opponent activates an Event, all of your Characters gain +2000 power during this turn.",,https://en.onepiece-cardgame.com/images/cardlist/card/OP11-012.png?250502,0,True
OP11-013-0,OP11-013,0,Prince Grus,411.0,R,Red,OP11,2000.0,1.0,2000.0,[When Attacking] All of your opponent's Characters with 2000 power or less cannot activate [Blocker] during this turn.,,https://en.onepiece-cardgame.com/images/cardlist/card/OP11-013.png?250502,0,True
OP11-014-0,OP11-014,0,Borsalino,1291.0,R,Red,OP11,3000.0,3.0,1000.0,[Blocker][Activate: Main] You may rest this Character: Up to 1 of your {Navy} type Leader or Character cards can also attack active Characters during this turn.,,https://en.onepiece-cardgame.com/images/cardlist/card/OP11-014.png?250502,0,True
OP11-015-0,OP11-015,0,Mocha,569.0,C,Red,OP11,6000.0,4.0,1000.0,-,,https://en.onepiece-cardgame.com/images/cardlist/card/OP11-015.png?250502,0,True
OP11-016-0,OP11-016,0,Roronoa Zoro,357.0,UC,Red,OP11,6000.0,5.0,1000.0,[Activate: Main] [Once Per Turn] Give up to 1 rested DON!! card to your Leader or 1 of your Characters.,,https://en.onepiece-cardgame.com/images/cardlist/card/OP11-016.png?250502,0,True
OP11-017-0,OP11-017,0,X.Drake,93.0,UC,Red,OP11,7000.0,6.0,2000.0,-,,https://en.onepiece-cardgame.com/images/cardlist/card/OP11-017.png?250502,0,True
OP11-018-0,OP11-018,0,Honesty Impact,,R,Red,OP11,,6.0,,"[Main] Give up to 1 of your opponent's Characters −4000 power during this turn. Then, K.O. up to 1 of your opponent's Characters with 6000 power or less.",[Trigger] K.O. up to 1 of your opponent's Characters with 6000 power or less.,https://en.onepiece-cardgame.com/images/cardlist/card/OP11-018.png?250502,0,False
OP11-018-1,OP11-018,1,Honesty Impact,,R,Red,OP11,,6.0,,"[Main] Give up to 1 of your opponent's Characters −4000 power during this turn. Then, K.O. up to 1 of your opponent's Characters with 6000 power or less.",[Trigger] K.O. up to 1 of your opponent's Characters with 6000 power or less.,https://en.onepiece-cardgame.com/images/cardlist/card/OP11-018_p1.png?250502,0,False
OP11-019-0,OP11-019,0,Glorp Web!!,,C,Red,OP11,,2.0,,"[Counter] Up to 1 of your Leader or Character cards gains +2000 power during this battle. Then, if your opponent has a Character with 6000 power or more, up to 1 of your Leader or Character cards gains +1000 power during this turn.",[Trigger] Up to 1 of your Leader or Character cards gains +1000 power during this turn.,https://en.onepiece-cardgame.com/images/cardlist/card/OP11-019.png?250502,0,False
OP11-020-0,OP11-020,0,X Calibur,,UC,Red,OP11,,2.0,,"[Main] Give up to 2 of your opponent's Characters −2000 power during this turn. Then, up to 1 of your {Navy} type Characters gains +1000 power during this turn.",[Trigger] K.O. up to 1 of your opponent's Characters with 4000 power or less.,https://en.onepiece-cardgame.com/images/cardlist/card/OP11-020.png?250502,0,False
OP11-021-0,OP11-021,0,Jinbe,807.0,L,Green,OP11,5000.0,,,"[End of Your Turn] If you have 6 or less cards in your hand, set up to 1 of your {Fish-Man} or {Merfolk} type Characters and up to 1 of your DON!! cards as active.",,https://en.onepiece-cardgame.com/images/cardlist/card/OP11-021.png?250502,0,True
OP11-021-1,OP11-021,1,Jinbe,807.0,L,Green,OP11,5000.0,,,"[End of Your Turn] If you have 6 or less cards in your hand, set up to 1 of your {Fish-Man} or {Merfolk} type Characters and up to 1 of your DON!! cards as active.",,https://en.onepiece-cardgame.com/images/cardlist/card/OP11-021_p1.png?250502,0,True
OP11-022-0,OP11-022,0,Shirahoshi,272.0,L,Green/Yellow,OP11,5000.0,,,This Leader cannot attack.[Activate: Main] [Once Per Turn] You may rest 1 of your DON!! cards and turn 1 card from the top of your Life cards face-up: Play up to 1 {Neptunian} type Character card or [Megalo] with a cost equal to or less than the number of DON!! cards on your field from your hand.,,https://en.onepiece-cardgame.com/images/cardlist/card/OP11-022.png?250502,0,True
OP11-022-1,OP11-022,1,Shirahoshi,272.0,L,Green/Yellow,OP11,5000.0,,,This Leader cannot attack.[Activate: Main] [Once Per Turn] You may rest 1 of your DON!! cards and turn 1 card from the top of your Life cards face-up: Play up to 1 {Neptunian} type Character card or [Megalo] with a cost equal to or less than the number of DON!! cards on your field from your hand.,,https://en.onepiece-cardgame.com/images/cardlist/card/OP11-022_p1.png?250502,0,True
OP11-023-0,OP11-023,0,Arlong,1356.0,R,Green,OP11,7000.0,7.0,1000.0,"If your Leader has the {Fish-Man} type, you have 3 or less Life cards and your opponent has 5 or more rested cards, give this card in your hand −3 cost.",[Trigger] Rest up to 1 of your opponent's Characters with a cost of 4 or less.,https://en.onepiece-cardgame.com/images/cardlist/card/OP11-023.png?250502,0,True
OP11-023-1,OP11-023,1,Arlong,1356.0,R,Green,OP11,7000.0,7.0,1000.0,"If your Leader has the {Fish-Man} type, you have 3 or less Life cards and your opponent has 5 or more rested cards, give this card in your hand −3 cost.",[Trigger] Rest up to 1 of your opponent's Characters with a cost of 4 or less.,https://en.onepiece-cardgame.com/images/cardlist/card/OP11-023_p1.png?250502,0,True
OP11-024-0,OP11-024,0,Aladine,1374.0,C,Green,OP11,5000.0,4.0,1000.0,"When this Character is K.O.'d by your opponent's effect, you may trash 1 card from your hand and rest 1 of your DON!! cards. If you do, play up to 1 {Fish-Man} or {Merfolk} type Character card with a cost of 6 or less from your hand.",,https://en.onepiece-cardgame.com/images/cardlist/card/OP11-024.png?250502,0,True
OP11-025-0,OP11-025,0,Ishilly,837.0,C,Green,OP11,,2.0,1000.0,[On Your Opponent's Attack] [Once Per Turn] You may rest 1 of your DON!! cards and this Character: Up to 1 of your Leader or Character cards gains +1000 power during this battle.,,https://en.onepiece-cardgame.com/images/cardlist/card/OP11-025.png?250502,0,True
OP11-026-0,OP11-026,0,Scaled Neptunian,,C,Green,OP11,8000.0,6.0,1000.0,-,,https://en.onepiece-cardgame.com/images/cardlist/card/OP11-026.png?250502,0,False
OP11-027-0,OP11-027,0,Bulge-Eyed Neptunian,,C,Green,OP11,6000.0,4.0,,"If your Leader is [Shirahoshi], this Character can attack Characters on the turn in which it is played.",,https://en.onepiece-cardgame.com/images/cardlist/card/OP11-027.png?250502,0,False
OP11-028-0,OP11-028,0,Lord of the Coast,654.0,R,Green,OP11,5000.0,4.0,1000.0,[On Play] Up to 1 of your opponent's rested Characters will not become active in your opponent's next Refresh Phase.,[Trigger] K.O. up to 1 of your opponent's rested Characters with a cost of 3 or less.,https://en.onepiece-cardgame.com/images/cardlist/card/OP11-028.png?250502,0,True
OP11-029-0,OP11-029,0,Charlotte Praline,1171.0,UC,Green,OP11,4000.0,3.0,1000.0,"[Blocker] (After your opponent declares an attack, you may rest this card to make it the new target of the attack.)[On Play] Rest up to 1 of your opponent's Characters with a cost of 1 or less.",,https://en.onepiece-cardgame.com/images/cardlist/card/OP11-029.png?250502,0,True
OP11-030-0,OP11-030,0,Shirahoshi,272.0,R,Green,OP11,,1.0,1000.0,"[Activate: Main] You may rest 1 of your DON!! cards and this Character: Look at 5 cards from the top of your deck; reveal up to 1 {Neptunian} or {Fish-Man Island} type card and add it to your hand. Then, place the rest at the bottom of your deck in any order.",,https://en.onepiece-cardgame.com/images/cardlist/card/OP11-030.png?250502,0,True
OP11-031-0,OP11-031,0,Jinbe,807.0,SR,Green,OP11,8000.0,6.0,,"[On Play] If your Leader has the {Fish-Man} or {Merfolk} type, rest up to 1 of your opponent's Characters with a cost of 5 or less.[Activate: Main] [Once Per Turn] Up to 1 of your {Fish-Man} or {Merfolk} type Characters can attack Characters on the turn in which it is played.",,https://en.onepiece-cardgame.com/images/cardlist/card/OP11-031.png?250502,0,True
OP11-031-1,OP11-031,1,Jinbe,807.0,SR,Green,OP11,8000.0,6.0,,"[On Play] If your Leader has the {Fish-Man} or {Merfolk} type, rest up to 1 of your opponent's Characters with a cost of 5 or less.[Activate: Main] [Once Per Turn] Up to 1 of your {Fish-Man} or {Merfolk} type Characters can attack Characters on the turn in which it is played.",,https://en.onepiece-cardgame.com/images/cardlist/card/OP11-031_p1.png?250502,0,True
OP11-032-0,OP11-032,0,Surume,216.0,UC,Green,OP11,6000.0,5.0,2000.0,-,,https://en.onepiece-cardgame.com/images/cardlist/card/OP11-032.png?250502,0,True
OP11-033-0,OP11-033,0,Bird Neptunian,,UC,Green,OP11,7000.0,6.0,2000.0,-,,https://en.onepiece-cardgame.com/images/cardlist/card/OP11-033.png?250502,0,False
OP11-034-0,OP11-034,0,Hatchan,907.0,C,Green,OP11,5000.0,4.0,1000.0,"[Activate: Main] You may rest this Character: If your Leader has the {Fish-Man} or {Merfolk} type, up to 1 of your opponent's Characters with a cost of 3 or less cannot be rested until the end of your opponent's next turn.",,https://en.onepiece-cardgame.com/images/cardlist/card/OP11-034.png?250502,0,True
OP11-035-0,OP11-035,0,Fisher Tiger,1024.0,C,Green,OP11,7000.0,6.0,1000.0,"When this Character is K.O.'d by your opponent's effect, you may rest 1 of your DON!! cards. If you do, play up to 1 {Fish-Man} or {Merfolk} type Character card with a cost of 4 or less from your hand.[On Play] Rest up to 1 of your opponent's Characters.",,https://en.onepiece-cardgame.com/images/cardlist/card/OP11-035.png?250502,0,True
OP11-036-0,OP11-036,0,Spotted Neptunian,,UC,Green,OP11,5000.0,4.0,1000.0,"[On Play] If your Leader is [Shirahoshi], look at 5 cards from the top of your deck; reveal up to 1 {Neptunian} type card or [Shirahoshi] and add it to your hand. Then, place the rest at the bottom of your deck in any order.",,https://en.onepiece-cardgame.com/images/cardlist/card/OP11-036.png?250502,0,False
OP11-037-0,OP11-037,0,Ancient Weapon Poseidon,,UC,Green,OP11,,1.0,,"[Main] Look at 4 cards from the top of your deck; reveal up to 1 {Neptunian} or {Fish-Man Island} type Character card and add it to your hand. Then, place the rest at the bottom of your deck in any order.",[Trigger] Draw 1 card.,https://en.onepiece-cardgame.com/images/cardlist/card/OP11-037.png?250502,0,False
OP11-038-0,OP11-038,0,Gum-Gum Elephant Gatling,,R,Green,OP11,,1.0,,[Main] You may rest 1 of your DON!! cards: Rest up to 1 of your opponent's Characters with a cost of 5 or less.[Counter] Up to 1 of your Leader gains +3000 power during this battle.,,https://en.onepiece-cardgame.com/images/cardlist/card/OP11-038.png?250502,0,False
OP11-039-0,OP11-039,0,Vagabond Drill,,C,Green,OP11,,1.0,,"[Counter] Up to 1 of your {Fish-Man} or {Merfolk} type Leader or Character cards gains +3000 power during this battle. Then, rest up to 1 of your opponent's Characters with a cost of 3 or less.",[Trigger] Rest up to 1 of your opponent's Characters with a cost of 4 or less.,https://en.onepiece-cardgame.com/images/cardlist/card/OP11-039.png?250502,0,False
OP11-040-0,OP11-040,0,Monkey.D.Luffy,558.0,L,Blue/Purple,OP11,6000.0,,,"This effect can be activated at the start of your turn. If you have 8 or more DON!! cards on your field, look at 5 cards from the top of your deck; reveal up to 1 {Straw Hat Crew} type card and add it to your hand. Then, place the rest at the top or bottom of the deck in any order.",,https://en.onepiece-cardgame.com/images/cardlist/card/OP11-040.png?250502,0,True
OP11-040-1,OP11-040,1,Monkey.D.Luffy,558.0,L,Blue/Purple,OP11,6000.0,,,"This effect can be activated at the start of your turn. If you have 8 or more DON!! cards on your field, look at 5 cards from the top of your deck; reveal up to 1 {Straw Hat Crew} type card and add it to your hand. Then, place the rest at the top or bottom of the deck in any order.",,https://en.onepiece-cardgame.com/images/cardlist/card/OP11-040_p1.png?250502,0,True
OP11-041-0,OP11-041,0,Nami,515.0,L,Blue/Yellow,OP11,5000.0,,,"[Your Turn] [Once Per Turn] This effect can be activated when a card is removed from your or your opponent's Life cards. If you have 7 or less cards in your hand, draw 1 card.[DON!! x1] [On Your Opponent's Attack] [Once Per Turn] You may trash 1 card from your hand: This Leader gains +2000 power during this turn.",,https://en.onepiece-cardgame.com/images/cardlist/card/OP11-041.png?250502,0,True
OP11-041-1,OP11-041,1,Nami,515.0,L,Blue/Yellow,OP11,5000.0,,,"[Your Turn] [Once Per Turn] This effect can be activated when a card is removed from your or your opponent's Life cards. If you have 7 or less cards in your hand, draw 1 card.[DON!! x1] [On Your Opponent's Attack] [Once Per Turn] You may trash 1 card from your hand: This Leader gains +2000 power during this turn.",,https://en.onepiece-cardgame.com/images/cardlist/card/OP11-041_p1.png?250502,0,True
OP11-042-0,OP11-042,0,Vito,112.0,C,Blue,OP11,4000.0,3.0,1000.0,[On Play] You may trash 1 {Firetank Pirates} type card from your hand: This Character gains [Rush] during this turn.(This card can attack on the turn in which it is played.),,https://en.onepiece-cardgame.com/images/cardlist/card/OP11-042.png?250502,0,True
OP11-043-0,OP11-043,0,Vinsmoke Ichiji,121.0,C,Blue,OP11,7000.0,7.0,,"[Blocker][On Your Opponent's Attack] [Once Per Turn] This effect can be activated when you only have Characters with a type including ""GERMA"". Up to 1 of your Leader or Character cards gains +1000 power during this battle. Then, trash 2 cards from the top of your deck.",,https://en.onepiece-cardgame.com/images/cardlist/card/OP11-043.png?250502,0,True
OP11-044-0,OP11-044,0,Vinsmoke Judge,123.0,C,Blue,OP11,8000.0,6.0,,[Activate: Main] [Once Per Turn] You may trash 1 card from your hand: All of your {GERMA 66} type Characters gain +1000 power during this turn.,,https://en.onepiece-cardgame.com/images/cardlist/card/OP11-044.png?250502,0,True
OP11-045-0,OP11-045,0,Vinsmoke Niji,119.0,UC,Blue,OP11,6000.0,5.0,2000.0,-,,https://en.onepiece-cardgame.com/images/cardlist/card/OP11-045.png?250502,0,True
OP11-046-0,OP11-046,0,Vinsmoke Yonji,116.0,C,Blue,OP11,5000.0,4.0,1000.0,"[Blocker] (After your opponent declares an attack, you may rest this card to make it the new target of the attack.)If you only have Characters with a type including ""GERMA"", this Character cannot be K.O.'d or rested by your opponent's effects.",,https://en.onepiece-cardgame.com/images/cardlist/card/OP11-046.png?250502,0,True
OP11-047-0,OP11-047,0,Vinsmoke Reiju,117.0,R,Blue,OP11,5000.0,4.0,2000.0,"[On Play] If your Leader has the {The Vinsmoke Family} type, look at 5 cards from the top of your deck; reveal up to 1 card with a type including ""GERMA"" and add it to your hand. Then, trash the rest.",,https://en.onepiece-cardgame.com/images/cardlist/card/OP11-047.png?250502,0,True
OP11-047-1,OP11-047,1,Vinsmoke Reiju,117.0,R,Blue,OP11,5000.0,4.0,2000.0,"[On Play] If your Leader has the {The Vinsmoke Family} type, look at 5 cards from the top of your deck; reveal up to 1 card with a type including ""GERMA"" and add it to your hand. Then, trash the rest.",,https://en.onepiece-cardgame.com/images/cardlist/card/OP11-047_p1.png?250502,0,True
OP11-048-0,OP11-048,0,"Capone""Gang""Bege",1259.0,R,Blue,OP11,2000.0,1.0,1000.0,"[On Play] Look at 4 cards from the top of your deck; reveal up to 1 {Firetank Pirates} or {Straw Hat Crew} type card with a cost of 2 or more and add it to your hand. Then, place the rest at the bottom of your deck in any order.",,https://en.onepiece-cardgame.com/images/cardlist/card/OP11-048.png?250502,0,True
OP11-049-0,OP11-049,0,Carrot,1252.0,R,Blue,OP11,1000.0,1.0,1000.0,[On Play] Look at 3 cards from the top of your deck and place them at the top or bottom of the deck in any order.[On Your Opponent's Attack] You may trash this Character: Up to 1 of your Leader gains +1000 power during this battle.,,https://en.onepiece-cardgame.com/images/cardlist/card/OP11-049.png?250502,0,True
OP11-050-0,OP11-050,0,Gotti,943.0,C,Blue,OP11,4000.0,3.0,2000.0,[When Attacking] You may trash 1 {Firetank Pirates} type card from your hand: Return up to 1 Character with a cost of 1 or less to the owner's hand or place it at the bottom of their deck.,,https://en.onepiece-cardgame.com/images/cardlist/card/OP11-050.png?250502,0,True
OP11-051-0,OP11-051,0,Sanji,326.0,SR,Blue,OP11,7000.0,6.0,,"When this Character is K.O.'d by your opponent's effect, look at 5 cards from the top of your deck and play up to 1 {Straw Hat Crew} type Character card with a cost of 5 or less. Then, place the rest at the bottom of your deck in any order.[On Play] Return up to 1 Character with 5000 base power or less to the owner's hand.",,https://en.onepiece-cardgame.com/images/cardlist/card/OP11-051.png?250502,0,True
OP11-051-1,OP11-051,1,Sanji,326.0,SR,Blue,OP11,7000.0,6.0,,"When this Character is K.O.'d by your opponent's effect, look at 5 cards from the top of your deck and play up to 1 {Straw Hat Crew} type Character card with a cost of 5 or less. Then, place the rest at the bottom of your deck in any order.[On Play] Return up to 1 Character with 5000 base power or less to the owner's hand.",,https://en.onepiece-cardgame.com/images/cardlist/card/OP11-051_p1.png?250502,0,True
OP11-052-0,OP11-052,0,Charlotte Lola,1195.0,C,Blue,OP11,7000.0,5.0,1000.0,-,,https://en.onepiece-cardgame.com/images/cardlist/card/OP11-052.png?250502,0,True
OP11-053-0,OP11-053,0,Tony Tony.Chopper,175.0,UC,Blue,OP11,6000.0,5.0,2000.0,-,,https://en.onepiece-cardgame.com/images/cardlist/card/OP11-053.png?250502,0,True
OP11-054-0,OP11-054,0,Nami,515.0,SR,Blue,OP11,6000.0,5.0,1000.0,"[Blocker] (After your opponent declares an attack, you may rest this card to make it the new target of the attack.)[On Play] If your Leader is multicolored, draw 3 cards and place 2 cards from your hand at the top or bottom of your deck in any order.",,https://en.onepiece-cardgame.com/images/cardlist/card/OP11-054.png?250502,0,True
OP11-054-1,OP11-054,1,Nami,515.0,SR,Blue,OP11,6000.0,5.0,1000.0,"[Blocker] (After your opponent declares an attack, you may rest this card to make it the new target of the attack.)[On Play] If your Leader is multicolored, draw 3 cards and place 2 cards from your hand at the top or bottom of your deck in any order.",,https://en.onepiece-cardgame.com/images/cardlist/card/OP11-054_p1.png?250502,0,True
OP11-055-0,OP11-055,0,Bartolomeo,1324.0,UC,Blue,OP11,7000.0,6.0,2000.0,-,,https://en.onepiece-cardgame.com/images/cardlist/card/OP11-055.png?250502,0,True
OP11-056-0,OP11-056,0,Brook,1282.0,R,Blue,OP11,4000.0,3.0,1000.0,"[Blocker] (After your opponent declares an attack, you may rest this card to make it the new target of the attack.)[On Play] Place up to 1 Character with a base cost of 1 at the bottom of the owner's deck.",,https://en.onepiece-cardgame.com/images/cardlist/card/OP11-056.png?250502,0,True
OP11-057-0,OP11-057,0,Pedro,447.0,C,Blue,OP11,1000.0,1.0,1000.0,"If you have 4 or less cards in your hand, this Character gains [Blocker].(After your opponent declares an attack, you may rest this card to make it the new target of the attack.)",,https://en.onepiece-cardgame.com/images/cardlist/card/OP11-057.png?250502,0,True
OP11-058-0,OP11-058,0,Monkey.D.Luffy,558.0,UC,Blue,OP11,7000.0,5.0,1000.0,"If you have 5 or more cards in your hand, this Character cannot attack.[Blocker] (After your opponent declares an attack, you may rest this card to make it the new target of the attack.)",,https://en.onepiece-cardgame.com/images/cardlist/card/OP11-058.png?250502,0,True
OP11-059-0,OP11-059,0,Gum-Gum King Cobra,,C,Blue,OP11,,1.0,,"[Counter] Up to 1 of your Leader or Character cards gains +2000 power during this battle. Then, if you have 4 or less cards in your hand, that card gains an additional +2000 power during this battle.",[Trigger] Return up to 1 Character with a cost of 2 or less to the owner's hand.,https://en.onepiece-cardgame.com/images/cardlist/card/OP11-059.png?250502,0,False
OP11-060-0,OP11-060,0,Let's Crash This Wedding!!!,,R,Blue,OP11,,1.0,,"[Main] If your Leader is multicolored, look at 5 cards from the top of your deck; reveal up to 1 {Straw Hat Crew} type card other than [Let's Crash This Wedding!!!] and add it to your hand. Then, place the rest at the bottom of your deck in any order.",[Trigger] Activate this card's [Main] effect.,https://en.onepiece-cardgame.com/images/cardlist/card/OP11-060.png?250502,0,False
OP11-061-0,OP11-061,0,Gum-Gum Jet Culverin,,UC,Blue,OP11,,3.0,,[Main] Place up to 1 of your opponent's Characters with a base cost of 4 or less at the bottom of the owner's deck.,[Trigger] Place up to 1 Character with a cost of 1 or less at the bottom of the owner's deck.,https://en.onepiece-cardgame.com/images/cardlist/card/OP11-061.png?250502,0,False
OP11-062-0,OP11-062,0,Charlotte Katakuri,1200.0,L,Purple,OP11,5000.0,,,"[When Attacking]/[On Your Opponent's Attack] [Once Per Turn] DON!! −1: Look at 1 card from the top of your opponent's deck. Then, this Leader gains +1000 power during this battle.",,https://en.onepiece-cardgame.com/images/cardlist/card/OP11-062.png?250502,0,True
OP11-062-1,OP11-062,1,Charlotte Katakuri,1200.0,L,Purple,OP11,5000.0,,,"[When Attacking]/[On Your Opponent's Attack] [Once Per Turn] DON!! −1: Look at 1 card from the top of your opponent's deck. Then, this Leader gains +1000 power during this battle.",,https://en.onepiece-cardgame.com/images/cardlist/card/OP11-062_p1.png?250502,0,True
OP11-063-0,OP11-063,0,Little Sadi,,C,Purple,OP11,2000.0,2.0,2000.0,"[On Play] DON!! −1 (You may return the specified number of DON!! cards from your field to your DON!! deck.): If your Leader has the {Impel Down} type, rest up to 1 of your opponent's Characters with a cost of 3 or less.",,https://en.onepiece-cardgame.com/images/cardlist/card/OP11-063.png?250502,0,False
OP11-064-0,OP11-064,0,Saldeath,339.0,C,Purple,OP11,8000.0,6.0,1000.0,-,,https://en.onepiece-cardgame.com/images/cardlist/card/OP11-064.png?250502,0,True
OP11-065-0,OP11-065,0,Charlotte Anana,1232.0,UC,Purple,OP11,1000.0,1.0,1000.0,"If you have a purple {Big Mom Pirates} type Character other than [Charlotte Anana], this Character gains [Blocker].(After your opponent declares an attack, you may rest this card to make it the new target of the attack.)",,https://en.onepiece-cardgame.com/images/cardlist/card/OP11-065.png?250502,0,True
OP11-066-0,OP11-066,0,Charlotte Oven,1175.0,R,Purple,OP11,5000.0,4.0,1000.0,"[Activate: Main] You may rest this Character: Choose a cost and reveal 1 card from the top of your opponent's deck. If the revealed card has the chosen cost, K.O. up to 1 of your opponent's Characters with a base cost of 3 or less. Then, add up to 1 DON!! card from your DON!! deck and rest it.",,https://en.onepiece-cardgame.com/images/cardlist/card/OP11-066.png?250502,0,True
OP11-067-0,OP11-067,0,Charlotte Katakuri,1200.0,SR,Purple,OP11,8000.0,8.0,,"[Blocker][End of Your Turn] Set up to 2 of your {Big Mom Pirates} type Characters with a cost of 3 or more as active. Then, add up to 1 DON!! card from your DON!! deck and rest it.",,https://en.onepiece-cardgame.com/images/cardlist/card/OP11-067.png?250502,0,True
OP11-067-1,OP11-067,1,Charlotte Katakuri,1200.0,SR,Purple,OP11,8000.0,8.0,,"[Blocker][End of Your Turn] Set up to 2 of your {Big Mom Pirates} type Characters with a cost of 3 or more as active. Then, add up to 1 DON!! card from your DON!! deck and rest it.",,https://en.onepiece-cardgame.com/images/cardlist/card/OP11-067_p1.png?250502,0,True
OP11-068-0,OP11-068,0,Charlotte Daifuku,1211.0,UC,Purple,OP11,7000.0,6.0,2000.0,-,,https://en.onepiece-cardgame.com/images/cardlist/card/OP11-068.png?250502,0,True
OP11-069-0,OP11-069,0,Charlotte Brulee,1226.0,R,Purple,OP11,4000.0,3.0,1000.0,"[On Play] You may add 1 card from the top of your Life cards to your hand: If your Leader has the {Big Mom Pirates} type, add up to 1 DON!! card from your DON!! deck and set it as active.",,https://en.onepiece-cardgame.com/images/cardlist/card/OP11-069.png?250502,0,True
OP11-070-0,OP11-070,0,Charlotte Pudding,1170.0,SR,Purple,OP11,,1.0,1000.0,"[On Play] Look at 5 cards from the top of your deck; reveal up to 1 {Big Mom Pirates} type card with a cost of 2 or more and add it to your hand. Then, place the rest at the bottom of your deck in any order.[Activate: Main] DON!! −1, You may rest this Character: Look at 1 card from the top of your opponent's deck.",,https://en.onepiece-cardgame.com/images/cardlist/card/OP11-070.png?250502,0,True
OP11-070-1,OP11-070,1,Charlotte Pudding,1170.0,SR,Purple,OP11,,1.0,1000.0,"[On Play] Look at 5 cards from the top of your deck; reveal up to 1 {Big Mom Pirates} type card with a cost of 2 or more and add it to your hand. Then, place the rest at the bottom of your deck in any order.[Activate: Main] DON!! −1, You may rest this Character: Look at 1 card from the top of your opponent's deck.",,https://en.onepiece-cardgame.com/images/cardlist/card/OP11-070_p1.png?250502,0,True
OP11-071-0,OP11-071,0,Charlotte Perospero,1174.0,R,Purple,OP11,7000.0,5.0,,"[Activate: Main] [Once Per Turn] You may trash 1 card from your hand: Choose a cost and reveal 1 card from the top of your opponent's deck. If the revealed card has the chosen cost, draw 1 card and add up to 1 DON!! card from your DON!! deck and set it as active.",,https://en.onepiece-cardgame.com/images/cardlist/card/OP11-071.png?250502,0,True
OP11-072-0,OP11-072,0,Charlotte Mont-d'or,1186.0,UC,Purple,OP11,4000.0,3.0,2000.0,"[Activate: Main] [Once Per Turn] DON!! −1, You may rest this Character: Your opponent places 2 cards from their trash at the bottom of their deck in any order. Then, add 1 card from the top of your Life cards to your hand.",,https://en.onepiece-cardgame.com/images/cardlist/card/OP11-072.png?250502,0,True
OP11-073-0,OP11-073,0,Charlotte Linlin,1196.0,R,Purple,OP11,12000.0,10.0,,"If your Leader has the {Big Mom Pirates} type, this Character gains [Rush].[On Your Opponent's Attack] [Once Per Turn] DON!! −5: Choose a cost and reveal 1 card from the top of your opponent's deck. If the revealed card has the chosen cost, up to 1 of your Leader gains +2000 power during this turn.",,https://en.onepiece-cardgame.com/images/cardlist/card/OP11-073.png?250502,0,True
OP11-073-1,OP11-073,1,Charlotte Linlin,1196.0,R,Purple,OP11,12000.0,10.0,,"If your Leader has the {Big Mom Pirates} type, this Character gains [Rush].[On Your Opponent's Attack] [Once Per Turn] DON!! −5: Choose a cost and reveal 1 card from the top of your opponent's deck. If the revealed card has the chosen cost, up to 1 of your Leader gains +2000 power during this turn.",,https://en.onepiece-cardgame.com/images/cardlist/card/OP11-073_p1.png?250502,0,True
OP11-074-0,OP11-074,0,Streusen,227.0,C,Purple,OP11,3000.0,3.0,2000.0,"[Activate: Main] [Once Per Turn] DON!! −1, You may rest this Character: Choose a cost and reveal 1 card from the top of your opponent's deck. If the revealed card has the chosen cost, rest up to 1 of your opponent's Characters with a cost of 4 or less.",,https://en.onepiece-cardgame.com/images/cardlist/card/OP11-074.png?250502,0,True
OP11-075-0,OP11-075,0,Jaguar.D.Saul,825.0,C,Purple,OP11,6000.0,6.0,,"[On Play] If your Leader is [Nico Robin] and you have 7 or more DON!! cards on your field, draw 2 cards.",[Trigger] Activate this card's [On Play] effect.,https://en.onepiece-cardgame.com/images/cardlist/card/OP11-075.png?250502,0,True
OP11-076-0,OP11-076,0,Hannyabal,918.0,C,Purple,OP11,5000.0,5.0,1000.0,"[Blocker][On Play] If your Leader has the {Impel Down} type, play up to 1 {Impel Down} type Character card with a cost of 3 or less from your hand.",,https://en.onepiece-cardgame.com/images/cardlist/card/OP11-076.png?250502,0,True
OP11-077-0,OP11-077,0,Randolph,388.0,C,Purple,OP11,2000.0,1.0,1000.0,"[Your Turn] [Once Per Turn] When a DON!! card on your field is returned to your DON!! deck, up to 1 of your {Big Mom Pirates} type Characters gains +2 cost until the end of your opponent's next turn.",,https://en.onepiece-cardgame.com/images/cardlist/card/OP11-077.png?250502,0,True
OP11-078-0,OP11-078,0,Decuplets,1235.0,UC,Purple,OP11,6000.0,5.0,2000.0,-,,https://en.onepiece-cardgame.com/images/cardlist/card/OP11-078.png?250502,0,True
OP11-079-0,OP11-079,0,When Two Men Are Fighting the Last Thing I Need Is Some Half-Hearted Assistance!!!!,,UC,Purple,OP11,,1.0,,"[Counter] Choose a cost and reveal 1 card from the top of your opponent's deck. If the revealed card has the chosen cost, up to 1 of your Leader or Character cards gains +5000 power during this battle.",[Trigger] Draw 1 card.,https://en.onepiece-cardgame.com/images/cardlist/card/OP11-079.png?250502,0,False
OP11-080-0,OP11-080,0,Gear Two,,R,Purple,OP11,,1.0,,"[Main] You may rest 2 of your DON!! cards: If your Leader's colors include blue, add up to 1 DON!! card from your DON!! deck and rest it.[Counter] Up to 1 of your Leader gains +3000 power during this battle.",,https://en.onepiece-cardgame.com/images/cardlist/card/OP11-080.png?250502,0,False
OP11-080-1,OP11-080,1,Gear Two,,R,Purple,OP11,,1.0,,"[Main] You may rest 2 of your DON!! cards: If your Leader's colors include blue, add up to 1 DON!! card from your DON!! deck and rest it.[Counter] Up to 1 of your Leader gains +3000 power during this battle.",,https://en.onepiece-cardgame.com/images/cardlist/card/OP11-080_p1.png?250502,0,False
OP11-081-0,OP11-081,0,Cognac Mama-Mash,,C,Purple,OP11,,6.0,,"[Main] Choose a cost and reveal 1 card from the top of your opponent's deck. If the revealed card has the chosen cost, K.O. up to 1 of your opponent's Characters with a base cost of 8 or less.",[Trigger] Add up to 1 DON!! card from your DON!! deck and set it as active.,https://en.onepiece-cardgame.com/images/cardlist/card/OP11-081.png?250502,0,False
OP11-082-0,OP11-082,0,Aramaki,1358.0,R,Black,OP11,2000.0,1.0,2000.0,"[Activate: Main] You may trash this Character: If your Leader has the {Navy} type, up to 1 of your {Navy} type Characters can also attack active Characters during this turn. Then, trash 2 cards from the top of your deck.",,https://en.onepiece-cardgame.com/images/cardlist/card/OP11-082.png?250502,0,True
OP11-083-0,OP11-083,0,Caribou,1253.0,R,Black,OP11,2000.0,1.0,2000.0,"[Blocker] (After your opponent declares an attack, you may rest this card to make it the new target of the attack.)[On Play] Trash 2 cards from your hand.",,https://en.onepiece-cardgame.com/images/cardlist/card/OP11-083.png?250502,0,True
OP11-084-0,OP11-084,0,Kuzan,685.0,R,Black,OP11,5000.0,4.0,1000.0,[On Play] Trash 3 cards from the top of your deck.[When Attacking] Up to 1 of your {Navy} type Leader or Character cards can also attack active Characters during this turn.,,https://en.onepiece-cardgame.com/images/cardlist/card/OP11-084.png?250502,0,True
OP11-084-1,OP11-084,1,Kuzan,685.0,R,Black,OP11,5000.0,4.0,1000.0,[On Play] Trash 3 cards from the top of your deck.[When Attacking] Up to 1 of your {Navy} type Leader or Character cards can also attack active Characters during this turn.,,https://en.onepiece-cardgame.com/images/cardlist/card/OP11-084_p1.png?250502,0,True
OP11-085-0,OP11-085,0,Kurozumi Orochi,688.0,C,Black,OP11,4000.0,3.0,1000.0,[On Play] Add up to 1 {SMILE} type card with a cost of 5 or less from your trash to your hand.,,https://en.onepiece-cardgame.com/images/cardlist/card/OP11-085.png?250502,0,True
OP11-086-0,OP11-086,0,Coribou,1126.0,C,Black,OP11,5000.0,3.0,1000.0,[On Play] Trash 1 card from your hand.[Activate: Main] You may trash this Character: Play up to 1 [Caribou] with a cost of 4 or less from your trash.,,https://en.onepiece-cardgame.com/images/cardlist/card/OP11-086.png?250502,0,True
OP11-087-0,OP11-087,0,Miss Sarahebi,325.0,UC,Black,OP11,6000.0,5.0,2000.0,-,,https://en.onepiece-cardgame.com/images/cardlist/card/OP11-087.png?250502,0,True
OP11-088-0,OP11-088,0,Shu,268.0,C,Black,OP11,5000.0,4.0,1000.0,"[Blocker] (After your opponent declares an attack, you may rest this card to make it the new target of the attack.)[Once Per Turn] This effect can be activated when your opponent's Character attacks. If that Character has the <Slash> attribute, this Character gains +5000 power during this battle.",,https://en.onepiece-cardgame.com/images/cardlist/card/OP11-088.png?250502,0,True
OP11-089-0,OP11-089,0,Black Maria,6.0,C,Black,OP11,7000.0,5.0,1000.0,-,,https://en.onepiece-cardgame.com/images/cardlist/card/OP11-089.png?250502,0,True
OP11-090-0,OP11-090,0,Briscola,1286.0,C,Black,OP11,2000.0,2.0,1000.0,"[Blocker] (After your opponent declares an attack, you may rest this card to make it the new target of the attack.)",,https://en.onepiece-cardgame.com/images/cardlist/card/OP11-090.png?250502,0,True
OP11-091-0,OP11-091,0,Berry Good,124.0,UC,Black,OP11,5000.0,4.0,2000.0,[On Play] Your opponent places 3 Events from their trash at the bottom of their deck in any order.,,https://en.onepiece-cardgame.com/images/cardlist/card/OP11-091.png?250502,0,True
OP11-092-0,OP11-092,0,Helmeppo,908.0,SR,Black,OP11,7000.0,6.0,,"[On Play] You may trash 1 card from your hand: Draw 1 card and play up to 1 {SWORD} type Character card with a cost of 8 or less other than [Helmeppo] from your trash. Then, place the 1 Character played by this effect at the bottom of the owner's deck at the end of this turn.",,https://en.onepiece-cardgame.com/images/cardlist/card/OP11-092.png?250502,0,True
OP11-092-1,OP11-092,1,Helmeppo,908.0,SR,Black,OP11,7000.0,6.0,,"[On Play] You may trash 1 card from your hand: Draw 1 card and play up to 1 {SWORD} type Character card with a cost of 8 or less other than [Helmeppo] from your trash. Then, place the 1 Character played by this effect at the bottom of the owner's deck at the end of this turn.",,https://en.onepiece-cardgame.com/images/cardlist/card/OP11-092_p1.png?250502,0,True
OP11-093-0,OP11-093,0,Bogard,1297.0,UC,Black,OP11,7000.0,6.0,2000.0,-,,https://en.onepiece-cardgame.com/images/cardlist/card/OP11-093.png?250502,0,True
OP11-094-0,OP11-094,0,Morgan,550.0,C,Black,OP11,8000.0,6.0,1000.0,-,,https://en.onepiece-cardgame.com/images/cardlist/card/OP11-094.png?250502,0,True
OP11-095-0,OP11-095,0,Monkey.D.Garp,559.0,SR,Black,OP11,8000.0,8.0,,"[On Play] You may place 3 {Navy} type cards from your trash at the bottom of your deck in any order: Give up to 1 rested DON!! card to 1 of your Leader. Then, if there is a Character with a cost of 9 or more, K.O. up to 1 of your opponent's Characters with a cost of 7 or less.",,https://en.onepiece-cardgame.com/images/cardlist/card/OP11-095.png?250502,0,True
OP11-095-1,OP11-095,1,Monkey.D.Garp,559.0,SR,Black,OP11,8000.0,8.0,,"[On Play] You may place 3 {Navy} type cards from your trash at the bottom of your deck in any order: Give up to 1 rested DON!! card to 1 of your Leader. Then, if there is a Character with a cost of 9 or more, K.O. up to 1 of your opponent's Characters with a cost of 7 or less.",,https://en.onepiece-cardgame.com/images/cardlist/card/OP11-095_p1.png?250502,0,True
OP11-096-0,OP11-096,0,Ripper,374.0,UC,Black,OP11,1000.0,1.0,1000.0,"If you have a black {Navy} type Character other than [Ripper], this Character gains [Blocker].(After your opponent declares an attack, you may rest this card to make it the new target of the attack.)",,https://en.onepiece-cardgame.com/images/cardlist/card/OP11-096.png?250502,0,True
OP11-097-0,OP11-097,0,After All These Years I'm Losing My Edge!!!,,UC,Black,OP11,,1.0,,"[Counter] Up to 1 of your Leader or Character cards gains +1000 power during this battle. Then, if you have 10 or more cards in your trash, add up to 1 black Character card with a cost of 3 or less from your trash to your hand.",,https://en.onepiece-cardgame.com/images/cardlist/card/OP11-097.png?250502,0,False
OP11-098-0,OP11-098,0,Blue Hole,,C,Black,OP11,,3.0,,[Main] You may trash 3 cards from the top of your deck: K.O. up to 1 of your opponent's Characters with a cost of 2 or less.,[Trigger] Up to 1 of your Leader or Character cards gains +1000 power during this turn.,https://en.onepiece-cardgame.com/images/cardlist/card/OP11-098.png?250502,0,False
OP11-099-0,OP11-099,0,I'm Gonna Be a Navy Officer!!!,,R,Black,OP11,,1.0,,"[Main] Look at 3 cards from the top of your deck; reveal up to 1 {Navy} type card other than [I'm Gonna Be a Navy Officer!!!] and add it to your hand. Then, trash the rest.",[Trigger] Activate this card's [Main] effect.,https://en.onepiece-cardgame.com/images/cardlist/card/OP11-099.png?250502,0,False
OP11-100-0,OP11-100,0,Otohime,463.0,C,Yellow,OP11,,1.0,2000.0,"[On Play] If your Leader is [Shirahoshi], you may turn 1 card from the top of your Life cards face-down: Draw 1 card.",,https://en.onepiece-cardgame.com/images/cardlist/card/OP11-100.png?250502,0,True
OP11-101-0,OP11-101,0,"Capone""Gang""Bege",1259.0,SR,Yellow,OP11,1000.0,2.0,1000.0,"[Blocker][Once Per Turn] If your {Supernovas} type Character other than [Capone""Gang""Bege] would be removed from the field by your opponent's effect, you may add it to the top of your Life cards face-down instead.",,https://en.onepiece-cardgame.com/images/cardlist/card/OP11-101.png?250502,0,True
OP11-101-1,OP11-101,1,"Capone""Gang""Bege",1259.0,SR,Yellow,OP11,1000.0,2.0,1000.0,"[Blocker][Once Per Turn] If your {Supernovas} type Character other than [Capone""Gang""Bege] would be removed from the field by your opponent's effect, you may add it to the top of your Life cards face-down instead.",,https://en.onepiece-cardgame.com/images/cardlist/card/OP11-101_p1.png?250502,0,True
OP11-102-0,OP11-102,0,Camie,1262.0,UC,Yellow,OP11,1000.0,1.0,2000.0,"[Your Turn] [Once Per Turn] This effect can be activated when your opponent activates an Event or [Trigger]. If your opponent has 2 or more Life cards, trash 1 card from the top of each of your and your opponent's Life cards.",,https://en.onepiece-cardgame.com/images/cardlist/card/OP11-102.png?250502,0,True
OP11-103-0,OP11-103,0,Long-Jaw Neptunian,,C,Yellow,OP11,7000.0,5.0,,"[Activate: Main] If your Leader is [Shirahoshi], you may rest this Character and turn 1 card from the top of your Life cards face-down: K.O. up to 1 of your opponent's Characters with a cost of 3 or less.",,https://en.onepiece-cardgame.com/images/cardlist/card/OP11-103.png?250502,0,False
OP11-104-0,OP11-104,0,Shirley,265.0,R,Yellow,OP11,4000.0,3.0,1000.0,"[Blocker][On Play] You may turn 1 card from the top of your Life cards face-down: Look at 3 cards from the top of your deck; reveal up to 1 {Fish-Man Island} type card and add it to your hand. Then, place the rest at the top or bottom of the deck in any order.",,https://en.onepiece-cardgame.com/images/cardlist/card/OP11-104.png?250502,0,True
OP11-105-0,OP11-105,0,Charlotte Chiffon,1222.0,UC,Yellow,OP11,6000.0,5.0,2000.0,-,,https://en.onepiece-cardgame.com/images/cardlist/card/OP11-105.png?250502,0,True
OP11-106-0,OP11-106,0,Zeus,60.0,R,Yellow,OP11,2000.0,2.0,2000.0,[On Play] You may add 1 card from the top or bottom of your Life cards to your hand: K.O. up to 1 of your opponent's Characters with a cost of 5 or less.,,https://en.onepiece-cardgame.com/images/cardlist/card/OP11-106.png?250502,0,True
OP11-106-1,OP11-106,1,Zeus,60.0,R,Yellow,OP11,2000.0,2.0,2000.0,[On Play] You may add 1 card from the top or bottom of your Life cards to your hand: K.O. up to 1 of your opponent's Characters with a cost of 5 or less.,,https://en.onepiece-cardgame.com/images/cardlist/card/OP11-106_p1.png?250502,0,True
OP11-107-0,OP11-107,0,Topknot Neptunian,,C,Yellow,OP11,6000.0,5.0,1000.0,"[Blocker][Activate: Main] [Once Per Turn] If your Leader is [Shirahoshi], you may turn 1 card from the top of your Life cards face-down: Set this Character as active at the end of this turn.",,https://en.onepiece-cardgame.com/images/cardlist/card/OP11-107.png?250502,0,False
OP11-108-0,OP11-108,0,Neptune,502.0,R,Yellow,OP11,7000.0,5.0,,"[On Play] If your Leader is [Shirahoshi], you may turn 1 card from the top of your Life cards face-down: Draw 2 cards and trash 1 card from your hand.",,https://en.onepiece-cardgame.com/images/cardlist/card/OP11-108.png?250502,0,True
OP11-109-0,OP11-109,0,Pappag,452.0,C,Yellow,OP11,,1.0,1000.0,"[On Play] If you have [Camie], draw 2 cards and trash 2 cards from your hand.",,https://en.onepiece-cardgame.com/images/cardlist/card/OP11-109.png?250502,0,True
OP11-110-0,OP11-110,0,Fukaboshi,1011.0,C,Yellow,OP11,5000.0,3.0,,"If this Character would be K.O.'d, you may rest 1 of your [Fish-Man Island] or your [Shirahoshi] Leader instead.[On Play] You may add 1 card from the top or bottom of your Life cards to your hand: K.O. up to 1 of your opponent's Characters with a cost of 1 or less.",,https://en.onepiece-cardgame.com/images/cardlist/card/OP11-110.png?250502,0,True
OP11-111-0,OP11-111,0,Mamboshi,645.0,UC,Yellow,OP11,7000.0,6.0,2000.0,-,,https://en.onepiece-cardgame.com/images/cardlist/card/OP11-111.png?250502,0,True
OP11-112-0,OP11-112,0,Megalo,604.0,UC,Yellow,OP11,2000.0,3.0,1000.0,"[Blocker] (After your opponent declares an attack, you may rest this card to make it the new target of the attack.)[Opponent's Turn] If your Leader is [Shirahoshi], this Character gains +4000 power.",,https://en.onepiece-cardgame.com/images/cardlist/card/OP11-112.png?250502,0,True
OP11-113-0,OP11-113,0,Ryuboshi,348.0,C,Yellow,OP11,7000.0,5.0,1000.0,-,,https://en.onepiece-cardgame.com/images/cardlist/card/OP11-113.png?250502,0,True
OP11-114-0,OP11-114,0,Gum-Gum Fire-Fist Pistol Red Hawk,,R,Yellow,OP11,,1.0,,"[Main] You may rest 3 of your DON!! cards: If you and your opponent have a total of 5 or more Life cards, K.O. up to 1 of your opponent's Characters with a base cost of 5 or less.[Counter] Up to 1 of your Leader gains +3000 power during this battle.",,https://en.onepiece-cardgame.com/images/cardlist/card/OP11-114.png?250502,0,False
OP11-114-1,OP11-114,1,Gum-Gum Fire-Fist Pistol Red Hawk,,R,Yellow,OP11,,1.0,,"[Main] You may rest 3 of your DON!! cards: If you and your opponent have a total of 5 or more Life cards, K.O. up to 1 of your opponent's Characters with a base cost of 5 or less.[Counter] Up to 1 of your Leader gains +3000 power during this battle.",,https://en.onepiece-cardgame.com/images/cardlist/card/OP11-114_p1.png?250502,0,False
OP11-115-0,OP11-115,0,You're Just Not My Type!,,UC,Yellow,OP11,,1.0,,"[Counter] If your Leader is [Shirahoshi], up to 1 of your Leader or Character cards gains +4000 power during this battle.",[Trigger] K.O. up to 1 of your opponent's Characters with a cost of 2 or less.,https://en.onepiece-cardgame.com/images/cardlist/card/OP11-115.png?250502,0,False
OP11-116-0,OP11-116,0,Merman Combat Ultramarine,,C,Yellow,OP11,,6.0,,[Main] Add up to 1 Character with a cost of 6 or less to the top or bottom of the owner's Life cards face-up.,[Trigger] Add up to 1 of your opponent's Characters with a cost of 4 or less to the top or bottom of the owner's Life cards face-up.,https://en.onepiece-cardgame.com/images/cardlist/card/OP11-116.png?250502,0,False
OP11-117-0,OP11-117,0,Fish-Man Island,,C,Yellow,OP11,,2.0,,"[Activate: Main] [Once Per Turn] If your Leader is [Shirahoshi], you may turn 1 card from the top of your Life cards face-up: Up to 1 of your {Neptunian}, {Fish-Man}, or {Merfolk} type Characters gains +1000 power during this turn.",,https://en.onepiece-cardgame.com/images/cardlist/card/OP11-117.png?250502,0,False
OP11-118-0,OP11-118,0,Monkey.D.Luffy,558.0,SEC,Blue,OP11,8000.0,8.0,,"[Rush][When Attacking] You may trash 1 card from your hand: Return up to 1 Character with a cost of 4 or less to the owner's hand. Then, give up to 1 rested DON!! card to your Leader or 1 of your Characters.",,https://en.onepiece-cardgame.com/images/cardlist/card/OP11-118.png?250502,0,True
OP11-118-1,OP11-118,1,Monkey.D.Luffy,558.0,SEC,Blue,OP11,8000.0,8.0,,"[Rush][When Attacking] You may trash 1 card from your hand: Return up to 1 Character with a cost of 4 or less to the owner's hand. Then, give up to 1 rested DON!! card to your Leader or 1 of your Characters.",,https://en.onepiece-cardgame.com/images/cardlist/card/OP11-118_p1.png?250502,0,True
OP11-118-2,OP11-118,2,Monkey.D.Luffy,558.0,SEC,Blue,OP11,8000.0,8.0,,"[Rush][When Attacking] You may trash 1 card from your hand: Return up to 1 Character with a cost of 4 or less to the owner's hand. Then, give up to 1 rested DON!! card to your Leader or 1 of your Characters.",,https://en.onepiece-cardgame.com/images/cardlist/card/OP11-118_p2.png?250502,0,True
OP11-119-0,OP11-119,0,Koby,730.0,SEC,Black,OP11,9000.0,8.0,,[On Play] Up to 1 of your Characters can also attack active Characters during this turn.[When Attacking] You may place 2 cards from your trash at the bottom of your deck in any order: Up to 1 of your Leader or Character cards gains +1000 power until the end of your opponent's next turn.,,https://en.onepiece-cardgame.com/images/cardlist/card/OP11-119.png?250502,0,True
OP11-119-1,OP11-119,1,Koby,730.0,SEC,Black,OP11,9000.0,8.0,,[On Play] Up to 1 of your Characters can also attack active Characters during this turn.[When Attacking] You may place 2 cards from your trash at the bottom of your deck in any order: Up to 1 of your Leader or Character cards gains +1000 power until the end of your opponent's next turn.,,https://en.onepiece-cardgame.com/images/cardlist/card/OP11-119_p1.png?250502,0,True
EB01-057-2,EB01-057,2,Shirahoshi,272.0,SP CARD,Yellow,EB01,,2.0,1000.0,"When this Character is K.O.'d by your opponent's effect, add up to 1 card from the top of your deck to the top of your Life cards.[Blocker] (After your opponent declares an attack, you may rest this card to make it the new target of the attack.)",,https://en.onepiece-cardgame.com/images/cardlist/card/EB01-057_p2.png?250502,0,True
OP05-119-6,OP05-119,6,Monkey.D.Luffy,558.0,SP CARD,Purple,OP05,12000.0,10.0,,"[On Play] DON!! −10: Place all of your Characters except this Character at the bottom of your deck in any order. Then, take an extra turn after this one.[Activate: Main] [Once Per Turn] You may rest 1 of your DON!! cards: Add up to 1 DON!! card from your DON!! deck and set it as active.",,https://en.onepiece-cardgame.com/images/cardlist/card/OP05-119_p6.png?250502,0,True
OP05-119-7,OP05-119,7,Monkey.D.Luffy,558.0,SP CARD,Purple,OP05,12000.0,10.0,,"[On Play] DON!! −10: Place all of your Characters except this Character at the bottom of your deck in any order. Then, take an extra turn after this one.[Activate: Main] [Once Per Turn] You may rest 1 of your DON!! cards: Add up to 1 DON!! card from your DON!! deck and set it as active.",,https://en.onepiece-cardgame.com/images/cardlist/card/OP05-119_p7.png?250502,0,True
OP06-119-2,OP06-119,2,Sanji,326.0,SP CARD,Blue,OP06,9000.0,9.0,,"[On Play] Reveal 1 card from the top of your deck and play up to 1 Character with a cost of 9 or less other than [Sanji]. Then, place the rest at the bottom of your deck.",,https://en.onepiece-cardgame.com/images/cardlist/card/OP06-119_p2.png?250502,0,True
OP07-085-2,OP07-085,2,Stussy,224.0,SP CARD,Black,OP07,9000.0,9.0,,[On Play] You may trash 1 of your Characters: K.O. up to 1 of your opponent's Characters.,,https://en.onepiece-cardgame.com/images/cardlist/card/OP07-085_p2.png?250502,0,True
OP09-005-1,OP09-005,1,Silvers Rayleigh,264.0,SP CARD,Red,OP09,6000.0,5.0,1000.0,"[Blocker] (After your opponent declares an attack, you may rest this card to make it the new target of the attack.)[On Play] If your opponent has 2 or more Characters with a base power of 5000 or more, draw 2 cards and trash 1 card from your hand.",,https://en.onepiece-cardgame.com/images/cardlist/card/OP09-005_p1.png?250502,0,True
ST16-004-1,ST16-004,1,Shanks,290.0,SP CARD,Green,ST16,11000.0,9.0,,[On Play] K.O. up to 1 of your opponent's rested Characters.,,https://en.onepiece-cardgame.com/images/cardlist/card/ST16-004_p1.png?250502,0,True
ST18-005-1,ST18-005,1,Luffy-Tarou,558.0,SP CARD,Purple,ST18,8000.0,7.0,,[On Play] DON!! −1 (You may return the specified number of DON!! cards from your field to your DON!! deck.): Play up to 1 purple {Straw Hat Crew} type Character card with a cost of 5 or less from your hand.,,https://en.onepiece-cardgame.com/images/cardlist/card/ST18-005_p1.png?250502,0,True
OP10-001-0,OP10-001,0,Smoker,258.0,L,Red/Green,OP10,5000.0,,,"[Opponent's Turn] All of your {Navy} or {Punk Hazard} type Characters gain +1000 power.[Activate: Main] [Once Per Turn] If you have a Character with 7000 power or more, set up to 2 of your DON!! cards as active.",,https://en.onepiece-cardgame.com/images/cardlist/card/OP10-001.png?250502,0,True
OP10-001-1,OP10-001,1,Smoker,258.0,L,Red/Green,OP10,5000.0,,,"[Opponent's Turn] All of your {Navy} or {Punk Hazard} type Characters gain +1000 power.[Activate: Main] [Once Per Turn] If you have a Character with 7000 power or more, set up to 2 of your DON!! cards as active.",,https://en.onepiece-cardgame.com/images/cardlist/card/OP10-001_p1.png?250502,0,True
OP10-002-0,OP10-002,0,Caesar Clown,1268.0,L,Red/Blue,OP10,5000.0,,,[DON!! x2] [When Attacking] You may return 1 of your {Punk Hazard} type Characters with a cost of 2 or more to the owner's hand: K.O. up to 1 of your opponent's Characters with 4000 power or less.,,https://en.onepiece-cardgame.com/images/cardlist/card/OP10-002.png?250502,0,True
OP10-002-1,OP10-002,1,Caesar Clown,1268.0,L,Red/Blue,OP10,5000.0,,,[DON!! x2] [When Attacking] You may return 1 of your {Punk Hazard} type Characters with a cost of 2 or more to the owner's hand: K.O. up to 1 of your opponent's Characters with 4000 power or less.,,https://en.onepiece-cardgame.com/images/cardlist/card/OP10-002_p1.png?250502,0,True
OP10-003-0,OP10-003,0,Sugar,221.0,L,Red/Purple,OP10,5000.0,,,"[End of Your Turn] If you have a {Donquixote Pirates} type Character with 6000 power or more, set up to 1 of your DON!! cards as active.[Opponent's Turn] [Once Per Turn] When you activate an Event, add up to 1 DON!! card from your DON!! deck and set it as active.",,https://en.onepiece-cardgame.com/images/cardlist/card/OP10-003.png?250502,0,True
OP10-003-1,OP10-003,1,Sugar,221.0,L,Red/Purple,OP10,5000.0,,,"[End of Your Turn] If you have a {Donquixote Pirates} type Character with 6000 power or more, set up to 1 of your DON!! cards as active.[Opponent's Turn] [Once Per Turn] When you activate an Event, add up to 1 DON!! card from your DON!! deck and set it as active.",,https://en.onepiece-cardgame.com/images/cardlist/card/OP10-003_p1.png?250502,0,True
OP10-004-0,OP10-004,0,Vergo,132.0,R,Red,OP10,2000.0,1.0,1000.0,"[On Play] Look at 5 cards from the top of your deck; reveal up to 1 {Punk Hazard} type card other than [Vergo] and add it to your hand. Then, place the rest at the bottom of your deck in any order.",,https://en.onepiece-cardgame.com/images/cardlist/card/OP10-004.png?250502,0,True
OP10-005-0,OP10-005,0,Sanji,326.0,SR,Red,OP10,3000.0,3.0,1000.0,[Your Turn] This Character gains +3000 power.[On K.O.] Draw 1 card.,,https://en.onepiece-cardgame.com/images/cardlist/card/OP10-005.png?250502,0,True
OP10-005-1,OP10-005,1,Sanji,326.0,SR,Red,OP10,3000.0,3.0,1000.0,[Your Turn] This Character gains +3000 power.[On K.O.] Draw 1 card.,,https://en.onepiece-cardgame.com/images/cardlist/card/OP10-005_p1.png?250502,0,True
OP10-006-0,OP10-006,0,Caesar Clown,1268.0,UC,Red,OP10,7000.0,7.0,,"[On Play] Look at 5 cards from the top of your deck; reveal up to 1 [Smiley] and add it to your hand. Then, place the rest at the bottom of your deck in any order and play up to 1 [Smiley] from your hand.",,https://en.onepiece-cardgame.com/images/cardlist/card/OP10-006.png?250502,0,True
OP10-007-0,OP10-007,0,Ceaser Soldier,,UC,Red,OP10,4000.0,3.0,1000.0,[On Play] Play up to 1 {Punk Hazard} type Character card with a cost of 2 or less from your hand.,,https://en.onepiece-cardgame.com/images/cardlist/card/OP10-007.png?250502,0,False
OP10-008-0,OP10-008,0,Scotch,311.0,C,Red,OP10,1000.0,2.0,1000.0,"[Blocker] (After your opponent declares an attack, you may rest this card to make it the new target of the attack.)[On Play] If you don't have [Rock], play up to 1 [Rock] from your hand.",,https://en.onepiece-cardgame.com/images/cardlist/card/OP10-008.png?250502,0,True
OP10-009-0,OP10-009,0,Smiley,259.0,R,Red,OP10,6000.0,5.0,1000.0,"[On Play] If your Leader has the {Punk Hazard} type, give up to 1 of your opponent's Characters −3000 power during this turn.",,https://en.onepiece-cardgame.com/images/cardlist/card/OP10-009.png?250502,0,True
OP10-010-0,OP10-010,0,Chadros.Higelyges (Brownbeard),1243.0,C,Red,OP10,5000.0,3.0,,"[When Attacking] If you have 1 or less Characters with 6000 power or more, this Character gains +1000 power during this turn.",,https://en.onepiece-cardgame.com/images/cardlist/card/OP10-010.png?250502,0,True
OP10-011-0,OP10-011,0,Tony Tony.Chopper,175.0,R,Red,OP10,4000.0,4.0,2000.0,"[Blocker] (After your opponent declares an attack, you may rest this card to make it the new target of the attack.)[Opponent's Turn] This Character gains +2000 power.",,https://en.onepiece-cardgame.com/images/cardlist/card/OP10-011.png?250502,0,True
OP10-012-0,OP10-012,0,Dragon Number Thirteen,1059.0,C,Red,OP10,2000.0,2.0,1000.0,"[Blocker] (After your opponent declares an attack, you may rest this card to make it the new target of the attack.)",,https://en.onepiece-cardgame.com/images/cardlist/card/OP10-012.png?250502,0,True
OP10-013-0,OP10-013,0,Nami,515.0,C,Red,OP10,7000.0,5.0,1000.0,-,,https://en.onepiece-cardgame.com/images/cardlist/card/OP10-013.png?250502,0,True
OP10-014-0,OP10-014,0,Franky,1014.0,C,Red,OP10,8000.0,6.0,1000.0,-,,https://en.onepiece-cardgame.com/images/cardlist/card/OP10-014.png?250502,0,True
OP10-015-0,OP10-015,0,Mocha,569.0,UC,Red,OP10,3000.0,3.0,2000.0,[On Play] Give up to 1 of your opponent's Characters −1000 power during this turn.,,https://en.onepiece-cardgame.com/images/cardlist/card/OP10-015.png?250502,0,True
OP10-016-0,OP10-016,0,Monet,563.0,SR,Red,OP10,3000.0,2.0,1000.0,"[Activate: Main] You may rest this Character: Give up to 2 rested DON!! cards to your Leader or 1 of your Characters. Then, give up to 1 of your opponent's Characters −1000 power during this turn.",,https://en.onepiece-cardgame.com/images/cardlist/card/OP10-016.png?250502,0,True
OP10-016-1,OP10-016,1,Monet,563.0,SR,Red,OP10,3000.0,2.0,1000.0,"[Activate: Main] You may rest this Character: Give up to 2 rested DON!! cards to your Leader or 1 of your Characters. Then, give up to 1 of your opponent's Characters −1000 power during this turn.",,https://en.onepiece-cardgame.com/images/cardlist/card/OP10-016_p1.png?250502,0,True
OP10-017-0,OP10-017,0,Rock,,C,Red,OP10,3000.0,2.0,1000.0,"[On Play] If you don't have [Scotch], play up to 1 [Scotch] from your hand.",,https://en.onepiece-cardgame.com/images/cardlist/card/OP10-017.png?250502,0,False
OP10-018-0,OP10-018,0,Ten-Layer Igloo,,C,Red,OP10,,2.0,,"[Counter] Up to 1 of your Leader or Character cards gains +3000 power during this battle. Then, give up to 1 of your opponent's Leader or Character cards −2000 power during this turn.",[Trigger] Up to 1 of your Leader or Character cards gains +1000 power during this turn.,https://en.onepiece-cardgame.com/images/cardlist/card/OP10-018.png?250502,0,False
OP10-019-0,OP10-019,0,Divine Departure,,R,Red,OP10,,1.0,,[Main] You may rest 5 of your DON!! cards: K.O. up to 1 of your opponent's Characters with 8000 power or less.[Counter] Up to 1 of your Leader gains +3000 power during this battle.,,https://en.onepiece-cardgame.com/images/cardlist/card/OP10-019.png?250502,0,False
OP10-019-1,OP10-019,1,Divine Departure,,R,Red,OP10,,1.0,,[Main] You may rest 5 of your DON!! cards: K.O. up to 1 of your opponent's Characters with 8000 power or less.[Counter] Up to 1 of your Leader gains +3000 power during this battle.,,https://en.onepiece-cardgame.com/images/cardlist/card/OP10-019_p1.png?250502,0,False
OP10-020-0,OP10-020,0,Gum-Gum UFO,,UC,Red,OP10,,2.0,,"[Main] Give up to 1 of your opponent's Characters −4000 power during this turn. Then, if you have 2 or less Life cards, up to 1 of your Leader or Character cards gains +1000 power during this turn.",[Trigger] K.O. up to 1 of your opponent's Characters with 3000 power or less.,https://en.onepiece-cardgame.com/images/cardlist/card/OP10-020.png?250502,0,False
OP10-021-0,OP10-021,0,Punk Hazard,,C,Red,OP10,,1.0,,"[Activate: Main] You may rest this Stage: If your Leader is [Caesar Clown], give up to 1 rested DON!! card to your Leader or 1 of your Characters.",,https://en.onepiece-cardgame.com/images/cardlist/card/OP10-021.png?250502,0,False
OP10-022-0,OP10-022,0,Trafalgar Law,169.0,L,Green/Yellow,OP10,5000.0,,,"[DON!! x1] [Activate: Main] [Once Per Turn] If the total cost of your Characters is 5 or more, you may return 1 of your Characters to the owner's hand: Reveal 1 card from the top of your Life cards. If that card is a {Supernovas} type Character card with a cost of 5 or less, you may play that card.",,https://en.onepiece-cardgame.com/images/cardlist/card/OP10-022.png?250502,0,True
OP10-022-1,OP10-022,1,Trafalgar Law,169.0,L,Green/Yellow,OP10,5000.0,,,"[DON!! x1] [Activate: Main] [Once Per Turn] If the total cost of your Characters is 5 or more, you may return 1 of your Characters to the owner's hand: Reveal 1 card from the top of your Life cards. If that card is a {Supernovas} type Character card with a cost of 5 or less, you may play that card.",,https://en.onepiece-cardgame.com/images/cardlist/card/OP10-022_p1.png?250502,0,True
OP10-023-0,OP10-023,0,Issho,836.0,C,Green,OP10,6000.0,5.0,1000.0,"[On Play] If your Leader has the {Navy} type, rest up to 2 of your opponent's Characters with a cost of 5 or less.",,https://en.onepiece-cardgame.com/images/cardlist/card/OP10-023.png?250502,0,True
OP10-024-0,OP10-024,0,Edward.Newgate,1051.0,C,Green,OP10,6000.0,5.0,1000.0,"[On Play] If you have 2 or more rested Characters, rest up to 1 of your opponent's Characters with a cost of 5 or less. Then, K.O. up to 1 of your opponent's rested Characters with a cost of 3 or less.",,https://en.onepiece-cardgame.com/images/cardlist/card/OP10-024.png?250502,0,True
OP10-025-0,OP10-025,0,Enel,1041.0,R,Green,OP10,6000.0,5.0,1000.0,"[On Play] If you have 2 or more rested Characters, draw 3 cards and trash 2 cards from your hand.",,https://en.onepiece-cardgame.com/images/cardlist/card/OP10-025.png?250502,0,True
OP10-026-0,OP10-026,0,Kin'emon,742.0,C,Green,OP10,1000.0,2.0,1000.0,[Activate: Main] You may place this Character and 1 [Kin'emon] with 0 power from your trash at the bottom of your deck in any order: Play up to 1 [Kin'emon] with a cost of 6 from your hand.,,https://en.onepiece-cardgame.com/images/cardlist/card/OP10-026.png?250502,0,True
OP10-027-0,OP10-027,0,Kin'emon,742.0,UC,Green,OP10,,2.0,2000.0,[Activate: Main] You may place this Character and 1 [Kin'emon] with 1000 power from your trash at the bottom of your deck in any order: Play up to 1 [Kin'emon] with a cost of 6 from your hand.,,https://en.onepiece-cardgame.com/images/cardlist/card/OP10-027.png?250502,0,True
OP10-028-0,OP10-028,0,Kouzuki Momonosuke,709.0,UC,Green,OP10,1000.0,1.0,1000.0,"[Activate: Main] You may rest 2 of your DON!! cards and trash this Character: Look at 5 cards from the top of your deck; reveal up to 2 {The Akazaya Nine} type cards and add them to your hand. Then, place the rest at the bottom of your deck in any order.",,https://en.onepiece-cardgame.com/images/cardlist/card/OP10-028.png?250502,0,True
OP10-029-0,OP10-029,0,Dracule Mihawk,1061.0,R,Green,OP10,6000.0,5.0,1000.0,"[On Play] If you have 2 or more rested Characters, set up to 1 of your rested {ODYSSEY} type Characters with a cost of 5 or less as active.",,https://en.onepiece-cardgame.com/images/cardlist/card/OP10-029.png?250502,0,True
OP10-030-0,OP10-030,0,Smoker,258.0,SR,Green,OP10,7000.0,5.0,,"[Banish] (When this card deals damage, the target card is trashed without activating its Trigger.)[Activate: Main] Set up to 1 of your DON!! cards as active. Then, you cannot set DON!! cards as active using Character effects during this turn.",,https://en.onepiece-cardgame.com/images/cardlist/card/OP10-030.png?250502,0,True
OP10-030-1,OP10-030,1,Smoker,258.0,SR,Green,OP10,7000.0,5.0,,"[Banish] (When this card deals damage, the target card is trashed without activating its Trigger.)[Activate: Main] Set up to 1 of your DON!! cards as active. Then, you cannot set DON!! cards as active using Character effects during this turn.",,https://en.onepiece-cardgame.com/images/cardlist/card/OP10-030_p1.png?250502,0,True
OP10-031-0,OP10-031,0,Sengoku,305.0,C,Green,OP10,7000.0,5.0,1000.0,-,,https://en.onepiece-cardgame.com/images/cardlist/card/OP10-031.png?250502,0,True
OP10-032-0,OP10-032,0,Tashigi,200.0,SR,Green,OP10,4000.0,3.0,2000.0,"If you have a green Character other than [Tashigi] that would be removed from the field by your opponent's effect, you may rest this Character instead.",,https://en.onepiece-cardgame.com/images/cardlist/card/OP10-032.png?250502,0,True
OP10-032-1,OP10-032,1,Tashigi,200.0,SR,Green,OP10,4000.0,3.0,2000.0,"If you have a green Character other than [Tashigi] that would be removed from the field by your opponent's effect, you may rest this Character instead.",,https://en.onepiece-cardgame.com/images/cardlist/card/OP10-032_p1.png?250502,0,True
OP10-033-0,OP10-033,0,Nami,515.0,UC,Green,OP10,2000.0,2.0,2000.0,"[On Play] If you have 2 or more rested {ODYSSEY} type Characters, up to 1 of your opponent's rested DON!! cards will not become active in your opponent's next Refresh Phase.",,https://en.onepiece-cardgame.com/images/cardlist/card/OP10-033.png?250502,0,True
OP10-034-0,OP10-034,0,Franky,1014.0,C,Green,OP10,5000.0,4.0,1000.0,"[Once Per Turn] If this Character would be K.O.'d in battle, you may add 1 card from the top of your Life cards to your hand instead.",,https://en.onepiece-cardgame.com/images/cardlist/card/OP10-034.png?250502,0,True
OP10-035-0,OP10-035,0,Brook,1282.0,C,Green,OP10,5000.0,3.0,,[On K.O.] Rest up to 1 of your opponent's Leader or Character cards with a cost of 5 or less.,,https://en.onepiece-cardgame.com/images/cardlist/card/OP10-035.png?250502,0,True
OP10-036-0,OP10-036,0,Perona,434.0,C,Green,OP10,5000.0,4.0,1000.0,"[Your Turn] [Once Per Turn] If a Character is rested by your effect, set up to 1 of your DON!! cards as active.",,https://en.onepiece-cardgame.com/images/cardlist/card/OP10-036.png?250502,0,True
OP10-037-0,OP10-037,0,Lim,1395.0,R,Green,OP10,,1.0,1000.0,"[Once Per Turn] If this Character would be removed from the field by your opponent's effect, you may rest 1 of your {ODYSSEY} type Characters instead.[End of Your Turn] Set up to 1 of your {ODYSSEY} type Characters as active.",,https://en.onepiece-cardgame.com/images/cardlist/card/OP10-037.png?250502,0,True
OP10-037-1,OP10-037,1,Lim,1395.0,R,Green,OP10,,1.0,1000.0,"[Once Per Turn] If this Character would be removed from the field by your opponent's effect, you may rest 1 of your {ODYSSEY} type Characters instead.[End of Your Turn] Set up to 1 of your {ODYSSEY} type Characters as active.",,https://en.onepiece-cardgame.com/images/cardlist/card/OP10-037_p1.png?250502,0,True
OP10-038-0,OP10-038,0,Roronoa Zoro,357.0,C,Green,OP10,6000.0,5.0,1000.0,"[Opponent's Turn] If you have 2 or more rested Characters, this Character gains +2000 power.",,https://en.onepiece-cardgame.com/images/cardlist/card/OP10-038.png?250502,0,True
OP10-039-0,OP10-039,0,Gum-Gum Dragon Fire Pistol Twister Star,,UC,Green,OP10,,3.0,,"[Main] If your Leader has the {ODYSSEY} type, look at 5 cards from the top of your deck; reveal up to 2 {ODYSSEY} type Character cards and add them to your hand. Then, place the rest at the bottom of your deck in any order.",[Trigger] Rest up to 1 of your opponent's Characters with a cost of 5 or less.,https://en.onepiece-cardgame.com/images/cardlist/card/OP10-039.png?250502,0,False
OP10-040-0,OP10-040,0,The Weak Do Not Have the Right to Choose How They Die,,C,Green,OP10,,5.0,,[Main]/[Counter] K.O. up to 1 of your opponent's rested Characters with a cost of 7 or less.,,https://en.onepiece-cardgame.com/images/cardlist/card/OP10-040.png?250502,0,False
OP10-041-0,OP10-041,0,Radio Knife,,R,Green,OP10,,4.0,,"[Main] Rest up to 1 of your opponent's Characters with a cost of 6 or less. Then, K.O. up to 1 of your opponent's rested Characters with a cost of 5 or less.",[Trigger] Rest up to 1 of your opponent's Characters with a cost of 4 or less.,https://en.onepiece-cardgame.com/images/cardlist/card/OP10-041.png?250502,0,False
OP10-042-0,OP10-042,0,Usopp,136.0,L,Blue/Black,OP10,5000.0,,,"All of your {Dressrosa} type Characters with a cost of 2 or more gain +1 cost.[Opponent's Turn] [Once Per Turn] This effect can be activated when your {Dressrosa} type Character is removed from the field by your opponent's effect or K.O.'d. If you have 5 or less cards in your hand, draw 1 card.",,https://en.onepiece-cardgame.com/images/cardlist/card/OP10-042.png?250502,0,True
OP10-042-1,OP10-042,1,Usopp,136.0,L,Blue/Black,OP10,5000.0,,,"All of your {Dressrosa} type Characters with a cost of 2 or more gain +1 cost.[Opponent's Turn] [Once Per Turn] This effect can be activated when your {Dressrosa} type Character is removed from the field by your opponent's effect or K.O.'d. If you have 5 or less cards in your hand, draw 1 card.",,https://en.onepiece-cardgame.com/images/cardlist/card/OP10-042_p1.png?250502,0,True
OP10-043-0,OP10-043,0,Moocy,152.0,C,Blue,OP10,2000.0,2.0,2000.0,[On Play] You may rest 1 of your {Dressrosa} type Leader or Stage cards: Up to 1 of your [Monkey.D.Luffy] Characters gains [Banish] during this turn.,,https://en.onepiece-cardgame.com/images/cardlist/card/OP10-043.png?250502,0,True
OP10-044-0,OP10-044,0,Cub,788.0,UC,Blue,OP10,2000.0,1.0,1000.0,[On Play] You may rest 1 of your {Dressrosa} type Leader or Stage cards: Return up to 1 of your opponent's Characters with a cost of 1 or less to the owner's hand.,,https://en.onepiece-cardgame.com/images/cardlist/card/OP10-044.png?250502,0,True
OP10-045-0,OP10-045,0,Cavendish,1245.0,R,Blue,OP10,6000.0,4.0,,[When Attacking] [Once Per Turn] Draw 2 cards and trash 1 card from your hand.,,https://en.onepiece-cardgame.com/images/cardlist/card/OP10-045.png?250502,0,True
OP10-045-1,OP10-045,1,Cavendish,1245.0,R,Blue,OP10,6000.0,4.0,,[When Attacking] [Once Per Turn] Draw 2 cards and trash 1 card from your hand.,,https://en.onepiece-cardgame.com/images/cardlist/card/OP10-045_p1.png?250502,0,True
OP10-046-0,OP10-046,0,Kyros,682.0,SR,Blue,OP10,9000.0,7.0,,[On Play] Return up to 1 Character with a cost of 5 or less to the owner's hand.,,https://en.onepiece-cardgame.com/images/cardlist/card/OP10-046.png?250502,0,True
OP10-046-1,OP10-046,1,Kyros,682.0,SR,Blue,OP10,9000.0,7.0,,[On Play] Return up to 1 Character with a cost of 5 or less to the owner's hand.,,https://en.onepiece-cardgame.com/images/cardlist/card/OP10-046_p1.png?250502,0,True
OP10-047-0,OP10-047,0,Koala,727.0,UC,Blue,OP10,3000.0,2.0,1000.0,[When Attacking] You may return 1 of your {Revolutionary Army} type Characters with a cost of 3 or more to the owner's hand: This Character gains +3000 power during this turn.,,https://en.onepiece-cardgame.com/images/cardlist/card/OP10-047.png?250502,0,True
OP10-048-0,OP10-048,0,Sai,340.0,C,Blue,OP10,5000.0,3.0,,[On Play] You may rest 1 of your {Dressrosa} type Leader or Stage cards: Return up to 1 of your opponent's Characters with a cost of 1 or less to the owner's hand.,,https://en.onepiece-cardgame.com/images/cardlist/card/OP10-048.png?250502,0,True
OP10-049-0,OP10-049,0,Sabo,343.0,R,Blue,OP10,5000.0,4.0,2000.0,"If your Character with a base cost of 7 or less other than [Sabo] would be removed from the field by your opponent's effect, you may return this Character to the owner's hand instead.",,https://en.onepiece-cardgame.com/images/cardlist/card/OP10-049.png?250502,0,True
OP10-050-0,OP10-050,0,Hajrudin,933.0,C,Blue,OP10,9000.0,7.0,1000.0,-,,https://en.onepiece-cardgame.com/images/cardlist/card/OP10-050.png?250502,0,True
OP10-051-0,OP10-051,0,Hack,932.0,UC,Blue,OP10,5000.0,4.0,1000.0,"[DON!! x1] [When Attacking] Look at 3 cards from the top of your deck; reveal up to 1 {Revolutionary Army} type Character card and add it to your hand. Then, place the rest at the bottom of your deck in any order.",,https://en.onepiece-cardgame.com/images/cardlist/card/OP10-051.png?250502,0,True
OP10-052-0,OP10-052,0,Bartolomeo,1324.0,C,Blue,OP10,6000.0,5.0,,"[Blocker] (After your opponent declares an attack, you may rest this card to make it the new target of the attack.)[On Play] Place up to 1 Character with a cost of 1 or less at the bottom of the owner's deck.",,https://en.onepiece-cardgame.com/images/cardlist/card/OP10-052.png?250502,0,True
OP10-053-0,OP10-053,0,Bian,10.0,C,Blue,OP10,1000.0,1.0,1000.0,"If you have a {The Tontattas} type Character other than [Bian], this Character gains [Blocker].",,https://en.onepiece-cardgame.com/images/cardlist/card/OP10-053.png?250502,0,True
OP10-054-0,OP10-054,0,Blue Gilly,1311.0,C,Blue,OP10,5000.0,3.0,1000.0,-,,https://en.onepiece-cardgame.com/images/cardlist/card/OP10-054.png?250502,0,True
OP10-055-0,OP10-055,0,Marco,635.0,R,Blue,OP10,5000.0,3.0,,"[Blocker] (After your opponent declares an attack, you may rest this card to make it the new target of the attack.)[On K.O.] Return up to 1 of your opponent's Characters with a cost of 4 or less to the owner's hand.",,https://en.onepiece-cardgame.com/images/cardlist/card/OP10-055.png?250502,0,True
OP10-056-0,OP10-056,0,Mansherry,636.0,UC,Blue,OP10,,2.0,1000.0,"[On Play] You may rest 1 of your {Dressrosa} type Leader or Stage cards, and return 1 of your {Dressrosa} type Characters with a cost of 4 or more to the owner's hand: Return up to 1 of your opponent's Characters with a cost of 4 or less to the owner's hand.",,https://en.onepiece-cardgame.com/images/cardlist/card/OP10-056.png?250502,0,True
OP10-057-0,OP10-057,0,Leo,668.0,R,Blue,OP10,2000.0,1.0,1000.0,"[On Play] You may rest your Leader or 1 of your Stage cards: If your Leader is [Usopp], look at 5 cards from the top of your deck; reveal up to 2 {Dressrosa} type cards other than [Leo] and add them to your hand. Then, place the rest at the bottom of your deck in any order, and trash 1 card from your hand.",,https://en.onepiece-cardgame.com/images/cardlist/card/OP10-057.png?250502,0,True
OP10-058-0,OP10-058,0,Rebecca,383.0,SR,Blue,OP10,4000.0,7.0,1000.0,"[On Play] If there is a Character with a cost of 8 or more, draw 1 card. Then, reveal up to 2 {Dressrosa} type Character cards with a cost of 7 or less other than [Rebecca] from your hand. Play 1 of the revealed cards and play the other card rested if it has a cost of 4 or less.",,https://en.onepiece-cardgame.com/images/cardlist/card/OP10-058.png?250502,0,True
OP10-058-1,OP10-058,1,Rebecca,383.0,SR,Blue,OP10,4000.0,7.0,1000.0,"[On Play] If there is a Character with a cost of 8 or more, draw 1 card. Then, reveal up to 2 {Dressrosa} type Character cards with a cost of 7 or less other than [Rebecca] from your hand. Play 1 of the revealed cards and play the other card rested if it has a cost of 4 or less.",,https://en.onepiece-cardgame.com/images/cardlist/card/OP10-058_p1.png?250502,0,True
OP10-059-0,OP10-059,0,Fo...llow...Me...and...I...Will...Gui...de...You,,R,Blue,OP10,,1.0,,"[Main] Look at 5 cards from the top of your deck; reveal up to 1 {Dressrosa} type Character card and add it to your hand. Then, place the rest at the bottom of your deck in any order.",[Trigger] Activate this card's [Main] effect.,https://en.onepiece-cardgame.com/images/cardlist/card/OP10-059.png?250502,0,False
OP10-060-0,OP10-060,0,Barrier-Barrier Pistol,,C,Blue,OP10,,5.0,,[Main] Place up to 1 of your opponent's Characters with 6000 power or less at the bottom of the owner's deck.,[Trigger] Activate this card's [Main] effect.,https://en.onepiece-cardgame.com/images/cardlist/card/OP10-060.png?250502,0,False
OP10-061-0,OP10-061,0,Special Long-Range Attack!! Bagworm,,UC,Blue,OP10,,3.0,,"[Main] Draw 1 card. Then, return up to 1 of your opponent's Characters with a cost of 2 or less to the owner's hand.",[Trigger] Return up to 1 Character with a cost of 2 or less to the owner's hand.,https://en.onepiece-cardgame.com/images/cardlist/card/OP10-061.png?250502,0,False
OP10-062-0,OP10-062,0,Violet,114.0,R,Purple,OP10,4000.0,3.0,1000.0,"[Blocker][On K.O.] DON!! −1: If your Leader has the {Donquixote Pirates} type, add up to 1 purple Event from your trash to your hand.",,https://en.onepiece-cardgame.com/images/cardlist/card/OP10-062.png?250502,0,True
OP10-063-0,OP10-063,0,Vinsmoke Sanji,326.0,R,Purple,OP10,2000.0,1.0,1000.0,"[On Play] If your Leader's type includes ""GERMA"", look at 5 cards from the top of your deck; reveal up to 1 card with a type including ""GERMA"" and add it to your hand. Then, place the rest at the bottom of your deck in any order.",,https://en.onepiece-cardgame.com/images/cardlist/card/OP10-063.png?250502,0,True
OP10-064-0,OP10-064,0,Clone Soldier,,C,Purple,OP10,2000.0,2.0,1000.0,"[Blocker] (After your opponent declares an attack, you may rest this card to make it the new target of the attack.)",,https://en.onepiece-cardgame.com/images/cardlist/card/OP10-064.png?250502,0,False
OP10-065-0,OP10-065,0,Sugar,221.0,R,Purple,OP10,1000.0,1.0,1000.0,"[Activate: Main] You may rest 1 of your DON!! cards and this Character: Look at 5 cards from the top of your deck; reveal up to 1 {Donquixote Pirates} type card and add it to your hand. Then, place the rest at the bottom of your deck in any order.",,https://en.onepiece-cardgame.com/images/cardlist/card/OP10-065.png?250502,0,True
OP10-066-0,OP10-066,0,Giolla,964.0,UC,Purple,OP10,2000.0,2.0,2000.0,[On Your Opponent's Attack] [Once Per Turn] You may rest 2 of your DON!! cards: Rest up to 1 of your opponent's Characters with a cost of 4 or less.,,https://en.onepiece-cardgame.com/images/cardlist/card/OP10-066.png?250502,0,True
OP10-067-0,OP10-067,0,Senor Pink,302.0,R,Purple,OP10,6000.0,5.0,,"[On Play] DON!! −1 (You may return the specified number of DON!! cards from your field to your DON!! deck.): Add up to 1 purple Event with a cost of 5 or less from your trash to your hand. Then, set up to 1 of your DON!! cards as active.",,https://en.onepiece-cardgame.com/images/cardlist/card/OP10-067.png?250502,0,True
OP10-067-1,OP10-067,1,Senor Pink,302.0,R,Purple,OP10,6000.0,5.0,,"[On Play] DON!! −1 (You may return the specified number of DON!! cards from your field to your DON!! deck.): Add up to 1 purple Event with a cost of 5 or less from your trash to your hand. Then, set up to 1 of your DON!! cards as active.",,https://en.onepiece-cardgame.com/images/cardlist/card/OP10-067_p1.png?250502,0,True
OP10-068-0,OP10-068,0,Diamante,1092.0,C,Purple,OP10,7000.0,5.0,1000.0,-,,https://en.onepiece-cardgame.com/images/cardlist/card/OP10-068.png?250502,0,True
OP10-069-0,OP10-069,0,Fighting Fish,,C,Purple,OP10,6000.0,4.0,,[DON!! x1] [When Attacking] DON!! −1 (You may return the specified number of DON!! cards from your field to your DON!! deck.): K.O. up to 1 of your opponent's Characters with a cost of 1 or less.,,https://en.onepiece-cardgame.com/images/cardlist/card/OP10-069.png?250502,0,False
OP10-070-0,OP10-070,0,Trebol,165.0,C,Purple,OP10,5000.0,4.0,1000.0,"[Blocker] (After your opponent declares an attack, you may rest this card to make it the new target of the attack.)[On Play] All of your Characters with 1000 base power or less cannot be K.O.'d by your opponent's effects until the end of your opponent's next turn.",,https://en.onepiece-cardgame.com/images/cardlist/card/OP10-070.png?250502,0,True
OP10-071-0,OP10-071,0,Donquixote Doflamingo,1070.0,SR,Purple,OP10,9000.0,8.0,,[On Play] DON!! −1: Play up to 1 {Donquixote Pirates} type Character card with a cost of 5 or less from your hand.[On Your Opponent's Attack] [Once Per Turn] You may rest 1 of your DON!! cards: Add up to 1 DON!! card from your DON!! deck and set it as active.,,https://en.onepiece-cardgame.com/images/cardlist/card/OP10-071.png?250502,0,True
OP10-071-1,OP10-071,1,Donquixote Doflamingo,1070.0,SR,Purple,OP10,9000.0,8.0,,[On Play] DON!! −1: Play up to 1 {Donquixote Pirates} type Character card with a cost of 5 or less from your hand.[On Your Opponent's Attack] [Once Per Turn] You may rest 1 of your DON!! cards: Add up to 1 DON!! card from your DON!! deck and set it as active.,,https://en.onepiece-cardgame.com/images/cardlist/card/OP10-071_p1.png?250502,0,True
OP10-072-0,OP10-072,0,Donquixote Rosinante,1068.0,SR,Purple,OP10,6000.0,5.0,1000.0,"[On Play] You may trash 1 Event from your hand: Draw 2 cards.[End of Your Turn] If you have 7 or more DON!! cards on your field, set up to 2 of your DON!! cards as active.",,https://en.onepiece-cardgame.com/images/cardlist/card/OP10-072.png?250502,0,True
OP10-072-1,OP10-072,1,Donquixote Rosinante,1068.0,SR,Purple,OP10,6000.0,5.0,1000.0,"[On Play] You may trash 1 Event from your hand: Draw 2 cards.[End of Your Turn] If you have 7 or more DON!! cards on your field, set up to 2 of your DON!! cards as active.",,https://en.onepiece-cardgame.com/images/cardlist/card/OP10-072_p1.png?250502,0,True
OP10-073-0,OP10-073,0,Buffalo,1274.0,C,Purple,OP10,6000.0,4.0,1000.0,-,,https://en.onepiece-cardgame.com/images/cardlist/card/OP10-073.png?250502,0,True
OP10-074-0,OP10-074,0,Pica,433.0,UC,Purple,OP10,5000.0,4.0,1000.0,"[Once Per Turn] If this Character would be K.O.'d by your opponent's effect, you may rest 2 of your active DON!! cards instead.",,https://en.onepiece-cardgame.com/images/cardlist/card/OP10-074.png?250502,0,True
OP10-075-0,OP10-075,0,Foxy,1016.0,UC,Purple,OP10,1000.0,2.0,2000.0,"[Activate: Main] You may trash this Character: If the number of DON!! cards on your field is equal to or less than the number on your opponent's field, draw 1 card.",,https://en.onepiece-cardgame.com/images/cardlist/card/OP10-075.png?250502,0,True
OP10-076-0,OP10-076,0,Baby 5,1338.0,UC,Purple,OP10,1000.0,3.0,2000.0,"[On Play] You may trash 1 card from your hand: If your Leader has the {Donquixote Pirates} type, add up to 1 DON!! card from your DON!! deck and set it as active.",,https://en.onepiece-cardgame.com/images/cardlist/card/OP10-076.png?250502,0,True
OP10-077-0,OP10-077,0,Bellamy,14.0,C,Purple,OP10,4000.0,3.0,1000.0,"[Blocker] (After your opponent declares an attack, you may rest this card to make it the new target of the attack.)[On Block] You may rest 2 of your DON!! cards: Add up to 1 DON!! card from your DON!! deck and set it as active.",,https://en.onepiece-cardgame.com/images/cardlist/card/OP10-077.png?250502,0,True
OP10-078-0,OP10-078,0,I Do Not Forgive Those Who Laugh at My Family!!!,,R,Purple,OP10,,1.0,,"[Main]/[Counter] Look at 3 cards from the top of your deck; reveal up to 1 {Donquixote Pirates} type card other than [I Do Not Forgive Those Who Laugh at My Family!!!] and add it to your hand. Then, place the rest at the bottom of your deck in any order.",,https://en.onepiece-cardgame.com/images/cardlist/card/OP10-078.png?250502,0,False
OP10-079-0,OP10-079,0,God Thread,,UC,Purple,OP10,,5.0,,"[Main] K.O. up to 1 of your opponent's Characters with a cost 5 or less. Then, add up to 1 DON!! card from your DON!! deck and set it as active.",[Trigger] Add up to 1 DON!! card from your DON!! deck and set it as active.,https://en.onepiece-cardgame.com/images/cardlist/card/OP10-079.png?250502,0,False
OP10-080-0,OP10-080,0,Little Black Bears,,C,Purple,OP10,,3.0,,"[Counter] Up to 1 of your Leader or Character cards gains +4000 power during this battle. Then, if you have 7 or more DON!! cards on your field and 5 or less cards in your hand, draw 1 card.",[Trigger] Add up to 1 DON!! card from your DON!! deck and set it as active.,https://en.onepiece-cardgame.com/images/cardlist/card/OP10-080.png?250502,0,False
OP10-081-0,OP10-081,0,Usopp,136.0,C,Black,OP10,5000.0,4.0,1000.0,"[On Play] You may rest 1 of your {Dressrosa} type Leader or Stage cards: K.O. up to 1 of your opponent's Characters with a cost of 2 or less. Then, trash 2 cards from the top of your deck.",,https://en.onepiece-cardgame.com/images/cardlist/card/OP10-081.png?250502,0,True
OP10-082-0,OP10-082,0,Kuzan,685.0,SR,Black,OP10,5000.0,5.0,,"This Character cannot be removed from the field by your opponent's effects.[Activate: Main] You may trash this Character: Draw 1 card. Then, play up to 1 {Blackbeard Pirates} type Character card with a cost of 5 or less other than [Kuzan] from your trash.",,https://en.onepiece-cardgame.com/images/cardlist/card/OP10-082.png?250502,0,True
OP10-082-1,OP10-082,1,Kuzan,685.0,SR,Black,OP10,5000.0,5.0,,"This Character cannot be removed from the field by your opponent's effects.[Activate: Main] You may trash this Character: Draw 1 card. Then, play up to 1 {Blackbeard Pirates} type Character card with a cost of 5 or less other than [Kuzan] from your trash.",,https://en.onepiece-cardgame.com/images/cardlist/card/OP10-082_p1.png?250502,0,True
OP10-083-0,OP10-083,0,Kouzuki Momonosuke,709.0,UC,Black,OP10,,2.0,2000.0,[Activate: Main] You may rest this Character and 1 of your {Dressrosa} type Leader or Stage cards: Give up to 1 of your opponent's Characters -2 cost during this turn.,,https://en.onepiece-cardgame.com/images/cardlist/card/OP10-083.png?250502,0,True
OP10-084-0,OP10-084,0,Sanjuan.Wolf,327.0,C,Black,OP10,7000.0,5.0,1000.0,-,,https://en.onepiece-cardgame.com/images/cardlist/card/OP10-084.png?250502,0,True
OP10-085-0,OP10-085,0,Jesus Burgess,813.0,UC,Black,OP10,6000.0,5.0,,"[DON!! x1] If you have 8 or more cards in your trash, this Character gains [Rush].",,https://en.onepiece-cardgame.com/images/cardlist/card/OP10-085.png?250502,0,True
OP10-086-0,OP10-086,0,Shiryu,271.0,R,Black,OP10,5000.0,4.0,1000.0,"[Opponent's Turn] This Character gains +2000 power.[Activate: Main] [Once Per Turn] If your Leader has the {Blackbeard Pirates} type, and this Character was played on this turn, K.O. up to 1 of your opponent's Characters with a base cost of 3 or less.",,https://en.onepiece-cardgame.com/images/cardlist/card/OP10-086.png?250502,0,True
OP10-087-0,OP10-087,0,Tony Tony.Chopper,175.0,UC,Black,OP10,,2.0,1000.0,"[Activate: Main] You may rest this Character and 1 of your {Dressrosa} type Leader or Stage cards: If your opponent has 5 or more cards in their hand, your opponent trashes 1 card from their hand. Then, trash 2 cards from the top of your deck.",,https://en.onepiece-cardgame.com/images/cardlist/card/OP10-087.png?250502,0,True
OP10-088-0,OP10-088,0,Nami,515.0,UC,Black,OP10,,2.0,1000.0,"[Activate: Main] You may rest this Character and 1 of your {Dressrosa} type Leader or Stage cards: Draw 1 card. Then, trash 2 cards from the top of your deck.",,https://en.onepiece-cardgame.com/images/cardlist/card/OP10-088.png?250502,0,True
OP10-089-0,OP10-089,0,Nico Robin,495.0,C,Black,OP10,8000.0,6.0,1000.0,-,,https://en.onepiece-cardgame.com/images/cardlist/card/OP10-089.png?250502,0,True
OP10-090-0,OP10-090,0,Franky,1014.0,R,Black,OP10,5000.0,4.0,1000.0,[Blocker][On K.O.] Play up to 1 {Dressrosa} type Character card with a cost of 3 or less from your trash rested.,,https://en.onepiece-cardgame.com/images/cardlist/card/OP10-090.png?250502,0,True
OP10-090-1,OP10-090,1,Franky,1014.0,R,Black,OP10,5000.0,4.0,1000.0,[Blocker][On K.O.] Play up to 1 {Dressrosa} type Character card with a cost of 3 or less from your trash rested.,,https://en.onepiece-cardgame.com/images/cardlist/card/OP10-090_p1.png?250502,0,True
OP10-091-0,OP10-091,0,Brook,1282.0,C,Black,OP10,,3.0,1000.0,"[Activate: Main] You may rest this Character and 1 of your {Dressrosa} type Leader or Stage cards: K.O. up to 1 of your opponent's Characters with a cost of 1 or less. Then, trash 2 cards from the top of your deck.",,https://en.onepiece-cardgame.com/images/cardlist/card/OP10-091.png?250502,0,True
OP10-092-0,OP10-092,0,Perona,434.0,C,Black,OP10,5000.0,4.0,1000.0,[Activate: Main] [Once Per Turn] You may place 2 {Thriller Bark Pirates} type cards from your trash at the bottom of your deck in any order: Up to 1 of your Characters other than [Perona] gains +2000 power during this turn.,,https://en.onepiece-cardgame.com/images/cardlist/card/OP10-092.png?250502,0,True
OP10-093-0,OP10-093,0,Saint Homing,,C,Black,OP10,,1.0,1000.0,[Activate: Main] You may trash this Character: Up to 1 of your black Characters gains +3 cost until the end of your opponent's next turn.,,https://en.onepiece-cardgame.com/images/cardlist/card/OP10-093.png?250502,0,False
OP10-094-0,OP10-094,0,Ryuma,292.0,UC,Black,OP10,6000.0,4.0,,[DON!! x1] This Character gains [Double Attack].,,https://en.onepiece-cardgame.com/images/cardlist/card/OP10-094.png?250502,0,True
OP10-095-0,OP10-095,0,Roronoa Zoro,357.0,R,Black,OP10,6000.0,4.0,,"[On Play] You may rest 1 of your {Dressrosa} type Leader or Stage cards: K.O. up to 1 of your opponent's Characters with a cost of 4 or less. Then, trash 2 cards from the top of your deck.",,https://en.onepiece-cardgame.com/images/cardlist/card/OP10-095.png?250502,0,True
OP10-096-0,OP10-096,0,There’s No Longer Any Need for the Seven Warlords of the Sea!!!,,UC,Black,OP10,,4.0,,[Main] K.O. up to 1 of your opponent's {The Seven Warlords of the Sea} type Characters with a cost of 8 or less.,[Trigger] K.O. up to 1 of your opponent's {The Seven Warlords of the Sea} type Characters with a cost of 4 or less.,https://en.onepiece-cardgame.com/images/cardlist/card/OP10-096.png?250502,0,False
OP10-097-0,OP10-097,0,Gum-Gum Rhino Schneider,,C,Black,OP10,,1.0,,"[Main] Up to 1 of your {Dressrosa} type Characters gains +2000 power during this turn. Then, if you have 10 or more cards in your trash, that card gains [Banish] during this turn.",[Trigger] Draw 2 cards and trash 1 card from your hand.,https://en.onepiece-cardgame.com/images/cardlist/card/OP10-097.png?250502,0,False
OP10-098-0,OP10-098,0,Liberation,,R,Black,OP10,,6.0,,"[Main] If the number of your Characters is at least 2 less than the number of your opponent's Characters, K.O. up to 1 of your opponent's Characters with a base cost of 6 or less and up to 1 of your opponent's Characters with a base cost of 4 or less.",[Trigger] Negate the effect of up to 1 of each of your opponent's Leader and Character cards during this turn.,https://en.onepiece-cardgame.com/images/cardlist/card/OP10-098.png?250502,0,False
OP10-099-0,OP10-099,0,"Eustass""Captain""Kid",1034.0,L,Yellow,OP10,5000.0,,,[End of Your Turn] You may turn 1 card from the top of your Life cards face-up: Set up to 1 of your {Supernovas} type Characters with a cost of 3 to 8 as active. That Character gains [Blocker] until the end of your opponent's next turn.,,https://en.onepiece-cardgame.com/images/cardlist/card/OP10-099.png?250502,0,True
OP10-099-1,OP10-099,1,"Eustass""Captain""Kid",1034.0,L,Yellow,OP10,5000.0,,,[End of Your Turn] You may turn 1 card from the top of your Life cards face-up: Set up to 1 of your {Supernovas} type Characters with a cost of 3 to 8 as active. That Character gains [Blocker] until the end of your opponent's next turn.,,https://en.onepiece-cardgame.com/images/cardlist/card/OP10-099_p1.png?250502,0,True
OP10-100-0,OP10-100,0,Inazuma,854.0,C,Yellow,OP10,5000.0,4.0,1000.0,[DON!! x1] [When Attacking] Rest up to 1 of your opponent's Characters with a cost equal to or less than the total of your and your opponent's Life cards.,"[Trigger] If your Leader has the {Revolutionary Army} type and you and your opponent have a total of 5 or less Life cards, play this card.",https://en.onepiece-cardgame.com/images/cardlist/card/OP10-100.png?250502,0,True
OP10-101-0,OP10-101,0,Urouge,138.0,C,Yellow,OP10,7000.0,5.0,1000.0,-,,https://en.onepiece-cardgame.com/images/cardlist/card/OP10-101.png?250502,0,True
OP10-102-0,OP10-102,0,Emporio.Ivankov,1043.0,C,Yellow,OP10,6000.0,5.0,1000.0,"[Activate: Main] [Once Per Turn] Up to 3 of your {Revolutionary Army} type Characters gain +1000 power during this turn. Then, add 1 card from the top of your Life cards to your hand.",,https://en.onepiece-cardgame.com/images/cardlist/card/OP10-102.png?250502,0,True
OP10-103-0,OP10-103,0,"Capone""Gang""Bege",1259.0,R,Yellow,OP10,,1.0,2000.0,[On Play] You may add 1 card from the top or bottom of your Life cards to your hand: Add up to 1 {Supernovas} type Character card from your hand to the top of your Life cards face-up.,,https://en.onepiece-cardgame.com/images/cardlist/card/OP10-103.png?250502,0,True
OP10-104-0,OP10-104,0,Caribou,1253.0,UC,Yellow,OP10,5000.0,4.0,1000.0,"[DON!! x1] If your Leader has the {Supernovas} type and your opponent has 3 or more Life cards, this Character cannot be K.O.'d in battle.",,https://en.onepiece-cardgame.com/images/cardlist/card/OP10-104.png?250502,0,True
OP10-105-0,OP10-105,0,Cavendish,1245.0,C,Yellow,OP10,8000.0,6.0,1000.0,-,,https://en.onepiece-cardgame.com/images/cardlist/card/OP10-105.png?250502,0,True
OP10-106-0,OP10-106,0,Killer,741.0,UC,Yellow,OP10,5000.0,3.0,,"[On K.O.] If your Leader has the {Supernovas} type, look at 3 cards from the top of your deck; reveal up to 1 {Supernovas} or {Kid Pirates} type card and add it to your hand. Then, place the rest at the bottom of your deck in any order.",,https://en.onepiece-cardgame.com/images/cardlist/card/OP10-106.png?250502,0,True
OP10-107-0,OP10-107,0,Jewelry Bonney,809.0,UC,Yellow,OP10,4000.0,3.0,1000.0,[Blocker][On Play] You may add 1 card from the top or bottom of your Life cards to your hand: Add up to 1 {Supernovas} type Character card with a cost of 5 from your hand to the top of your Life cards face-up.,,https://en.onepiece-cardgame.com/images/cardlist/card/OP10-107.png?250502,0,True
OP10-108-0,OP10-108,0,Scratchmen Apoo,313.0,C,Yellow,OP10,1000.0,1.0,1000.0,"If you have a yellow {Supernovas} type Character other than [Scratchmen Apoo], this Character gains [Blocker].",,https://en.onepiece-cardgame.com/images/cardlist/card/OP10-108.png?250502,0,True
OP10-109-0,OP10-109,0,Basil Hawkins,1323.0,R,Yellow,OP10,5000.0,4.0,1000.0,[On K.O.] Trash up to 1 card from the top of your opponent's Life cards.,[Trigger] Draw 2 cards and trash 1 card from your hand.,https://en.onepiece-cardgame.com/images/cardlist/card/OP10-109.png?250502,0,True
OP10-110-0,OP10-110,0,Heat & Wire,,C,Yellow,OP10,4000.0,3.0,1000.0,[On Play] Rest up to 1 of your opponent's Characters with a cost equal to or less than the number of your opponent's Life cards.,"[Trigger] If you have 2 or less Life cards, play this card.",https://en.onepiece-cardgame.com/images/cardlist/card/OP10-110.png?250502,0,False
OP10-111-0,OP10-111,0,Monkey.D.Luffy,558.0,R,Yellow,OP10,2000.0,1.0,1000.0,"[On Play] Look at 5 cards from the top of your deck; reveal up to 1 {Supernovas} type card other than [Monkey.D.Luffy] and add it to your hand. Then, place the rest at the bottom of your deck in any order.",,https://en.onepiece-cardgame.com/images/cardlist/card/OP10-111.png?250502,0,True
OP10-111-1,OP10-111,1,Monkey.D.Luffy,558.0,R,Yellow,OP10,2000.0,1.0,1000.0,"[On Play] Look at 5 cards from the top of your deck; reveal up to 1 {Supernovas} type card other than [Monkey.D.Luffy] and add it to your hand. Then, place the rest at the bottom of your deck in any order.",,https://en.onepiece-cardgame.com/images/cardlist/card/OP10-111_p1.png?250502,0,True
OP10-112-0,OP10-112,0,"Eustass""Captain""Kid",1034.0,SR,Yellow,OP10,9000.0,8.0,,"[On Play] You may rest this Character: Trash up to 1 card from the top of your opponent's Life cards.[End of Your Turn] If your opponent has 2 or less Life cards, draw 1 card and trash 1 card from your hand.",,https://en.onepiece-cardgame.com/images/cardlist/card/OP10-112.png?250502,0,True
OP10-112-1,OP10-112,1,"Eustass""Captain""Kid",1034.0,SR,Yellow,OP10,9000.0,8.0,,"[On Play] You may rest this Character: Trash up to 1 card from the top of your opponent's Life cards.[End of Your Turn] If your opponent has 2 or less Life cards, draw 1 card and trash 1 card from your hand.",,https://en.onepiece-cardgame.com/images/cardlist/card/OP10-112_p1.png?250502,0,True
OP10-113-0,OP10-113,0,Roronoa Zoro,357.0,UC,Yellow,OP10,5000.0,3.0,,"If you have less Life cards than your opponent, this Character gains [Rush].","[Trigger] You may trash 1 card from your hand: If your Leader has the {Supernovas} type, play this card.",https://en.onepiece-cardgame.com/images/cardlist/card/OP10-113.png?250502,0,True
OP10-114-0,OP10-114,0,X.Drake,93.0,UC,Yellow,OP10,3000.0,3.0,2000.0,"[Activate: Main] You may rest this Character: If the number of your Life cards is equal to or less than the number of your opponent's Life cards, rest up to 1 of your opponent's Characters with a cost of 4 or less.",,https://en.onepiece-cardgame.com/images/cardlist/card/OP10-114.png?250502,0,True
OP10-115-0,OP10-115,0,Let's Meet Again in the New World,,C,Yellow,OP10,,2.0,,"[Counter] Up to 1 of your Leader or Character cards gains +4000 power during this battle. Then, if you have 0 Life cards, draw 1 card.",[Trigger] K.O. up to 1 of your opponent's Characters with a cost equal to or less than the number of your opponent's Life cards.,https://en.onepiece-cardgame.com/images/cardlist/card/OP10-115.png?250502,0,False
OP10-116-0,OP10-116,0,Damned Punk,,R,Yellow,OP10,,4.0,,"[Main] Look at up to 1 card from the top of your or your opponent's Life cards and place it at the top or bottom of the Life cards. Then, K.O. up to 1 of your opponent's Characters with a cost of 5 or less.",[Trigger] Draw 2 cards and trash 1 card from your hand.,https://en.onepiece-cardgame.com/images/cardlist/card/OP10-116.png?250502,0,False
OP10-117-0,OP10-117,0,ROOM,,UC,Yellow,OP10,,1.0,,"[Counter] If you have 1 or less Life cards, up to 1 of your Leader or Character cards gains +3000 power during this battle. Then, set up to 1 of your Characters with a cost of 5 or less as active.",[Trigger] Draw 1 card.,https://en.onepiece-cardgame.com/images/cardlist/card/OP10-117.png?250502,0,False
OP10-118-0,OP10-118,0,Monkey.D.Luffy,558.0,SEC,Black,OP10,7000.0,6.0,1000.0,"Once per turn, this Character cannot be K.O.'d by your opponent's effects.[When Attacking] You may place 3 cards from your trash at the bottom of your deck in any order: If your opponent has 5 or more cards in their hand, your opponent trashes 1 card from their hand.",,https://en.onepiece-cardgame.com/images/cardlist/card/OP10-118.png?250502,0,True
OP10-118-1,OP10-118,1,Monkey.D.Luffy,558.0,SEC,Black,OP10,7000.0,6.0,1000.0,"Once per turn, this Character cannot be K.O.'d by your opponent's effects.[When Attacking] You may place 3 cards from your trash at the bottom of your deck in any order: If your opponent has 5 or more cards in their hand, your opponent trashes 1 card from their hand.",,https://en.onepiece-cardgame.com/images/cardlist/card/OP10-118_p1.png?250502,0,True
OP10-119-0,OP10-119,0,Trafalgar Law,169.0,SEC,Yellow,OP10,9000.0,7.0,,"[On Play] Reveal up to 1 {Supernovas} type Character card from your hand and add it to the top of your Life cards face-down. Then, give up to 1 rested DON!! card to 1 of your {Supernovas} type Leader.",,https://en.onepiece-cardgame.com/images/cardlist/card/OP10-119.png?250502,0,True
OP10-119-1,OP10-119,1,Trafalgar Law,169.0,SEC,Yellow,OP10,9000.0,7.0,,"[On Play] Reveal up to 1 {Supernovas} type Character card from your hand and add it to the top of your Life cards face-down. Then, give up to 1 rested DON!! card to 1 of your {Supernovas} type Leader.",,https://en.onepiece-cardgame.com/images/cardlist/card/OP10-119_p1.png?250502,0,True
OP10-119-2,OP10-119,2,Trafalgar Law,169.0,SEC,Yellow,OP10,9000.0,7.0,,"[On Play] Reveal up to 1 {Supernovas} type Character card from your hand and add it to the top of your Life cards face-down. Then, give up to 1 rested DON!! card to 1 of your {Supernovas} type Leader.",,https://en.onepiece-cardgame.com/images/cardlist/card/OP10-119_p2.png?250502,0,True
EB01-056-2,EB01-056,2,Charlotte Flampe,1206.0,SP CARD,Yellow,EB01,1000.0,1.0,2000.0,[On Play] You may add 1 card from the top or bottom of your Life cards to your hand: Draw 1 card.,,https://en.onepiece-cardgame.com/images/cardlist/card/EB01-056_p2.png?250502,0,True
OP07-021-1,OP07-021,1,Urouge,138.0,SP CARD,Green,OP07,5000.0,4.0,1000.0,"[Blocker] (After your opponent declares an attack, you may rest this card to make it the new target of the attack.)[End of Your Turn] Set up to 1 of your DON!! cards as active.",,https://en.onepiece-cardgame.com/images/cardlist/card/OP07-021_p1.png?250502,0,True
ST12-012-1,ST12-012,1,Charlotte Pudding,1170.0,SP CARD,Blue,ST12,2000.0,2.0,2000.0,[Activate: Main] Return this Character to the owner's hand.,,https://en.onepiece-cardgame.com/images/cardlist/card/ST12-012_p1.png?250502,0,True
ST14-003-1,ST14-003,1,Sanji,326.0,SP CARD,Black,ST14,6000.0,5.0,,"[On Play] If you have a Character with a cost of 6 or more, K.O. up to 1 of your opponent's Characters with a cost of 5 or less.",,https://en.onepiece-cardgame.com/images/cardlist/card/ST14-003_p1.png?250502,0,True
ST15-002-1,ST15-002,1,Edward.Newgate,1051.0,SP CARD,Red,ST15,8000.0,7.0,,[On Play] Give up to 1 rested DON!! card to your Leader or 1 of your Characters.[Activate: Main] You may rest this Character: K.O. up to 1 of your opponent's Characters with 5000 power or less.,,https://en.onepiece-cardgame.com/images/cardlist/card/ST15-002_p1.png?250502,0,True
ST18-001-1,ST18-001,1,Uso-Hachi,136.0,SP CARD,Purple,ST18,3000.0,3.0,2000.0,"[On Play] If you have 8 or more DON!! cards on your field, rest up to 1 of your opponent's Characters with a cost of 5 or less.",,https://en.onepiece-cardgame.com/images/cardlist/card/ST18-001_p1.png?250502,0,True
OP09-001-0,OP09-001,0,Shanks,290.0,L,Red,OP09,5000.0,,,[Once Per Turn] This effect can be activated when your opponent attacks. Give up to 1 of your opponent's Leader or Character cards −1000 power during this turn.,,https://en.onepiece-cardgame.com/images/cardlist/card/OP09-001.png?250502,0,True
OP09-001-1,OP09-001,1,Shanks,290.0,L,Red,OP09,5000.0,,,[Once Per Turn] This effect can be activated when your opponent attacks. Give up to 1 of your opponent's Leader or Character cards −1000 power during this turn.,,https://en.onepiece-cardgame.com/images/cardlist/card/OP09-001_p1.png?250502,0,True
OP09-002-0,OP09-002,0,Uta,134.0,R,Red,OP09,2000.0,1.0,1000.0,"[On Play] Look at 5 cards from the top of your deck; reveal up to 1 {Red-Haired Pirates} type card and add it to your hand. Then, place the rest at the bottom of your deck in any order.",,https://en.onepiece-cardgame.com/images/cardlist/card/OP09-002.png?250502,0,True
OP09-002-1,OP09-002,1,Uta,134.0,R,Red,OP09,2000.0,1.0,1000.0,"[On Play] Look at 5 cards from the top of your deck; reveal up to 1 {Red-Haired Pirates} type card and add it to your hand. Then, place the rest at the bottom of your deck in any order.",,https://en.onepiece-cardgame.com/images/cardlist/card/OP09-002_p1.png?250502,0,True
OP09-003-0,OP09-003,0,Shachi & Penguin,,C,Red,OP09,5000.0,4.0,1000.0,[When Attacking] Give up to 1 of your opponent's Characters −2000 power during this turn.,,https://en.onepiece-cardgame.com/images/cardlist/card/OP09-003.png?250502,0,False
OP09-004-0,OP09-004,0,Shanks,290.0,SR,Red,OP09,12000.0,10.0,,Give all of your opponent's Characters −1000 power.[Rush] (This card can attack on the turn in which it is played.),,https://en.onepiece-cardgame.com/images/cardlist/card/OP09-004.png?250502,0,True
OP09-004-1,OP09-004,1,Shanks,290.0,SR,Red,OP09,12000.0,10.0,,Give all of your opponent's Characters −1000 power.[Rush] (This card can attack on the turn in which it is played.),,https://en.onepiece-cardgame.com/images/cardlist/card/OP09-004_p1.png?250502,0,True
OP09-004-2,OP09-004,2,Shanks,290.0,SR,Red,OP09,12000.0,10.0,,Give all of your opponent's Characters −1000 power.[Rush] (This card can attack on the turn in which it is played.),,https://en.onepiece-cardgame.com/images/cardlist/card/OP09-004_p2.png?250502,0,True
OP09-005-0,OP09-005,0,Silvers Rayleigh,264.0,R,Red,OP09,6000.0,5.0,1000.0,"[Blocker] (After your opponent declares an attack, you may rest this card to make it the new target of the attack.)[On Play] If your opponent has 2 or more Characters with a base power of 5000 or more, draw 2 cards and trash 1 card from your hand.",,https://en.onepiece-cardgame.com/images/cardlist/card/OP09-005.png?250502,0,True
OP09-006-0,OP09-006,0,Howling Gab,,C,Red,OP09,7000.0,5.0,1000.0,-,,https://en.onepiece-cardgame.com/images/cardlist/card/OP09-006.png?250502,0,False
OP09-007-0,OP09-007,0,Heat,906.0,C,Red,OP09,4000.0,3.0,1000.0,"[Blocker] (After your opponent declares an attack, you may rest this card to make it the new target of the attack.)[On Play] Up to 1 of your Leader with 4000 power or less gains +1000 power during this turn.",,https://en.onepiece-cardgame.com/images/cardlist/card/OP09-007.png?250502,0,True
OP09-008-0,OP09-008,0,Building Snake,1272.0,UC,Red,OP09,2000.0,1.0,,[Activate: Main] You may place this Character at the bottom of the owner's deck: Give up to 1 of your opponent's Characters −3000 power during this turn.,,https://en.onepiece-cardgame.com/images/cardlist/card/OP09-008.png?250502,0,True
OP09-009-0,OP09-009,0,Benn.Beckman,13.0,SR,Red,OP09,7000.0,7.0,1000.0,[On Play] Trash up to 1 of your opponent's Characters with 6000 power or less.,,https://en.onepiece-cardgame.com/images/cardlist/card/OP09-009.png?250502,0,True
OP09-009-1,OP09-009,1,Benn.Beckman,13.0,SR,Red,OP09,7000.0,7.0,1000.0,[On Play] Trash up to 1 of your opponent's Characters with 6000 power or less.,,https://en.onepiece-cardgame.com/images/cardlist/card/OP09-009_p1.png?250502,0,True
OP09-010-0,OP09-010,0,Bonk Punch,1293.0,C,Red,OP09,5000.0,4.0,1000.0,[On Play] Play up to 1 [Monster] from your hand.[DON!! x1] [When Attacking] This Character gains +2000 power during this turn.,,https://en.onepiece-cardgame.com/images/cardlist/card/OP09-010.png?250502,0,True
OP09-011-0,OP09-011,0,Hongo,876.0,UC,Red,OP09,3000.0,3.0,2000.0,"[Activate: Main] You may rest this Character: If your Leader has the {Red-Haired Pirates} type, give up to 1 of your opponent's Characters −2000 power during this turn.",,https://en.onepiece-cardgame.com/images/cardlist/card/OP09-011.png?250502,0,True
OP09-012-0,OP09-012,0,Monster,556.0,C,Red,OP09,4000.0,3.0,1000.0,"If your Character [Bonk Punch] would be K.O.'d by an effect, you may trash this Character instead.",,https://en.onepiece-cardgame.com/images/cardlist/card/OP09-012.png?250502,0,True
OP09-013-0,OP09-013,0,Yasopp,82.0,R,Red,OP09,6000.0,5.0,1000.0,[On Play] Up to 1 of your Leader gains +1000 power until the end of your opponent's next turn.[DON!! x1] [When Attacking] Give up to 1 of your opponent's Characters −1000 power during this turn.,,https://en.onepiece-cardgame.com/images/cardlist/card/OP09-013.png?250502,0,True
OP09-014-0,OP09-014,0,Limejuice,663.0,UC,Red,OP09,3000.0,3.0,2000.0,[On Play] Your opponent cannot activate up to 1 [Blocker] Character that has 4000 power or less during this turn.,,https://en.onepiece-cardgame.com/images/cardlist/card/OP09-014.png?250502,0,True
OP09-015-0,OP09-015,0,Lucky.Roux,653.0,R,Red,OP09,5000.0,4.0,1000.0,"[Blocker] (After your opponent declares an attack, you may rest this card to make it the new target of the attack.)[On K.O.] If your Leader has the {Red-Haired Pirates} type, K.O. up to 1 of your opponent's Characters with a base power of 6000 or less.",,https://en.onepiece-cardgame.com/images/cardlist/card/OP09-015.png?250502,0,True
OP09-016-0,OP09-016,0,Rockstar,365.0,C,Red,OP09,6000.0,4.0,1000.0,-,,https://en.onepiece-cardgame.com/images/cardlist/card/OP09-016.png?250502,0,True
OP09-017-0,OP09-017,0,Wire,92.0,UC,Red,OP09,4000.0,4.0,2000.0,"[DON!! x1] If your Leader has 7000 power or more and the {Kid Pirates} type, this Character gains [Rush].",,https://en.onepiece-cardgame.com/images/cardlist/card/OP09-017.png?250502,0,True
OP09-018-0,OP09-018,0,Get Out of Here!,,UC,Red,OP09,,3.0,,[Main] K.O. up to 2 of your opponent's Characters with a total power of 4000 or less.,,https://en.onepiece-cardgame.com/images/cardlist/card/OP09-018.png?250502,0,False
OP09-019-0,OP09-019,0,Nobody Hurts a Friend of Mine!!!!,,C,Red,OP09,,2.0,,"[Main] If your Leader has the {Red-Haired Pirates} type, give up to 1 of your opponent's Characters −3000 power during this turn. Then, if your opponent has a Character with 5000 or more power, draw 1 card.",[Trigger] Draw 1 card.,https://en.onepiece-cardgame.com/images/cardlist/card/OP09-019.png?250502,0,False
OP09-020-0,OP09-020,0,Come On!! We'll Fight You!!,,R,Red,OP09,,1.0,,"[Main] Look at 5 cards from the top of your deck; reveal up to 1 {Red-Haired Pirates} type card other than [Come On!! We'll Fight You!!] and add it to your hand. Then, place the rest at the bottom of your deck in any order.",[Trigger] Draw 1 card.,https://en.onepiece-cardgame.com/images/cardlist/card/OP09-020.png?250502,0,False
OP09-021-0,OP09-021,0,Red Force,,C,Red,OP09,,2.0,,"[Activate: Main] You may rest this Stage: If your Leader has the {Red-Haired Pirates} type, give up to 1 of your opponent's Characters −1000 power during this turn.",,https://en.onepiece-cardgame.com/images/cardlist/card/OP09-021.png?250502,0,False
OP09-022-0,OP09-022,0,Lim,1395.0,L,Green/Purple,OP09,5000.0,,,"Your Character cards are played rested.[Activate: Main] [Once Per Turn] You may rest 3 of your DON!! cards: Add up to 1 DON!! card from your DON!! deck and rest it, and play up to 1 {ODYSSEY} type Character card with a cost of 5 or less from your hand.",,https://en.onepiece-cardgame.com/images/cardlist/card/OP09-022.png?250502,0,True
OP09-022-1,OP09-022,1,Lim,1395.0,L,Green/Purple,OP09,5000.0,,,"Your Character cards are played rested.[Activate: Main] [Once Per Turn] You may rest 3 of your DON!! cards: Add up to 1 DON!! card from your DON!! deck and rest it, and play up to 1 {ODYSSEY} type Character card with a cost of 5 or less from your hand.",,https://en.onepiece-cardgame.com/images/cardlist/card/OP09-022_p1.png?250502,0,True
OP09-023-0,OP09-023,0,Adio,1399.0,SR,Green,OP09,9000.0,9.0,,"[On Play] If your Leader has the {ODYSSEY} type, set up to 3 of your DON!! cards as active.[On Your Opponent's Attack] [Once Per Turn] You may rest 1 of your DON!! cards: Up to 1 of your Leader or Character cards gains +2000 power during this battle.",,https://en.onepiece-cardgame.com/images/cardlist/card/OP09-023.png?250502,0,True
OP09-023-1,OP09-023,1,Adio,1399.0,SR,Green,OP09,9000.0,9.0,,"[On Play] If your Leader has the {ODYSSEY} type, set up to 3 of your DON!! cards as active.[On Your Opponent's Attack] [Once Per Turn] You may rest 1 of your DON!! cards: Up to 1 of your Leader or Character cards gains +2000 power during this battle.",,https://en.onepiece-cardgame.com/images/cardlist/card/OP09-023_p1.png?250502,0,True
OP09-024-0,OP09-024,0,Usopp,136.0,C,Green,OP09,5000.0,4.0,1000.0,"[On Play] If you have 2 or more rested Characters, draw 2 cards and trash 2 cards from your hand.",,https://en.onepiece-cardgame.com/images/cardlist/card/OP09-024.png?250502,0,True
OP09-025-0,OP09-025,0,Crocodile,1120.0,UC,Green,OP09,5000.0,4.0,1000.0,"If your Leader has the {ODYSSEY} type, this Character cannot be K.O.'d in battle by Leaders.",,https://en.onepiece-cardgame.com/images/cardlist/card/OP09-025.png?250502,0,True
OP09-026-0,OP09-026,0,Sakazuki,337.0,R,Green,OP09,7000.0,6.0,,"[On Play] If you have 2 or more rested Characters, K.O. up to 1 of your opponent's Characters with a cost of 5 or less.",,https://en.onepiece-cardgame.com/images/cardlist/card/OP09-026.png?250502,0,True
OP09-027-0,OP09-027,0,Sabo,343.0,UC,Green,OP09,6000.0,5.0,1000.0,"[When Attacking] [Once Per Turn] If you have 3 or more rested Characters, draw 1 card.",,https://en.onepiece-cardgame.com/images/cardlist/card/OP09-027.png?250502,0,True
OP09-028-0,OP09-028,0,Sanji,326.0,C,Green,OP09,6000.0,5.0,1000.0,[On K.O.] You may add 1 card from the top or bottom of your Life cards to your hand: Play up to 1 {ODYSSEY} or {Straw Hat Crew} type Character card with a cost of 4 or less from your trash rested.,,https://en.onepiece-cardgame.com/images/cardlist/card/OP09-028.png?250502,0,True
OP09-029-0,OP09-029,0,Tony Tony.Chopper,175.0,C,Green,OP09,4000.0,3.0,1000.0,[End of Your Turn] Set up to 1 of your {ODYSSEY} type Characters with a cost of 4 or less as active.,,https://en.onepiece-cardgame.com/images/cardlist/card/OP09-029.png?250502,0,True
OP09-030-0,OP09-030,0,Trafalgar Law,169.0,UC,Green,OP09,4000.0,3.0,1000.0,[On Play] You may return 1 of your Characters to the owner's hand: Play up to 1 {ODYSSEY} type Character card with a cost of 3 or less other than [Trafalgar Law] from your hand.,,https://en.onepiece-cardgame.com/images/cardlist/card/OP09-030.png?250502,0,True
OP09-031-0,OP09-031,0,Donquixote Doflamingo,1070.0,R,Green,OP09,6000.0,5.0,1000.0,"[Blocker] (After your opponent declares an attack, you may rest this card to make it the new target of the attack.)[End of Your Turn] If you have 2 or more rested Characters, set this Character as active.",,https://en.onepiece-cardgame.com/images/cardlist/card/OP09-031.png?250502,0,True
OP09-032-0,OP09-032,0,Donquixote Rosinante,1068.0,UC,Green,OP09,4000.0,3.0,1000.0,"[Blocker] (After your opponent declares an attack, you may rest this card to make it the new target of the attack.)[On Your Opponent's Attack] [Once Per Turn] Set this Character as active.",,https://en.onepiece-cardgame.com/images/cardlist/card/OP09-032.png?250502,0,True
OP09-033-0,OP09-033,0,Nico Robin,495.0,C,Green,OP09,5000.0,4.0,1000.0,"[On Play] If you have 2 or more rested Characters, none of your {ODYSSEY} or {Straw Hat Crew} type Characters can be K.O.'d by effects until the end of your opponent's next turn.",,https://en.onepiece-cardgame.com/images/cardlist/card/OP09-033.png?250502,0,True
OP09-034-0,OP09-034,0,Perona,434.0,R,Green,OP09,2000.0,1.0,2000.0,"[On Play] Look at 5 cards from the top of your deck; reveal up to 1 [Dracule Mihawk] or {Thriller Bark Pirates} type card and add it to your hand. Then, place the rest at the bottom of your deck in any order and trash 1 card from your hand.",,https://en.onepiece-cardgame.com/images/cardlist/card/OP09-034.png?250502,0,True
OP09-034-1,OP09-034,1,Perona,434.0,R,Green,OP09,2000.0,1.0,2000.0,"[On Play] Look at 5 cards from the top of your deck; reveal up to 1 [Dracule Mihawk] or {Thriller Bark Pirates} type card and add it to your hand. Then, place the rest at the bottom of your deck in any order and trash 1 card from your hand.",,https://en.onepiece-cardgame.com/images/cardlist/card/OP09-034_p1.png?250502,0,True
OP09-035-0,OP09-035,0,Portgas.D.Ace,416.0,UC,Green,OP09,5000.0,5.0,2000.0,"[On Play] If you have 2 or more rested Characters, rest up to 1 of your opponent's Characters with a cost of 5 or less.",,https://en.onepiece-cardgame.com/images/cardlist/card/OP09-035.png?250502,0,True
OP09-036-0,OP09-036,0,Monkey.D.Luffy,558.0,C,Green,OP09,6000.0,5.0,1000.0,"[On Play] If you have 2 or more rested Characters, rest up to 1 of your opponent's DON!! cards or Characters with a cost of 6 or less.",,https://en.onepiece-cardgame.com/images/cardlist/card/OP09-036.png?250502,0,True
OP09-037-0,OP09-037,0,Lim,1395.0,SR,Green,OP09,5000.0,3.0,,"[On Play] Look at 5 cards from the top of your deck; reveal up to 1 {ODYSSEY} type card other than [Lim] and add it to your hand. Then, place the rest at the bottom of your deck in any order.[End of Your Turn] If you have 3 or more rested Characters, set this Character as active.",,https://en.onepiece-cardgame.com/images/cardlist/card/OP09-037.png?250502,0,True
OP09-037-1,OP09-037,1,Lim,1395.0,SR,Green,OP09,5000.0,3.0,,"[On Play] Look at 5 cards from the top of your deck; reveal up to 1 {ODYSSEY} type card other than [Lim] and add it to your hand. Then, place the rest at the bottom of your deck in any order.[End of Your Turn] If you have 3 or more rested Characters, set this Character as active.",,https://en.onepiece-cardgame.com/images/cardlist/card/OP09-037_p1.png?250502,0,True
OP09-038-0,OP09-038,0,Rob Lucci,369.0,C,Green,OP09,6000.0,4.0,1000.0,-,,https://en.onepiece-cardgame.com/images/cardlist/card/OP09-038.png?250502,0,True
OP09-039-0,OP09-039,0,Gum-Gum Cuatro Jet Cross Shock Bazooka,,R,Green,OP09,,1.0,,"[Counter] If your Leader has the {ODYSSEY} type and you have 2 or more rested Characters, up to 1 of your Leader or Character cards gains +2000 power during this turn.",[Trigger] K.O. up to 1 of your opponent's rested Characters with a cost of 4 or less.,https://en.onepiece-cardgame.com/images/cardlist/card/OP09-039.png?250502,0,False
OP09-040-0,OP09-040,0,Thunder Lance Flip Caliber Phoenix Shot,,UC,Green,OP09,,3.0,,"[Main] If you have 2 or more rested Characters, K.O. up to 1 of your opponent's Characters with a cost of 4 or less.",[Trigger] Rest up to 1 of your opponent's Characters with a cost of 4 or less.,https://en.onepiece-cardgame.com/images/cardlist/card/OP09-040.png?250502,0,False
OP09-041-0,OP09-041,0,Soul Franky Swing Arm Boxing Solid,,C,Green,OP09,,1.0,,"[Counter] Up to 1 of your Leader or Character cards gains +2000 power during this battle. Then, if your Leader has the {ODYSSEY} type and you have 2 or more rested Characters, set up to 2 of your Characters as active.",[Trigger] Rest up to 1 of your opponent's Characters with a cost of 4 or less.,https://en.onepiece-cardgame.com/images/cardlist/card/OP09-041.png?250502,0,False
OP09-042-0,OP09-042,0,Buggy,1280.0,L,Blue,OP09,5000.0,,,[Activate: Main] You may rest 5 of your DON!! cards and trash 1 card from your hand: Play up to 1 {Cross Guild} type Character card from your hand.,,https://en.onepiece-cardgame.com/images/cardlist/card/OP09-042.png?250502,0,True
OP09-042-1,OP09-042,1,Buggy,1280.0,L,Blue,OP09,5000.0,,,[Activate: Main] You may rest 5 of your DON!! cards and trash 1 card from your hand: Play up to 1 {Cross Guild} type Character card from your hand.,,https://en.onepiece-cardgame.com/images/cardlist/card/OP09-042_p1.png?250502,0,True
OP09-043-0,OP09-043,0,Alvida,1369.0,UC,Blue,OP09,6000.0,5.0,1000.0,"[On K.O.] If your Leader has the {Cross Guild} type, play up to 1 Character card with a cost of 5 or less other than [Alvida] from your hand.",,https://en.onepiece-cardgame.com/images/cardlist/card/OP09-043.png?250502,0,True
OP09-044-0,OP09-044,0,Izo,833.0,UC,Blue,OP09,4000.0,3.0,1000.0,"[When Attacking] Look at 5 cards from the top of your deck; reveal up to 1 {Land of Wano} type card or card with a type including ""Whitebeard Pirates"" and add it to your hand. Then, place the rest at the bottom of your deck in any order and trash 1 card from your hand.",,https://en.onepiece-cardgame.com/images/cardlist/card/OP09-044.png?250502,0,True
OP09-045-0,OP09-045,0,Cabaji,1265.0,UC,Blue,OP09,5000.0,5.0,2000.0,"If you have a [Buggy] or [Mohji] Character, this Character cannot be K.O.'d in battle.",,https://en.onepiece-cardgame.com/images/cardlist/card/OP09-045.png?250502,0,True
OP09-046-0,OP09-046,0,Crocodile,1120.0,SR,Blue,OP09,7000.0,7.0,1000.0,"[On Play] Play up to 1 {Cross Guild} type Character card or Character card with a type including ""Baroque Works"" with a cost of 5 or less from your hand.",,https://en.onepiece-cardgame.com/images/cardlist/card/OP09-046.png?250502,0,True
OP09-046-1,OP09-046,1,Crocodile,1120.0,SR,Blue,OP09,7000.0,7.0,1000.0,"[On Play] Play up to 1 {Cross Guild} type Character card or Character card with a type including ""Baroque Works"" with a cost of 5 or less from your hand.",,https://en.onepiece-cardgame.com/images/cardlist/card/OP09-046_p1.png?250502,0,True
OP09-047-0,OP09-047,0,Kouzuki Oden,708.0,C,Blue,OP09,10000.0,9.0,,[Double Attack] (This card deals 2 damage.)[On K.O.] Draw 2 cards and trash 1 card from your hand.,,https://en.onepiece-cardgame.com/images/cardlist/card/OP09-047.png?250502,0,True
OP09-048-0,OP09-048,0,Dracule Mihawk,1061.0,SR,Blue,OP09,7000.0,6.0,,"[Blocker] (After your opponent declares an attack, you may rest this card to make it the new target of the attack.)[On Play] Draw 2 cards and trash 1 card from your hand.",,https://en.onepiece-cardgame.com/images/cardlist/card/OP09-048.png?250502,0,True
OP09-048-1,OP09-048,1,Dracule Mihawk,1061.0,SR,Blue,OP09,7000.0,6.0,,"[Blocker] (After your opponent declares an attack, you may rest this card to make it the new target of the attack.)[On Play] Draw 2 cards and trash 1 card from your hand.",,https://en.onepiece-cardgame.com/images/cardlist/card/OP09-048_p1.png?250502,0,True
OP09-049-0,OP09-049,0,Jozu,791.0,C,Blue,OP09,6000.0,4.0,1000.0,-,,https://en.onepiece-cardgame.com/images/cardlist/card/OP09-049.png?250502,0,True
OP09-050-0,OP09-050,0,Nami,515.0,R,Blue,OP09,1000.0,1.0,1000.0,"[When Attacking] Look at 5 cards from the top of your deck; reveal up to 1 blue Event and add it to your hand. Then, place the rest at the bottom of your deck in any order.",,https://en.onepiece-cardgame.com/images/cardlist/card/OP09-050.png?250502,0,True
OP09-050-1,OP09-050,1,Nami,515.0,R,Blue,OP09,1000.0,1.0,1000.0,"[When Attacking] Look at 5 cards from the top of your deck; reveal up to 1 blue Event and add it to your hand. Then, place the rest at the bottom of your deck in any order.",,https://en.onepiece-cardgame.com/images/cardlist/card/OP09-050_p1.png?250502,0,True
OP09-051-0,OP09-051,0,Buggy,1280.0,R,Blue,OP09,12000.0,10.0,,"[On Play] Place up to 1 of your opponent's Characters at the bottom of the owner's deck. Then, if you do not have 5 Characters with a cost of 5 or more, place this Character at the bottom of the owner's deck.",,https://en.onepiece-cardgame.com/images/cardlist/card/OP09-051.png?250502,0,True
OP09-051-1,OP09-051,1,Buggy,1280.0,R,Blue,OP09,12000.0,10.0,,"[On Play] Place up to 1 of your opponent's Characters at the bottom of the owner's deck. Then, if you do not have 5 Characters with a cost of 5 or more, place this Character at the bottom of the owner's deck.",,https://en.onepiece-cardgame.com/images/cardlist/card/OP09-051_p1.png?250502,0,True
OP09-051-2,OP09-051,2,Buggy,1280.0,R,Blue,OP09,12000.0,10.0,,"[On Play] Place up to 1 of your opponent's Characters at the bottom of the owner's deck. Then, if you do not have 5 Characters with a cost of 5 or more, place this Character at the bottom of the owner's deck.",,https://en.onepiece-cardgame.com/images/cardlist/card/OP09-051_p2.png?250502,0,True
OP09-052-0,OP09-052,0,Marco,635.0,C,Blue,OP09,5000.0,3.0,,"[Opponent's Turn] You may trash 1 card from your hand: When this Character is K.O.'d by your opponent's effect, play this Character card from your trash rested.",,https://en.onepiece-cardgame.com/images/cardlist/card/OP09-052.png?250502,0,True
OP09-053-0,OP09-053,0,Mohji,566.0,UC,Blue,OP09,5000.0,5.0,2000.0,"[On Play] Look at 5 cards from the top of your deck; reveal up to 1 [Richie] and add it to your hand. Then, place the rest at the bottom of your deck in any order and play up to 1 [Richie] from your hand.",,https://en.onepiece-cardgame.com/images/cardlist/card/OP09-053.png?250502,0,True
OP09-054-0,OP09-054,0,Richie,382.0,C,Blue,OP09,2000.0,2.0,1000.0,"[Blocker] (After your opponent declares an attack, you may rest this card to make it the new target of the attack.)",,https://en.onepiece-cardgame.com/images/cardlist/card/OP09-054.png?250502,0,True
OP09-055-0,OP09-055,0,Mr.1(Daz.Bonez),1102.0,C,Blue,OP09,7000.0,5.0,1000.0,-,,https://en.onepiece-cardgame.com/images/cardlist/card/OP09-055.png?250502,0,True
OP09-056-0,OP09-056,0,Mr.3(Galdino),996.0,R,Blue,OP09,2000.0,1.0,1000.0,"[On Play] Look at 4 cards from the top of your deck; reveal up to 1 {Cross Guild} type card or card with a type including ""Baroque Works"" other than [Mr.3(Galdino)] and add it to your hand. Then, place the rest at the bottom of your deck in any order.",,https://en.onepiece-cardgame.com/images/cardlist/card/OP09-056.png?250502,0,True
OP09-057-0,OP09-057,0,Cross Guild,,R,Blue,OP09,,1.0,,"[Main] Look at 4 cards from the top of your deck; reveal up to 1 {Cross Guild} type card and add it to your hand. Then, place the rest at the bottom of your deck in any order.",[Trigger] Activate this card's [Main] effect.,https://en.onepiece-cardgame.com/images/cardlist/card/OP09-057.png?250502,0,False
OP09-058-0,OP09-058,0,Special Muggy Ball,,C,Blue,OP09,,2.0,,[Main] Your opponent chooses 1 of their Character with a cost of 6 or less and return to the owner's hand.,[Trigger] Return up to 1 Character with a cost of 3 or less to the owner's hand.,https://en.onepiece-cardgame.com/images/cardlist/card/OP09-058.png?250502,0,False
OP09-059-0,OP09-059,0,Murder at the Steam Bath,,UC,Blue,OP09,,2.0,,"[Counter] Up to 1 of your Leader or Character cards gains +3000 power during this battle. Then, trash up to 2 cards from your hand. Trash the same number of cards from the top of your deck as you did from your hand.",[Trigger] Draw 1 card.,https://en.onepiece-cardgame.com/images/cardlist/card/OP09-059.png?250502,0,False
OP09-060-0,OP09-060,0,Emptee Bluffs Island,,C,Blue,OP09,,1.0,,"[Activate: Main] You may place 2 cards from your hand at the bottom of your deck in any order and rest this Stage: If your Leader has the {Cross Guild} type, draw 2 cards.",,https://en.onepiece-cardgame.com/images/cardlist/card/OP09-060.png?250502,0,False
OP09-061-0,OP09-061,0,Monkey.D.Luffy,558.0,L,Purple/Black,OP09,5000.0,,,"[DON!! x1] All of your Characters gain +1 cost.[Your Turn] [Once Per Turn] When 2 or more DON!! cards on your field are returned to your DON!! deck, add up to 1 DON!! card from your DON!! deck and set it as active, and add up to 1 additional DON!! card and rest it.",,https://en.onepiece-cardgame.com/images/cardlist/card/OP09-061.png?250502,0,True
OP09-061-1,OP09-061,1,Monkey.D.Luffy,558.0,L,Purple/Black,OP09,5000.0,,,"[DON!! x1] All of your Characters gain +1 cost.[Your Turn] [Once Per Turn] When 2 or more DON!! cards on your field are returned to your DON!! deck, add up to 1 DON!! card from your DON!! deck and set it as active, and add up to 1 additional DON!! card and rest it.",,https://en.onepiece-cardgame.com/images/cardlist/card/OP09-061_p1.png?250502,0,True
OP09-062-0,OP09-062,0,Nico Robin,495.0,L,Purple/Yellow,OP09,5000.0,,,"[Banish] (When this card deals damage, the target card is trashed without activating its Trigger.)[When Attacking] You may trash 1 card with a [Trigger] from your hand: Add up to 1 DON!! card from your DON!! deck and rest it.",,https://en.onepiece-cardgame.com/images/cardlist/card/OP09-062.png?250502,0,True
OP09-062-1,OP09-062,1,Nico Robin,495.0,L,Purple/Yellow,OP09,5000.0,,,"[Banish] (When this card deals damage, the target card is trashed without activating its Trigger.)[When Attacking] You may trash 1 card with a [Trigger] from your hand: Add up to 1 DON!! card from your DON!! deck and rest it.",,https://en.onepiece-cardgame.com/images/cardlist/card/OP09-062_p1.png?250502,0,True
OP09-063-0,OP09-063,0,Usopp,136.0,C,Purple,OP09,6000.0,4.0,1000.0,-,,https://en.onepiece-cardgame.com/images/cardlist/card/OP09-063.png?250502,0,True
OP09-064-0,OP09-064,0,Killer,741.0,UC,Purple,OP09,5000.0,5.0,1000.0,[On Play] DON!! −1 (You may return the specified number of DON!! cards from your field to your DON!! deck.): Set up to 1 of your {Kid Pirates} type Leader as active.,,https://en.onepiece-cardgame.com/images/cardlist/card/OP09-064.png?250502,0,True
OP09-065-0,OP09-065,0,Sanji,326.0,SR,Purple,OP09,7000.0,7.0,1000.0,"[On Play] You may return 1 or more DON!! cards from your field to your DON!! deck: This Character gains [Rush] during this turn. Then, rest up to 1 of your opponent's Characters with a cost of 6 or less.",,https://en.onepiece-cardgame.com/images/cardlist/card/OP09-065.png?250502,0,True
OP09-065-1,OP09-065,1,Sanji,326.0,SR,Purple,OP09,7000.0,7.0,1000.0,"[On Play] You may return 1 or more DON!! cards from your field to your DON!! deck: This Character gains [Rush] during this turn. Then, rest up to 1 of your opponent's Characters with a cost of 6 or less.",,https://en.onepiece-cardgame.com/images/cardlist/card/OP09-065_p1.png?250502,0,True
OP09-066-0,OP09-066,0,Jean Bart,817.0,UC,Purple,OP09,6000.0,4.0,,"[On Play] If your opponent has more DON!! cards on their field than you, K.O. up to 1 of your opponent's Characters with a cost of 3 or less.",,https://en.onepiece-cardgame.com/images/cardlist/card/OP09-066.png?250502,0,True
OP09-067-0,OP09-067,0,Jinbe,807.0,C,Purple,OP09,9000.0,7.0,1000.0,-,,https://en.onepiece-cardgame.com/images/cardlist/card/OP09-067.png?250502,0,True
OP09-068-0,OP09-068,0,Tony Tony.Chopper,175.0,UC,Purple,OP09,6000.0,5.0,1000.0,"[End of Your Turn] You may return 1 or more DON!! cards from your field to your DON!! deck: Set this Character as active. Then, this Character gains [Blocker] until the end of your opponent's next turn.",,https://en.onepiece-cardgame.com/images/cardlist/card/OP09-068.png?250502,0,True
OP09-069-0,OP09-069,0,Trafalgar Law,169.0,R,Purple,OP09,2000.0,1.0,1000.0,"[On Play] Look at 4 cards from the top of your deck; reveal up to 1 {Straw Hat Crew} or {Heart Pirates} type card with a cost of 2 or more and add it to your hand. Then, place the rest at the bottom of your deck in any order.",,https://en.onepiece-cardgame.com/images/cardlist/card/OP09-069.png?250502,0,True
OP09-069-1,OP09-069,1,Trafalgar Law,169.0,R,Purple,OP09,2000.0,1.0,1000.0,"[On Play] Look at 4 cards from the top of your deck; reveal up to 1 {Straw Hat Crew} or {Heart Pirates} type card with a cost of 2 or more and add it to your hand. Then, place the rest at the bottom of your deck in any order.",,https://en.onepiece-cardgame.com/images/cardlist/card/OP09-069_p1.png?250502,0,True
OP09-070-0,OP09-070,0,Nami,515.0,UC,Purple,OP09,2000.0,3.0,2000.0,[On Play] You may return 1 or more DON!! cards from your field to your DON!! deck: Give up to 2 rested DON!! cards to your Leader or 1 of your Characters.,,https://en.onepiece-cardgame.com/images/cardlist/card/OP09-070.png?250502,0,True
OP09-071-0,OP09-071,0,Nico Robin,495.0,C,Purple,OP09,2000.0,2.0,1000.0,"[Blocker] (After your opponent declares an attack, you may rest this card to make it the new target of the attack.)",,https://en.onepiece-cardgame.com/images/cardlist/card/OP09-071.png?250502,0,True
OP09-072-0,OP09-072,0,Franky,1014.0,SR,Purple,OP09,5000.0,4.0,1000.0,"[Blocker] (After your opponent declares an attack, you may rest this card to make it the new target of the attack.)[On Play] DON!! −2, You may trash 1 card from your hand: Draw 2 cards.",,https://en.onepiece-cardgame.com/images/cardlist/card/OP09-072.png?250502,0,True
OP09-072-1,OP09-072,1,Franky,1014.0,SR,Purple,OP09,5000.0,4.0,1000.0,"[Blocker] (After your opponent declares an attack, you may rest this card to make it the new target of the attack.)[On Play] DON!! −2, You may trash 1 card from your hand: Draw 2 cards.",,https://en.onepiece-cardgame.com/images/cardlist/card/OP09-072_p1.png?250502,0,True
OP09-073-0,OP09-073,0,Brook,1282.0,C,Purple,OP09,7000.0,6.0,1000.0,[When Attacking] You may return 1 or more DON!! cards from your field to your DON!! deck: Give up to 2 of your opponent's Characters −2000 power during this turn.,,https://en.onepiece-cardgame.com/images/cardlist/card/OP09-073.png?250502,0,True
OP09-074-0,OP09-074,0,Bepo,12.0,C,Purple,OP09,2000.0,2.0,2000.0,"[Your Turn] [Once Per Turn] When a DON!! card on your field is returned to your DON!! deck, up to 1 of your Leader or Character cards gains +1000 power during this turn.",,https://en.onepiece-cardgame.com/images/cardlist/card/OP09-074.png?250502,0,True
OP09-075-0,OP09-075,0,"Eustass""Captain""Kid",1034.0,UC,Purple,OP09,5000.0,3.0,,"[On Play] You may add 1 card from the top of your Life cards to your hand: If your Leader has the {Kid Pirates} type, add up to 1 DON!! card from your DON!! deck and set it as active.",,https://en.onepiece-cardgame.com/images/cardlist/card/OP09-075.png?250502,0,True
OP09-076-0,OP09-076,0,Roronoa Zoro,357.0,R,Purple,OP09,5000.0,3.0,,[On Play] You may return 1 or more DON!! cards from your field to your DON!! deck: Add up to 1 DON!! card from your DON!! deck and set it as active.,,https://en.onepiece-cardgame.com/images/cardlist/card/OP09-076.png?250502,0,True
OP09-077-0,OP09-077,0,Gum-Gum Lightning,,UC,Purple,OP09,,2.0,,[Main] DON!! −2 (You may return the specified number of DON!! cards from your field to your DON!! deck.): K.O. up to 1 of your opponent's Characters with 6000 power or less.,[Trigger] Add up to 1 DON!! card from your DON!! deck and set it as active.,https://en.onepiece-cardgame.com/images/cardlist/card/OP09-077.png?250502,0,False
OP09-078-0,OP09-078,0,Gum-Gum Giant,,R,Purple,OP09,,1.0,,"[Counter] DON!! −2, You may trash 1 card from your hand: If your Leader has the {Straw Hat Crew} type, up to 1 of your Leader or Character cards gains +4000 power during this battle. Then, draw 2 cards.",,https://en.onepiece-cardgame.com/images/cardlist/card/OP09-078.png?250502,0,False
OP09-079-0,OP09-079,0,Gum-Gum Jump Rope,,C,Purple,OP09,,2.0,,"[Main] DON!! −2 (You may return the specified number of DON!! cards from your field to your DON!! deck.): Rest up to 1 of your opponent's Characters with a cost of 5 or less. Then, draw 1 card.",[Trigger] Add up to 1 DON!! card from your DON!! deck and set it as active.,https://en.onepiece-cardgame.com/images/cardlist/card/OP09-079.png?250502,0,False
OP09-080-0,OP09-080,0,Thousand Sunny,,C,Purple,OP09,,1.0,,"[Opponent's Turn] You may rest this Stage: When your {Straw Hat Crew} type Character is removed from the field by your opponent's effect, add up to 1 DON!! card from your DON!! deck and rest it.",,https://en.onepiece-cardgame.com/images/cardlist/card/OP09-080.png?250502,0,False
OP09-081-0,OP09-081,0,Marshall.D.Teach,623.0,L,Black,OP09,5000.0,,,Your [On Play] effects are negated.[Activate: Main] You may trash 1 card from your hand: Your opponent's [On Play] effects are negated until the end of your opponent's next turn.,,https://en.onepiece-cardgame.com/images/cardlist/card/OP09-081.png?250502,0,True
OP09-081-1,OP09-081,1,Marshall.D.Teach,623.0,L,Black,OP09,5000.0,,,Your [On Play] effects are negated.[Activate: Main] You may trash 1 card from your hand: Your opponent's [On Play] effects are negated until the end of your opponent's next turn.,,https://en.onepiece-cardgame.com/images/cardlist/card/OP09-081_p1.png?250502,0,True
OP09-082-0,OP09-082,0,Avalo Pizarro,1346.0,C,Black,OP09,6000.0,4.0,1000.0,-,,https://en.onepiece-cardgame.com/images/cardlist/card/OP09-082.png?250502,0,True
OP09-083-0,OP09-083,0,Van Augur,131.0,R,Black,OP09,6000.0,5.0,1000.0,"[Activate: Main] You may rest this Character: If your Leader has the {Blackbeard Pirates} type, give up to 1 of your opponent's Characters −3 cost during this turn.[On K.O.] Draw 1 card.",,https://en.onepiece-cardgame.com/images/cardlist/card/OP09-083.png?250502,0,True
OP09-084-0,OP09-084,0,Catarina Devon,1248.0,UC,Black,OP09,6000.0,5.0,1000.0,"[Activate: Main] [Once Per Turn] If your Leader has the {Blackbeard Pirates} type, this Character gains [Double Attack], [Banish] or [Blocker] until the end of your opponent's next turn.",,https://en.onepiece-cardgame.com/images/cardlist/card/OP09-084.png?250502,0,True
OP09-085-0,OP09-085,0,Gecko Moria,984.0,C,Black,OP09,5000.0,4.0,,[On Play] Play up to 1 {Thriller Bark Pirates} type Character card with a cost of 2 or less from your trash rested.,,https://en.onepiece-cardgame.com/images/cardlist/card/OP09-085.png?250502,0,True
OP09-086-0,OP09-086,0,Jesus Burgess,813.0,R,Black,OP09,5000.0,4.0,1000.0,"This Character cannot be K.O.'d by your opponent's effects.If your Leader has the {Blackbeard Pirates} type, this Character gains +1000 power for every 4 cards in your trash.",,https://en.onepiece-cardgame.com/images/cardlist/card/OP09-086.png?250502,0,True
OP09-087-0,OP09-087,0,Charlotte Pudding,1170.0,C,Black,OP09,,2.0,1000.0,"[On Play] If your opponent has 5 or more cards in their hand, your opponent trashes 1 card from their hand.",,https://en.onepiece-cardgame.com/images/cardlist/card/OP09-087.png?250502,0,True
OP09-088-0,OP09-088,0,Shiryu,271.0,UC,Black,OP09,4000.0,3.0,2000.0,[DON!! x1] [When Attacking] You may trash 2 cards from your hand: Draw 2 cards.,,https://en.onepiece-cardgame.com/images/cardlist/card/OP09-088.png?250502,0,True
OP09-089-0,OP09-089,0,Stronger,225.0,UC,Black,OP09,,1.0,2000.0,"[Activate: Main] You may trash 1 card from your hand and trash this Character: If your Leader has the {Blackbeard Pirates} type, draw 1 card. Then, give up to 1 of your opponent's Characters –2 cost during this turn.",,https://en.onepiece-cardgame.com/images/cardlist/card/OP09-089.png?250502,0,True
OP09-090-0,OP09-090,0,Doc Q,1079.0,R,Black,OP09,,2.0,1000.0,"[Activate: Main] You may rest this Character: If your Leader has the {Blackbeard Pirates} type, K.O. up to 1 of your opponent's Characters with a cost of 1 or less.[On K.O.] Draw 1 card.",,https://en.onepiece-cardgame.com/images/cardlist/card/OP09-090.png?250502,0,True
OP09-091-0,OP09-091,0,Vasco Shot,125.0,C,Black,OP09,2000.0,2.0,1000.0,"[Blocker] (After your opponent declares an attack, you may rest this card to make it the new target of the attack.)",,https://en.onepiece-cardgame.com/images/cardlist/card/OP09-091.png?250502,0,True
OP09-092-0,OP09-092,0,Marshall.D.Teach,623.0,C,Black,OP09,4000.0,3.0,1000.0,"[Activate: Main] You may rest this Character: If the number of cards in your hand is at least 3 less than the number in your opponent's hand, draw 2 cards and trash 1 card from your hand.",,https://en.onepiece-cardgame.com/images/cardlist/card/OP09-092.png?250502,0,True
OP09-093-0,OP09-093,0,Marshall.D.Teach,623.0,SR,Black,OP09,12000.0,10.0,,"[Blocker][Activate: Main] [Once Per Turn] If your Leader has the {Blackbeard Pirates} type and this Character was played on this turn, negate the effect of up to 1 of your opponent's Leader during this turn. Then, negate the effect of up to 1 of your opponent's Characters and that Character cannot attack until the end of your opponent's next turn.",,https://en.onepiece-cardgame.com/images/cardlist/card/OP09-093.png?250502,0,True
OP09-093-1,OP09-093,1,Marshall.D.Teach,623.0,SR,Black,OP09,12000.0,10.0,,"[Blocker][Activate: Main] [Once Per Turn] If your Leader has the {Blackbeard Pirates} type and this Character was played on this turn, negate the effect of up to 1 of your opponent's Leader during this turn. Then, negate the effect of up to 1 of your opponent's Characters and that Character cannot attack until the end of your opponent's next turn.",,https://en.onepiece-cardgame.com/images/cardlist/card/OP09-093_p1.png?250502,0,True
OP09-093-2,OP09-093,2,Marshall.D.Teach,623.0,SR,Black,OP09,12000.0,10.0,,"[Blocker][Activate: Main] [Once Per Turn] If your Leader has the {Blackbeard Pirates} type and this Character was played on this turn, negate the effect of up to 1 of your opponent's Leader during this turn. Then, negate the effect of up to 1 of your opponent's Characters and that Character cannot attack until the end of your opponent's next turn.",,https://en.onepiece-cardgame.com/images/cardlist/card/OP09-093_p2.png?250502,0,True
OP09-094-0,OP09-094,0,Peachbeard,446.0,C,Black,OP09,5000.0,3.0,1000.0,-,,https://en.onepiece-cardgame.com/images/cardlist/card/OP09-094.png?250502,0,True
OP09-095-0,OP09-095,0,Laffitte,673.0,R,Black,OP09,1000.0,1.0,1000.0,"[Activate: Main] You may rest 1 of your DON!! cards and this Character: Look at 5 cards from the top of your deck; reveal up to 1 {Blackbeard Pirates} type card and add it to your hand. Then, place the rest at the bottom of your deck in any order.",,https://en.onepiece-cardgame.com/images/cardlist/card/OP09-095.png?250502,0,True
OP09-096-0,OP09-096,0,My Era...Begins!!,,R,Black,OP09,,1.0,,"[Main] Look at 3 cards from the top of your deck; reveal up to 1 {Blackbeard Pirates} type card other than [My Era...Begins!!] and add it to your hand. Then, trash the rest.",[Trigger] Activate this card's [Main] effect.,https://en.onepiece-cardgame.com/images/cardlist/card/OP09-096.png?250502,0,False
OP09-097-0,OP09-097,0,Black Vortex,,C,Black,OP09,,2.0,,[Counter] Negate the effect of up to 1 of your opponent's Leader or Character cards and give that card −4000 power during this turn.,[Trigger] Negate the effect of up to 1 of your opponent's Leader or Character cards during this turn.,https://en.onepiece-cardgame.com/images/cardlist/card/OP09-097.png?250502,0,False
OP09-098-0,OP09-098,0,Black Hole,,UC,Black,OP09,,4.0,,"[Main] If your Leader has the {Blackbeard Pirates} type, negate the effect of up to 1 of your opponent's Characters during this turn. Then, if that Character has a cost of 4 or less, K.O. it.",[Trigger] Negate the effect of up to 1 of your opponent's Leader or Character cards during this turn.,https://en.onepiece-cardgame.com/images/cardlist/card/OP09-098.png?250502,0,False
OP09-099-0,OP09-099,0,Fullalead,,C,Black,OP09,,1.0,,"[Activate: Main] You may trash 1 card from your hand and rest this Stage: Look at 3 cards from the top of your deck; reveal up to 1 {Blackbeard Pirates} type card and add it to your hand. Then, place the rest at the bottom of your deck in any order.",,https://en.onepiece-cardgame.com/images/cardlist/card/OP09-099.png?250502,0,False
OP09-100-0,OP09-100,0,Karasu,764.0,UC,Yellow,OP09,4000.0,3.0,1000.0,"[Blocker] (After your opponent declares an attack, you may rest this card to make it the new target of the attack.)","[Trigger] If your Leader has the {Revolutionary Army} type and you and your opponent have a total of 5 or less Life cards, play this card.",https://en.onepiece-cardgame.com/images/cardlist/card/OP09-100.png?250502,0,True
OP09-101-0,OP09-101,0,Kuzan,685.0,R,Yellow,OP09,5000.0,4.0,1000.0,[On Play] Place 1 of your opponent's Characters with a cost of 3 or less at the top or bottom of your opponent's Life cards face-up: Your opponent trashes 1 card from their hand.,,https://en.onepiece-cardgame.com/images/cardlist/card/OP09-101.png?250502,0,True
OP09-102-0,OP09-102,0,Professor Clover,1138.0,R,Yellow,OP09,,1.0,2000.0,"[On Play] If your Leader is [Nico Robin], look at 3 cards from the top of your deck; reveal up to 1 card with a [Trigger] and add it to your hand. Then, place the rest at the bottom of your deck in any order.",[Trigger] Activate this card's [On Play] effect.,https://en.onepiece-cardgame.com/images/cardlist/card/OP09-102.png?250502,0,True
OP09-103-0,OP09-103,0,Koala,727.0,SR,Yellow,OP09,6000.0,6.0,,"[Blocker][On Play] You may add 1 card from the top or bottom of your Life cards to your hand: Play up to 1 {Revolutionary Army} type Character card with a cost of 4 or less from your hand. If you do, draw 1 card.",,https://en.onepiece-cardgame.com/images/cardlist/card/OP09-103.png?250502,0,True
OP09-103-1,OP09-103,1,Koala,727.0,SR,Yellow,OP09,6000.0,6.0,,"[Blocker][On Play] You may add 1 card from the top or bottom of your Life cards to your hand: Play up to 1 {Revolutionary Army} type Character card with a cost of 4 or less from your hand. If you do, draw 1 card.",,https://en.onepiece-cardgame.com/images/cardlist/card/OP09-103_p1.png?250502,0,True
OP09-104-0,OP09-104,0,Sabo,343.0,R,Yellow,OP09,7000.0,7.0,1000.0,"[On Play] Add up to 1 {Revolutionary Army} type Character card from your hand to the top of your Life cards face-up. Then, if you have 2 or more Life cards, add 1 card from the top or bottom of your Life cards to your hand.","[Trigger] If your Leader is multicolored, draw 2 cards.",https://en.onepiece-cardgame.com/images/cardlist/card/OP09-104.png?250502,0,True
OP09-105-0,OP09-105,0,Sanji,326.0,C,Yellow,OP09,6000.0,5.0,1000.0,-,"[Trigger] If your Leader has the {Egghead} type, add up to 1 card from the top of your deck to the top of your Life cards. Then, trash 2 cards from your hand.",https://en.onepiece-cardgame.com/images/cardlist/card/OP09-105.png?250502,0,True
OP09-106-0,OP09-106,0,Nico Olvia,497.0,C,Yellow,OP09,,1.0,2000.0,[On Play] Up to 1 of your [Nico Robin] Leader gains +3000 power during this turn.,"[Trigger] If your Leader is [Nico Robin], draw 3 cards and trash 2 cards from your hand.",https://en.onepiece-cardgame.com/images/cardlist/card/OP09-106.png?250502,0,True
OP09-107-0,OP09-107,0,Nico Robin,495.0,R,Yellow,OP09,6000.0,6.0,1000.0,"[On Play] If your opponent has 3 or more Life cards, trash up to 1 card from the top of your opponent's Life cards.",[Trigger] Play up to 1 yellow Character card with a cost of 3 or less from your hand.,https://en.onepiece-cardgame.com/images/cardlist/card/OP09-107.png?250502,0,True
OP09-107-1,OP09-107,1,Nico Robin,495.0,R,Yellow,OP09,6000.0,6.0,1000.0,"[On Play] If your opponent has 3 or more Life cards, trash up to 1 card from the top of your opponent's Life cards.",[Trigger] Play up to 1 yellow Character card with a cost of 3 or less from your hand.,https://en.onepiece-cardgame.com/images/cardlist/card/OP09-107_p1.png?250502,0,True
OP09-108-0,OP09-108,0,Bartholomew Kuma,1326.0,UC,Yellow,OP09,5000.0,4.0,2000.0,-,"[Trigger] If your Leader has the {Revolutionary Army} type and you and your opponent have a total of 5 or less Life cards, play this card.",https://en.onepiece-cardgame.com/images/cardlist/card/OP09-108.png?250502,0,True
OP09-109-0,OP09-109,0,Jaguar.D.Saul,825.0,UC,Yellow,OP09,5000.0,3.0,,"[Blocker] (After your opponent declares an attack, you may rest this card to make it the new target of the attack.)","[Trigger] If your Leader is [Nico Robin], play this card.",https://en.onepiece-cardgame.com/images/cardlist/card/OP09-109.png?250502,0,True
OP09-110-0,OP09-110,0,Pierre,429.0,C,Yellow,OP09,2000.0,2.0,1000.0,[On Play] Draw 2 cards and trash 2 cards from your hand.,[Trigger] Play this card.,https://en.onepiece-cardgame.com/images/cardlist/card/OP09-110.png?250502,0,True
OP09-111-0,OP09-111,0,Brook,1282.0,C,Yellow,OP09,6000.0,5.0,1000.0,-,"[Trigger] If your Leader has the {Egghead} type and your opponent has 6 or more cards in their hand, your opponent trashes 2 cards from their hand.",https://en.onepiece-cardgame.com/images/cardlist/card/OP09-111.png?250502,0,True
OP09-112-0,OP09-112,0,Belo Betty,1314.0,C,Yellow,OP09,4000.0,3.0,1000.0,"[On Play] If you have 2 or less Life cards, draw 1 card.","[Trigger] If your Leader has the {Revolutionary Army} type and you and your opponent have a total of 5 or less Life cards, play this card.",https://en.onepiece-cardgame.com/images/cardlist/card/OP09-112.png?250502,0,True
OP09-113-0,OP09-113,0,Morley,548.0,C,Yellow,OP09,6000.0,4.0,1000.0,-,,https://en.onepiece-cardgame.com/images/cardlist/card/OP09-113.png?250502,0,True
OP09-114-0,OP09-114,0,Lindbergh,662.0,C,Yellow,OP09,4000.0,3.0,1000.0,"[On Play] If you and your opponent have a total of 5 or less Life cards, K.O. up to 1 of your opponent's Characters with 2000 power or less.","[Trigger] If you and your opponent have a total of 5 or less Life cards, play this card.",https://en.onepiece-cardgame.com/images/cardlist/card/OP09-114.png?250502,0,True
OP09-115-0,OP09-115,0,Ice Block Partisan,,UC,Yellow,OP09,,1.0,,[Main] K.O. up to 1 of your opponent's Characters with a cost of 3 or less and a [Trigger].,[Trigger] Draw 1 card.,https://en.onepiece-cardgame.com/images/cardlist/card/OP09-115.png?250502,0,False
OP09-116-0,OP09-116,0,Never Underestimate the Power of Miracles!!,,C,Yellow,OP09,,1.0,,[Counter] Up to 1 of your Leader or Character cards gains +2000 power during this battle.,[Trigger] Play up to 1 {Revolutionary Army} type Character card with a cost of 4 or less from your hand.,https://en.onepiece-cardgame.com/images/cardlist/card/OP09-116.png?250502,0,False
OP09-117-0,OP09-117,0,Dereshi!,,R,Yellow,OP09,,3.0,,"[Main] Look at 5 cards from the top of your deck; reveal up to 2 cards with a [Trigger] other than [Dereshi!] and add them to your hand. Then, place the rest at the bottom of your deck in any order.",[Trigger] Draw 1 card.,https://en.onepiece-cardgame.com/images/cardlist/card/OP09-117.png?250502,0,False
OP09-118-0,OP09-118,0,Gol.D.Roger,953.0,SEC,Red,OP09,13000.0,10.0,,"[Rush] (This card can attack on the turn in which it is played.)When your opponent activates [Blocker], if either you or your opponent has 0 Life cards, you win the game.",,https://en.onepiece-cardgame.com/images/cardlist/card/OP09-118.png?250502,0,True
OP09-118-1,OP09-118,1,Gol.D.Roger,953.0,SEC,Red,OP09,13000.0,10.0,,"[Rush] (This card can attack on the turn in which it is played.)When your opponent activates [Blocker], if either you or your opponent has 0 Life cards, you win the game.",,https://en.onepiece-cardgame.com/images/cardlist/card/OP09-118_p1.png?250502,0,True
OP09-118-2,OP09-118,2,Gol.D.Roger,953.0,SEC,Red,OP09,13000.0,10.0,,"[Rush] (This card can attack on the turn in which it is played.)When your opponent activates [Blocker], if either you or your opponent has 0 Life cards, you win the game.",,https://en.onepiece-cardgame.com/images/cardlist/card/OP09-118_p2.png?250502,0,True
OP09-119-0,OP09-119,0,Monkey.D.Luffy,558.0,SEC,Purple,OP09,10000.0,9.0,,[On Play] You may return 1 or more DON!! cards from your field to your DON!! deck: Draw 1 card and this Character gains [Rush] during this turn.,,https://en.onepiece-cardgame.com/images/cardlist/card/OP09-119.png?250502,0,True
OP09-119-1,OP09-119,1,Monkey.D.Luffy,558.0,SEC,Purple,OP09,10000.0,9.0,,[On Play] You may return 1 or more DON!! cards from your field to your DON!! deck: Draw 1 card and this Character gains [Rush] during this turn.,,https://en.onepiece-cardgame.com/images/cardlist/card/OP09-119_p1.png?250502,0,True
OP09-119-2,OP09-119,2,Monkey.D.Luffy,558.0,SEC,Purple,OP09,10000.0,9.0,,[On Play] You may return 1 or more DON!! cards from your field to your DON!! deck: Draw 1 card and this Character gains [Rush] during this turn.,,https://en.onepiece-cardgame.com/images/cardlist/card/OP09-119_p2.png?250502,0,True
OP04-119-2,OP04-119,2,Donquixote Rosinante,1068.0,SP CARD,Green,OP04,8000.0,8.0,,"[Opponent's Turn] If this Character is rested, your active Characters with a base cost of 5 cannot be K.O.'d by effects.[On Play] You may rest this Character: Play up to 1 green Character card with a cost of 5 from your hand.",,https://en.onepiece-cardgame.com/images/cardlist/card/OP04-119_p2.png?250502,0,True
OP05-067-4,OP05-067,4,Zoro-Juurou,357.0,SP CARD,Purple,OP05,4000.0,3.0,1000.0,"[When Attacking] If you have 3 or less Life cards, add up to 1 DON!! card from your DON!! deck and set it as active.",,https://en.onepiece-cardgame.com/images/cardlist/card/OP05-067_p4.png?250502,0,True
OP05-093-2,OP05-093,2,Rob Lucci,369.0,SP CARD,Black,OP05,6000.0,4.0,,[On Play] You may place 3 cards from your trash at the bottom of your deck in any order: K.O. up to 1 of your opponent's Characters with a cost of 2 or less and up to 1 of your opponent's Characters with a cost of 1 or less.,,https://en.onepiece-cardgame.com/images/cardlist/card/OP05-093_p2.png?250502,0,True
OP05-119-5,OP05-119,5,Monkey.D.Luffy,558.0,SP CARD,Purple,OP05,12000.0,10.0,,"[On Play] DON!! −10: Place all of your Characters except this Character at the bottom of your deck in any order. Then, take an extra turn after this one.[Activate: Main] [Once Per Turn] You may rest 1 of your DON!! cards: Add up to 1 DON!! card from your DON!! deck and set it as active.",,https://en.onepiece-cardgame.com/images/cardlist/card/OP05-119_p5.png?250502,0,True
OP07-015-2,OP07-015,2,Monkey.D.Dragon,560.0,SP CARD,Red,OP07,9000.0,8.0,,[Rush] (This card can attack on the turn in which it is played.)[On Play] Give up to 2 rested DON!! cards to your Leader or 1 of your Characters.,,https://en.onepiece-cardgame.com/images/cardlist/card/OP07-015_p2.png?250502,0,True
OP07-051-3,OP07-051,3,Boa Hancock,1305.0,SP CARD,Blue,OP07,8000.0,6.0,,"[On Play] Up to 1 of your opponent's Characters other than [Monkey.D.Luffy] cannot attack until the end of your opponent's next turn. Then, place up to 1 Character with a cost of 1 or less at the bottom of the owner's deck.",,https://en.onepiece-cardgame.com/images/cardlist/card/OP07-051_p3.png?250502,0,True
OP08-106-4,OP08-106,4,Nami,515.0,SP CARD,Yellow,OP08,5000.0,5.0,1000.0,"[On Play] You may trash 1 card with a [Trigger] from your hand: K.O. up to 1 of your opponent's Characters with a cost of 5 or less. Then, if you have 3 or less cards in your hand, draw 1 card.",[Trigger] Activate this card's [On Play] effect.,https://en.onepiece-cardgame.com/images/cardlist/card/OP08-106_p4.png?250502,0,True
OP09-004-3,OP09-004,3,Shanks,290.0,SP CARD,Red,OP09,12000.0,10.0,,Give all of your opponent's Characters −1000 power.[Rush] (This card can attack on the turn in which it is played.),,https://en.onepiece-cardgame.com/images/cardlist/card/OP09-004_p3.png?250502,0,True
OP09-051-3,OP09-051,3,Buggy,1280.0,SP CARD,Blue,OP09,12000.0,10.0,,"[On Play] Place up to 1 of your opponent's Characters at the bottom of the owner's deck. Then, if you do not have 5 Characters with a cost of 5 or more, place this Character at the bottom of the owner's deck.",,https://en.onepiece-cardgame.com/images/cardlist/card/OP09-051_p3.png?250502,0,True
OP09-093-3,OP09-093,3,Marshall.D.Teach,623.0,SP CARD,Black,OP09,12000.0,10.0,,"[Blocker][Activate: Main] [Once Per Turn] If your Leader has the {Blackbeard Pirates} type and this Character was played on this turn, negate the effect of up to 1 of your opponent's Leader during this turn. Then, negate the effect of up to 1 of your opponent's Characters and that Character cannot attack until the end of your opponent's next turn.",,https://en.onepiece-cardgame.com/images/cardlist/card/OP09-093_p3.png?250502,0,True
OP08-001-0,OP08-001,0,Tony Tony.Chopper,175.0,L,Red/Green,OP08,5000.0,,,[Activate: Main] [Once Per Turn] Give up to 3 of your {Animal} or {Drum Kingdom} type Characters up to 1 rested DON!! card each.,,https://en.onepiece-cardgame.com/images/cardlist/card/OP08-001.png?250502,0,True
OP08-001-1,OP08-001,1,Tony Tony.Chopper (Parallel),175.0,L,Red/Green,OP08,5000.0,,,[Activate: Main] [Once Per Turn] Give up to 3 of your {Animal} or {Drum Kingdom} type Characters up to 1 rested DON!! card each.,,https://en.onepiece-cardgame.com/images/cardlist/card/OP08-001_p1.png?250502,0,True
OP08-002-0,OP08-002,0,Marco,635.0,L,Red/Blue,OP08,5000.0,,,"[DON!! x1] [Activate: Main] [Once Per Turn] Draw 1 card and place 1 card from your hand at the top or bottom of your deck. Then, give up to 1 of your opponent's Characters −2000 power during this turn.",,https://en.onepiece-cardgame.com/images/cardlist/card/OP08-002.png?250502,0,True
OP08-002-1,OP08-002,1,Marco (Parallel),635.0,L,Red/Blue,OP08,5000.0,,,"[DON!! x1] [Activate: Main] [Once Per Turn] Draw 1 card and place 1 card from your hand at the top or bottom of your deck. Then, give up to 1 of your opponent's Characters −2000 power during this turn.",,https://en.onepiece-cardgame.com/images/cardlist/card/OP08-002_p1.png?250502,0,True
OP08-003-0,OP08-003,0,Twenty Doctors,,C,Red,OP08,2000.0,2.0,1000.0,"[Blocker] (After your opponent declares an attack, you may rest this card to make it the new target of the attack.)",,https://en.onepiece-cardgame.com/images/cardlist/card/OP08-003.png?250502,0,False
OP08-004-0,OP08-004,0,Kuromarimo,691.0,C,Red,OP08,5000.0,4.0,1000.0,"[On Play] If you have [Chess], K.O. up to 1 of your opponent's Characters with 3000 power or less.",,https://en.onepiece-cardgame.com/images/cardlist/card/OP08-004.png?250502,0,True
OP08-005-0,OP08-005,0,Chess,1166.0,C,Red,OP08,3000.0,3.0,1000.0,"[On Play] Give up to 1 of your opponent's Characters −2000 power during this turn. Then, if you don't have [Kuromarimo], play up to 1 [Kuromarimo] from your hand.",,https://en.onepiece-cardgame.com/images/cardlist/card/OP08-005.png?250502,0,True
OP08-006-0,OP08-006,0,Chessmarimo,1160.0,UC,Red,OP08,6000.0,5.0,1000.0,"[Your Turn] If you have [Kuromarimo] and [Chess] in your trash, this Character gains +2000 power.",,https://en.onepiece-cardgame.com/images/cardlist/card/OP08-006.png?250502,0,True
OP08-007-0,OP08-007,0,Tony Tony.Chopper,175.0,SR,Red,OP08,5000.0,3.0,,"[Your Turn] [On Play]/[When Attacking] Look at 5 cards from the top of your deck and play up to 1 {Animal} type Character card with 4000 power or less rested. Then, place the rest at the bottom of your deck in any order.",,https://en.onepiece-cardgame.com/images/cardlist/card/OP08-007.png?250502,0,True
OP08-007-1,OP08-007,1,Tony Tony.Chopper (Parallel),175.0,SR,Red,OP08,5000.0,3.0,,"[Your Turn] [On Play]/[When Attacking] Look at 5 cards from the top of your deck and play up to 1 {Animal} type Character card with 4000 power or less rested. Then, place the rest at the bottom of your deck in any order.",,https://en.onepiece-cardgame.com/images/cardlist/card/OP08-007_p1.png?250502,0,True
OP08-008-0,OP08-008,0,Dalton,1104.0,R,Red,OP08,6000.0,5.0,1000.0,[On Play] Give up to 1 of your opponent's Characters −1000 power during this turn.[DON!! x1] [Activate: Main] [Once Per Turn] You may add 1 card from the top of your Life cards to your hand: This Character gains [Rush] during this turn.(This card can attack on the turn in which it is played.),,https://en.onepiece-cardgame.com/images/cardlist/card/OP08-008.png?250502,0,True
OP08-009-0,OP08-009,0,Maria Onion Bear,505.0,C,Red,OP08,5000.0,3.0,1000.0,-,,https://en.onepiece-cardgame.com/images/cardlist/card/OP08-009.png?250502,0,True
OP08-010-0,OP08-010,0,Hiking Bear,,UC,Red,OP08,3000.0,3.0,2000.0,[DON!! x1] [Activate: Main] [Once Per Turn] Up to 1 of your {Animal} type Characters other than this Character gains +1000 power during this turn.,,https://en.onepiece-cardgame.com/images/cardlist/card/OP08-010.png?250502,0,False
OP08-011-0,OP08-011,0,Musshuru,1398.0,C,Red,OP08,8000.0,6.0,1000.0,-,,https://en.onepiece-cardgame.com/images/cardlist/card/OP08-011.png?250502,0,True
OP08-012-0,OP08-012,0,Lapins,,UC,Red,OP08,3000.0,3.0,1000.0,"[DON!! x2] [When Attacking] If your Leader has the {Drum Kingdom} type, K.O. up to 1 of your opponent's Characters with 4000 power or less.",,https://en.onepiece-cardgame.com/images/cardlist/card/OP08-012.png?250502,0,False
OP08-013-0,OP08-013,0,Robson,372.0,UC,Red,OP08,4000.0,3.0,1000.0,[DON!! x2] This Character gains [Rush].(This card can attack on the turn in which it is played.),,https://en.onepiece-cardgame.com/images/cardlist/card/OP08-013.png?250502,0,True
OP08-014-0,OP08-014,0,Wapol,102.0,R,Red,OP08,6000.0,6.0,1000.0,"[DON!! x1] [When Attacking] Give up to 1 of your opponent's Characters −2000 power during this turn. Then, this Character gains +2000 power until the end of your opponent's next turn.",,https://en.onepiece-cardgame.com/images/cardlist/card/OP08-014.png?250502,0,True
OP08-015-0,OP08-015,0,Dr.Kureha,699.0,R,Red,OP08,2000.0,1.0,1000.0,"[On Play] Look at 4 cards from the top of your deck; reveal up to 1 [Tony Tony.Chopper] or {Drum Kingdom} type card other than [Dr.Kureha] and add it to your hand. Then, place the rest at the bottom of your deck in any order.",,https://en.onepiece-cardgame.com/images/cardlist/card/OP08-015.png?250502,0,True
OP08-015-1,OP08-015,1,Dr.Kureha (Parallel),699.0,R,Red,OP08,2000.0,1.0,1000.0,"[On Play] Look at 4 cards from the top of your deck; reveal up to 1 [Tony Tony.Chopper] or {Drum Kingdom} type card other than [Dr.Kureha] and add it to your hand. Then, place the rest at the bottom of your deck in any order.",,https://en.onepiece-cardgame.com/images/cardlist/card/OP08-015_p1.png?250502,0,True
OP08-016-0,OP08-016,0,Dr.Hiriluk,890.0,R,Red,OP08,,3.0,2000.0,"[Activate: Main] You may rest this Character: If your Leader is [Tony Tony.Chopper], all of your [Tony Tony.Chopper] Characters gain +2000 power during this turn.",,https://en.onepiece-cardgame.com/images/cardlist/card/OP08-016.png?250502,0,True
OP08-017-0,OP08-017,0,I'd Never Shoot You!!!!,,C,Red,OP08,,2.0,,"[Counter] Up to 1 of your Leader or Character cards gains +4000 power during this battle. Then, give up to 1 of your opponent's Leader or Character cards −1000 power during this turn.",[Trigger] Up to 1 of your Leader or Character cards gains +1000 power during this turn.,https://en.onepiece-cardgame.com/images/cardlist/card/OP08-017.png?250502,0,False
OP08-018-0,OP08-018,0,Cloven Rose,,R,Red,OP08,,2.0,,"[Main] Up to 3 of your Characters gain +1000 power during this turn. Then, give up to 1 of your opponent's Characters −2000 power during this turn.",[Trigger] Give up to 1 of your opponent's Leader or Character cards −3000 power during this turn.,https://en.onepiece-cardgame.com/images/cardlist/card/OP08-018.png?250502,0,False
OP08-019-0,OP08-019,0,Munch-Munch Mutation,,UC,Red,OP08,,3.0,,"[Main]/[Counter] Give up to 1 of your opponent's Characters −3000 power during this turn. Then, up to 1 of your Characters gains +3000 power during this turn.",[Trigger] K.O. up to 1 of your opponent's Characters with 5000 power or less.,https://en.onepiece-cardgame.com/images/cardlist/card/OP08-019.png?250502,0,False
OP08-020-0,OP08-020,0,Drum Kingdom,,C,Red,OP08,,1.0,,[Opponent's Turn] All of your {Drum Kingdom} type Characters gain +1000 power.,,https://en.onepiece-cardgame.com/images/cardlist/card/OP08-020.png?250502,0,False
OP08-021-0,OP08-021,0,Carrot,1252.0,L,Green,OP08,5000.0,,,"[Activate: Main] [Once Per Turn] If you have a {Minks} type Character, rest up to 1 of your opponent's Characters with a cost of 5 or less.",,https://en.onepiece-cardgame.com/images/cardlist/card/OP08-021.png?250502,0,True
OP08-021-1,OP08-021,1,Carrot (Parallel),1252.0,L,Green,OP08,5000.0,,,"[Activate: Main] [Once Per Turn] If you have a {Minks} type Character, rest up to 1 of your opponent's Characters with a cost of 5 or less.",,https://en.onepiece-cardgame.com/images/cardlist/card/OP08-021_p1.png?250502,0,True
OP08-022-0,OP08-022,0,Inuarashi,844.0,UC,Green,OP08,6000.0,5.0,1000.0,"[On Play] If your Leader has the {Minks} type, up to 2 of your opponent's rested Characters with a cost of 5 or less will not become active in your opponent's next Refresh Phase.",,https://en.onepiece-cardgame.com/images/cardlist/card/OP08-022.png?250502,0,True
OP08-023-0,OP08-023,0,Carrot,1252.0,SR,Green,OP08,6000.0,5.0,1000.0,[On Play]/[When Attacking] Up to 1 of your opponent's rested Characters with a cost of 7 or less will not become active in your opponent's next Refresh Phase.,,https://en.onepiece-cardgame.com/images/cardlist/card/OP08-023.png?250502,0,True
OP08-023-1,OP08-023,1,Carrot (Parallel),1252.0,SR,Green,OP08,6000.0,5.0,1000.0,[On Play]/[When Attacking] Up to 1 of your opponent's rested Characters with a cost of 7 or less will not become active in your opponent's next Refresh Phase.,,https://en.onepiece-cardgame.com/images/cardlist/card/OP08-023_p1.png?250502,0,True
OP08-024-0,OP08-024,0,Concelot,1130.0,UC,Green,OP08,4000.0,3.0,1000.0,[When Attacking] Up to 1 of your opponent's rested Characters with a cost of 4 or less will not become active in your opponent's next Refresh Phase.,,https://en.onepiece-cardgame.com/images/cardlist/card/OP08-024.png?250502,0,True
OP08-025-0,OP08-025,0,Shishilian,270.0,C,Green,OP08,4000.0,3.0,1000.0,[On Play] Up to 1 of your opponent's rested Characters with a cost of 3 or less will not become active in your opponent's next Refresh Phase.,,https://en.onepiece-cardgame.com/images/cardlist/card/OP08-025.png?250502,0,True
OP08-026-0,OP08-026,0,Giovanni,962.0,C,Green,OP08,3000.0,2.0,1000.0,[DON!! x1] [When Attacking] Up to 1 of your opponent's rested Characters with a cost of 1 or less will not become active in your opponent's next Refresh Phase.,,https://en.onepiece-cardgame.com/images/cardlist/card/OP08-026.png?250502,0,True
OP08-027-0,OP08-027,0,Tristan,164.0,C,Green,OP08,3000.0,1.0,1000.0,-,,https://en.onepiece-cardgame.com/images/cardlist/card/OP08-027.png?250502,0,True
OP08-028-0,OP08-028,0,Nekomamushi,504.0,UC,Green,OP08,6000.0,5.0,1000.0,"[On Play] If your opponent has 7 or more rested cards, this Character gains [Rush] during this turn.(This card can attack on the turn in which it is played.)",,https://en.onepiece-cardgame.com/images/cardlist/card/OP08-028.png?250502,0,True
OP08-029-0,OP08-029,0,Pekoms,440.0,C,Green,OP08,6000.0,4.0,,"If this Character is active, your {Minks} type Characters with a cost of 3 or less other than [Pekoms] cannot be K.O.'d by effects.",,https://en.onepiece-cardgame.com/images/cardlist/card/OP08-029.png?250502,0,True
OP08-030-0,OP08-030,0,Pedro,447.0,R,Green,OP08,5000.0,4.0,1000.0,"[Blocker] (After your opponent declares an attack, you may rest this card to make it the new target of the attack.)[On K.O.] Choose one:• Rest up to 1 of your opponent's DON!! cards.• K.O. up to 1 of your opponent's rested Characters with a cost of 6 or less.",,https://en.onepiece-cardgame.com/images/cardlist/card/OP08-030.png?250502,0,True
OP08-030-1,OP08-030,1,Pedro (Parallel),447.0,R,Green,OP08,5000.0,4.0,1000.0,"[Blocker] (After your opponent declares an attack, you may rest this card to make it the new target of the attack.)[On K.O.] Choose one:• Rest up to 1 of your opponent's DON!! cards.• K.O. up to 1 of your opponent's rested Characters with a cost of 6 or less.",,https://en.onepiece-cardgame.com/images/cardlist/card/OP08-030_p1.png?250502,0,True
OP08-031-0,OP08-031,0,Miyagi,576.0,C,Green,OP08,1000.0,3.0,1000.0,[On Play] Set up to 1 of your {Minks} type Characters with a cost of 2 or less as active.,,https://en.onepiece-cardgame.com/images/cardlist/card/OP08-031.png?250502,0,True
OP08-032-0,OP08-032,0,Milky,597.0,UC,Green,OP08,,2.0,2000.0,"[Activate: Main] You may rest this Character: If your Leader has the {Minks} type, set up to 1 of your DON!! cards as active.",,https://en.onepiece-cardgame.com/images/cardlist/card/OP08-032.png?250502,0,True
OP08-033-0,OP08-033,0,Roddy,364.0,C,Green,OP08,2000.0,1.0,1000.0,"[On Play] If your Leader has the {Minks} type and your opponent has 7 or more rested cards, K.O. up to 1 of your opponent's rested Characters with a cost of 2 or less.",,https://en.onepiece-cardgame.com/images/cardlist/card/OP08-033.png?250502,0,True
OP08-034-0,OP08-034,0,Wanda,105.0,R,Green,OP08,2000.0,1.0,1000.0,"[On Play] Look at 5 cards from the top of your deck; reveal up to 1 {Minks} type card other than [Wanda] and add it to your hand. Then, place the rest at the bottom of your deck in any order.",,https://en.onepiece-cardgame.com/images/cardlist/card/OP08-034.png?250502,0,True
OP08-035-0,OP08-035,0,BB,5.0,C,Green,OP08,4000.0,2.0,1000.0,-,,https://en.onepiece-cardgame.com/images/cardlist/card/OP08-035.png?250502,0,True
OP08-036-0,OP08-036,0,Electrical Luna,,R,Green,OP08,,3.0,,[Main] All of your opponent's rested Characters with a cost of 7 or less will not become active in your opponent's next Refresh Phase.,[Trigger] Rest up to 1 of your opponent's Characters.,https://en.onepiece-cardgame.com/images/cardlist/card/OP08-036.png?250502,0,False
OP08-037-0,OP08-037,0,Garchu,,UC,Green,OP08,,1.0,,[Main] You may rest 1 of your {Minks} type Characters: Rest up to 1 of your opponent's Characters.,[Trigger] Draw 1 card.,https://en.onepiece-cardgame.com/images/cardlist/card/OP08-037.png?250502,0,False
OP08-038-0,OP08-038,0,We Would Never Sell a Comrade to an Enemy!!!,,C,Green,OP08,,1.0,,[Main] You may rest 2 of your Characters: None of your Characters can be K.O.'d by your opponent's effects until the end of your opponent's next turn.,[Trigger] Rest up to 1 of your opponent's Characters with a cost of 3 or less.,https://en.onepiece-cardgame.com/images/cardlist/card/OP08-038.png?250502,0,False
OP08-039-0,OP08-039,0,Zou,,R,Green,OP08,,3.0,,"[Activate: Main] You may rest this Stage: If your Leader has the {Minks} type, set up to 1 of your DON!! cards as active.[End of Your Turn] Set up to 1 of your {Minks} type Characters as active.",,https://en.onepiece-cardgame.com/images/cardlist/card/OP08-039.png?250502,0,False
OP08-040-0,OP08-040,0,Atmos,1344.0,UC,Blue,OP08,5000.0,4.0,1000.0,"[On Play] You may reveal 2 cards with a type including ""Whitebeard Pirates"" from your hand: If your Leader's type includes ""Whitebeard Pirates"", return up to 1 of your opponent's Characters with a cost of 4 or less to the owner's hand.",,https://en.onepiece-cardgame.com/images/cardlist/card/OP08-040.png?250502,0,True
OP08-041-0,OP08-041,0,Aphelandra,1359.0,C,Blue,OP08,4000.0,3.0,2000.0,"[Activate: Main] You may return this Character to the owner's hand: If your Leader has the {Kuja Pirates} type, place up to 1 of your opponent's Characters with a cost of 1 or less at the bottom of the owner's deck.",,https://en.onepiece-cardgame.com/images/cardlist/card/OP08-041.png?250502,0,True
OP08-042-0,OP08-042,0,Edward Weevil,1050.0,UC,Blue,OP08,5000.0,4.0,1000.0,[DON!! x1] [When Attacking] Return up to 1 Character with a cost of 3 or less to the owner's hand.,,https://en.onepiece-cardgame.com/images/cardlist/card/OP08-042.png?250502,0,True
OP08-043-0,OP08-043,0,Edward.Newgate,1051.0,SR,Blue,OP08,12000.0,10.0,,"[On Play] If your Leader's type includes ""Whitebeard Pirates"" and you have 2 or less Life cards, select all of your opponent's Characters on their field. Until the end of your opponent's next turn, none of the selected Characters can attack unless your opponent trashes 2 cards from their hand whenever they attack.",,https://en.onepiece-cardgame.com/images/cardlist/card/OP08-043.png?250502,0,True
OP08-043-1,OP08-043,1,Edward.Newgate (Parallel),1051.0,SR,Blue,OP08,12000.0,10.0,,"[On Play] If your Leader's type includes ""Whitebeard Pirates"" and you have 2 or less Life cards, select all of your opponent's Characters on their field. Until the end of your opponent's next turn, none of the selected Characters can attack unless your opponent trashes 2 cards from their hand whenever they attack.",,https://en.onepiece-cardgame.com/images/cardlist/card/OP08-043_p1.png?250502,0,True
OP08-044-0,OP08-044,0,Kingdew,734.0,UC,Blue,OP08,4000.0,4.0,2000.0,"[Activate: Main] [Once Per Turn] You may reveal 2 cards with a type including ""Whitebeard Pirates"" from your hand: This Character gains +2000 power during this turn.",,https://en.onepiece-cardgame.com/images/cardlist/card/OP08-044.png?250502,0,True
OP08-045-0,OP08-045,0,Thatch,184.0,UC,Blue,OP08,5000.0,4.0,1000.0,"If this Character would be removed from the field by your opponent's effect or K.O.'d, trash this Character and draw 1 card instead.",,https://en.onepiece-cardgame.com/images/cardlist/card/OP08-045.png?250502,0,True
OP08-046-0,OP08-046,0,Shakuyaku,297.0,R,Blue,OP08,6000.0,5.0,1000.0,"[Your Turn] [Once Per Turn] When a Character is removed from the field by your effect, if your opponent has 5 or more cards in their hand, your opponent places 1 card from their hand at the bottom of their deck. Then, rest this Character.",,https://en.onepiece-cardgame.com/images/cardlist/card/OP08-046.png?250502,0,True
OP08-047-0,OP08-047,0,Jozu,791.0,R,Blue,OP08,7000.0,6.0,1000.0,[On Play] You may return 1 of your Characters other than this Character to the owner's hand: Return up to 1 Character with a cost of 6 or less to the owner's hand.,,https://en.onepiece-cardgame.com/images/cardlist/card/OP08-047.png?250502,0,True
OP08-048-0,OP08-048,0,Sweetpea,215.0,C,Blue,OP08,6000.0,4.0,1000.0,-,,https://en.onepiece-cardgame.com/images/cardlist/card/OP08-048.png?250502,0,True
OP08-049-0,OP08-049,0,Speed Jil,245.0,C,Blue,OP08,5000.0,4.0,1000.0,"[On Play] Reveal 1 card from the top of your deck and place it at the top or bottom of your deck. If the revealed card's type includes ""Whitebeard Pirates"", this Character gains [Rush] during this turn.(This card can attack on the turn in which it is played.)",,https://en.onepiece-cardgame.com/images/cardlist/card/OP08-049.png?250502,0,True
OP08-050-0,OP08-050,0,Namule,514.0,C,Blue,OP08,2000.0,3.0,1000.0,"[Blocker] (After your opponent declares an attack, you may rest this card to make it the new target of the attack.)[On Play] Draw 2 cards and place 2 cards from your hand at the top or bottom of your deck in any order.",,https://en.onepiece-cardgame.com/images/cardlist/card/OP08-050.png?250502,0,True
OP08-051-0,OP08-051,0,Buckin,,C,Blue,OP08,2000.0,1.0,1000.0,[Your Turn] [On Play] Up to 1 of your [Edward Weevil] cards gains +2000 power during this turn.,,https://en.onepiece-cardgame.com/images/cardlist/card/OP08-051.png?250502,0,False
OP08-052-0,OP08-052,0,Portgas.D.Ace,416.0,R,Blue,OP08,6000.0,5.0,1000.0,"[On Play] Reveal 1 card from the top of your deck and play up to 1 Character card with a type including ""Whitebeard Pirates"" and a cost of 4 or less. Then, place the rest at the top or bottom of your deck.",,https://en.onepiece-cardgame.com/images/cardlist/card/OP08-052.png?250502,0,True
OP08-052-1,OP08-052,1,Portgas.D.Ace (Parallel),416.0,R,Blue,OP08,6000.0,5.0,1000.0,"[On Play] Reveal 1 card from the top of your deck and play up to 1 Character card with a type including ""Whitebeard Pirates"" and a cost of 4 or less. Then, place the rest at the top or bottom of your deck.",,https://en.onepiece-cardgame.com/images/cardlist/card/OP08-052_p1.png?250502,0,True
OP08-053-0,OP08-053,0,Thank You...for Loving Me!!,,R,Blue,OP08,,1.0,,"[Main] If your Leader's type includes ""Whitebeard Pirates"", look at 3 cards from the top of your deck; reveal up to 1 card with a type including ""Whitebeard Pirates"" or [Monkey.D.Luffy] and add it to your hand. Then, place the rest at the top or bottom of your deck in any order.",[Trigger] Draw 1 card.,https://en.onepiece-cardgame.com/images/cardlist/card/OP08-053.png?250502,0,False
OP08-054-0,OP08-054,0,You Can't Take Our King This Early in the Game.,,C,Blue,OP08,,3.0,,"[Counter] Up to 1 of your Leader or Character cards gains +3000 power during this battle. Then, reveal 1 card from the top of your deck and play up to 1 Character card with a type including ""Whitebeard Pirates"" and a cost of 3 or less. Then, place the rest at the top or bottom of your deck.",,https://en.onepiece-cardgame.com/images/cardlist/card/OP08-054.png?250502,0,False
OP08-055-0,OP08-055,0,Phoenix Brand,,UC,Blue,OP08,,4.0,,"[Main] You may reveal 2 cards with a type including ""Whitebeard Pirates"" from your hand: Place up to 1 Character with a cost of 6 or less at the bottom of the owner's deck.",,https://en.onepiece-cardgame.com/images/cardlist/card/OP08-055.png?250502,0,False
OP08-056-0,OP08-056,0,Moby Dick,,C,Blue,OP08,,2.0,,"[Your Turn] [Once Per Turn] When your Character with a type including ""Whitebeard Pirates"" is removed from the field by an effect, draw 1 card. Then, place 1 card from your hand at the top or bottom of your deck.",[Trigger] Play this card.,https://en.onepiece-cardgame.com/images/cardlist/card/OP08-056.png?250502,0,False
OP08-057-0,OP08-057,0,King,737.0,L,Purple/Black,OP08,5000.0,,,"[Activate: Main] [Once Per Turn] DON!! −2 (You may return the specified number of DON!! cards from your field to your DON!! deck.): Choose one:• If you have 5 or less cards in your hand, draw 1 card.• Give up to 1 of your opponent's Characters −2 cost during this turn.",,https://en.onepiece-cardgame.com/images/cardlist/card/OP08-057.png?250502,0,True
OP08-057-1,OP08-057,1,King (Parallel),737.0,L,Purple/Black,OP08,5000.0,,,"[Activate: Main] [Once Per Turn] DON!! −2 (You may return the specified number of DON!! cards from your field to your DON!! deck.): Choose one:• If you have 5 or less cards in your hand, draw 1 card.• Give up to 1 of your opponent's Characters −2 cost during this turn.",,https://en.onepiece-cardgame.com/images/cardlist/card/OP08-057_p1.png?250502,0,True
OP08-058-0,OP08-058,0,Charlotte Pudding,1170.0,L,Purple/Yellow,OP08,5000.0,,,[When Attacking] You may turn 2 cards from the top of your Life cards face-up: Add up to 1 DON!! card from your DON!! deck and rest it.,,https://en.onepiece-cardgame.com/images/cardlist/card/OP08-058.png?250502,0,True
OP08-058-1,OP08-058,1,Charlotte Pudding (Parallel),1170.0,L,Purple/Yellow,OP08,5000.0,,,[When Attacking] You may turn 2 cards from the top of your Life cards face-up: Add up to 1 DON!! card from your DON!! deck and rest it.,,https://en.onepiece-cardgame.com/images/cardlist/card/OP08-058_p1.png?250502,0,True
OP08-059-0,OP08-059,0,Alber,738.0,UC,Purple,OP08,5000.0,4.0,1000.0,"[Activate: Main] You may trash this Character: If your Leader has the {Animal Kingdom Pirates} type and you have 10 DON!! cards on your field, play up to 1 [King] with a cost of 7 or less from your hand.",,https://en.onepiece-cardgame.com/images/cardlist/card/OP08-059.png?250502,0,True
OP08-060-0,OP08-060,0,King,737.0,R,Purple,OP08,8000.0,7.0,,"[On Play] DON!! −1 (You may return the specified number of DON!! cards from your field to your DON!! deck.): If your opponent has 5 or more DON!! cards on their field, this Character gains [Rush] during this turn.(This card can attack on the turn in which it is played.)",,https://en.onepiece-cardgame.com/images/cardlist/card/OP08-060.png?250502,0,True
OP08-061-0,OP08-061,0,Charlotte Oven,1175.0,UC,Purple,OP08,6000.0,5.0,1000.0,[When Attacking] DON!! −1 (You may return the specified number of DON!! cards from your field to your DON!! deck.): K.O. up to 1 of your opponent's Characters with a cost of 3 or less.,,https://en.onepiece-cardgame.com/images/cardlist/card/OP08-061.png?250502,0,True
OP08-062-0,OP08-062,0,Charlotte Katakuri,1200.0,UC,Purple,OP08,3000.0,2.0,1000.0,"[Activate: Main] You may trash this Character: If your Leader has the {Big Mom Pirates} type, play up to 1 [Charlotte Katakuri] from your hand with a cost of 3 or more that is equal to or less than the number of DON!! cards on your opponent's field.",,https://en.onepiece-cardgame.com/images/cardlist/card/OP08-062.png?250502,0,True
OP08-063-0,OP08-063,0,Charlotte Katakuri,1200.0,R,Purple,OP08,7000.0,6.0,1000.0,[On Play] You may turn 1 card from the top of your Life cards face-down: Add up to 1 DON!! card from your DON!! deck and set it as active.,,https://en.onepiece-cardgame.com/images/cardlist/card/OP08-063.png?250502,0,True
OP08-064-0,OP08-064,0,Charlotte Cracker,1216.0,C,Purple,OP08,5000.0,4.0,1000.0,[Activate: Main] [Once Per Turn] DON!! −1 (You may return the specified number of DON!! cards from your field to your DON!! deck.): Play up to 1 [Biscuit Warrior] from your hand.,,https://en.onepiece-cardgame.com/images/cardlist/card/OP08-064.png?250502,0,True
OP08-065-0,OP08-065,0,Charlotte Smoothie,1167.0,C,Purple,OP08,9000.0,7.0,1000.0,-,,https://en.onepiece-cardgame.com/images/cardlist/card/OP08-065.png?250502,0,True
OP08-066-0,OP08-066,0,Charlotte Brulee,1226.0,UC,Purple,OP08,1000.0,4.0,1000.0,"[Blocker] (After your opponent declares an attack, you may rest this card to make it the new target of the attack.)[On K.O.] Add up to 1 DON!! card from your DON!! deck and rest it.",,https://en.onepiece-cardgame.com/images/cardlist/card/OP08-066.png?250502,0,True
OP08-067-0,OP08-067,0,Charlotte Pudding,1170.0,R,Purple,OP08,4000.0,3.0,1000.0,"[Your Turn] [Once Per Turn] When a DON!! card on your field is returned to your DON!! deck, add up to 1 DON!! card from your DON!! deck and rest it.",,https://en.onepiece-cardgame.com/images/cardlist/card/OP08-067.png?250502,0,True
OP08-067-1,OP08-067,1,Charlotte Pudding (Parallel),1170.0,R,Purple,OP08,4000.0,3.0,1000.0,"[Your Turn] [Once Per Turn] When a DON!! card on your field is returned to your DON!! deck, add up to 1 DON!! card from your DON!! deck and rest it.",,https://en.onepiece-cardgame.com/images/cardlist/card/OP08-067_p1.png?250502,0,True
OP08-068-0,OP08-068,0,Charlotte Perospero,1174.0,C,Purple,OP08,5000.0,3.0,,[On K.O.] Add up to 1 DON!! card from your DON!! deck and rest it.,[Trigger] DON!! −1 (You may return the specified number of DON!! cards from your field to your DON!! deck.): Play this card.,https://en.onepiece-cardgame.com/images/cardlist/card/OP08-068.png?250502,0,True
OP08-069-0,OP08-069,0,Charlotte Linlin,1196.0,SR,Purple,OP08,9000.0,9.0,,"[On Play] DON!! −1, You may trash 1 card from your hand: Add up to 1 card from the top of your deck to the top of your Life cards. Then, add up to 1 of your opponent's Characters with a cost of 6 or less to the top or bottom of your opponent's Life cards face-up.",,https://en.onepiece-cardgame.com/images/cardlist/card/OP08-069.png?250502,0,True
OP08-069-1,OP08-069,1,Charlotte Linlin (Parallel),1196.0,SR,Purple,OP08,9000.0,9.0,,"[On Play] DON!! −1, You may trash 1 card from your hand: Add up to 1 card from the top of your deck to the top of your Life cards. Then, add up to 1 of your opponent's Characters with a cost of 6 or less to the top or bottom of your opponent's Life cards face-up.",,https://en.onepiece-cardgame.com/images/cardlist/card/OP08-069_p1.png?250502,0,True
OP08-070-0,OP08-070,0,Baron Tamago,206.0,C,Purple,OP08,4000.0,3.0,1000.0,"[Blocker] (After your opponent declares an attack, you may rest this card to make it the new target of the attack.)[On K.O.] DON!! −1 (You may return the specified number of DON!! cards from your field to your DON!! deck.): Play up to 1 [Viscount Hiyoko] with a cost of 5 or less from your hand.",,https://en.onepiece-cardgame.com/images/cardlist/card/OP08-070.png?250502,0,True
OP08-071-0,OP08-071,0,Count Niwatori,206.0,C,Purple,OP08,7000.0,6.0,1000.0,"[Opponent's Turn] [On K.O.] DON!! −1 (You may return the specified number of DON!! cards from your field to your DON!! deck.): Play up to 1 [Baron Tamago] with a cost of 4 or less from your deck. Then, shuffle your deck.",,https://en.onepiece-cardgame.com/images/cardlist/card/OP08-071.png?250502,0,True
OP08-072-0,OP08-072,0,Biscuit Warrior,1217.0,C,Purple,OP08,5000.0,5.0,1000.0,"Under the rules of this game, you may have any number of this card in your deck.[Blocker] (After your opponent declares an attack, you may rest this card to make it the new target of the attack.)",,https://en.onepiece-cardgame.com/images/cardlist/card/OP08-072.png?250502,0,True
OP08-073-0,OP08-073,0,Viscount Hiyoko,206.0,C,Purple,OP08,6000.0,5.0,1000.0,"[Opponent's Turn] [On K.O.] DON!! −1 (You may return the specified number of DON!! cards from your field to your DON!! deck.): Play up to 1 [Count Niwatori] with a cost of 6 or less from your deck. Then, shuffle your deck.",,https://en.onepiece-cardgame.com/images/cardlist/card/OP08-073.png?250502,0,True
OP08-074-0,OP08-074,0,Black Maria,6.0,SR,Purple,OP08,2000.0,3.0,2000.0,"[Activate: Main] [Once Per Turn] If you have no other [Black Maria] Characters, add up to 5 DON!! cards from your DON!! deck and rest them. Then, at the end of this turn, return DON!! cards from your field to your DON!! deck until you have the same number of DON!! cards on your field as your opponent.",,https://en.onepiece-cardgame.com/images/cardlist/card/OP08-074.png?250502,0,True
OP08-074-1,OP08-074,1,Black Maria (Parallel),6.0,SR,Purple,OP08,2000.0,3.0,2000.0,"[Activate: Main] [Once Per Turn] If you have no other [Black Maria] Characters, add up to 5 DON!! cards from your DON!! deck and rest them. Then, at the end of this turn, return DON!! cards from your field to your DON!! deck until you have the same number of DON!! cards on your field as your opponent.",,https://en.onepiece-cardgame.com/images/cardlist/card/OP08-074_p1.png?250502,0,True
OP08-075-0,OP08-075,0,Candy Maiden,,C,Purple,OP08,,1.0,,"[Main] DON!! −1 (You may return the specified number of DON!! cards from your field to your DON!! deck.): Rest up to 1 of your opponent's Characters with a cost of 2 or less. Then, turn all of your Life cards face-down.",[Trigger] Add up to 1 DON!! card from your DON!! deck and set it as active.,https://en.onepiece-cardgame.com/images/cardlist/card/OP08-075.png?250502,0,False
OP08-076-0,OP08-076,0,It's to Die For...,,UC,Purple,OP08,,3.0,,"[Main] Add up to 1 DON!! card from your DON!! deck and set it as active. Then, if your opponent has a Character with 6000 power or more, add up to 1 DON!! card from your DON!! deck and set it as active.",[Trigger] Add up to 1 DON!! card from your DON!! deck and set it as active.,https://en.onepiece-cardgame.com/images/cardlist/card/OP08-076.png?250502,0,False
OP08-077-0,OP08-077,0,Conquest of the Sea,,R,Purple,OP08,,6.0,,"[Main] DON!! −2 (You may return the specified number of DON!! cards from your field to your DON!! deck.): If your Leader has the {Animal Kingdom Pirates} or {Big Mom Pirates} type, K.O. up to 2 of your opponent's Characters with a cost of 6 or less.",,https://en.onepiece-cardgame.com/images/cardlist/card/OP08-077.png?250502,0,False
OP08-078-0,OP08-078,0,Ulti,147.0,C,Black,OP08,6000.0,4.0,1000.0,-,,https://en.onepiece-cardgame.com/images/cardlist/card/OP08-078.png?250502,0,True
OP08-079-0,OP08-079,0,Kaido,783.0,SR,Black,OP08,9000.0,9.0,,"[Activate: Main] [Once Per Turn] You may trash 1 card from your hand: If this Character was played on this turn, trash up to 1 of your opponent's Characters with a cost of 7 or less. Then, your opponent trashes 1 card from their hand.",,https://en.onepiece-cardgame.com/images/cardlist/card/OP08-079.png?250502,0,True
OP08-079-1,OP08-079,1,Kaido (Parallel),783.0,SR,Black,OP08,9000.0,9.0,,"[Activate: Main] [Once Per Turn] You may trash 1 card from your hand: If this Character was played on this turn, trash up to 1 of your opponent's Characters with a cost of 7 or less. Then, your opponent trashes 1 card from their hand.",,https://en.onepiece-cardgame.com/images/cardlist/card/OP08-079_p1.png?250502,0,True
OP08-080-0,OP08-080,0,Queen,403.0,R,Black,OP08,2000.0,1.0,1000.0,"[On Play] Look at 5 cards from the top of your deck; reveal up to 1 {Animal Kingdom Pirates} type card other than [Queen] and add it to your hand. Then, place the rest at the bottom of your deck in any order.",,https://en.onepiece-cardgame.com/images/cardlist/card/OP08-080.png?250502,0,True
OP08-080-1,OP08-080,1,Queen (Parallel),403.0,R,Black,OP08,2000.0,1.0,1000.0,"[On Play] Look at 5 cards from the top of your deck; reveal up to 1 {Animal Kingdom Pirates} type card other than [Queen] and add it to your hand. Then, place the rest at the bottom of your deck in any order.",,https://en.onepiece-cardgame.com/images/cardlist/card/OP08-080_p1.png?250502,0,True
OP08-081-0,OP08-081,0,Guernica,940.0,C,Black,OP08,2000.0,1.0,1000.0,"[When Attacking] You may place 3 cards with a type including ""CP"" from your trash at the bottom of your deck in any order: K.O. up to 1 of your opponent's Characters with a cost of 0.",,https://en.onepiece-cardgame.com/images/cardlist/card/OP08-081.png?250502,0,True
OP08-082-0,OP08-082,0,Sasaki,328.0,R,Black,OP08,1000.0,1.0,2000.0,[Activate: Main] Rest 1 of your DON!! cards and you may rest this Character: Give up to 1 of your opponent's Characters −2 cost during this turn.,,https://en.onepiece-cardgame.com/images/cardlist/card/OP08-082.png?250502,0,True
OP08-083-0,OP08-083,0,Sheepshead,288.0,UC,Black,OP08,3000.0,2.0,1000.0,[DON!! x1] [Your Turn] Give all of your opponent's Characters −1 cost.,,https://en.onepiece-cardgame.com/images/cardlist/card/OP08-083.png?250502,0,True
OP08-084-0,OP08-084,0,Jack,830.0,SR,Black,OP08,8000.0,7.0,,"This Character gains +4 cost.[Activate: Main] You may rest this Character: Draw 1 card and trash 1 card from your hand. Then, K.O. up to 1 of your opponent's Characters with a cost of 3 or less.",,https://en.onepiece-cardgame.com/images/cardlist/card/OP08-084.png?250502,0,True
OP08-084-1,OP08-084,1,Jack (Parallel),830.0,SR,Black,OP08,8000.0,7.0,,"This Character gains +4 cost.[Activate: Main] You may rest this Character: Draw 1 card and trash 1 card from your hand. Then, K.O. up to 1 of your opponent's Characters with a cost of 3 or less.",,https://en.onepiece-cardgame.com/images/cardlist/card/OP08-084_p1.png?250502,0,True
OP08-085-0,OP08-085,0,Jinbe,807.0,UC,Black,OP08,6000.0,5.0,,"[DON!! x1] [When Attacking] If you have a Character with a cost of 8 or more, K.O. up to 1 of your opponent's Characters with a cost of 4 or less.",,https://en.onepiece-cardgame.com/images/cardlist/card/OP08-085.png?250502,0,True
OP08-086-0,OP08-086,0,Ginrummy,965.0,C,Black,OP08,3000.0,2.0,1000.0,"[On Play] If your opponent has a Character with a cost of 0, draw 2 cards and trash 2 cards from your hand.",,https://en.onepiece-cardgame.com/images/cardlist/card/OP08-086.png?250502,0,True
OP08-087-0,OP08-087,0,Scratchmen Apoo,313.0,UC,Black,OP08,5000.0,4.0,1000.0,"[Blocker] (After your opponent declares an attack, you may rest this card to make it the new target of the attack.)[Activate: Main] [Once Per Turn] Give up to 1 of your opponent's Characters −1 cost during this turn.",,https://en.onepiece-cardgame.com/images/cardlist/card/OP08-087.png?250502,0,True
OP08-088-0,OP08-088,0,Duval,1054.0,UC,Black,OP08,2000.0,1.0,2000.0,[On Play] Up to 1 of your Characters gains +1 cost until the end of your opponent's next turn.,,https://en.onepiece-cardgame.com/images/cardlist/card/OP08-088.png?250502,0,True
OP08-089-0,OP08-089,0,Basil Hawkins,1323.0,C,Black,OP08,9000.0,7.0,1000.0,-,,https://en.onepiece-cardgame.com/images/cardlist/card/OP08-089.png?250502,0,True
OP08-090-0,OP08-090,0,Hamlet,927.0,C,Black,OP08,4000.0,3.0,1000.0,[On Play] Play up to 1 {SMILE} type Character card with a cost of 2 or less from your trash.,,https://en.onepiece-cardgame.com/images/cardlist/card/OP08-090.png?250502,0,True
OP08-091-0,OP08-091,0,Who's.Who,98.0,R,Black,OP08,5000.0,5.0,2000.0,[On Play] You may trash 1 card from your hand: K.O. up to 1 of your opponent's Characters with a cost of 3 or less.,[Trigger] K.O. up to 1 of your opponent's Characters with a cost of 3 or less.,https://en.onepiece-cardgame.com/images/cardlist/card/OP08-091.png?250502,0,True
OP08-092-0,OP08-092,0,Page One,459.0,R,Black,OP08,5000.0,5.0,1000.0,[On Play] Play up to 1 [Ulti] with a cost of 4 or less from your trash.,,https://en.onepiece-cardgame.com/images/cardlist/card/OP08-092.png?250502,0,True
OP08-093-0,OP08-093,0,X.Drake,93.0,C,Black,OP08,6000.0,4.0,,[DON!! x1] This Character gains +2 cost.,,https://en.onepiece-cardgame.com/images/cardlist/card/OP08-093.png?250502,0,True
OP08-094-0,OP08-094,0,Imperial Flame,,R,Black,OP08,,2.0,,[Main]/[Counter] You may place 3 cards from your trash at the bottom of your deck in any order: K.O. up to 1 of your opponent's Characters with a cost of 2 or less.,[Trigger] Activate this card's [Main] effect.,https://en.onepiece-cardgame.com/images/cardlist/card/OP08-094.png?250502,0,False
OP08-095-0,OP08-095,0,Iron Body Fang Flash,,UC,Black,OP08,,2.0,,"[Main] If you have 10 or more cards in your trash, up to 1 of your Characters gains +2000 power until the end of your opponent's next turn.",[Trigger] Up to 1 of your Leader or Character cards gains +2000 power during this turn.,https://en.onepiece-cardgame.com/images/cardlist/card/OP08-095.png?250502,0,False
OP08-096-0,OP08-096,0,People's Dreams Don't Ever End!!,,C,Black,OP08,,1.0,,"[Counter] Trash 1 card from the top of your deck. If the trashed card has a cost of 6 or more, up to 1 of your Leader or Character cards gains +5000 power during this battle.",[Trigger] Play up to 1 black Character card with a cost of 3 or less from your trash.,https://en.onepiece-cardgame.com/images/cardlist/card/OP08-096.png?250502,0,False
OP08-097-0,OP08-097,0,Heliceratops,,C,Black,OP08,,3.0,,"[Main] If your Leader has the {Animal Kingdom Pirates} type, give up to 1 of your opponent's Characters −2 cost during this turn. Then, K.O. up to 1 of your opponent's Characters with a cost of 0.",[Trigger] K.O. up to 1 of your opponent's Characters with a cost of 3 or less.,https://en.onepiece-cardgame.com/images/cardlist/card/OP08-097.png?250502,0,False
OP08-098-0,OP08-098,0,Kalgara,773.0,L,Yellow,OP08,5000.0,,,"[DON!! x1] [When Attacking] Play up to 1 {Shandian Warrior} type Character card from your hand with a cost equal to or less than the number of DON!! cards on your field. If you do, add 1 card from the top of your Life cards to your hand.",,https://en.onepiece-cardgame.com/images/cardlist/card/OP08-098.png?250502,0,True
OP08-098-1,OP08-098,1,Kalgara (Parallel),773.0,L,Yellow,OP08,5000.0,,,"[DON!! x1] [When Attacking] Play up to 1 {Shandian Warrior} type Character card from your hand with a cost equal to or less than the number of DON!! cards on your field. If you do, add 1 card from the top of your Life cards to your hand.",,https://en.onepiece-cardgame.com/images/cardlist/card/OP08-098_p1.png?250502,0,True
OP08-099-0,OP08-099,0,Kalgara,773.0,C,Yellow,OP08,8000.0,6.0,1000.0,-,,https://en.onepiece-cardgame.com/images/cardlist/card/OP08-099.png?250502,0,True
OP08-100-0,OP08-100,0,South Bird,,UC,Yellow,OP08,2000.0,1.0,1000.0,"[On Play] Look at 7 cards from the top of your deck and play up to 1 [Upper Yard]. Then, place the rest at the bottom of your deck in any order.",,https://en.onepiece-cardgame.com/images/cardlist/card/OP08-100.png?250502,0,False
OP08-101-0,OP08-101,0,Charlotte Angel,1234.0,C,Yellow,OP08,3000.0,2.0,1000.0,"[Activate: Main] [Once Per Turn] You may trash 1 card from the top of your Life cards: If your Leader has the {Big Mom Pirates} type, add 1 card from the top of your deck to the top of your Life cards at the end of this turn.",,https://en.onepiece-cardgame.com/images/cardlist/card/OP08-101.png?250502,0,True
OP08-102-0,OP08-102,0,Charlotte Opera,1176.0,UC,Yellow,OP08,6000.0,6.0,1000.0,[On Play] You may trash 1 card from your hand: K.O. up to 1 of your opponent's Characters with a cost equal to or less than your number of Life cards.,,https://en.onepiece-cardgame.com/images/cardlist/card/OP08-102.png?250502,0,True
OP08-103-0,OP08-103,0,Charlotte Custard,1213.0,UC,Yellow,OP08,3000.0,2.0,1000.0,[Activate: Main] [Once Per Turn] You may add 1 card from the top of your Life cards to your hand: Up to 1 of your Characters gains +1000 power until the end of your opponent's next turn.,,https://en.onepiece-cardgame.com/images/cardlist/card/OP08-103.png?250502,0,True
OP08-104-0,OP08-104,0,Charlotte Poire,1172.0,C,Yellow,OP08,2000.0,1.0,1000.0,-,"[Trigger] You may trash 1 card from your hand: Play this card. Then, draw 1 card.",https://en.onepiece-cardgame.com/images/cardlist/card/OP08-104.png?250502,0,True
OP08-105-0,OP08-105,0,Jewelry Bonney,809.0,SR,Yellow,OP08,4000.0,3.0,1000.0,"[DON!! x1] [Your Turn] [Once Per Turn] When a card is removed from your opponent's Life cards, draw 2 cards and trash 1 card from your hand.",[Trigger] Draw 2 cards and trash 1 card from your hand.,https://en.onepiece-cardgame.com/images/cardlist/card/OP08-105.png?250502,0,True
OP08-105-1,OP08-105,1,Jewelry Bonney (Parallel),809.0,SR,Yellow,OP08,4000.0,3.0,1000.0,"[DON!! x1] [Your Turn] [Once Per Turn] When a card is removed from your opponent's Life cards, draw 2 cards and trash 1 card from your hand.",[Trigger] Draw 2 cards and trash 1 card from your hand.,https://en.onepiece-cardgame.com/images/cardlist/card/OP08-105_p1.png?250502,0,True
OP08-106-0,OP08-106,0,Nami,515.0,SR,Yellow,OP08,5000.0,5.0,1000.0,"[On Play] You may trash 1 card with a [Trigger] from your hand: K.O. up to 1 of your opponent's Characters with a cost of 5 or less. Then, if you have 3 or less cards in your hand, draw 1 card.",[Trigger] Activate this card's [On Play] effect.,https://en.onepiece-cardgame.com/images/cardlist/card/OP08-106.png?250502,0,True
OP08-106-1,OP08-106,1,Nami (Parallel),515.0,SR,Yellow,OP08,5000.0,5.0,1000.0,"[On Play] You may trash 1 card with a [Trigger] from your hand: K.O. up to 1 of your opponent's Characters with a cost of 5 or less. Then, if you have 3 or less cards in your hand, draw 1 card.",[Trigger] Activate this card's [On Play] effect.,https://en.onepiece-cardgame.com/images/cardlist/card/OP08-106_p1.png?250502,0,True
OP08-107-0,OP08-107,0,Nitro,490.0,C,Yellow,OP08,2000.0,1.0,1000.0,[Activate: Main] You may rest this Character: Up to 1 of your [Charlotte Pudding] cards gains +2000 power during this turn.,,https://en.onepiece-cardgame.com/images/cardlist/card/OP08-107.png?250502,0,True
OP08-108-0,OP08-108,0,Mont Blanc Cricket,557.0,C,Yellow,OP08,6000.0,4.0,1000.0,-,,https://en.onepiece-cardgame.com/images/cardlist/card/OP08-108.png?250502,0,True
OP08-109-0,OP08-109,0,Mont Blanc Noland,555.0,R,Yellow,OP08,6000.0,5.0,1000.0,"[On Play] If your Leader has the {Shandian Warrior} type and you have a [Kalgara] Character, add up to 1 card from the top of your deck to the top of your Life cards.",,https://en.onepiece-cardgame.com/images/cardlist/card/OP08-109.png?250502,0,True
OP08-110-0,OP08-110,0,Wyper,94.0,R,Yellow,OP08,5000.0,4.0,2000.0,"[On Play] Look at 5 cards from the top of your deck; reveal up to 1 [Upper Yard] and add it to your hand. Then, place the rest at the bottom of your deck in any order and play up to 1 [Upper Yard] from your hand.",,https://en.onepiece-cardgame.com/images/cardlist/card/OP08-110.png?250502,0,True
OP08-110-1,OP08-110,1,Wyper (Parallel),94.0,R,Yellow,OP08,5000.0,4.0,2000.0,"[On Play] Look at 5 cards from the top of your deck; reveal up to 1 [Upper Yard] and add it to your hand. Then, place the rest at the bottom of your deck in any order and play up to 1 [Upper Yard] from your hand.",,https://en.onepiece-cardgame.com/images/cardlist/card/OP08-110_p1.png?250502,0,True
OP08-111-0,OP08-111,0,S-Shark,344.0,UC,Yellow,OP08,5000.0,4.0,1000.0,[DON!! x1] [When Attacking] Your opponent cannot activate [Blocker] during this battle.,"[Trigger] You may trash 1 card from your hand: If you have 2 or less Life cards, play this card.",https://en.onepiece-cardgame.com/images/cardlist/card/OP08-111.png?250502,0,True
OP08-112-0,OP08-112,0,S-Snake,342.0,SR,Yellow,OP08,6000.0,5.0,1000.0,[On Play] Up to 1 of your opponent's Characters with a cost of 6 or less other than [Monkey.D.Luffy] cannot attack until the end of your opponent's next turn.,[Trigger] Activate this card's [On Play] effect.,https://en.onepiece-cardgame.com/images/cardlist/card/OP08-112.png?250502,0,True
OP08-112-1,OP08-112,1,S-Snake (Parallel),342.0,SR,Yellow,OP08,6000.0,5.0,1000.0,[On Play] Up to 1 of your opponent's Characters with a cost of 6 or less other than [Monkey.D.Luffy] cannot attack until the end of your opponent's next turn.,[Trigger] Activate this card's [On Play] effect.,https://en.onepiece-cardgame.com/images/cardlist/card/OP08-112_p1.png?250502,0,True
OP08-113-0,OP08-113,0,S-Bear,346.0,C,Yellow,OP08,4000.0,3.0,1000.0,-,"[Trigger] You may trash 1 card from your hand: If you have 2 or less Life cards, play this card and K.O. up to 1 of your opponent's Characters with a cost of 3 or less.",https://en.onepiece-cardgame.com/images/cardlist/card/OP08-113.png?250502,0,True
OP08-114-0,OP08-114,0,S-Hawk,345.0,R,Yellow,OP08,5000.0,4.0,1000.0,"[DON!! x1] If you have less Life cards than your opponent, this Character cannot be K.O.'d in battle by <Slash> attribute cards and gains +2000 power.","[Trigger] You may trash 1 card from your hand: If you have 2 or less Life cards, play this card.",https://en.onepiece-cardgame.com/images/cardlist/card/OP08-114.png?250502,0,True
OP08-115-0,OP08-115,0,The Earth Will Not Lose!,,R,Yellow,OP08,,1.0,,"[Counter] If your Leader has the {Shandian Warrior} type, up to 1 of your Leader or Character cards gains +3000 power during this battle. Then, play up to 1 [Upper Yard] from your hand.",[Trigger] Draw 2 cards and trash 1 card from your hand.,https://en.onepiece-cardgame.com/images/cardlist/card/OP08-115.png?250502,0,False
OP08-116-0,OP08-116,0,Burn Bazooka,,C,Yellow,OP08,,2.0,,"[Counter] Up to 1 of your Leader or Character cards gains +4000 power during this battle. Then, you may add 1 card from the top or bottom of your Life cards to your hand. If you do, add up to 1 {Shandian Warrior} type card from your hand to the top of your Life cards face-up.",,https://en.onepiece-cardgame.com/images/cardlist/card/OP08-116.png?250502,0,False
OP08-117-0,OP08-117,0,Burn Blade,,UC,Yellow,OP08,,5.0,,[Main] You may trash 1 card from the top of your Life cards: K.O. up to 1 of your opponent's Characters with a cost of 7 or less.,[Trigger] You may add 1 card from the top of your Life cards to your hand: Add up to 1 card from your hand to the top of your Life cards.,https://en.onepiece-cardgame.com/images/cardlist/card/OP08-117.png?250502,0,False
OP08-118-0,OP08-118,0,Silvers Rayleigh,264.0,SEC,Red,OP08,8000.0,8.0,,"[On Play] Select up to 2 of your opponent's Characters, and give 1 Character −3000 power and the other −2000 power until the end of your opponent's next turn. Then, K.O. up to 1 of your opponent's Characters with 3000 power or less.",,https://en.onepiece-cardgame.com/images/cardlist/card/OP08-118.png?250502,0,True
OP08-118-1,OP08-118,1,Silvers Rayleigh (Parallel),264.0,SEC,Red,OP08,8000.0,8.0,,"[On Play] Select up to 2 of your opponent's Characters, and give 1 Character −3000 power and the other −2000 power until the end of your opponent's next turn. Then, K.O. up to 1 of your opponent's Characters with 3000 power or less.",,https://en.onepiece-cardgame.com/images/cardlist/card/OP08-118_p1.png?250502,0,True
OP08-118-2,OP08-118,2,Silvers Rayleigh (Parallel),264.0,SEC,Red,OP08,8000.0,8.0,,"[On Play] Select up to 2 of your opponent's Characters, and give 1 Character −3000 power and the other −2000 power until the end of your opponent's next turn. Then, K.O. up to 1 of your opponent's Characters with 3000 power or less.",,https://en.onepiece-cardgame.com/images/cardlist/card/OP08-118_p2.png?250502,0,True
OP08-119-0,OP08-119,0,Kaido & Linlin,,SEC,Purple,OP08,12000.0,10.0,,"[When Attacking] DON!! −10: K.O. all Characters other than this Character. Then, add up to 1 card from the top of your deck to the top of your Life cards and trash up to 1 card from the top of your opponent's Life cards.",,https://en.onepiece-cardgame.com/images/cardlist/card/OP08-119.png?250502,0,False
OP08-119-1,OP08-119,1,Kaido & Linlin (Parallel),,SEC,Purple,OP08,12000.0,10.0,,"[When Attacking] DON!! −10: K.O. all Characters other than this Character. Then, add up to 1 card from the top of your deck to the top of your Life cards and trash up to 1 card from the top of your opponent's Life cards.",,https://en.onepiece-cardgame.com/images/cardlist/card/OP08-119_p1.png?250502,0,False
OP02-013-3,OP02-013,3,Portgas.D.Ace (Parallel),416.0,SP CARD,Red,OP02,7000.0,7.0,,"[On Play] Give up to 2 of your opponent's Characters −3000 power during this turn. Then, if your Leader's type includes ""Whitebeard Pirates"", this Character gains [Rush] during this turn.(This card can attack on the turn in which it is played.)",,https://en.onepiece-cardgame.com/images/cardlist/card/OP02-013_p3.png?250502,0,True
OP03-112-4,OP03-112,4,Charlotte Pudding (Parallel),1170.0,SP CARD,Yellow,OP03,2000.0,1.0,1000.0,"[On Play] Look at 4 cards from the top of your deck; reveal up to 1 [Sanji] or {Big Mom Pirates} type card other than [Charlotte Pudding] and add it to your hand. Then, place the rest at the bottom of your deck in any order.",,https://en.onepiece-cardgame.com/images/cardlist/card/OP03-112_p4.png?250502,0,True
ST02-007-3,ST02-007,3,Jewelry Bonney (Parallel),809.0,SP CARD,Green,ST02,1000.0,1.0,1000.0,"[Activate: Main] ➀ (You may rest the specified number of DON!! cards in your cost area.) You may rest this Character: Look at 5 cards from the top of your deck; reveal up to 1 {Supernovas} type card and add it to your hand. Then, place the rest at the bottom of your deck in any order.",,https://en.onepiece-cardgame.com/images/cardlist/card/ST02-007_p3.png?250502,0,True
ST03-004-2,ST03-004,2,Gecko Moria (Parallel),984.0,SP CARD,Blue,ST03,5000.0,4.0,1000.0,[On Play] Add up to 1 {The Seven Warlords of the Sea} or {Thriller Bark Pirates} type Character with a cost of 4 or less other than [Gecko Moria] from your trash to your hand.,,https://en.onepiece-cardgame.com/images/cardlist/card/ST03-004_p2.png?250502,0,True
ST04-005-3,ST04-005,3,Queen (Parallel),403.0,SP CARD,Purple,ST04,6000.0,5.0,1000.0,"[Blocker] (After your opponent declares an attack, you may rest this card to make it the new target of the attack.)[On Play] DON!! −1 (You may return the specified number of DON!! cards from your field to your DON!! deck.): Draw 2 cards and trash 1 card from your hand.",,https://en.onepiece-cardgame.com/images/cardlist/card/ST04-005_p3.png?250502,0,True
ST06-006-2,ST06-006,2,Tashigi (Parallel),200.0,SP CARD,Black,ST06,4000.0,3.0,2000.0,[Activate: Main] You may rest this Character: Give up to 1 of your opponent's Characters −2 cost during this turn.,,https://en.onepiece-cardgame.com/images/cardlist/card/ST06-006_p2.png?250502,0,True
OP07-001-0,OP07-001,0,Monkey.D.Dragon,560.0,L,Red,OP07,5000.0,,,[Activate: Main] [Once Per Turn] Give up to 2 total of your currently given DON!! cards to 1 of your Characters.,,https://en.onepiece-cardgame.com/images/cardlist/card/OP07-001.png?250502,0,True
OP07-001-1,OP07-001,1,Monkey.D.Dragon (Parallel),560.0,L,Red,OP07,5000.0,,,[Activate: Main] [Once Per Turn] Give up to 2 total of your currently given DON!! cards to 1 of your Characters.,,https://en.onepiece-cardgame.com/images/cardlist/card/OP07-001_p1.png?250502,0,True
OP07-002-0,OP07-002,0,Ain,1406.0,R,Red,OP07,6000.0,7.0,,[On Play] Set the power of up to 1 of your opponent's Characters to 0 during this turn.,,https://en.onepiece-cardgame.com/images/cardlist/card/OP07-002.png?250502,0,True
OP07-003-0,OP07-003,0,Outlook III,460.0,R,Red,OP07,,2.0,1000.0,[Activate: Main] You may trash this Character: Give up to 2 of your opponent's Characters −2000 power during this turn.,,https://en.onepiece-cardgame.com/images/cardlist/card/OP07-003.png?250502,0,True
OP07-004-0,OP07-004,0,Curly.Dadan,1117.0,R,Red,OP07,3000.0,2.0,1000.0,"[On Play] You may trash 1 card from your hand: Look at 5 cards from the top of your deck; reveal up to 1 Character card with 2000 power or less and add it to your hand. Then, place the rest at the bottom of your deck in any order.",,https://en.onepiece-cardgame.com/images/cardlist/card/OP07-004.png?250502,0,True
OP07-005-0,OP07-005,0,Carina,1400.0,R,Red,OP07,,3.0,1000.0,"[Blocker] (After your opponent declares an attack, you may rest this card to make it the new target of the attack.)[On Play] Give up to 1 of your opponent's Characters −2000 power during this turn.",,https://en.onepiece-cardgame.com/images/cardlist/card/OP07-005.png?250502,0,True
OP07-005-1,OP07-005,1,Carina (Parallel),1400.0,R,Red,OP07,,3.0,1000.0,"[Blocker] (After your opponent declares an attack, you may rest this card to make it the new target of the attack.)[On Play] Give up to 1 of your opponent's Characters −2000 power during this turn.",,https://en.onepiece-cardgame.com/images/cardlist/card/OP07-005_p1.png?250502,0,True
OP07-006-0,OP07-006,0,Sterry,230.0,C,Red,OP07,1000.0,1.0,1000.0,[On Play] You may give your 1 active Leader −5000 power during this turn: Draw 1 card and trash 1 card from your hand.,,https://en.onepiece-cardgame.com/images/cardlist/card/OP07-006.png?250502,0,True
OP07-007-0,OP07-007,0,Dice,,C,Red,OP07,6000.0,4.0,1000.0,-,,https://en.onepiece-cardgame.com/images/cardlist/card/OP07-007.png?250502,0,False
OP07-008-0,OP07-008,0,Mr. Tanaka,1401.0,UC,Red,OP07,3000.0,3.0,,"[Blocker] (After your opponent declares an attack, you may rest this card to make it the new target of the attack.)",[Trigger] Play this card.,https://en.onepiece-cardgame.com/images/cardlist/card/OP07-008.png?250502,0,True
OP07-009-0,OP07-009,0,Dogura & Magura,,C,Red,OP07,3000.0,2.0,1000.0,[On Play] Up to 1 of your red Characters with a cost of 1 gains [Double Attack] during this turn.(This card deals 2 damage.),,https://en.onepiece-cardgame.com/images/cardlist/card/OP07-009.png?250502,0,False
OP07-010-0,OP07-010,0,Baccarat,,R,Red,OP07,4000.0,3.0,1000.0,"[Blocker] (After your opponent declares an attack, you may rest this card to make it the new target of the attack.)[On Your Opponent's Attack] [Once Per Turn] You may trash 1 card from your hand: Up to 1 of your Leader or Character cards gains +2000 power during this battle.",,https://en.onepiece-cardgame.com/images/cardlist/card/OP07-010.png?250502,0,False
OP07-011-0,OP07-011,0,Bluejam,1306.0,C,Red,OP07,5000.0,4.0,1000.0,[DON!! x1] [When Attacking] K.O. up to 1 of your opponent's Characters with 2000 power or less.,,https://en.onepiece-cardgame.com/images/cardlist/card/OP07-011.png?250502,0,True
OP07-012-0,OP07-012,0,Porchemy,419.0,C,Red,OP07,3000.0,2.0,1000.0,[On Play] Give up to 1 of your opponent's Characters −1000 power during this turn.,,https://en.onepiece-cardgame.com/images/cardlist/card/OP07-012.png?250502,0,True
OP07-013-0,OP07-013,0,Masked Deuce,618.0,UC,Red,OP07,2000.0,1.0,1000.0,"[On Play] If your Leader is [Portgas.D.Ace], look at 5 cards from the top of your deck; reveal up to 1 [Portgas.D.Ace] or red Event and add it to your hand. Then, place the rest at the bottom of your deck in any order.",,https://en.onepiece-cardgame.com/images/cardlist/card/OP07-013.png?250502,0,True
OP07-014-0,OP07-014,0,Moda,567.0,UC,Red,OP07,,1.0,2000.0,[Your Turn] [On Play] Up to 1 of your [Portgas.D.Ace] cards gains +2000 power during this turn.,,https://en.onepiece-cardgame.com/images/cardlist/card/OP07-014.png?250502,0,True
OP07-015-0,OP07-015,0,Monkey.D.Dragon,560.0,SR,Red,OP07,9000.0,8.0,,[Rush] (This card can attack on the turn in which it is played.)[On Play] Give up to 2 rested DON!! cards to your Leader or 1 of your Characters.,,https://en.onepiece-cardgame.com/images/cardlist/card/OP07-015.png?250502,0,True
OP07-015-1,OP07-015,1,Monkey.D.Dragon (Parallel),560.0,SR,Red,OP07,9000.0,8.0,,[Rush] (This card can attack on the turn in which it is played.)[On Play] Give up to 2 rested DON!! cards to your Leader or 1 of your Characters.,,https://en.onepiece-cardgame.com/images/cardlist/card/OP07-015_p1.png?250502,0,True
OP07-016-0,OP07-016,0,Galaxy Wink,,R,Red,OP07,,1.0,,"[Main] Up to 1 of your {Revolutionary Army} type Characters gains +2000 power during this turn. Then, give up to 1 of your opponent's Characters −1000 power during this turn.",[Trigger] Activate this card's [Main] effect.,https://en.onepiece-cardgame.com/images/cardlist/card/OP07-016.png?250502,0,False
OP07-017-0,OP07-017,0,Dragon Breath,,UC,Red,OP07,,2.0,,[Main] K.O. up to 1 of your opponent's Characters with 3000 power or less and up to 1 of your opponent's Stages with a cost of 1 or less.,[Trigger] Activate this card's [Main] effect.,https://en.onepiece-cardgame.com/images/cardlist/card/OP07-017.png?250502,0,False
OP07-018-0,OP07-018,0,KEEP OUT,,C,Red,OP07,,1.0,,[Counter] Up to 1 of your {Revolutionary Army} type Characters gains +2000 power until the end of your next turn.,[Trigger] Activate this card's [Counter] effect.,https://en.onepiece-cardgame.com/images/cardlist/card/OP07-018.png?250502,0,False
OP07-019-0,OP07-019,0,Jewelry Bonney,809.0,L,Green,OP07,5000.0,,,[On Your Opponent's Attack] [Once Per Turn] ➀ (You may rest the specified number of DON!! cards in your cost area.): Rest up to 1 of your opponent's Leader or Character cards.,,https://en.onepiece-cardgame.com/images/cardlist/card/OP07-019.png?250502,0,True
OP07-019-1,OP07-019,1,Jewelry Bonney (Parallel),809.0,L,Green,OP07,5000.0,,,[On Your Opponent's Attack] [Once Per Turn] ➀ (You may rest the specified number of DON!! cards in your cost area.): Rest up to 1 of your opponent's Leader or Character cards.,,https://en.onepiece-cardgame.com/images/cardlist/card/OP07-019_p1.png?250502,0,True
OP07-020-0,OP07-020,0,Aladine,1374.0,C,Green,OP07,6000.0,5.0,,"[Blocker] (After your opponent declares an attack, you may rest this card to make it the new target of the attack.)[On K.O.] If your Leader has the {Fish-Man} type, play up to 1 {Fish-Man} or {Merfolk} type Character card with a cost of 3 or less from your hand.",,https://en.onepiece-cardgame.com/images/cardlist/card/OP07-020.png?250502,0,True
OP07-021-0,OP07-021,0,Urouge,138.0,R,Green,OP07,5000.0,4.0,1000.0,"[Blocker] (After your opponent declares an attack, you may rest this card to make it the new target of the attack.)[End of Your Turn] Set up to 1 of your DON!! cards as active.",,https://en.onepiece-cardgame.com/images/cardlist/card/OP07-021.png?250502,0,True
OP07-022-0,OP07-022,0,Otama,1390.0,R,Green,OP07,,1.0,2000.0,"[On Play] Look at 5 cards from the top of your deck; reveal up to 1 green {Land of Wano} type card other than [Otama] and add it to your hand. Then, place the rest at the bottom of your deck in any order.",,https://en.onepiece-cardgame.com/images/cardlist/card/OP07-022.png?250502,0,True
OP07-022-1,OP07-022,1,Otama (Parallel),1390.0,R,Green,OP07,,1.0,2000.0,"[On Play] Look at 5 cards from the top of your deck; reveal up to 1 green {Land of Wano} type card other than [Otama] and add it to your hand. Then, place the rest at the bottom of your deck in any order.",,https://en.onepiece-cardgame.com/images/cardlist/card/OP07-022_p1.png?250502,0,True
OP07-023-0,OP07-023,0,Caribou,1253.0,UC,Green,OP07,5000.0,4.0,1000.0,"If you have 6 or more rested DON!! cards, this Character gains +1000 power.[Blocker] (After your opponent declares an attack, you may rest this card to make it the new target of the attack.)",,https://en.onepiece-cardgame.com/images/cardlist/card/OP07-023.png?250502,0,True
OP07-024-0,OP07-024,0,Koala,727.0,C,Green,OP07,,3.0,1000.0,"[On Your Opponent's Attack] You may rest this Character: Up to 1 of your {Fish-Man} type Characters with a cost of 5 or less gains [Blocker] during this turn.(After your opponent declares an attack, you may rest this card to make it the new target of the attack.)",,https://en.onepiece-cardgame.com/images/cardlist/card/OP07-024.png?250502,0,True
OP07-025-0,OP07-025,0,Coribou,1126.0,C,Green,OP07,3000.0,3.0,,[On Play] Play up to 1 [Caribou] with a cost of 4 or less from your hand rested.,,https://en.onepiece-cardgame.com/images/cardlist/card/OP07-025.png?250502,0,True
OP07-026-0,OP07-026,0,Jewelry Bonney,809.0,SR,Green,OP07,6000.0,5.0,1000.0,[On Play] Up to 1 of your opponent's rested Character or DON!! cards will not become active in your opponent's next Refresh Phase.,,https://en.onepiece-cardgame.com/images/cardlist/card/OP07-026.png?250502,0,True
OP07-026-1,OP07-026,1,Jewelry Bonney (Parallel),809.0,SR,Green,OP07,6000.0,5.0,1000.0,[On Play] Up to 1 of your opponent's rested Character or DON!! cards will not become active in your opponent's next Refresh Phase.,,https://en.onepiece-cardgame.com/images/cardlist/card/OP07-026_p1.png?250502,0,True
OP07-027-0,OP07-027,0,Jinbe,807.0,C,Green,OP07,6000.0,4.0,1000.0,-,,https://en.onepiece-cardgame.com/images/cardlist/card/OP07-027.png?250502,0,True
OP07-028-0,OP07-028,0,Scratchmen Apoo,313.0,C,Green,OP07,8000.0,6.0,1000.0,-,,https://en.onepiece-cardgame.com/images/cardlist/card/OP07-028.png?250502,0,True
OP07-029-0,OP07-029,0,Basil Hawkins,1323.0,SR,Green,OP07,7000.0,6.0,,"If your Leader has the {Supernovas} type, this Character gains [Blocker].(After your opponent declares an attack, you may rest this card to make it the new target of the attack.)[Once Per Turn] If this Character would be removed from the field by your opponent's effect, you may rest 1 of your opponent's Characters instead.",,https://en.onepiece-cardgame.com/images/cardlist/card/OP07-029.png?250502,0,True
OP07-029-1,OP07-029,1,Basil Hawkins (Parallel),1323.0,SR,Green,OP07,7000.0,6.0,,"If your Leader has the {Supernovas} type, this Character gains [Blocker].(After your opponent declares an attack, you may rest this card to make it the new target of the attack.)[Once Per Turn] If this Character would be removed from the field by your opponent's effect, you may rest 1 of your opponent's Characters instead.",,https://en.onepiece-cardgame.com/images/cardlist/card/OP07-029_p1.png?250502,0,True
OP07-030-0,OP07-030,0,Pappag,452.0,C,Green,OP07,,2.0,2000.0,"If you have a [Camie] Character, this Character gains [Blocker].(After your opponent declares an attack, you may rest this card to make it the new target of the attack.)",,https://en.onepiece-cardgame.com/images/cardlist/card/OP07-030.png?250502,0,True
OP07-031-0,OP07-031,0,Bartolomeo,1324.0,UC,Green,OP07,4000.0,3.0,1000.0,"[Blocker] (After your opponent declares an attack, you may rest this card to make it the new target of the attack.)[Your Turn] [Once Per Turn] If a Character is rested by your effect, draw 1 card and trash 1 card from your hand.",,https://en.onepiece-cardgame.com/images/cardlist/card/OP07-031.png?250502,0,True
OP07-032-0,OP07-032,0,Fisher Tiger,1024.0,R,Green,OP07,6000.0,5.0,1000.0,"This Character can attack Characters on the turn in which it is played.[On Play] If your Leader has the {Fish-Man} or {Merfolk} type, rest up to 1 of your opponent's Characters with a cost of 6 or less.",,https://en.onepiece-cardgame.com/images/cardlist/card/OP07-032.png?250502,0,True
OP07-033-0,OP07-033,0,Monkey.D.Luffy,558.0,UC,Green,OP07,6000.0,5.0,1000.0,"If you have 3 or more Characters, your Characters with a cost of 3 or less other than [Monkey.D.Luffy] cannot be K.O.'d by your opponent's effects.",,https://en.onepiece-cardgame.com/images/cardlist/card/OP07-033.png?250502,0,True
OP07-034-0,OP07-034,0,Roronoa Zoro,357.0,UC,Green,OP07,2000.0,1.0,1000.0,"[When Attacking] If you have 3 or more Characters, this Character gains +2000 power during this turn.",,https://en.onepiece-cardgame.com/images/cardlist/card/OP07-034.png?250502,0,True
OP07-035-0,OP07-035,0,Karmic Punishment,,C,Green,OP07,,1.0,,"[Counter] Up to 1 of your Leader or Character cards gains +2000 power during this battle. Then, if you have 3 or more Characters, that card gains an additional +1000 power during this battle.",[Trigger] K.O. up to 1 of your opponent's rested Characters with a cost of 4 or less.,https://en.onepiece-cardgame.com/images/cardlist/card/OP07-035.png?250502,0,False
OP07-036-0,OP07-036,0,Demonic Aura Nine-Sword Style Asura Demon Nine Flash,,R,Green,OP07,,2.0,,"[Main] Up to 1 of your Leader or Character cards gains +3000 power during this turn. Then, you may rest 1 of your Characters with a cost of 3 or more. If you do, rest up to 1 of your opponent's Characters with a cost of 5 or less.",[Trigger] Rest up to 1 of your opponent's Characters with a cost of 4 or less.,https://en.onepiece-cardgame.com/images/cardlist/card/OP07-036.png?250502,0,False
OP07-037-0,OP07-037,0,More Pizza!!,,UC,Green,OP07,,1.0,,"[Main] Look at 5 cards from the top of your deck; reveal up to 1 {Supernovas} type card other than [More Pizza!!] and add it to your hand. Then, place the rest at the bottom of your deck in any order.",[Trigger] Draw 1 card.,https://en.onepiece-cardgame.com/images/cardlist/card/OP07-037.png?250502,0,False
OP07-038-0,OP07-038,0,Boa Hancock,1305.0,L,Blue,OP07,5000.0,,,"[Your Turn] [Once Per Turn] This effect can be activated when a Character is removed from the field by your effect. If you have 5 or less cards in your hand, draw 1 card.",,https://en.onepiece-cardgame.com/images/cardlist/card/OP07-038.png?250502,0,True
OP07-038-1,OP07-038,1,Boa Hancock (Parallel),1305.0,L,Blue,OP07,5000.0,,,"[Your Turn] [Once Per Turn] This effect can be activated when a Character is removed from the field by your effect. If you have 5 or less cards in your hand, draw 1 card.",,https://en.onepiece-cardgame.com/images/cardlist/card/OP07-038_p1.png?250502,0,True
OP07-039-0,OP07-039,0,Edward Weevil,1050.0,C,Blue,OP07,5000.0,4.0,1000.0,[DON!! x1] [When Attacking] Look at 3 cards from the top of your deck and place them at the top or bottom of the deck in any order.,,https://en.onepiece-cardgame.com/images/cardlist/card/OP07-039.png?250502,0,True
OP07-040-0,OP07-040,0,Crocodile,1120.0,UC,Blue,OP07,5000.0,4.0,2000.0,[On Play] ① (You may rest the specified number of DON!! cards in your cost area.): Return up to 1 Character with a cost of 2 or less to the owner's hand.,,https://en.onepiece-cardgame.com/images/cardlist/card/OP07-040.png?250502,0,True
OP07-041-0,OP07-041,0,Gloriosa (Grandma Nyon),959.0,UC,Blue,OP07,,1.0,1000.0,"[On Play] Look at 5 cards from the top of your deck; reveal up to 1 {Amazon Lily} or {Kuja Pirates} type card other than [Gloriosa (Grandma Nyon)] and add it to your hand. Then, place the rest at the bottom of your deck in any order.",,https://en.onepiece-cardgame.com/images/cardlist/card/OP07-041.png?250502,0,True
OP07-042-0,OP07-042,0,Gecko Moria,984.0,C,Blue,OP07,6000.0,5.0,,"[Once Per Turn] If your Leader has the {The Seven Warlords of the Sea} type and this Character would be removed from the field by your opponent's effect, you may place 1 of your Characters other than [Gecko Moria] at the bottom of the owner's deck instead.",,https://en.onepiece-cardgame.com/images/cardlist/card/OP07-042.png?250502,0,True
OP07-043-0,OP07-043,0,Salome,334.0,UC,Blue,OP07,2000.0,1.0,1000.0,[Your Turn] [On Play] Up to 1 of your [Boa Hancock] cards gains +2000 power during this turn.,,https://en.onepiece-cardgame.com/images/cardlist/card/OP07-043.png?250502,0,True
OP07-044-0,OP07-044,0,Dracule Mihawk,1061.0,C,Blue,OP07,10000.0,8.0,,[On Play] Draw 1 card.,,https://en.onepiece-cardgame.com/images/cardlist/card/OP07-044.png?250502,0,True
OP07-045-0,OP07-045,0,Jinbe,807.0,SR,Blue,OP07,5000.0,4.0,1000.0,[On Play] Play up to 1 {The Seven Warlords of the Sea} type Character card with a cost of 4 or less other than [Jinbe] from your hand.,,https://en.onepiece-cardgame.com/images/cardlist/card/OP07-045.png?250502,1,True
OP07-045-1,OP07-045,1,Jinbe (Parallel),807.0,SR,Blue,OP07,5000.0,4.0,1000.0,[On Play] Play up to 1 {The Seven Warlords of the Sea} type Character card with a cost of 4 or less other than [Jinbe] from your hand.,,https://en.onepiece-cardgame.com/images/cardlist/card/OP07-045_p1.png?250502,1,True
OP07-046-0,OP07-046,0,Sengoku,305.0,R,Blue,OP07,2000.0,1.0,1000.0,"[On Play] Look at 5 cards from the top of your deck; reveal up to 1 {The Seven Warlords of the Sea} type card and add it to your hand. Then, place the rest at the bottom of your deck in any order.",,https://en.onepiece-cardgame.com/images/cardlist/card/OP07-046.png?250502,0,True
OP07-046-1,OP07-046,1,Sengoku (Parallel),305.0,R,Blue,OP07,2000.0,1.0,1000.0,"[On Play] Look at 5 cards from the top of your deck; reveal up to 1 {The Seven Warlords of the Sea} type card and add it to your hand. Then, place the rest at the bottom of your deck in any order.",,https://en.onepiece-cardgame.com/images/cardlist/card/OP07-046_p1.png?250502,0,True
OP07-047-0,OP07-047,0,Trafalgar Law,169.0,R,Blue,OP07,4000.0,4.0,2000.0,"[Activate: Main] You may return this Character to the owner's hand: If your opponent has 6 or more cards in their hand, your opponent places 1 card from their hand at the bottom of their deck.",,https://en.onepiece-cardgame.com/images/cardlist/card/OP07-047.png?250502,0,True
OP07-047-1,OP07-047,1,Trafalgar Law (Parallel),169.0,R,Blue,OP07,4000.0,4.0,2000.0,"[Activate: Main] You may return this Character to the owner's hand: If your opponent has 6 or more cards in their hand, your opponent places 1 card from their hand at the bottom of their deck.",,https://en.onepiece-cardgame.com/images/cardlist/card/OP07-047_p1.png?250502,0,True
OP07-048-0,OP07-048,0,Donquixote Doflamingo,1070.0,UC,Blue,OP07,4000.0,3.0,,"[Activate: Main] [Once Per Turn] ➁ (You may rest the specified number of DON!! cards in your cost area.): Reveal 1 card from the top of your deck. If that card is a {The Seven Warlords of the Sea} type Character card with a cost of 4 or less, you may play that card rested. Then, place the rest at the bottom of your deck.",,https://en.onepiece-cardgame.com/images/cardlist/card/OP07-048.png?250502,0,True
OP07-049-0,OP07-049,0,Buckin,,C,Blue,OP07,,2.0,,[On Play] Play up to 1 [Edward Weevil] with a cost of 4 or less from your hand rested.,,https://en.onepiece-cardgame.com/images/cardlist/card/OP07-049.png?250502,0,False
OP07-050-0,OP07-050,0,Boa Sandersonia,1301.0,C,Blue,OP07,3000.0,3.0,2000.0,"[On Play] If you have 2 or more {Amazon Lily} or {Kuja Pirates} type Characters on your field, return up to 1 of your opponent's Characters with a cost of 3 or less to the owner's hand.",,https://en.onepiece-cardgame.com/images/cardlist/card/OP07-050.png?250502,0,True
OP07-051-0,OP07-051,0,Boa Hancock,1305.0,SR,Blue,OP07,8000.0,6.0,,"[On Play] Up to 1 of your opponent's Characters other than [Monkey.D.Luffy] cannot attack until the end of your opponent's next turn. Then, place up to 1 Character with a cost of 1 or less at the bottom of the owner's deck.",,https://en.onepiece-cardgame.com/images/cardlist/card/OP07-051.png?250502,0,True
OP07-051-1,OP07-051,1,Boa Hancock (Parallel),1305.0,SR,Blue,OP07,8000.0,6.0,,"[On Play] Up to 1 of your opponent's Characters other than [Monkey.D.Luffy] cannot attack until the end of your opponent's next turn. Then, place up to 1 Character with a cost of 1 or less at the bottom of the owner's deck.",,https://en.onepiece-cardgame.com/images/cardlist/card/OP07-051_p1.png?250502,0,True
OP07-051-2,OP07-051,2,Boa Hancock (Parallel),1305.0,SR,Blue,OP07,8000.0,6.0,,"[On Play] Up to 1 of your opponent's Characters other than [Monkey.D.Luffy] cannot attack until the end of your opponent's next turn. Then, place up to 1 Character with a cost of 1 or less at the bottom of the owner's deck.",,https://en.onepiece-cardgame.com/images/cardlist/card/OP07-051_p2.png?250502,0,True
OP07-052-0,OP07-052,0,Boa Marigold,1303.0,C,Blue,OP07,6000.0,5.0,1000.0,"[On Play] If you have 2 or more {Amazon Lily} or {Kuja Pirates} type Characters on your field, place up to 1 Character with a cost of 2 or less at the bottom of the owner's deck.",,https://en.onepiece-cardgame.com/images/cardlist/card/OP07-052.png?250502,0,True
OP07-053-0,OP07-053,0,Portgas.D.Ace,416.0,R,Blue,OP07,6000.0,5.0,1000.0,"[Blocker] (After your opponent declares an attack, you may rest this card to make it the new target of the attack.)[On Play] Draw 2 cards and place 2 cards from your hand at the top or bottom of your deck in any order.",,https://en.onepiece-cardgame.com/images/cardlist/card/OP07-053.png?250502,0,True
OP07-054-0,OP07-054,0,Marguerite,629.0,R,Blue,OP07,2000.0,3.0,,"[Blocker] (After your opponent declares an attack, you may rest this card to make it the new target of the attack.)[On Play] Draw 1 card.",,https://en.onepiece-cardgame.com/images/cardlist/card/OP07-054.png?250502,0,True
OP07-055-0,OP07-055,0,Snake Dance,,C,Blue,OP07,,2.0,,"[Counter] Up to 1 of your Leader or Character cards gains +4000 power during this battle. Then, return up to 1 of your Characters to the owner's hand.",[Trigger] You may return 1 of your Characters to the owner's hand: Return up to 1 of your opponent's Characters with a cost of 5 or less to the owner's hand.,https://en.onepiece-cardgame.com/images/cardlist/card/OP07-055.png?250502,0,False
OP07-056-0,OP07-056,0,Slave Arrow,,UC,Blue,OP07,,1.0,,[Counter] You may return 1 of your Characters with a cost of 2 or more to the owner's hand: Up to 1 of your Leader or Character cards gains +4000 power during this battle.,[Trigger] Draw 2 cards and place 2 cards from your hand at the bottom of your deck in any order.,https://en.onepiece-cardgame.com/images/cardlist/card/OP07-056.png?250502,0,False
OP07-057-0,OP07-057,0,Perfume Femur,,R,Blue,OP07,,2.0,,"[Main] Select up to 1 of your {The Seven Warlords of the Sea} type Leader or Character cards and that card gains +2000 power during this turn. Then, if the selected card attacks during this turn, your opponent cannot activate [Blocker].",[Trigger] Draw 1 card.,https://en.onepiece-cardgame.com/images/cardlist/card/OP07-057.png?250502,0,False
OP07-058-0,OP07-058,0,Island of Women,,C,Blue,OP07,,1.0,,"[Activate: Main] You may trash 1 card from your hand and rest this Stage: If your Leader has the {Kuja Pirates} type, return up to 1 of your {Amazon Lily} or {Kuja Pirates} type Characters to the owner's hand.",,https://en.onepiece-cardgame.com/images/cardlist/card/OP07-058.png?250502,0,False
OP07-059-0,OP07-059,0,Foxy,1016.0,L,Purple,OP07,5000.0,,,"[When Attacking] DON!! −3 (You may return the specified number of DON!! cards from your field to your DON!! deck.): If you have 3 or more {Foxy Pirates} type Characters, select your opponent's rested Leader and up to 1 Character card. The selected cards will not become active in your opponent's next Refresh Phase.",,https://en.onepiece-cardgame.com/images/cardlist/card/OP07-059.png?250502,0,True
OP07-059-1,OP07-059,1,Foxy (Parallel),1016.0,L,Purple,OP07,5000.0,,,"[When Attacking] DON!! −3 (You may return the specified number of DON!! cards from your field to your DON!! deck.): If you have 3 or more {Foxy Pirates} type Characters, select your opponent's rested Leader and up to 1 Character card. The selected cards will not become active in your opponent's next Refresh Phase.",,https://en.onepiece-cardgame.com/images/cardlist/card/OP07-059_p1.png?250502,0,True
OP07-060-0,OP07-060,0,Itomimizu,834.0,UC,Purple,OP07,,3.0,1000.0,"[Activate: Main] [Once Per Turn] If your Leader has the {Foxy Pirates} type and you have no other [Itomimizu], add up to 1 DON!! card from your DON!! deck and rest it.",,https://en.onepiece-cardgame.com/images/cardlist/card/OP07-060.png?250502,0,True
OP07-061-0,OP07-061,0,Vinsmoke Sanji,326.0,C,Purple,OP07,,1.0,1000.0,"[On Play] DON!! −1 (You may return the specified number of DON!! cards from your field to your DON!! deck.): If your Leader has the {The Vinsmoke Family} type, draw 1 card.",,https://en.onepiece-cardgame.com/images/cardlist/card/OP07-061.png?250502,0,True
OP07-062-0,OP07-062,0,Vinsmoke Reiju,117.0,C,Purple,OP07,2000.0,1.0,1000.0,"[On Play] If the number of DON!! cards on your field is equal to or less than the number on your opponent's field, return up to 1 of your {The Vinsmoke Family} type Characters with a cost of 1 to the owner's hand.",,https://en.onepiece-cardgame.com/images/cardlist/card/OP07-062.png?250502,0,True
OP07-063-0,OP07-063,0,Capote,1255.0,C,Purple,OP07,4000.0,3.0,1000.0,"[On Play] DON!! −1 (You may return the specified number of DON!! cards from your field to your DON!! deck.): If your Leader has the {Foxy Pirates} type, up to 1 of your opponent's Characters with a cost of 6 or less cannot attack until the end of your opponent's next turn.",,https://en.onepiece-cardgame.com/images/cardlist/card/OP07-063.png?250502,0,True
OP07-064-0,OP07-064,0,Sanji,326.0,SR,Purple,OP07,6000.0,6.0,2000.0,"If the number of DON!! cards on your field is at least 2 less than the number on your opponent's field, give this card in your hand −3 cost.[Blocker] (After your opponent declares an attack, you may rest this card to make it the new target of the attack.)",,https://en.onepiece-cardgame.com/images/cardlist/card/OP07-064.png?250502,0,True
OP07-064-1,OP07-064,1,Sanji (Parallel),326.0,SR,Purple,OP07,6000.0,6.0,2000.0,"If the number of DON!! cards on your field is at least 2 less than the number on your opponent's field, give this card in your hand −3 cost.[Blocker] (After your opponent declares an attack, you may rest this card to make it the new target of the attack.)",,https://en.onepiece-cardgame.com/images/cardlist/card/OP07-064_p1.png?250502,0,True
OP07-065-0,OP07-065,0,Gina,970.0,UC,Purple,OP07,,1.0,2000.0,"[On Play] If your Leader has the {Foxy Pirates} type and the number of DON!! cards on your field is equal to or less than the number on your opponent's field, add up to 1 DON!! card from your DON!! deck and set it as active.",,https://en.onepiece-cardgame.com/images/cardlist/card/OP07-065.png?250502,0,True
OP07-066-0,OP07-066,0,Tony Tony.Chopper,175.0,R,Purple,OP07,,2.0,1000.0,"[Blocker] (After your opponent declares an attack, you may rest this card to make it the new target of the attack.)[On Play] If the number of DON!! cards on your field is equal to or less than the number on your opponent's field, add up to 1 DON!! card from your DON!! deck and rest it.",,https://en.onepiece-cardgame.com/images/cardlist/card/OP07-066.png?250502,0,True
OP07-067-0,OP07-067,0,Tonjit,174.0,C,Purple,OP07,3000.0,1.0,1000.0,-,,https://en.onepiece-cardgame.com/images/cardlist/card/OP07-067.png?250502,0,True
OP07-068-0,OP07-068,0,Hamburg,928.0,UC,Purple,OP07,6000.0,5.0,1000.0,"[DON!! x1] [When Attacking] If the number of DON!! cards on your field is equal to or less than the number on your opponent's field, add up to 1 DON!! card from your DON!! deck and rest it.",,https://en.onepiece-cardgame.com/images/cardlist/card/OP07-068.png?250502,0,True
OP07-069-0,OP07-069,0,Pickles,431.0,C,Purple,OP07,4000.0,3.0,1000.0,"If the number of DON!! cards on your field is equal to or less than the number on your opponent's field, your {Foxy Pirates} type Characters other than [Pickles] cannot be K.O.'d by your opponent's effects.",,https://en.onepiece-cardgame.com/images/cardlist/card/OP07-069.png?250502,0,True
OP07-070-0,OP07-070,0,Big Bun,9.0,UC,Purple,OP07,7000.0,6.0,1000.0,"[On Play] If the number of DON!! cards on your field is equal to or less than the number on your opponent's field, play up to 1 {Foxy Pirates} type card with a cost of 4 or less from your hand.",,https://en.onepiece-cardgame.com/images/cardlist/card/OP07-070.png?250502,0,True
OP07-071-0,OP07-071,0,Foxy,1016.0,R,Purple,OP07,7000.0,7.0,,"[Opponent's Turn] If your Leader has the {Foxy Pirates} type, give all of your opponent's Characters −1000 power.[Activate: Main] [Once Per Turn] Add up to 1 DON!! card from your DON!! deck and rest it.",,https://en.onepiece-cardgame.com/images/cardlist/card/OP07-071.png?250502,0,True
OP07-071-1,OP07-071,1,Foxy (Parallel),1016.0,R,Purple,OP07,7000.0,7.0,,"[Opponent's Turn] If your Leader has the {Foxy Pirates} type, give all of your opponent's Characters −1000 power.[Activate: Main] [Once Per Turn] Add up to 1 DON!! card from your DON!! deck and rest it.",,https://en.onepiece-cardgame.com/images/cardlist/card/OP07-071_p1.png?250502,0,True
OP07-072-0,OP07-072,0,Porche,420.0,SR,Purple,OP07,5000.0,3.0,,"[On Play] DON!! −1 (You may return the specified number of DON!! cards from your field to your DON!! deck.): Look at 5 cards from the top of your deck; reveal up to 1 {Foxy Pirates} type card and add it to your hand. Then, place the rest at the bottom of your deck in any order and play up to 1 purple Character card with 4000 power or less from your hand.",,https://en.onepiece-cardgame.com/images/cardlist/card/OP07-072.png?250502,0,True
OP07-072-1,OP07-072,1,Porche (Parallel),420.0,SR,Purple,OP07,5000.0,3.0,,"[On Play] DON!! −1 (You may return the specified number of DON!! cards from your field to your DON!! deck.): Look at 5 cards from the top of your deck; reveal up to 1 {Foxy Pirates} type card and add it to your hand. Then, place the rest at the bottom of your deck in any order and play up to 1 purple Character card with 4000 power or less from your hand.",,https://en.onepiece-cardgame.com/images/cardlist/card/OP07-072_p1.png?250502,0,True
OP07-073-0,OP07-073,0,Monkey.D.Luffy,558.0,R,Purple,OP07,7000.0,6.0,,"[Activate: Main] [Once Per Turn] DON!! −3 (You may return the specified number of DON!! cards from your field to your DON!! deck.): If your opponent has 3 or more Characters, set this Character as active.",,https://en.onepiece-cardgame.com/images/cardlist/card/OP07-073.png?250502,0,True
OP07-074-0,OP07-074,0,Monda,564.0,C,Purple,OP07,3000.0,2.0,1000.0,"[Activate: Main] You may trash this Character: If your Leader has the {Foxy Pirates} type, add up to 1 DON!! card from your DON!! deck and rest it.",,https://en.onepiece-cardgame.com/images/cardlist/card/OP07-074.png?250502,0,True
OP07-075-0,OP07-075,0,Slow-Slow Beam,,UC,Purple,OP07,,1.0,,[Counter] DON!! −1 (You may return the specified number of DON!! cards from your field to your DON!! deck.): Give up to 1 each of your opponent's Leader and Character cards −2000 power during this turn.,,https://en.onepiece-cardgame.com/images/cardlist/card/OP07-075.png?250502,0,False
OP07-076-0,OP07-076,0,Slow-Slow Beam Sword,,C,Purple,OP07,,2.0,,"[Counter] DON!! −1 (You may return the specified number of DON!! cards from your field to your DON!! deck.): Up to 1 of your Leader or Character cards gains +2000 power during this battle. Then, rest up to 1 of your opponent's Characters.",[Trigger] Add up to 1 DON!! card from your DON!! deck and set it as active.,https://en.onepiece-cardgame.com/images/cardlist/card/OP07-076.png?250502,0,False
OP07-077-0,OP07-077,0,We're Going to Claim the One Piece!!!,,R,Purple,OP07,,1.0,,"[Main] If your Leader has the {Animal Kingdom Pirates} or {Big Mom Pirates} type, look at 5 cards from the top of your deck; reveal up to 1 {Animal Kingdom Pirates} or {Big Mom Pirates} type card and add it to your hand. Then, place the rest at the bottom of your deck in any order.",[Trigger] Activate this card's [Main] effect.,https://en.onepiece-cardgame.com/images/cardlist/card/OP07-077.png?250502,0,False
OP07-078-0,OP07-078,0,Megaton Nine-Tails Rush,,C,Purple,OP07,,3.0,,"[Main] If the number of DON!! cards on your field is equal to or less than the number on your opponent's field, set up to 1 of your [Foxy] cards as active.",[Trigger] Add up to 1 DON!! card from your DON!! deck and set it as active.,https://en.onepiece-cardgame.com/images/cardlist/card/OP07-078.png?250502,0,False
OP07-079-0,OP07-079,0,Rob Lucci,369.0,L,Black,OP07,5000.0,,,[When Attacking] You may trash 2 cards from the top of your deck: Give up to 1 of your opponent's Characters −1 cost during this turn.,,https://en.onepiece-cardgame.com/images/cardlist/card/OP07-079.png?250502,0,True
OP07-079-1,OP07-079,1,Rob Lucci (Parallel),369.0,L,Black,OP07,5000.0,,,[When Attacking] You may trash 2 cards from the top of your deck: Give up to 1 of your opponent's Characters −1 cost during this turn.,,https://en.onepiece-cardgame.com/images/cardlist/card/OP07-079_p1.png?250502,0,True
OP07-080-0,OP07-080,0,Kaku,776.0,R,Black,OP07,5000.0,4.0,2000.0,"[On Play] You may place 2 cards with a type including ""CP"" from your trash at the bottom of your deck in any order: Give up to 1 of your opponent's Characters −3 cost during this turn.",,https://en.onepiece-cardgame.com/images/cardlist/card/OP07-080.png?250502,0,True
OP07-081-0,OP07-081,0,Kalifa,772.0,C,Black,OP07,5000.0,4.0,1000.0,[DON!! x1] [Your Turn] Give all of your opponent's Characters −1 cost.,,https://en.onepiece-cardgame.com/images/cardlist/card/OP07-081.png?250502,0,True
OP07-082-0,OP07-082,0,Captain John,802.0,UC,Black,OP07,3000.0,2.0,1000.0,[On Play] Trash 2 cards from the top of your deck and give up to 1 of your opponent's Characters −1 cost during this turn.,,https://en.onepiece-cardgame.com/images/cardlist/card/OP07-082.png?250502,0,True
OP07-083-0,OP07-083,0,Gecko Moria,984.0,UC,Black,OP07,5000.0,4.0,1000.0,"[Activate: Main] You may place 4 {Thriller Bark Pirates} type cards from your trash at the bottom of your deck in any order: This Character gains [Banish] and +1000 power during this turn.(When this card deals damage, the target card is trashed without activating its Trigger.)",,https://en.onepiece-cardgame.com/images/cardlist/card/OP07-083.png?250502,0,True
OP07-084-0,OP07-084,0,Gismonda,960.0,C,Black,OP07,2000.0,2.0,1000.0,"[Blocker] (After your opponent declares an attack, you may rest this card to make it the new target of the attack.)",,https://en.onepiece-cardgame.com/images/cardlist/card/OP07-084.png?250502,0,True
OP07-085-0,OP07-085,0,Stussy,224.0,SR,Black,OP07,9000.0,9.0,,[On Play] You may trash 1 of your Characters: K.O. up to 1 of your opponent's Characters.,,https://en.onepiece-cardgame.com/images/cardlist/card/OP07-085.png?250502,0,True
OP07-085-1,OP07-085,1,Stussy (Parallel),224.0,SR,Black,OP07,9000.0,9.0,,[On Play] You may trash 1 of your Characters: K.O. up to 1 of your opponent's Characters.,,https://en.onepiece-cardgame.com/images/cardlist/card/OP07-085_p1.png?250502,0,True
OP07-086-0,OP07-086,0,Spandam,246.0,C,Black,OP07,4000.0,3.0,1000.0,[On Play] Trash 2 cards from the top of your deck and give up to 1 of your opponent's Characters −2 cost during this turn.,,https://en.onepiece-cardgame.com/images/cardlist/card/OP07-086.png?250502,0,True
OP07-087-0,OP07-087,0,Baskerville,1370.0,C,Black,OP07,3000.0,3.0,2000.0,"[Your Turn] If your opponent has a Character with a cost of 0, this Character gains +3000 power.",,https://en.onepiece-cardgame.com/images/cardlist/card/OP07-087.png?250502,0,True
OP07-088-0,OP07-088,0,Hattori,905.0,UC,Black,OP07,,1.0,2000.0,[Your Turn] [On Play] Up to 1 of your [Rob Lucci] cards gains +2000 power during this turn.,,https://en.onepiece-cardgame.com/images/cardlist/card/OP07-088.png?250502,0,True
OP07-089-0,OP07-089,0,Maha,643.0,C,Black,OP07,8000.0,6.0,1000.0,-,,https://en.onepiece-cardgame.com/images/cardlist/card/OP07-089.png?250502,0,True
OP07-090-0,OP07-090,0,Morgans,549.0,C,Black,OP07,2000.0,2.0,1000.0,"[On Play] Your opponent trashes 1 card from their hand and reveals their hand. Then, your opponent draws 1 card.",,https://en.onepiece-cardgame.com/images/cardlist/card/OP07-090.png?250502,0,True
OP07-091-0,OP07-091,0,Monkey.D.Luffy,558.0,R,Black,OP07,6000.0,5.0,1000.0,"[When Attacking] Trash up to 1 of your opponent's Characters with a cost of 2 or less. Then, place any number of Character cards with a cost of 4 or more from your trash at the bottom of your deck in any order. This Character gains +1000 power during this turn for every 3 cards placed at the bottom of your deck.",,https://en.onepiece-cardgame.com/images/cardlist/card/OP07-091.png?250502,0,True
OP07-092-0,OP07-092,0,Joseph,794.0,UC,Black,OP07,2000.0,1.0,1000.0,"[On Play] You may place 2 cards with a type including ""CP"" from your trash at the bottom of your deck in any order: K.O. up to 1 of your opponent's Characters with a cost of 1 or less.",,https://en.onepiece-cardgame.com/images/cardlist/card/OP07-092.png?250502,0,True
OP07-093-0,OP07-093,0,Rob Lucci,369.0,R,Black,OP07,6000.0,5.0,1000.0,"[On Play] You may place 3 cards from your trash at the bottom of your deck in any order: Your opponent trashes 1 card from their hand. Then, you may place up to 1 card from your opponent's trash at the bottom of their deck.",,https://en.onepiece-cardgame.com/images/cardlist/card/OP07-093.png?250502,0,True
OP07-094-0,OP07-094,0,Shave,,UC,Black,OP07,,1.0,,"[Counter] Up to 1 of your Leader or Character cards gains +2000 power during this battle. Then, if you have 10 or more cards in your trash, return up to 1 of your Characters with a type including ""CP"" to the owner's hand.",[Trigger] Return up to 1 of your Characters to the owner's hand.,https://en.onepiece-cardgame.com/images/cardlist/card/OP07-094.png?250502,0,False
OP07-095-0,OP07-095,0,Iron Body,,C,Black,OP07,,2.0,,"[Counter] Up to 1 of your Leader or Character cards gains +4000 power during this battle. Then, if you have 10 or more cards in your trash, that card gains an additional +2000 power during this battle.",[Trigger] Up to 1 of your Leader or Character cards gains +1000 power during this turn.,https://en.onepiece-cardgame.com/images/cardlist/card/OP07-095.png?250502,0,False
OP07-096-0,OP07-096,0,Tempest Kick,,R,Black,OP07,,1.0,,"[Main] Draw 1 card. Then, if you have 10 or more cards in your trash, give up to 1 of your opponent's Characters −3 cost during this turn.",[Trigger] K.O. up to 1 of your opponent's Characters with a cost of 3 or less.,https://en.onepiece-cardgame.com/images/cardlist/card/OP07-096.png?250502,0,False
OP07-097-0,OP07-097,0,Vegapunk,126.0,L,Yellow,OP07,5000.0,,,This Leader cannot attack.[Activate: Main] [Once Per Turn] ① (You may rest the specified number of DON!! cards in your cost area.): Select up to 1 {Egghead} type card with a cost of 5 or less from your hand and play it or add it to the top of your Life cards face-up.,,https://en.onepiece-cardgame.com/images/cardlist/card/OP07-097.png?250502,0,True
OP07-097-1,OP07-097,1,Vegapunk (Parallel),126.0,L,Yellow,OP07,5000.0,,,This Leader cannot attack.[Activate: Main] [Once Per Turn] ① (You may rest the specified number of DON!! cards in your cost area.): Select up to 1 {Egghead} type card with a cost of 5 or less from your hand and play it or add it to the top of your Life cards face-up.,,https://en.onepiece-cardgame.com/images/cardlist/card/OP07-097_p1.png?250502,0,True
OP07-098-0,OP07-098,0,Atlas,1347.0,UC,Yellow,OP07,6000.0,5.0,1000.0,"If you have less Life cards than your opponent, this Character cannot be K.O.'d in battle.","[Trigger] If your Leader is [Vegapunk], play this card.",https://en.onepiece-cardgame.com/images/cardlist/card/OP07-098.png?250502,0,True
OP07-099-0,OP07-099,0,Usopp,136.0,C,Yellow,OP07,2000.0,1.0,2000.0,-,[Trigger] Up to 1 of your {Egghead} type Leader or Character cards gains +2000 power until the end of your next turn.,https://en.onepiece-cardgame.com/images/cardlist/card/OP07-099.png?250502,0,True
OP07-100-0,OP07-100,0,Edison,1052.0,C,Yellow,OP07,5000.0,4.0,2000.0,"[On Play] If you have 2 or less Life cards, draw 2 cards and trash 2 card from your hand.","[Trigger] If your Leader is [Vegapunk], play this card.",https://en.onepiece-cardgame.com/images/cardlist/card/OP07-100.png?250502,0,True
OP07-101-0,OP07-101,0,Shaka,300.0,UC,Yellow,OP07,6000.0,5.0,1000.0,"[Blocker] (After your opponent declares an attack, you may rest this card to make it the new target of the attack.)","[Trigger] If your Leader is [Vegapunk], play this card.",https://en.onepiece-cardgame.com/images/cardlist/card/OP07-101.png?250502,0,True
OP07-102-0,OP07-102,0,Jinbe,807.0,C,Yellow,OP07,6000.0,5.0,1000.0,-,[Trigger] Return up to 1 of your opponent's Characters with a cost of 4 or less to the owner's hand and add this card to your hand.,https://en.onepiece-cardgame.com/images/cardlist/card/OP07-102.png?250502,0,True
OP07-103-0,OP07-103,0,Tony Tony.Chopper,175.0,C,Yellow,OP07,3000.0,2.0,1000.0,-,"[Trigger] Up to 1 of your {Egghead} type Characters gains [Blocker] during this turn. Then, add this card to your hand.",https://en.onepiece-cardgame.com/images/cardlist/card/OP07-103.png?250502,0,True
OP07-104-0,OP07-104,0,Nico Robin,495.0,UC,Yellow,OP07,4000.0,3.0,1000.0,-,"[Trigger] If your Leader has the {Egghead} type, draw 2 cards.",https://en.onepiece-cardgame.com/images/cardlist/card/OP07-104.png?250502,0,True
OP07-105-0,OP07-105,0,Pythagoras,407.0,UC,Yellow,OP07,6000.0,5.0,1000.0,"[On K.O.] If you have 2 or less Life cards, play up to 1 {Egghead} type Character card with a cost of 4 or less from your trash rested.","[Trigger] If your Leader is [Vegapunk], play this card.",https://en.onepiece-cardgame.com/images/cardlist/card/OP07-105.png?250502,0,True
OP07-106-0,OP07-106,0,Fuza,1003.0,C,Yellow,OP07,6000.0,4.0,,"[DON!! x1] [When Attacking] If you have 1 or less Life cards, K.O. up to 1 of your opponent's Characters with a cost of 3 or less.",,https://en.onepiece-cardgame.com/images/cardlist/card/OP07-106.png?250502,0,True
OP07-107-0,OP07-107,0,Franky,1014.0,R,Yellow,OP07,5000.0,4.0,2000.0,-,"[Trigger] Draw 1 card. Then, if you have 1 or less Life cards, play this card.",https://en.onepiece-cardgame.com/images/cardlist/card/OP07-107.png?250502,0,True
OP07-107-1,OP07-107,1,Franky (Parallel),1014.0,R,Yellow,OP07,5000.0,4.0,2000.0,-,"[Trigger] Draw 1 card. Then, if you have 1 or less Life cards, play this card.",https://en.onepiece-cardgame.com/images/cardlist/card/OP07-107_p1.png?250502,0,True
OP07-108-0,OP07-108,0,Vega Force 01,,C,Yellow,OP07,6000.0,4.0,1000.0,-,,https://en.onepiece-cardgame.com/images/cardlist/card/OP07-108.png?250502,0,False
OP07-109-0,OP07-109,0,Monkey.D.Luffy,558.0,SR,Yellow,OP07,6000.0,5.0,1000.0,"[Activate: Main] You may trash this Character: If you have 2 or less Life cards, K.O. up to 1 of your opponent's Characters with a cost of 4 or less. Then, draw 1 card.",[Trigger] K.O. up to 1 of your opponent's Characters with a cost of 4 or less.,https://en.onepiece-cardgame.com/images/cardlist/card/OP07-109.png?250502,0,True
OP07-109-1,OP07-109,1,Monkey.D.Luffy (Parallel),558.0,SR,Yellow,OP07,6000.0,5.0,1000.0,"[Activate: Main] You may trash this Character: If you have 2 or less Life cards, K.O. up to 1 of your opponent's Characters with a cost of 4 or less. Then, draw 1 card.",[Trigger] K.O. up to 1 of your opponent's Characters with a cost of 4 or less.,https://en.onepiece-cardgame.com/images/cardlist/card/OP07-109_p1.png?250502,0,True
OP07-110-0,OP07-110,0,York,78.0,C,Yellow,OP07,6000.0,5.0,1000.0,[On Play] You may add 1 card from the top or bottom of your Life cards to your hand: K.O. up to 1 of your opponent's Characters with a cost of 2 or less.,"[Trigger] If your Leader is [Vegapunk], play this card.",https://en.onepiece-cardgame.com/images/cardlist/card/OP07-110.png?250502,0,True
OP07-111-0,OP07-111,0,Lilith,666.0,SR,Yellow,OP07,5000.0,3.0,,"[On Play] Look at 5 cards from the top of your deck; reveal up to 1 {Egghead} type card other than [Lilith] and add it to your hand. Then, place the rest at the bottom of your deck in any order.","[Trigger] If your Leader is [Vegapunk], play this card.",https://en.onepiece-cardgame.com/images/cardlist/card/OP07-111.png?250502,0,True
OP07-111-1,OP07-111,1,Lilith (Parallel),666.0,SR,Yellow,OP07,5000.0,3.0,,"[On Play] Look at 5 cards from the top of your deck; reveal up to 1 {Egghead} type card other than [Lilith] and add it to your hand. Then, place the rest at the bottom of your deck in any order.","[Trigger] If your Leader is [Vegapunk], play this card.",https://en.onepiece-cardgame.com/images/cardlist/card/OP07-111_p1.png?250502,0,True
OP07-112-0,OP07-112,0,Lucy,343.0,R,Yellow,OP07,7000.0,6.0,,"[When Attacking] [Once Per Turn] You may add 1 card from the top or bottom of your Life cards to your hand: You may rest up to 1 of your opponent's Characters with a cost of 4 or less. Then, if you have 1 or less Life cards, add up to 1 card from the top of your deck to the top of your Life cards.",,https://en.onepiece-cardgame.com/images/cardlist/card/OP07-112.png?250502,0,True
OP07-113-0,OP07-113,0,Roronoa Zoro,357.0,UC,Yellow,OP07,6000.0,5.0,1000.0,-,"[Trigger] If your Leader has the {Egghead} type, rest up to 1 of your opponent's Leader or Character cards.",https://en.onepiece-cardgame.com/images/cardlist/card/OP07-113.png?250502,0,True
OP07-114-0,OP07-114,0,He Possesses the World's Most Brilliant Mind,,UC,Yellow,OP07,,1.0,,"[Main] Look at 5 cards from the top of your deck; reveal up to 1 {Egghead} type card other than [He Possesses the World's Most Brilliant Mind] and add it to your hand. Then, place the rest at the bottom of your deck in any order.",[Trigger] Draw 1 card.,https://en.onepiece-cardgame.com/images/cardlist/card/OP07-114.png?250502,0,False
OP07-115-0,OP07-115,0,I Re-Quasar Helllp!!,,C,Yellow,OP07,,1.0,,"[Counter] If you have 2 or less Life cards, up to 1 of your Leader or Character cards gains +3000 power during this battle.",[Trigger] Play up to 1 of your {Egghead} type Character cards with a cost of 5 or less from your trash.,https://en.onepiece-cardgame.com/images/cardlist/card/OP07-115.png?250502,0,False
OP07-116-0,OP07-116,0,Blaze Slice,,R,Yellow,OP07,,1.0,,"[Main]/[Counter] Up to 1 of your Leader or Character cards gains +1000 power during this turn. Then, if your opponent has 2 or less Life cards, rest up to 1 of your opponent's Characters with a cost of 4 or less.",[Trigger] Rest up to 1 of your opponent's Characters with a cost of 4 or less.,https://en.onepiece-cardgame.com/images/cardlist/card/OP07-116.png?250502,0,False
OP07-117-0,OP07-117,0,Egghead,,C,Yellow,OP07,,2.0,,"[End of Your Turn] If you have 3 or less Life cards, set up to 1 {Egghead} type Character with a cost of 5 or less as active.",[Trigger] Play this card.,https://en.onepiece-cardgame.com/images/cardlist/card/OP07-117.png?250502,0,False
OP07-118-0,OP07-118,0,Sabo,343.0,SEC,Black,OP07,9000.0,8.0,,[On Play] You may trash 1 card from your hand: K.O. up to 1 of your opponent's Characters with a cost of 5 or less and up to 1 of your opponent's Characters with a cost of 3 or less.,,https://en.onepiece-cardgame.com/images/cardlist/card/OP07-118.png?250502,0,True
OP07-118-1,OP07-118,1,Sabo (Parallel),343.0,SEC,Black,OP07,9000.0,8.0,,[On Play] You may trash 1 card from your hand: K.O. up to 1 of your opponent's Characters with a cost of 5 or less and up to 1 of your opponent's Characters with a cost of 3 or less.,,https://en.onepiece-cardgame.com/images/cardlist/card/OP07-118_p1.png?250502,0,True
OP07-119-0,OP07-119,0,Portgas.D.Ace,416.0,SEC,Yellow,OP07,10000.0,10.0,,"[On Play] Add up to 1 card from the top of your deck to the top of your Life cards. Then, if you have 2 or less Life cards, this Character gains [Rush] during this turn.(This card can attack on the turn in which it is played.)",,https://en.onepiece-cardgame.com/images/cardlist/card/OP07-119.png?250502,0,True
OP07-119-1,OP07-119,1,Portgas.D.Ace (Parallel),416.0,SEC,Yellow,OP07,10000.0,10.0,,"[On Play] Add up to 1 card from the top of your deck to the top of your Life cards. Then, if you have 2 or less Life cards, this Character gains [Rush] during this turn.(This card can attack on the turn in which it is played.)",,https://en.onepiece-cardgame.com/images/cardlist/card/OP07-119_p1.png?250502,0,True
OP01-035-2,OP01-035,2,Okiku (Parallel),747.0,SP CARD,Green,OP01,5000.0,3.0,,[DON!! x1] [When Attacking] [Once Per Turn] Rest up to 1 of your opponent's Characters with a cost of 5 or less.,,https://en.onepiece-cardgame.com/images/cardlist/card/OP01-035_p2.png?250502,0,True
OP01-073-2,OP01-073,2,Donquixote Doflamingo (Parallel),1070.0,SP CARD,Blue,OP01,4000.0,3.0,1000.0,"[Blocker] (After your opponent declares an attack, you may rest this card to make it the new target of the attack.)[On Play] Look at 5 cards from the top of your deck and place them at the top or bottom of the deck in any order.",,https://en.onepiece-cardgame.com/images/cardlist/card/OP01-073_p2.png?250502,0,True
OP03-003-1,OP03-003,1,Izo (Parallel),833.0,SP CARD,Red,OP03,2000.0,1.0,1000.0,"[On Play] Look at 5 cards from the top of your deck; reveal up to 1 card with a type including ""Whitebeard Pirates"" other than [Izo] and add it to your hand. Then, place the rest at the bottom of your deck in any order.",,https://en.onepiece-cardgame.com/images/cardlist/card/OP03-003_p1.png?250502,0,True
OP03-078-2,OP03-078,2,Issho (Parallel),836.0,SP CARD,Black,OP03,9000.0,8.0,,"[DON!! x1] [Your Turn] Give all of your opponent's Characters −3 cost.[On Play] If your opponent has 6 or more cards in their hand, trash 2 cards from your opponent's hand.",,https://en.onepiece-cardgame.com/images/cardlist/card/OP03-078_p2.png?250502,0,True
OP05-074-3,OP05-074,3,"Eustass""Captain""Kid (Parallel)",1034.0,SP CARD,Purple,OP05,6000.0,5.0,1000.0,"[Blocker] (After your opponent declares an attack, you may rest this card to make it the new target of the attack.)[Your Turn] [Once Per Turn] When a DON!! card on your field is returned to your DON!! deck, add up to 1 DON!! card from your DON!! deck and set it as active.",,https://en.onepiece-cardgame.com/images/cardlist/card/OP05-074_p3.png?250502,0,True
OP06-101-2,OP06-101,2,O-Nami (Parallel),515.0,SP CARD,Yellow,OP06,3000.0,2.0,1000.0,"[On Play] Up to 1 of your Leader or Character cards gains [Banish] during this turn.(When this card deals damage, the target card is trashed without activating its Trigger.)",[Trigger] K.O. up to 1 of your opponent's Characters with a cost of 5 or less.,https://en.onepiece-cardgame.com/images/cardlist/card/OP06-101_p2.png?250502,0,True
OP06-001-0,OP06-001,0,Uta,134.0,L,Red/Purple,OP06,5000.0,,,"[When Attacking] You may trash 1 {FILM} type card from your hand: Give up to 1 of your opponent's Characters −2000 power during this turn. Then, add up to 1 DON!! card from your DON!! deck and rest it.",,https://en.onepiece-cardgame.com/images/cardlist/card/OP06-001.png?250502,0,True
OP06-001-1,OP06-001,1,Uta (Parallel),134.0,L,Red/Purple,OP06,5000.0,,,"[When Attacking] You may trash 1 {FILM} type card from your hand: Give up to 1 of your opponent's Characters −2000 power during this turn. Then, add up to 1 DON!! card from your DON!! deck and rest it.",,https://en.onepiece-cardgame.com/images/cardlist/card/OP06-001_p1.png?250502,0,True
OP06-002-0,OP06-002,0,Inazuma,854.0,C,Red,OP06,5000.0,4.0,1000.0,"If this Character has 7000 power or more, this Character gains [Banish].(When this card deals damage, the target card is trashed without activating its Trigger.)",,https://en.onepiece-cardgame.com/images/cardlist/card/OP06-002.png?250502,0,True
OP06-004-0,OP06-004,0,Baron Omatsuri,1402.0,C,Red,OP06,3000.0,2.0,1000.0,[On Play] Play up to 1 [Lily Carnation] from your hand.,,https://en.onepiece-cardgame.com/images/cardlist/card/OP06-004.png?250502,0,True
OP06-005-0,OP06-005,0,Gasparde,1403.0,C,Red,OP06,8000.0,6.0,1000.0,-,,https://en.onepiece-cardgame.com/images/cardlist/card/OP06-005.png?250502,0,True
OP06-006-0,OP06-006,0,Saga,,UC,Red,OP06,5000.0,4.0,2000.0,"[DON!! x1] [When Attacking] This Character gains +1000 power until the start of your next turn. Then, trash 1 of your {FILM} type Characters at the end of this turn.",,https://en.onepiece-cardgame.com/images/cardlist/card/OP06-006.png?250502,0,False
OP06-007-0,OP06-007,0,Shanks,290.0,SR,Red,OP06,12000.0,10.0,,[On Play] K.O. up to 1 of your opponent's Characters with 10000 power or less.,,https://en.onepiece-cardgame.com/images/cardlist/card/OP06-007.png?250502,0,True
OP06-007-1,OP06-007,1,Shanks (Parallel),290.0,SR,Red,OP06,12000.0,10.0,,[On Play] K.O. up to 1 of your opponent's Characters with 10000 power or less.,,https://en.onepiece-cardgame.com/images/cardlist/card/OP06-007_p1.png?250502,0,True
OP06-008-0,OP06-008,0,Schneider,,C,Red,OP06,5000.0,3.0,1000.0,-,,https://en.onepiece-cardgame.com/images/cardlist/card/OP06-008.png?250502,0,False
OP06-009-0,OP06-009,0,Shuraiya,1404.0,SR,Red,OP06,4000.0,3.0,1000.0,"[Blocker] (After your opponent declares an attack, you may rest this card to make it the new target of the attack.)[When Attacking]/[On Block] [Once Per Turn] This Character becomes the same power as your opponent's Leader until the start of your next turn.",,https://en.onepiece-cardgame.com/images/cardlist/card/OP06-009.png?250502,0,True
OP06-009-1,OP06-009,1,Shuraiya (Parallel),1404.0,SR,Red,OP06,4000.0,3.0,1000.0,"[Blocker] (After your opponent declares an attack, you may rest this card to make it the new target of the attack.)[When Attacking]/[On Block] [Once Per Turn] This Character becomes the same power as your opponent's Leader until the start of your next turn.",,https://en.onepiece-cardgame.com/images/cardlist/card/OP06-009_p1.png?250502,0,True
OP06-010-0,OP06-010,0,Douglas Bullet,1393.0,R,Red,OP06,7000.0,6.0,1000.0,"If your Leader has the {FILM} type, this Character gains [Blocker].(After your opponent declares an attack, you may rest this card to make it the new target of the attack.)",,https://en.onepiece-cardgame.com/images/cardlist/card/OP06-010.png?250502,0,True
OP06-011-0,OP06-011,0,Tot Musica,,R,Red,OP06,6000.0,5.0,1000.0,[Activate: Main] [Once Per Turn] You may rest 1 of your [Uta] cards: This Character gains +5000 power during this turn.,,https://en.onepiece-cardgame.com/images/cardlist/card/OP06-011.png?250502,0,False
OP06-012-0,OP06-012,0,Bear.King,,UC,Red,OP06,6000.0,5.0,1000.0,"If your opponent has a Leader or Character with a base power of 6000 or more, this Character cannot be K.O.'d in battle.",,https://en.onepiece-cardgame.com/images/cardlist/card/OP06-012.png?250502,0,False
OP06-013-0,OP06-013,0,Monkey.D.Luffy,558.0,R,Red,OP06,3000.0,2.0,1000.0,"[On Play] Look at 3 cards from the top of your deck; reveal up to 1 {FILM} type card and add it to your hand. Then, place the rest at the bottom of your deck in any order.",[Trigger] Activate this card's [On Play] effect.,https://en.onepiece-cardgame.com/images/cardlist/card/OP06-013.png?250502,0,True
OP06-013-1,OP06-013,1,Monkey.D.Luffy (Parallel),558.0,R,Red,OP06,3000.0,2.0,1000.0,"[On Play] Look at 3 cards from the top of your deck; reveal up to 1 {FILM} type card and add it to your hand. Then, place the rest at the bottom of your deck in any order.",[Trigger] Activate this card's [On Play] effect.,https://en.onepiece-cardgame.com/images/cardlist/card/OP06-013_p1.png?250502,0,True
OP06-014-0,OP06-014,0,Ratchet,,C,Red,OP06,,1.0,1000.0,[On Your Opponent's Attack] You may trash any number of {FILM} type cards from your hand. Your Leader or 1 of your Characters gains +1000 power during this battle for every card trashed.,,https://en.onepiece-cardgame.com/images/cardlist/card/OP06-014.png?250502,0,False
OP06-015-0,OP06-015,0,Lily Carnation,,C,Red,OP06,,4.0,1000.0,[Activate: Main] [Once Per Turn] You may trash 1 of your Characters with 6000 power or more: Play up to 1 {FILM} type Character card with 2000 to 5000 power from your trash rested.,,https://en.onepiece-cardgame.com/images/cardlist/card/OP06-015.png?250502,0,False
OP06-016-0,OP06-016,0,Raise Max,,UC,Red,OP06,2000.0,1.0,,[Activate: Main] You may place this Character at the bottom of the owner's deck: Give up to 1 of your opponent's Characters −3000 power during this turn.,,https://en.onepiece-cardgame.com/images/cardlist/card/OP06-016.png?250502,0,False
OP06-017-0,OP06-017,0,Meteor-Strike of Love,,C,Red,OP06,,2.0,,[Main]/[Counter] You may add 1 card from the top of your Life cards to your hand: Up to 1 of your Leader or Character cards gains +3000 power during this turn.,,https://en.onepiece-cardgame.com/images/cardlist/card/OP06-017.png?250502,0,False
OP06-018-0,OP06-018,0,Gum-Gum King Kong Gatling,,R,Red,OP06,,2.0,,"[Main] Up to 1 of your Leader or Character cards gains +3000 power during this turn. Then, if your opponent has a Character with 7000 power or more, up to 1 of your Leader or Character cards gains +1000 power during this turn.",[Trigger] K.O. up to 1 of your opponent's Characters with 5000 power or less.,https://en.onepiece-cardgame.com/images/cardlist/card/OP06-018.png?250502,0,False
OP06-019-0,OP06-019,0,Blue Dragon Seal Water Stream,,UC,Red,OP06,,3.0,,[Main] K.O. up to 1 of your opponent's Characters with 5000 power or less.,[Trigger] K.O. up to 1 of your opponent's Characters with 4000 power or less.,https://en.onepiece-cardgame.com/images/cardlist/card/OP06-019.png?250502,0,False
OP06-020-0,OP06-020,0,Hody Jones,883.0,L,Green,OP06,5000.0,,,"[Activate: Main] You may rest this Leader: Rest up to 1 of your opponent's DON!! cards or Characters with a cost of 3 or less. Then, you cannot add Life cards to your hand using your own effects during this turn.",,https://en.onepiece-cardgame.com/images/cardlist/card/OP06-020.png?250502,0,True
OP06-020-1,OP06-020,1,Hody Jones (Parallel),883.0,L,Green,OP06,5000.0,,,"[Activate: Main] You may rest this Leader: Rest up to 1 of your opponent's DON!! cards or Characters with a cost of 3 or less. Then, you cannot add Life cards to your hand using your own effects during this turn.",,https://en.onepiece-cardgame.com/images/cardlist/card/OP06-020_p1.png?250502,0,True
OP06-021-0,OP06-021,0,Perona,434.0,L,Green/Black,OP06,5000.0,,,[Activate: Main] [Once Per Turn] Choose one:• Rest up to 1 of your opponent's Characters with a cost of 4 or less.• Give up to 1 of your opponent's Characters −1 cost during this turn.,,https://en.onepiece-cardgame.com/images/cardlist/card/OP06-021.png?250502,0,True
OP06-021-1,OP06-021,1,Perona (Parallel),434.0,L,Green/Black,OP06,5000.0,,,[Activate: Main] [Once Per Turn] Choose one:• Rest up to 1 of your opponent's Characters with a cost of 4 or less.• Give up to 1 of your opponent's Characters −1 cost during this turn.,,https://en.onepiece-cardgame.com/images/cardlist/card/OP06-021_p1.png?250502,0,True
OP06-022-0,OP06-022,0,Yamato,88.0,L,Green/Yellow,OP06,5000.0,,,"[Double Attack] (This card deals 2 damage.)[Activate: Main] [Once Per Turn] If your opponent has 3 or less Life cards, give up to 2 rested DON!! cards to 1 of your Characters.",,https://en.onepiece-cardgame.com/images/cardlist/card/OP06-022.png?250502,0,True
OP06-022-1,OP06-022,1,Yamato (Parallel),88.0,L,Green/Yellow,OP06,5000.0,,,"[Double Attack] (This card deals 2 damage.)[Activate: Main] [Once Per Turn] If your opponent has 3 or less Life cards, give up to 2 rested DON!! cards to 1 of your Characters.",,https://en.onepiece-cardgame.com/images/cardlist/card/OP06-022_p1.png?250502,0,True
OP06-024-0,OP06-024,0,Ikaros Much,856.0,UC,Green,OP06,6000.0,5.0,1000.0,"[On Play] If your Leader has the {New Fish-Man Pirates} type, play up to 1 {Fish-Man} type Character card with a cost of 4 or less from your hand. Then, add 1 card from the top of your Life cards to your hand.",,https://en.onepiece-cardgame.com/images/cardlist/card/OP06-024.png?250502,0,True
OP06-025-0,OP06-025,0,Camie,1262.0,R,Green,OP06,2000.0,1.0,1000.0,"[On Play] Look at 4 cards from the top of your deck; reveal up to 1 {Fish-Man} or {Merfolk} type card other than [Camie] and add it to your hand. Then, place the rest at the bottom of your deck in any order.",,https://en.onepiece-cardgame.com/images/cardlist/card/OP06-025.png?250502,0,True
OP06-025-1,OP06-025,1,Camie (Parallel),1262.0,R,Green,OP06,2000.0,1.0,1000.0,"[On Play] Look at 4 cards from the top of your deck; reveal up to 1 {Fish-Man} or {Merfolk} type card other than [Camie] and add it to your hand. Then, place the rest at the bottom of your deck in any order.",,https://en.onepiece-cardgame.com/images/cardlist/card/OP06-025_p1.png?250502,0,True
OP06-026-0,OP06-026,0,Koushirou,284.0,C,Green,OP06,,3.0,1000.0,"[On Play] Set up to 1 of your <Slash> attribute Characters with a cost of 4 or less as active. Then, you cannot attack a Leader during this turn.",,https://en.onepiece-cardgame.com/images/cardlist/card/OP06-026.png?250502,0,True
OP06-027-0,OP06-027,0,Gyro,936.0,C,Green,OP06,2000.0,1.0,1000.0,[On K.O.] Rest up to 1 of your opponent's Characters with a cost of 3 or less.,,https://en.onepiece-cardgame.com/images/cardlist/card/OP06-027.png?250502,0,True
OP06-028-0,OP06-028,0,Zeo,62.0,C,Green,OP06,3000.0,2.0,2000.0,"[DON!! x1] [When Attacking] If your Leader has the {New Fish-Man Pirates} type, set up to 1 of your DON!! cards as active and this Character gains +1000 power during this turn. Then, add 1 card from the top of your Life cards to your hand.",,https://en.onepiece-cardgame.com/images/cardlist/card/OP06-028.png?250502,0,True
OP06-029-0,OP06-029,0,Daruma,1100.0,UC,Green,OP06,4000.0,3.0,1000.0,"[DON!! x1] [When Attacking] [Once Per Turn] If your Leader has the {New Fish-Man Pirates} type, set this Character as active and this Character gains +1000 power during this turn. Then, add 1 card from the top of your Life cards to your hand.",,https://en.onepiece-cardgame.com/images/cardlist/card/OP06-029.png?250502,0,True
OP06-030-0,OP06-030,0,Dosun,1066.0,C,Green,OP06,4000.0,3.0,1000.0,"[When Attacking] If your Leader has the {New Fish-Man Pirates} type, this Character cannot be K.O.'d in battle and gains +2000 power until the start of your next turn. Then, add 1 card from the top of your Life cards to your hand.",,https://en.onepiece-cardgame.com/images/cardlist/card/OP06-030.png?250502,0,True
OP06-031-0,OP06-031,0,Hatchan,907.0,UC,Green,OP06,5000.0,4.0,1000.0,-,[Trigger] Play up to 1 {Fish-Man} or {Merfolk} type Character card with a cost of 3 or less from your hand.,https://en.onepiece-cardgame.com/images/cardlist/card/OP06-031.png?250502,0,True
OP06-032-0,OP06-032,0,Hammond,926.0,C,Green,OP06,2000.0,2.0,1000.0,"[Blocker] (After your opponent declares an attack, you may rest this card to make it the new target of the attack.)",,https://en.onepiece-cardgame.com/images/cardlist/card/OP06-032.png?250502,0,True
OP06-033-0,OP06-033,0,Vander Decken IX,128.0,R,Green,OP06,2000.0,2.0,1000.0,[On Play] You may trash 1 {Fish-Man} type card from your hand or 1 [The Ark Noah] from your hand or field: K.O. up to 1 of your opponent's rested Characters.,,https://en.onepiece-cardgame.com/images/cardlist/card/OP06-033.png?250502,0,True
OP06-034-0,OP06-034,0,Hyouzou,863.0,UC,Green,OP06,6000.0,4.0,,"[Activate: Main] [Once Per Turn] Rest up to 1 of your opponent's Characters with a cost of 4 or less and this Character gains +1000 power during this turn. Then, add 1 card from the top of your Life cards to your hand.",,https://en.onepiece-cardgame.com/images/cardlist/card/OP06-034.png?250502,0,True
OP06-035-1,OP06-035,1,Hody Jones (Parallel),883.0,SR,Green,OP06,8000.0,7.0,,"[Rush] (This card can attack on the turn in which it is played.)[On Play] Rest up to a total of 2 of your opponent's Characters or DON!! cards. Then, add 1 card from the top of your Life cards to your hand.",,https://en.onepiece-cardgame.com/images/cardlist/card/OP06-035_p1.png?250502,0,True
OP06-037-0,OP06-037,0,Wadatsumi,110.0,C,Green,OP06,8000.0,6.0,1000.0,-,,https://en.onepiece-cardgame.com/images/cardlist/card/OP06-037.png?250502,0,True
OP06-039-0,OP06-039,0,You Ain't Even Worth Killing Time!!,,R,Green,OP06,,4.0,,[Main] Choose one:• Rest up to 1 of your opponent's Characters with a cost of 6 or less.• K.O. up to 1 of your opponent's rested Characters with a cost of 6 or less.,[Trigger] Activate this card's [Main] effect.,https://en.onepiece-cardgame.com/images/cardlist/card/OP06-039.png?250502,0,False
OP06-040-0,OP06-040,0,Shark Arrows,,C,Green,OP06,,2.0,,[Main] K.O. up to 2 of your opponent's rested Characters with a cost of 3 or less.,[Trigger] Activate this card's [Main] effect.,https://en.onepiece-cardgame.com/images/cardlist/card/OP06-040.png?250502,0,False
OP06-041-0,OP06-041,0,The Ark Noah,,C,Green,OP06,,6.0,,[On Play] Rest all of your opponent's Characters.,[Trigger] Play this card.,https://en.onepiece-cardgame.com/images/cardlist/card/OP06-041.png?250502,0,False
OP06-042-0,OP06-042,0,Vinsmoke Reiju,117.0,L,Blue/Purple,OP06,5000.0,,,"[Your Turn] [Once Per Turn] When a DON!! card on your field is returned to your DON!! deck, draw 1 card.",,https://en.onepiece-cardgame.com/images/cardlist/card/OP06-042.png?250502,0,True
OP06-042-1,OP06-042,1,Vinsmoke Reiju (Parallel),117.0,L,Blue/Purple,OP06,5000.0,,,"[Your Turn] [Once Per Turn] When a DON!! card on your field is returned to your DON!! deck, draw 1 card.",,https://en.onepiece-cardgame.com/images/cardlist/card/OP06-042_p1.png?250502,0,True
OP06-043-0,OP06-043,0,Aramaki,1358.0,SR,Blue,OP06,8000.0,8.0,,"[Blocker] (After your opponent declares an attack, you may rest this card to make it the new target of the attack.)[Activate: Main] [Once Per Turn] You may trash 1 card from your hand and place 1 Character with a cost of 2 or less at the bottom of the owner's deck: This Character gains +3000 power during this turn.",,https://en.onepiece-cardgame.com/images/cardlist/card/OP06-043.png?250502,0,True
OP06-043-1,OP06-043,1,Aramaki (Parallel),1358.0,SR,Blue,OP06,8000.0,8.0,,"[Blocker] (After your opponent declares an attack, you may rest this card to make it the new target of the attack.)[Activate: Main] [Once Per Turn] You may trash 1 card from your hand and place 1 Character with a cost of 2 or less at the bottom of the owner's deck: This Character gains +3000 power during this turn.",,https://en.onepiece-cardgame.com/images/cardlist/card/OP06-043_p1.png?250502,0,True
OP06-044-0,OP06-044,0,Gion,963.0,UC,Blue,OP06,5000.0,4.0,2000.0,"[Your Turn] [Once Per Turn] When your opponent activates an Event, your opponent must place 1 card from their hand at the bottom of their deck.",,https://en.onepiece-cardgame.com/images/cardlist/card/OP06-044.png?250502,0,True
OP06-045-0,OP06-045,0,Kuzan,685.0,UC,Blue,OP06,5000.0,3.0,,[On Play] Draw 2 cards and place 2 cards from your hand at the bottom of your deck in any order.,,https://en.onepiece-cardgame.com/images/cardlist/card/OP06-045.png?250502,0,True
OP06-046-0,OP06-046,0,Sakazuki,337.0,UC,Blue,OP06,6000.0,5.0,,[On Play] Place up to 1 Character with a cost of 2 or less at the bottom of the owner's deck.,,https://en.onepiece-cardgame.com/images/cardlist/card/OP06-046.png?250502,0,True
OP06-047-0,OP06-047,0,Charlotte Pudding,1170.0,R,Blue,OP06,4000.0,4.0,1000.0,"[On Play] Your opponent returns all cards in their hand to their deck and shuffles their deck. Then, your opponent draws 5 cards.",,https://en.onepiece-cardgame.com/images/cardlist/card/OP06-047.png?250502,0,True
OP06-048-0,OP06-048,0,Zeff,64.0,C,Blue,OP06,3000.0,3.0,1000.0,"[Your Turn] When your opponent activates [Blocker] or an Event, if your Leader has the {East Blue} type, you may trash 4 cards from the top of your deck.",,https://en.onepiece-cardgame.com/images/cardlist/card/OP06-048.png?250502,0,True
OP06-049-0,OP06-049,0,Sengoku,305.0,C,Blue,OP06,7000.0,5.0,1000.0,-,,https://en.onepiece-cardgame.com/images/cardlist/card/OP06-049.png?250502,0,True
OP06-050-0,OP06-050,0,Tashigi,200.0,R,Blue,OP06,2000.0,1.0,1000.0,"[On Play] Look at 5 cards from the top of your deck; reveal up to 1 {Navy} type card other than [Tashigi] and add it to your hand. Then, place the rest at the bottom of your deck in any order.",,https://en.onepiece-cardgame.com/images/cardlist/card/OP06-050.png?250502,0,True
OP06-050-1,OP06-050,1,Tashigi (Parallel),200.0,R,Blue,OP06,2000.0,1.0,1000.0,"[On Play] Look at 5 cards from the top of your deck; reveal up to 1 {Navy} type card other than [Tashigi] and add it to your hand. Then, place the rest at the bottom of your deck in any order.",,https://en.onepiece-cardgame.com/images/cardlist/card/OP06-050_p1.png?250502,0,True
OP06-051-0,OP06-051,0,Tsuru,158.0,R,Blue,OP06,4000.0,5.0,2000.0,[On Play] You may trash 2 cards from your hand: Your opponent returns 1 of their Characters to the owner's hand.,,https://en.onepiece-cardgame.com/images/cardlist/card/OP06-051.png?250502,0,True
OP06-052-0,OP06-052,0,Tokikake,179.0,C,Blue,OP06,3000.0,2.0,1000.0,"[DON!! x1] If you have 4 or less cards in your hand, this Character cannot be K.O.'d in battle.",,https://en.onepiece-cardgame.com/images/cardlist/card/OP06-052.png?250502,0,True
OP06-053-0,OP06-053,0,Jaguar.D.Saul,825.0,C,Blue,OP06,3000.0,2.0,1000.0,[On K.O.] Place up to 1 Character with a cost of 2 or less at the bottom of the owner's deck.,,https://en.onepiece-cardgame.com/images/cardlist/card/OP06-053.png?250502,0,True
OP06-054-0,OP06-054,0,Borsalino,1291.0,UC,Blue,OP06,4000.0,2.0,,"If you have 5 or less cards in your hand, this Character gains [Blocker].(After your opponent declares an attack, you may rest this card to make it the new target of the attack.)",,https://en.onepiece-cardgame.com/images/cardlist/card/OP06-054.png?250502,0,True
OP06-055-0,OP06-055,0,Monkey.D.Garp,559.0,C,Blue,OP06,7000.0,5.0,,"[DON!! x2] [When Attacking] If you have 4 or less cards in your hand, your opponent cannot activate [Blocker] during this battle.",,https://en.onepiece-cardgame.com/images/cardlist/card/OP06-055.png?250502,0,True
OP06-057-0,OP06-057,0,But I Will Never Doubt a Woman's Tears!!!!,,C,Blue,OP06,,1.0,,"[Main] Up to 1 of your Leader or Character cards gains +1000 power during this turn. Then, reveal 1 card from the top of your deck, play up to 1 Character card with a cost of 2, and place the rest at the top or bottom of your deck.",[Trigger] Play up to 1 Character card with a cost of 2 from your hand.,https://en.onepiece-cardgame.com/images/cardlist/card/OP06-057.png?250502,0,False
OP06-058-0,OP06-058,0,Gravity Blade Raging Tiger,,R,Blue,OP06,,7.0,,[Main] Place up to 2 Characters with a cost of 6 or less at the bottom of the owner's deck in any order.,[Trigger] Place up to 1 Character with a cost of 5 or less at the bottom of the owner's deck.,https://en.onepiece-cardgame.com/images/cardlist/card/OP06-058.png?250502,0,False
OP06-059-0,OP06-059,0,White Snake,,UC,Blue,OP06,,2.0,,"[Counter] Up to 1 of your Leader or Character cards gains +1000 power during this turn, and draw 1 card.",[Trigger] Look at 5 cards from the top of your deck and place them at the top or bottom of your deck in any order.,https://en.onepiece-cardgame.com/images/cardlist/card/OP06-059.png?250502,0,False
OP06-061-0,OP06-061,0,Vinsmoke Ichiji,121.0,R,Purple,OP06,7000.0,7.0,,"[On Play] If the number of DON!! cards on your field is equal to or less than the number on your opponent's field, give up to 1 of your opponent's Characters −2000 power during this turn and this Character gains [Rush].(This card can attack on the turn in which it is played.)",,https://en.onepiece-cardgame.com/images/cardlist/card/OP06-061.png?250502,0,True
OP06-061-1,OP06-061,1,Vinsmoke Ichiji (Parallel),121.0,R,Purple,OP06,7000.0,7.0,,"[On Play] If the number of DON!! cards on your field is equal to or less than the number on your opponent's field, give up to 1 of your opponent's Characters −2000 power during this turn and this Character gains [Rush].(This card can attack on the turn in which it is played.)",,https://en.onepiece-cardgame.com/images/cardlist/card/OP06-061_p1.png?250502,0,True
OP06-062-0,OP06-062,0,Vinsmoke Judge,123.0,SR,Purple,OP06,8000.0,8.0,,[On Play] DON!! −1 (You may return the specified number of DON!! cards from your field to your DON!! deck.) You may trash 2 cards from your hand: Play up to 4 {GERMA 66} type Character cards with different card names and 4000 power or less from your trash.[Activate: Main] [Once Per Turn] DON!! −1: Rest up to 1 of your opponent's DON!! cards.,,https://en.onepiece-cardgame.com/images/cardlist/card/OP06-062.png?250502,0,True
OP06-062-1,OP06-062,1,Vinsmoke Judge (Parallel),123.0,SR,Purple,OP06,8000.0,8.0,,[On Play] DON!! −1 (You may return the specified number of DON!! cards from your field to your DON!! deck.) You may trash 2 cards from your hand: Play up to 4 {GERMA 66} type Character cards with different card names and 4000 power or less from your trash.[Activate: Main] [Once Per Turn] DON!! −1: Rest up to 1 of your opponent's DON!! cards.,,https://en.onepiece-cardgame.com/images/cardlist/card/OP06-062_p1.png?250502,0,True
OP06-063-0,OP06-063,0,Vinsmoke Sora,118.0,UC,Purple,OP06,,1.0,2000.0,"[On Play] You may trash 1 card from your hand: If the number of DON!! cards on your field is equal to or less than the number on your opponent's field, add up to 1 {The Vinsmoke Family} type Character card with 4000 power or less from your trash to your hand.",,https://en.onepiece-cardgame.com/images/cardlist/card/OP06-063.png?250502,0,True
OP06-069-1,OP06-069,1,Vinsmoke Reiju (Parallel),117.0,SR,Purple,OP06,5000.0,4.0,1000.0,"[On Play] If the number of DON!! cards on your field is equal to or less than the number on your opponent's field and you have 5 or less cards in your hand, draw 2 cards.",,https://en.onepiece-cardgame.com/images/cardlist/card/OP06-069_p1.png?250502,0,True
OP06-070-0,OP06-070,0,Eldoraggo,,C,Purple,OP06,7000.0,5.0,1000.0,-,,https://en.onepiece-cardgame.com/images/cardlist/card/OP06-070.png?250502,0,False
OP06-071-0,OP06-071,0,Gild Tesoro,,UC,Purple,OP06,6000.0,5.0,1000.0,"[On Play] DON!! −1 (You may return the specified number of DON!! cards from your field to your DON!! deck.): If your Leader has the {FILM} type, add up to 2 {FILM} type Character cards with a cost of 4 or less from your trash to your hand.",,https://en.onepiece-cardgame.com/images/cardlist/card/OP06-071.png?250502,0,False
OP06-072-0,OP06-072,0,Cosette,1123.0,C,Purple,OP06,,1.0,1000.0,"If your Leader has the {GERMA 66} type and the number of DON!! cards on your field is at least 2 less than the number on your opponent's field, this Character gains [Blocker].(After your opponent declares an attack, you may rest this card to make it the new target of the attack.)",,https://en.onepiece-cardgame.com/images/cardlist/card/OP06-072.png?250502,0,True
OP06-073-0,OP06-073,0,Shiki,286.0,UC,Purple,OP06,1000.0,2.0,1000.0,"[Blocker] (After your opponent declares an attack, you may rest this card to make it the new target of the attack.)[On Play] If you have 8 or more DON!! cards on your field, draw 1 card and trash 1 card from your hand.",,https://en.onepiece-cardgame.com/images/cardlist/card/OP06-073.png?250502,0,True
OP06-074-0,OP06-074,0,Zephyr (Navy),1396.0,R,Purple,OP06,7000.0,7.0,,"[On Play] DON!! −1 (You may return the specified number of DON!! cards from your field to your DON!! deck.): Negate the effect of up to 1 of your opponent's Characters during this turn. Then, if that Character has 5000 power or less, K.O. it.",,https://en.onepiece-cardgame.com/images/cardlist/card/OP06-074.png?250502,0,True
OP06-075-0,OP06-075,0,Count Battler,,C,Purple,OP06,3000.0,2.0,1000.0,[On Play] DON!! −1 (You may return the specified number of DON!! cards from your field to your DON!! deck.): Rest up to 2 of your opponent's Characters with a cost of 2 or less.,,https://en.onepiece-cardgame.com/images/cardlist/card/OP06-075.png?250502,0,False
OP06-076-0,OP06-076,0,Hitokiri Kamazo,742.0,UC,Purple,OP06,5000.0,4.0,2000.0,"[Your Turn] [Once Per Turn] When a DON!! card on your field is returned to your DON!! deck, K.O. up to 1 of your opponent's Characters with a cost of 2 or less.",,https://en.onepiece-cardgame.com/images/cardlist/card/OP06-076.png?250502,0,True
OP06-077-0,OP06-077,0,Black Bug,,R,Purple,OP06,,4.0,,"[Main] If the number of DON!! cards on your field is equal to or less than the number on your opponent's field,  place up to 1 of your opponent's Characters with a cost of 5 or less at the bottom of the owner's deck.",[Trigger] Place up to 1 of your opponent's Characters with a cost of 4 or less at the bottom of the owner's deck.,https://en.onepiece-cardgame.com/images/cardlist/card/OP06-077.png?250502,0,False
OP06-078-0,OP06-078,0,GERMA 66,,UC,Purple,OP06,,1.0,,"[Main] Look at 5 cards from the top of your deck; reveal up to 1 card with a type including ""GERMA"" other than [GERMA 66] and add it to your hand. Then, place the rest at the bottom of your deck in any order.",[Trigger] Draw 1 card.,https://en.onepiece-cardgame.com/images/cardlist/card/OP06-078.png?250502,0,False
OP06-080-0,OP06-080,0,Gecko Moria,984.0,L,Black,OP06,5000.0,,,[DON!! x1] [When Attacking] ➁ (You may rest the specified number of DON!! cards in your cost area.) You may trash 1 card from your hand: Trash 2 cards from the top of your deck and play up to 1 {Thriller Bark Pirates} type Character card with a cost of 4 or less from your trash.,,https://en.onepiece-cardgame.com/images/cardlist/card/OP06-080.png?250502,0,True
OP06-080-1,OP06-080,1,Gecko Moria (Parallel),984.0,L,Black,OP06,5000.0,,,[DON!! x1] [When Attacking] ➁ (You may rest the specified number of DON!! cards in your cost area.) You may trash 1 card from your hand: Trash 2 cards from the top of your deck and play up to 1 {Thriller Bark Pirates} type Character card with a cost of 4 or less from your trash.,,https://en.onepiece-cardgame.com/images/cardlist/card/OP06-080_p1.png?250502,0,True
OP06-081-0,OP06-081,0,Absalom,1387.0,R,Black,OP06,5000.0,4.0,1000.0,[On Play] You may return 2 cards from your trash to the bottom of your deck in any order: K.O. up to 1 Character with a cost of 2 or less.,,https://en.onepiece-cardgame.com/images/cardlist/card/OP06-081.png?250502,0,True
OP06-081-1,OP06-081,1,Absalom (Parallel),1387.0,R,Black,OP06,5000.0,4.0,1000.0,[On Play] You may return 2 cards from your trash to the bottom of your deck in any order: K.O. up to 1 Character with a cost of 2 or less.,,https://en.onepiece-cardgame.com/images/cardlist/card/OP06-081_p1.png?250502,0,True
OP06-082-0,OP06-082,0,Inuppe,846.0,C,Black,OP06,3000.0,2.0,1000.0,"[On Play]/[On K.O.] If your Leader has the {Thriller Bark Pirates} type, draw 2 cards and trash 2 cards from your hand.",,https://en.onepiece-cardgame.com/images/cardlist/card/OP06-082.png?250502,0,True
OP06-083-0,OP06-083,0,Oars,479.0,UC,Black,OP06,7000.0,4.0,,This Character cannot attack.[Activate: Main] You may K.O. 1 of your {Thriller Bark Pirates} type Characters: This Character's effect is negated during this turn.,,https://en.onepiece-cardgame.com/images/cardlist/card/OP06-083.png?250502,0,True
OP06-084-0,OP06-084,0,Jigoro of the Wind,,C,Black,OP06,3000.0,2.0,1000.0,[On K.O.] Up to 1 of your Leader or Character cards gains +1000 power during this turn.,,https://en.onepiece-cardgame.com/images/cardlist/card/OP06-084.png?250502,0,False
OP06-085-0,OP06-085,0,Kumacy,695.0,UC,Black,OP06,3000.0,2.0,1000.0,[DON!! x2] [Your Turn] This Character gains +1000 power for every 5 cards in your trash.,,https://en.onepiece-cardgame.com/images/cardlist/card/OP06-085.png?250502,0,True
OP06-086-1,OP06-086,1,Gecko Moria (Parallel),984.0,SR,Black,OP06,9000.0,8.0,,[On Play] Choose up to 1 Character card with a cost of 4 or less and up to 1 Character card with a cost of 2 or less from your trash. Play 1 card and play the other card rested.,,https://en.onepiece-cardgame.com/images/cardlist/card/OP06-086_p1.png?250502,1,True
OP06-087-0,OP06-087,0,Cerberus,1247.0,C,Black,OP06,2000.0,2.0,1000.0,"[Blocker] (After your opponent declares an attack, you may rest this card to make it the new target of the attack.)",,https://en.onepiece-cardgame.com/images/cardlist/card/OP06-087.png?250502,0,True
OP06-088-0,OP06-088,0,Sai,340.0,UC,Black,OP06,4000.0,3.0,1000.0,"If your Leader has the {Dressrosa} type and is active, this Character gains +2000 power.",,https://en.onepiece-cardgame.com/images/cardlist/card/OP06-088.png?250502,0,True
OP06-089-0,OP06-089,0,Taralan,199.0,C,Black,OP06,3000.0,2.0,1000.0,[On Play]/[On K.O.] Trash 3 cards from the top of your deck.,,https://en.onepiece-cardgame.com/images/cardlist/card/OP06-089.png?250502,0,True
OP06-090-0,OP06-090,0,Dr. Hogback,882.0,R,Black,OP06,5000.0,4.0,1000.0,[On Play] You may return 2 cards from your trash to the bottom of your deck in any order: Add up to 1 {Thriller Bark Pirates} type card other than [Dr. Hogback] from your trash to your hand.,,https://en.onepiece-cardgame.com/images/cardlist/card/OP06-090.png?250502,0,True
OP06-092-0,OP06-092,0,Brook,1282.0,R,Black,OP06,6000.0,6.0,,[On Play] Choose one:• Trash up to 1 of your opponent's Characters with a cost of 4 or less.• Your opponent places 3 cards from their trash at the bottom of their deck in any order.,,https://en.onepiece-cardgame.com/images/cardlist/card/OP06-092.png?250502,0,True
OP06-093-0,OP06-093,0,Perona,434.0,SR,Black,OP06,5000.0,4.0,2000.0,"[On Play] If your opponent has 5 or more cards in their hand, choose one:• Your opponent trashes 1 card from their hand.• Give up to 1 of your opponent's Characters −3 cost during this turn.",,https://en.onepiece-cardgame.com/images/cardlist/card/OP06-093.png?250502,0,True
OP06-093-1,OP06-093,1,Perona (Parallel),434.0,SR,Black,OP06,5000.0,4.0,2000.0,"[On Play] If your opponent has 5 or more cards in their hand, choose one:• Your opponent trashes 1 card from their hand.• Give up to 1 of your opponent's Characters −3 cost during this turn.",,https://en.onepiece-cardgame.com/images/cardlist/card/OP06-093_p1.png?250502,0,True
OP06-094-0,OP06-094,0,Lola,656.0,C,Black,OP06,6000.0,4.0,1000.0,-,,https://en.onepiece-cardgame.com/images/cardlist/card/OP06-094.png?250502,0,True
OP06-095-0,OP06-095,0,Shadows Asgard,,UC,Black,OP06,,2.0,,"[Main]/[Counter] Your Leader gains +1000 power during this turn. Then, you may K.O. any number of your {Thriller Bark Pirates} type Characters with a cost of 2 or less. Your Leader gains an additional +1000 power during this turn for every Character K.O.'d.",[Trigger] Draw 2 cards and trash 1 card from your hand.,https://en.onepiece-cardgame.com/images/cardlist/card/OP06-095.png?250502,0,False
OP06-096-0,OP06-096,0,...Nothing...at All!!!,,C,Black,OP06,,3.0,,[Counter] You may add 1 card from the top of your Life cards to your hand: Your Characters with a cost of 7 or less cannot be K.O.'d in battle during this turn.,[Trigger] Activate this card's [Counter] effect.,https://en.onepiece-cardgame.com/images/cardlist/card/OP06-096.png?250502,0,False
OP06-097-0,OP06-097,0,Negative Hollow,,R,Black,OP06,,2.0,,[Main] Trash 1 card from your opponent's hand.,[Trigger] Activate this card's [Main] effect.,https://en.onepiece-cardgame.com/images/cardlist/card/OP06-097.png?250502,0,False
OP06-098-0,OP06-098,0,Thriller Bark,,C,Black,OP06,,1.0,,"[Activate: Main] ➀ (You may rest the specified number of DON!! cards in your cost area.) You may rest this Stage: If your Leader has the {Thriller Bark Pirates} type, play up to 1 {Thriller Bark Pirates} type Character card with a cost of 2 or less from your trash rested.",,https://en.onepiece-cardgame.com/images/cardlist/card/OP06-098.png?250502,0,False
OP06-099-0,OP06-099,0,Aisa,1375.0,C,Yellow,OP06,,1.0,2000.0,[On Play] Look at up to 1 card from the top of your or your opponent's Life cards and place it at the top or bottom of the Life cards.,,https://en.onepiece-cardgame.com/images/cardlist/card/OP06-099.png?250502,0,True
OP06-101-0,OP06-101,0,O-Nami,515.0,R,Yellow,OP06,3000.0,2.0,1000.0,"[On Play] Up to 1 of your Leader or Character cards gains [Banish] during this turn.(When this card deals damage, the target card is trashed without activating its Trigger.)",[Trigger] K.O. up to 1 of your opponent's Characters with a cost of 5 or less.,https://en.onepiece-cardgame.com/images/cardlist/card/OP06-101.png?250502,0,True
OP06-101-1,OP06-101,1,O-Nami (Parallel),515.0,R,Yellow,OP06,3000.0,2.0,1000.0,"[On Play] Up to 1 of your Leader or Character cards gains [Banish] during this turn.(When this card deals damage, the target card is trashed without activating its Trigger.)",[Trigger] K.O. up to 1 of your opponent's Characters with a cost of 5 or less.,https://en.onepiece-cardgame.com/images/cardlist/card/OP06-101_p1.png?250502,0,True
OP06-102-0,OP06-102,0,Kamakiri,777.0,C,Yellow,OP06,4000.0,3.0,1000.0,[Activate: Main] [Once Per Turn] You may place 1 Stage with a cost of 1 at the bottom of the owner's deck: K.O. up to 1 of your opponent's Characters with a cost of 2 or less.,"[Trigger] If you have 2 or less Life cards, play this card.",https://en.onepiece-cardgame.com/images/cardlist/card/OP06-102.png?250502,0,True
OP06-103-0,OP06-103,0,Kawamatsu,758.0,C,Yellow,OP06,5000.0,3.0,,[When Attacking] You may trash 2 cards from your hand: Add up to 1 of your Characters with 0 power to the top or bottom of the owner's Life cards face-up.,"[Trigger] If your opponent has 3 or less Life cards, play this card.",https://en.onepiece-cardgame.com/images/cardlist/card/OP06-103.png?250502,0,True
OP06-104-0,OP06-104,0,Kikunojo,746.0,R,Yellow,OP06,6000.0,4.0,,"[On K.O.] If your opponent has 3 or less Life cards, add up to 1 card from the top of your deck to the top of your Life cards.","[Trigger] If your opponent has 3 or less Life cards, play this card.",https://en.onepiece-cardgame.com/images/cardlist/card/OP06-104.png?250502,0,True
OP06-105-0,OP06-105,0,Genbo,980.0,C,Yellow,OP06,5000.0,3.0,1000.0,-,,https://en.onepiece-cardgame.com/images/cardlist/card/OP06-105.png?250502,0,True
OP06-106-1,OP06-106,1,Kouzuki Hiyori (Parallel),711.0,SR,Yellow,OP06,,2.0,2000.0,[On Play] You may add 1 card from the top or bottom of your Life cards to your hand: Add up to 1 card from your hand to the top of your Life cards.,,https://en.onepiece-cardgame.com/images/cardlist/card/OP06-106_p1.png?250502,0,True
OP06-107-0,OP06-107,0,Kouzuki Momonosuke,709.0,SR,Yellow,OP06,6000.0,5.0,,"[Blocker] (After your opponent declares an attack, you may rest this card to make it the new target of the attack.)[On Play] Add up to 1 of your {Land of Wano} type Characters other than [Kouzuki Momonosuke] to the top or bottom of the owner's Life cards face-up.",,https://en.onepiece-cardgame.com/images/cardlist/card/OP06-107.png?250502,0,True
OP06-107-1,OP06-107,1,Kouzuki Momonosuke (Parallel),709.0,SR,Yellow,OP06,6000.0,5.0,,"[Blocker] (After your opponent declares an attack, you may rest this card to make it the new target of the attack.)[On Play] Add up to 1 of your {Land of Wano} type Characters other than [Kouzuki Momonosuke] to the top or bottom of the owner's Life cards face-up.",,https://en.onepiece-cardgame.com/images/cardlist/card/OP06-107_p1.png?250502,0,True
OP06-108-0,OP06-108,0,Tenguyama Hitetsu,708.0,C,Yellow,OP06,2000.0,1.0,1000.0,-,[Trigger] Up to 1 of your {Land of Wano} type Leader or Character cards gains +2000 power during this turn.,https://en.onepiece-cardgame.com/images/cardlist/card/OP06-108.png?250502,0,True
OP06-109-0,OP06-109,0,Denjiro,1094.0,UC,Yellow,OP06,6000.0,5.0,,"[DON!! x2] If your opponent has 3 or less Life cards, this Character cannot be K.O.'d by effects.","[Trigger] If your opponent has 3 or less Life cards, play this card.",https://en.onepiece-cardgame.com/images/cardlist/card/OP06-109.png?250502,0,True
OP06-111-0,OP06-111,0,Braham,1287.0,C,Yellow,OP06,4000.0,3.0,1000.0,[Activate: Main] [Once Per Turn] You may place 1 Stage with a cost of 1 at the bottom of the owner's deck: Rest up to 1 of your opponent's Characters with a cost of 4 or less.,"[Trigger] If you have 2 or less Life cards, play this card.",https://en.onepiece-cardgame.com/images/cardlist/card/OP06-111.png?250502,0,True
OP06-112-0,OP06-112,0,Raizo,396.0,C,Yellow,OP06,4000.0,3.0,1000.0,[When Attacking] You may trash 1 card from your hand: Rest up to 1 of your opponent's DON!! cards.,"[Trigger] If your opponent has 3 or less Life cards, play this card.",https://en.onepiece-cardgame.com/images/cardlist/card/OP06-112.png?250502,0,True
OP06-113-0,OP06-113,0,Raki,394.0,C,Yellow,OP06,1000.0,1.0,1000.0,"If you have a {Shandian Warrior} type Character other than [Raki], this Character gains [Blocker].(After your opponent declares an attack, you may rest this card to make it the new target of the attack.)",,https://en.onepiece-cardgame.com/images/cardlist/card/OP06-113.png?250502,0,True
OP06-115-0,OP06-115,0,You're the One Who Should Disappear.,,R,Yellow,OP06,,,,[Counter] You may trash 1 card from your hand: Up to 1 of your Leader or Character cards gains +3000 power during this battle.,"[Trigger] If you have 0 Life cards, you may add up to 1 card from the top of your deck to the top of your Life cards. Then, trash 1 card from your hand.",https://en.onepiece-cardgame.com/images/cardlist/card/OP06-115.png?250502,0,False
OP06-116-0,OP06-116,0,Reject,,R,Yellow,OP06,,4.0,,"[Main] Choose one:• K.O. up to 1 of your opponent's Characters with a cost of 5 or less.• If your opponent has 1 Life card, deal 1 damage to your opponent. Then, add 1 card from the top of your Life cards to your hand.",[Trigger] Draw 1 card.,https://en.onepiece-cardgame.com/images/cardlist/card/OP06-116.png?250502,1,False
OP06-117-0,OP06-117,0,The Ark Maxim,,C,Yellow,OP06,,1.0,,[Activate: Main] [Once Per Turn] You may rest this card and 1 of your [Enel] cards: K.O. all of your opponent's Characters with a cost of 2 or less.,,https://en.onepiece-cardgame.com/images/cardlist/card/OP06-117.png?250502,0,False
OP06-118-1,OP06-118,1,Roronoa Zoro (Parallel),357.0,SEC,Green,OP06,9000.0,9.0,,[When Attacking] [Once Per Turn] ➀ (You may rest the specified number of DON!! cards in your cost area.): Set this Character as active.[Activate: Main] [Once Per Turn] ➁ (You may rest the specified number of DON!! cards in your cost area.): Set this Character as active.,,https://en.onepiece-cardgame.com/images/cardlist/card/OP06-118_p1.png?250502,0,True
OP06-118-2,OP06-118,2,Roronoa Zoro (Parallel),357.0,SEC,Green,OP06,9000.0,9.0,,[When Attacking] [Once Per Turn] ➀ (You may rest the specified number of DON!! cards in your cost area.): Set this Character as active.[Activate: Main] [Once Per Turn] ➁ (You may rest the specified number of DON!! cards in your cost area.): Set this Character as active.,,https://en.onepiece-cardgame.com/images/cardlist/card/OP06-118_p2.png?250502,0,True
OP06-119-0,OP06-119,0,Sanji,326.0,SEC,Blue,OP06,9000.0,9.0,,"[On Play] Reveal 1 card from the top of your deck and play up to 1 Character with a cost of 9 or less other than [Sanji]. Then, place the rest at the bottom of your deck.",,https://en.onepiece-cardgame.com/images/cardlist/card/OP06-119.png?250502,0,True
OP06-119-1,OP06-119,1,Sanji (Parallel),326.0,SEC,Blue,OP06,9000.0,9.0,,"[On Play] Reveal 1 card from the top of your deck and play up to 1 Character with a cost of 9 or less other than [Sanji]. Then, place the rest at the bottom of your deck.",,https://en.onepiece-cardgame.com/images/cardlist/card/OP06-119_p1.png?250502,0,True
OP03-008-1,OP03-008,1,Buggy (Parallel),1280.0,SP CARD,Red,OP03,3000.0,1.0,,"This Character cannot be K.O.'d in battle by <Slash> attribute cards.[On Play] Look at 5 cards from the top of your deck; reveal up to 1 red Event and add it to your hand. Then, place the rest at the bottom of your deck in any order.",,https://en.onepiece-cardgame.com/images/cardlist/card/OP03-008_p1.png?250502,0,True
OP03-114-2,OP03-114,2,Charlotte Linlin (Parallel),1196.0,SP CARD,Yellow,OP03,12000.0,10.0,,"[On Play] If your Leader has the {Big Mom Pirates} type, add up to 1 card from the top of your deck to the top of your Life cards. Then, trash up to 1 card from the top of your opponent's Life cards.",,https://en.onepiece-cardgame.com/images/cardlist/card/OP03-114_p2.png?250502,0,True
OP04-024-2,OP04-024,2,Sugar (Parallel),221.0,SP CARD,Green,OP04,,2.0,1000.0,"[Opponent's Turn] [Once Per Turn] When your opponent plays a Character, if your Leader has the {Donquixote Pirates} type, rest up to 1 of your opponent's Characters. Then, rest this Character.[On Play] Rest up to 1 of your opponent's Characters with a cost of 4 or less.",,https://en.onepiece-cardgame.com/images/cardlist/card/OP04-024_p2.png?250502,0,True
OP04-064-2,OP04-064,2,Ms. All Sunday (Parallel),495.0,SP CARD,Purple,OP04,5000.0,5.0,,"[On Play] Add up to 1 DON!! card from your DON!! deck and rest it. Then, if you have 6 or more DON!! cards on your field, draw 1 card.",[Trigger] DON!! -2 (You may return the specified number of DON!! cards from your field to your DON!! deck.): Play this card.,https://en.onepiece-cardgame.com/images/cardlist/card/OP04-064_p2.png?250502,0,True
OP05-051-2,OP05-051,2,Borsalino (Parallel),1291.0,SP CARD,Blue,OP05,8000.0,7.0,,[On Play] Place up to 1 Character with a cost of 4 or less at the bottom of the owner's deck.,,https://en.onepiece-cardgame.com/images/cardlist/card/OP05-051_p2.png?250502,0,True
OP05-091-2,OP05-091,2,Rebecca (Parallel),383.0,SP CARD,Black,OP05,,4.0,1000.0,"[Blocker] (After your opponent declares an attack, you may rest this card to make it the new target of the attack.)[On Play] Add up to 1 black Character card with a cost of 3 to 7 other than [Rebecca] from your trash to your hand. Then, play up to 1 black Character card with a cost of 3 or less from your hand rested.",,https://en.onepiece-cardgame.com/images/cardlist/card/OP05-091_p2.png?250502,0,True
OP05-001-0,OP05-001,0,Sabo,343.0,L,Red/Black,OP05,5000.0,,,"[DON!! x1] [Opponent's Turn] [Once Per Turn] If your Character with 5000 power or more would be K.O.'d, you may give that Character −1000 power during this turn instead of that Character being K.O.'d.",,https://en.onepiece-cardgame.com/images/cardlist/card/OP05-001.png?250502,0,True
OP05-001-1,OP05-001,1,Sabo (Parallel),343.0,L,Red/Black,OP05,5000.0,,,"[DON!! x1] [Opponent's Turn] [Once Per Turn] If your Character with 5000 power or more would be K.O.'d, you may give that Character −1000 power during this turn instead of that Character being K.O.'d.",,https://en.onepiece-cardgame.com/images/cardlist/card/OP05-001_p1.png?250502,0,True
OP05-002-0,OP05-002,0,Belo Betty,1314.0,L,Red/Yellow,OP05,5000.0,,,[Activate: Main] [Once Per Turn] You may trash 1 {Revolutionary Army} type card from your hand: Up to 3 of your {Revolutionary Army} type Characters or Characters with a [Trigger] gain +3000 power during this turn.,,https://en.onepiece-cardgame.com/images/cardlist/card/OP05-002.png?250502,0,True
OP05-002-1,OP05-002,1,Belo Betty (Parallel),1314.0,L,Red/Yellow,OP05,5000.0,,,[Activate: Main] [Once Per Turn] You may trash 1 {Revolutionary Army} type card from your hand: Up to 3 of your {Revolutionary Army} type Characters or Characters with a [Trigger] gain +3000 power during this turn.,,https://en.onepiece-cardgame.com/images/cardlist/card/OP05-002_p1.png?250502,0,True
OP05-003-0,OP05-003,0,Inazuma,854.0,UC,Red,OP05,4000.0,3.0,1000.0,"If you have a Character with 7000 power or more other than this Character, this Character gains [Rush].(This card can attack on the turn in which it is played.)",,https://en.onepiece-cardgame.com/images/cardlist/card/OP05-003.png?250502,0,True
OP05-004-0,OP05-004,0,Emporio.Ivankov,1043.0,UC,Red,OP05,5000.0,4.0,1000.0,"[Activate: Main] [Once Per Turn] If this Character has 7000 power or more, play up to 1 {Revolutionary Army} type Character card with 5000 power or less other than [Emporio.Ivankov] from your hand.",,https://en.onepiece-cardgame.com/images/cardlist/card/OP05-004.png?250502,0,True
OP05-005-0,OP05-005,0,Karasu,764.0,R,Red,OP05,5000.0,4.0,1000.0,"[On Play] If your Leader has the {Revolutionary Army} type, give up to 1 of your opponent's Leader or Character cards −1000 power during this turn.[When Attacking] If this Character has 7000 power or more, give up to 1 of your opponent's Leader or Character cards −1000 power during this turn.",,https://en.onepiece-cardgame.com/images/cardlist/card/OP05-005.png?250502,0,True
OP05-006-1,OP05-006,1,Koala (Parallel),727.0,SR,Red,OP05,3000.0,2.0,2000.0,"[On Play] If your Leader has the {Revolutionary Army} type, give up to 1 of your opponent's Characters −3000 power during this turn.",,https://en.onepiece-cardgame.com/images/cardlist/card/OP05-006_p1.png?250502,0,True
OP05-007-1,OP05-007,1,Sabo (Parallel),343.0,SR,Red,OP05,7000.0,6.0,,[On Play] K.O. up to 2 of your opponent's Characters with a total power of 4000 or less.,,https://en.onepiece-cardgame.com/images/cardlist/card/OP05-007_p1.png?250502,0,True
OP05-008-0,OP05-008,0,Chaka,1240.0,UC,Red,OP05,6000.0,5.0,1000.0,[DON!! x1] [Activate: Main] [Once Per Turn] Give up to 2 rested DON!! cards to your Leader or 1 of your Characters.,,https://en.onepiece-cardgame.com/images/cardlist/card/OP05-008.png?250502,0,True
OP05-009-0,OP05-009,0,Toh-Toh,,C,Red,OP05,,1.0,2000.0,[On Play] Draw 1 card if your Leader has 0 power or less.,,https://en.onepiece-cardgame.com/images/cardlist/card/OP05-009.png?250502,0,False
OP05-011-0,OP05-011,0,Bartholomew Kuma,1326.0,C,Red,OP05,2000.0,2.0,1000.0,[On Play] K.O. up to 1 of your opponent's Characters with 2000 power or less.,"[Trigger] If your Leader is multicolored, play this card.",https://en.onepiece-cardgame.com/images/cardlist/card/OP05-011.png?250502,0,True
OP05-012-0,OP05-012,0,Hack,932.0,C,Red,OP05,5000.0,3.0,1000.0,-,,https://en.onepiece-cardgame.com/images/cardlist/card/OP05-012.png?250502,0,True
OP05-013-0,OP05-013,0,Bunny Joe,1269.0,C,Red,OP05,2000.0,2.0,1000.0,"[Blocker] (After your opponent declares an attack, you may rest this card to make it the new target of the attack.)",,https://en.onepiece-cardgame.com/images/cardlist/card/OP05-013.png?250502,0,True
OP05-014-0,OP05-014,0,Pell,441.0,C,Red,OP05,4000.0,3.0,1000.0,[DON!! x1] [When Attacking] Give up to 1 of your opponent's Characters −2000 power during this turn.,,https://en.onepiece-cardgame.com/images/cardlist/card/OP05-014.png?250502,0,True
OP05-015-1,OP05-015,1,Belo Betty (Parallel),1314.0,R,Red,OP05,2000.0,1.0,1000.0,"[On Play] Look at 5 cards from the top of your deck; reveal up to 1 {Revolutionary Army} type card other than [Belo Betty] and add it to your hand. Then, place the rest at the bottom of your deck in any order.",,https://en.onepiece-cardgame.com/images/cardlist/card/OP05-015_p1.png?250502,0,True
OP05-016-0,OP05-016,0,Morley,548.0,R,Red,OP05,5000.0,3.0,,"[When Attacking] If this Character has 7000 power or more, your opponent cannot activate [Blocker] during this battle.","[Trigger] You may trash 1 card from your hand: If your Leader is multicolored, play this card.",https://en.onepiece-cardgame.com/images/cardlist/card/OP05-016.png?250502,0,True
OP05-017-0,OP05-017,0,Lindbergh,662.0,R,Red,OP05,5000.0,4.0,1000.0,"[When Attacking] If this Character has 7000 power or more, K.O. up to 1 of your opponent's Characters with 3000 power or less.","[Trigger] You may trash 1 card from your hand: If your Leader is multicolored, play this card.",https://en.onepiece-cardgame.com/images/cardlist/card/OP05-017.png?250502,0,True
OP05-018-0,OP05-018,0,Emporio Energy Hormone,,C,Red,OP05,,3.0,,"[Counter] Up to 1 of your Leader or Character cards gains +3000 power during this battle. Then, play up to 1 {Revolutionary Army} type Character card with 5000 power or less from your hand.",[Trigger] Play up to 1 {Revolutionary Army} type Character card with 5000 power or less from your hand.,https://en.onepiece-cardgame.com/images/cardlist/card/OP05-018.png?250502,0,False
OP05-019-0,OP05-019,0,Fire Fist,,R,Red,OP05,,2.0,,"[Main] Give up to 1 of your opponent's Characters −4000 power during this turn. Then, if you have 2 or less Life cards, K.O. up to 1 of your opponent's Characters with 0 power or less.",[Trigger] Activate this card's [Main] effect.,https://en.onepiece-cardgame.com/images/cardlist/card/OP05-019.png?250502,0,False
OP05-020-0,OP05-020,0,Four Thousand-Brick Fist,,UC,Red,OP05,,2.0,,"[Main] Up to 1 of your Leader or Character cards gains +2000 power during this turn. Then, K.O. up to 1 of your opponent's Characters with 2000 power or less.",[Trigger] Up to 1 of your Leader or Character cards gains +1000 power during this turn.,https://en.onepiece-cardgame.com/images/cardlist/card/OP05-020.png?250502,0,False
OP05-021-0,OP05-021,0,Revolutionary Army HQ,,UC,Red,OP05,,1.0,,"[Activate: Main] You may trash 1 card from your hand and rest this Stage: Look at 3 cards from the top of your deck; reveal up to 1 {Revolutionary Army} type card and add it to your hand. Then, place the rest at the bottom of your deck in any order.",,https://en.onepiece-cardgame.com/images/cardlist/card/OP05-021.png?250502,0,False
OP05-022-0,OP05-022,0,Donquixote Rosinante,1068.0,L,Green/Blue,OP05,5000.0,,,"[Blocker] (After your opponent declares an attack, you may rest this card to make it the new target of the attack.)[End of Your Turn] If you have 6 or less cards in your hand, set this Leader as active.",,https://en.onepiece-cardgame.com/images/cardlist/card/OP05-022.png?250502,0,True
OP05-022-1,OP05-022,1,Donquixote Rosinante (Parallel),1068.0,L,Green/Blue,OP05,5000.0,,,"[Blocker] (After your opponent declares an attack, you may rest this card to make it the new target of the attack.)[End of Your Turn] If you have 6 or less cards in your hand, set this Leader as active.",,https://en.onepiece-cardgame.com/images/cardlist/card/OP05-022_p1.png?250502,0,True
OP05-023-0,OP05-023,0,Vergo,132.0,R,Green,OP05,4000.0,3.0,1000.0,[DON!! x1] [When Attacking] K.O. up to 1 of your opponent's rested Characters with a cost of 3 or less.,,https://en.onepiece-cardgame.com/images/cardlist/card/OP05-023.png?250502,0,True
OP05-024-0,OP05-024,0,Kuween,680.0,C,Green,OP05,2000.0,2.0,1000.0,"[Blocker] (After your opponent declares an attack, you may rest this card to make it the new target of the attack.)",,https://en.onepiece-cardgame.com/images/cardlist/card/OP05-024.png?250502,0,True
OP05-025-0,OP05-025,0,Gladius,961.0,C,Green,OP05,6000.0,5.0,1000.0,[Activate: Main] You may rest this Character: Rest up to 1 of your opponent's Characters with a cost of 3 or less.,,https://en.onepiece-cardgame.com/images/cardlist/card/OP05-025.png?250502,0,True
OP05-026-0,OP05-026,0,Sarquiss,322.0,C,Green,OP05,4000.0,4.0,1000.0,[DON!! x1] [When Attacking] [Once Per Turn] You may rest 1 of your Characters with a cost of 3 or more: Set this Character as active.,,https://en.onepiece-cardgame.com/images/cardlist/card/OP05-026.png?250502,0,True
OP05-027-0,OP05-027,0,Trafalgar Law,169.0,UC,Green,OP05,2000.0,1.0,1000.0,[Activate: Main] You may trash this Character: Rest up to 1 of your opponent's Characters with a cost of 3 or less.,,https://en.onepiece-cardgame.com/images/cardlist/card/OP05-027.png?250502,0,True
OP05-028-0,OP05-028,0,Donquixote Doflamingo,1070.0,C,Green,OP05,2000.0,1.0,1000.0,[Activate: Main] You may trash this Character: K.O. up to 1 of your opponent's rested Characters with a cost of 2 or less.,,https://en.onepiece-cardgame.com/images/cardlist/card/OP05-028.png?250502,0,True
OP05-029-0,OP05-029,0,Donquixote Doflamingo,1070.0,UC,Green,OP05,8000.0,7.0,,[On Your Opponent's Attack] [Once Per Turn] ➀ (You may rest the specified number of DON!! cards in your cost area.): Rest up to 1 of your opponent's Characters with a cost of 6 or less.,,https://en.onepiece-cardgame.com/images/cardlist/card/OP05-029.png?250502,0,True
OP05-030-0,OP05-030,0,Donquixote Rosinante,1068.0,R,Green,OP05,1000.0,2.0,1000.0,"[Blocker] (After your opponent declares an attack, you may rest this card to make it the new target of the attack.)[Opponent's Turn] If your rested Character would be K.O.'d, you may trash this Character instead.",,https://en.onepiece-cardgame.com/images/cardlist/card/OP05-030.png?250502,0,True
OP05-031-0,OP05-031,0,Buffalo,1274.0,C,Green,OP05,4000.0,3.0,1000.0,"[When Attacking] [Once Per Turn] If you have 2 or more rested Characters, set up to 1 of your rested Characters with a cost of 1 as active.",,https://en.onepiece-cardgame.com/images/cardlist/card/OP05-031.png?250502,0,True
OP05-032-0,OP05-032,0,Pica,433.0,SR,Green,OP05,6000.0,4.0,,"[End of Your Turn] ①: Set this Character as active.[Once Per Turn] If this Character would be K.O.'d, you may rest 1 of your Characters with a cost of 3 or more other than [Pica] instead.",,https://en.onepiece-cardgame.com/images/cardlist/card/OP05-032.png?250502,0,True
OP05-032-1,OP05-032,1,Pica (Parallel),433.0,SR,Green,OP05,6000.0,4.0,,"[End of Your Turn] ①: Set this Character as active.[Once Per Turn] If this Character would be K.O.'d, you may rest 1 of your Characters with a cost of 3 or more other than [Pica] instead.",,https://en.onepiece-cardgame.com/images/cardlist/card/OP05-032_p1.png?250502,0,True
OP05-033-0,OP05-033,0,Baby 5,1338.0,C,Green,OP05,1000.0,1.0,1000.0,[Activate: Main] ➀ (You may rest the specified number of DON!! cards in your cost area.) You may rest this Character: Play up to 1 {Donquixote Pirates} type Character card with a cost of 2 or less from your hand.,,https://en.onepiece-cardgame.com/images/cardlist/card/OP05-033.png?250502,0,True
OP05-034-1,OP05-034,1,Baby 5 (Parallel),1338.0,R,Green,OP05,1000.0,1.0,1000.0,"[Activate: Main] ➀ (You may rest the specified number of DON!! cards in your cost area.) You may rest this Character: Look at 5 cards from the top of your deck; reveal up to 1 {Donquixote Pirates} type card and add it to your hand. Then, place the rest at the bottom of your deck in any order.",,https://en.onepiece-cardgame.com/images/cardlist/card/OP05-034_p1.png?250502,0,True
OP05-035-0,OP05-035,0,Bellamy,14.0,C,Green,OP05,5000.0,3.0,1000.0,-,,https://en.onepiece-cardgame.com/images/cardlist/card/OP05-035.png?250502,0,True
OP05-036-0,OP05-036,0,Monet,563.0,UC,Green,OP05,1000.0,3.0,1000.0,"[Blocker] (After your opponent declares an attack, you may rest this card to make it the new target of the attack.)[On Block] Rest up to 1 of your opponent's Characters with a cost of 4 or less.",,https://en.onepiece-cardgame.com/images/cardlist/card/OP05-036.png?250502,0,True
OP05-037-0,OP05-037,0,Because the Side of Justice Will Be Whichever Side Wins!!,,R,Green,OP05,,,,[Counter] You may trash 1 card from your hand: Up to 1 of your Leader or Character cards gains +3000 power during this battle.,[Trigger] Rest up to 1 of your opponent's Characters with a cost of 4 or less.,https://en.onepiece-cardgame.com/images/cardlist/card/OP05-037.png?250502,0,False
OP05-038-0,OP05-038,0,Charlestone,,C,Green,OP05,,2.0,,"[Counter] Up to 1 of your Leader or Character cards gains +4000 power during this battle. Then, you may trash 1 card from your hand. If you do, set up to 3 of your DON!! cards as active.",[Trigger] Rest up to 1 of your opponent's Leader or Character cards with a cost of 3 or less.,https://en.onepiece-cardgame.com/images/cardlist/card/OP05-038.png?250502,0,False
OP05-039-0,OP05-039,0,Stick-Stickem Meteora,,UC,Green,OP05,,2.0,,"[Counter] Up to 1 of your Leader or Character cards gains +4000 power during this battle. Then, K.O. up to 1 of your opponent's rested Characters with a cost of 3 or less.",[Trigger] K.O. up to 1 of your opponent's rested Characters with a cost of 5 or less.,https://en.onepiece-cardgame.com/images/cardlist/card/OP05-039.png?250502,0,False
OP05-040-0,OP05-040,0,Birdcage,,C,Green,OP05,,5.0,,"If your Leader is [Donquixote Doflamingo], all Characters with a cost of 5 or less do not become active in your and your opponent's Refresh Phases.[End of Your Turn] If you have 10 DON!! cards on your field, K.O. all rested Characters with a cost of 5 or less. Then, trash this Stage.",,https://en.onepiece-cardgame.com/images/cardlist/card/OP05-040.png?250502,0,False
OP05-041-0,OP05-041,0,Sakazuki,337.0,L,Blue/Black,OP05,5000.0,,,[Activate: Main] [Once Per Turn] You may trash 1 card from your hand: Draw 1 card.[When Attacking] Give up to 1 of your opponent's Characters −1 cost during this turn.,,https://en.onepiece-cardgame.com/images/cardlist/card/OP05-041.png?250502,1,True
OP05-041-1,OP05-041,1,Sakazuki (Parallel),337.0,L,Blue/Black,OP05,5000.0,,,[Activate: Main] [Once Per Turn] You may trash 1 card from your hand: Draw 1 card.[When Attacking] Give up to 1 of your opponent's Characters −1 cost during this turn.,,https://en.onepiece-cardgame.com/images/cardlist/card/OP05-041_p1.png?250502,1,True
OP05-042-0,OP05-042,0,Issho,836.0,R,Blue,OP05,6000.0,6.0,1000.0,[On Play] Up to 1 of your opponent's Characters with a cost of 7 or less cannot attack until the start of your next turn.,,https://en.onepiece-cardgame.com/images/cardlist/card/OP05-042.png?250502,0,True
OP05-043-1,OP05-043,1,Ulti (Parallel),147.0,SR,Blue,OP05,5000.0,4.0,1000.0,"[On Play] If your Leader is multicolored, look at 3 cards from the top of your deck and add up to 1 card to your hand. Then, place the rest at the top or bottom of the deck in any order.",,https://en.onepiece-cardgame.com/images/cardlist/card/OP05-043_p1.png?250502,0,True
OP05-044-0,OP05-044,0,John Giant,801.0,C,Blue,OP05,10000.0,8.0,1000.0,-,,https://en.onepiece-cardgame.com/images/cardlist/card/OP05-044.png?250502,0,True
OP05-045-0,OP05-045,0,Stainless,238.0,C,Blue,OP05,5000.0,4.0,1000.0,[Activate: Main] You may trash 1 card from your hand and rest this Character: Place up to 1 Character with a cost of 2 or less at the bottom of the owner's deck.,,https://en.onepiece-cardgame.com/images/cardlist/card/OP05-045.png?250502,0,True
OP05-046-0,OP05-046,0,Dalmatian,1103.0,C,Blue,OP05,5000.0,4.0,1000.0,[On K.O.] Draw 1 card and place 1 card from your hand at the bottom of your deck.,,https://en.onepiece-cardgame.com/images/cardlist/card/OP05-046.png?250502,0,True
OP05-047-0,OP05-047,0,Basil Hawkins,1323.0,C,Blue,OP05,5000.0,4.0,1000.0,"[Blocker] (After your opponent declares an attack, you may rest this card to make it the new target of the attack.)[On Block] Draw 1 card if you have 3 or less cards in your hand. Then, this Character gains +1000 power during this battle.",,https://en.onepiece-cardgame.com/images/cardlist/card/OP05-047.png?250502,0,True
OP05-048-0,OP05-048,0,Bastille,1320.0,UC,Blue,OP05,6000.0,5.0,1000.0,[DON!! x1] [When Attacking] Place up to 1 Character with a cost of 2 or less at the bottom of the owner's deck.,,https://en.onepiece-cardgame.com/images/cardlist/card/OP05-048.png?250502,0,True
OP05-049-0,OP05-049,0,Haccha,909.0,UC,Blue,OP05,7000.0,6.0,,[DON!! x1] [When Attacking] Return up to 1 Character with a cost of 3 or less to the owner's hand.,,https://en.onepiece-cardgame.com/images/cardlist/card/OP05-049.png?250502,0,True
OP05-050-0,OP05-050,0,Hina,894.0,R,Blue,OP05,4000.0,3.0,1000.0,[On Play] Draw 1 card if you have 5 or less cards in your hand.,,https://en.onepiece-cardgame.com/images/cardlist/card/OP05-050.png?250502,0,True
OP05-051-0,OP05-051,0,Borsalino,1291.0,SR,Blue,OP05,8000.0,7.0,,[On Play] Place up to 1 Character with a cost of 4 or less at the bottom of the owner's deck.,,https://en.onepiece-cardgame.com/images/cardlist/card/OP05-051.png?250502,0,True
OP05-051-1,OP05-051,1,Borsalino (Parallel),1291.0,SR,Blue,OP05,8000.0,7.0,,[On Play] Place up to 1 Character with a cost of 4 or less at the bottom of the owner's deck.,,https://en.onepiece-cardgame.com/images/cardlist/card/OP05-051_p1.png?250502,0,True
OP05-052-0,OP05-052,0,Maynard,611.0,C,Blue,OP05,2000.0,2.0,1000.0,"[Blocker] (After your opponent declares an attack, you may rest this card to make it the new target of the attack.)",,https://en.onepiece-cardgame.com/images/cardlist/card/OP05-052.png?250502,0,True
OP05-053-0,OP05-053,0,Mozambia,538.0,C,Blue,OP05,2000.0,1.0,1000.0,"[Your Turn] [Once Per Turn] When you draw a card outside of your Draw Phase, this Character gains +2000 power during this turn.",,https://en.onepiece-cardgame.com/images/cardlist/card/OP05-053.png?250502,0,True
OP05-054-0,OP05-054,0,Monkey.D.Garp,559.0,UC,Blue,OP05,3000.0,3.0,2000.0,[On Play] Draw 2 cards and place 2 cards from your hand at the bottom of your deck in any order.,,https://en.onepiece-cardgame.com/images/cardlist/card/OP05-054.png?250502,0,True
OP05-055-0,OP05-055,0,X.Drake,93.0,R,Blue,OP05,6000.0,5.0,1000.0,"[Blocker] (After your opponent declares an attack, you may rest this card to make it the new target of the attack.)[On Play] Look at 5 cards from the top of your deck and place them at the top or bottom of the deck in any order.",,https://en.onepiece-cardgame.com/images/cardlist/card/OP05-055.png?250502,0,True
OP05-055-1,OP05-055,1,X.Drake (Parallel),93.0,R,Blue,OP05,6000.0,5.0,1000.0,"[Blocker] (After your opponent declares an attack, you may rest this card to make it the new target of the attack.)[On Play] Look at 5 cards from the top of your deck and place them at the top or bottom of the deck in any order.",,https://en.onepiece-cardgame.com/images/cardlist/card/OP05-055_p1.png?250502,0,True
OP05-056-0,OP05-056,0,X.Barrels,,C,Blue,OP05,2000.0,2.0,1000.0,[On Play] You may place 1 of your Characters other than this Character at the bottom of your deck: Draw 1 card.,,https://en.onepiece-cardgame.com/images/cardlist/card/OP05-056.png?250502,0,False
OP05-058-0,OP05-058,0,It's a Waste of Human Life!!,,C,Blue,OP05,,8.0,,"[Main] Place all Characters with a cost of 3 or less at the bottom of the owner's deck. Then, you and your opponent trash cards from your hands until you each have 5 cards in your hands.",[Trigger] Place all Characters with a cost of 2 or less at the bottom of the owner's deck.,https://en.onepiece-cardgame.com/images/cardlist/card/OP05-058.png?250502,0,False
OP05-059-0,OP05-059,0,Let Us Begin the World of Violence!!!,,UC,Blue,OP05,,5.0,,"[Main] If your Leader is multicolored, draw 1 card. Then, return up to 1 Character with a cost of 5 or less to the owner's hand.","[Trigger] If your Leader is multicolored, draw 2 cards.",https://en.onepiece-cardgame.com/images/cardlist/card/OP05-059.png?250502,0,False
OP05-060-0,OP05-060,0,Monkey.D.Luffy,558.0,L,Purple,OP05,5000.0,,,"[Activate: Main] [Once Per Turn] You may add 1 card from the top of your Life cards to your hand: If you have 0 or 3 or more DON!! cards on your field, add up to 1 DON!! card from your DON!! deck and set it as active.",,https://en.onepiece-cardgame.com/images/cardlist/card/OP05-060.png?250502,0,True
OP05-060-1,OP05-060,1,Monkey.D.Luffy (Parallel),558.0,L,Purple,OP05,5000.0,,,"[Activate: Main] [Once Per Turn] You may add 1 card from the top of your Life cards to your hand: If you have 0 or 3 or more DON!! cards on your field, add up to 1 DON!! card from your DON!! deck and set it as active.",,https://en.onepiece-cardgame.com/images/cardlist/card/OP05-060_p1.png?250502,0,True
OP05-061-0,OP05-061,0,Uso-Hachi,136.0,UC,Purple,OP05,4000.0,3.0,2000.0,"[DON!! x1] [When Attacking] If you have 8 or more DON!! cards on your field, rest up to 1 of your opponent's Characters with a cost of 4 or less.",,https://en.onepiece-cardgame.com/images/cardlist/card/OP05-061.png?250502,0,True
OP05-062-0,OP05-062,0,O-Nami,515.0,UC,Purple,OP05,1000.0,1.0,1000.0,"If you have 10 DON!! cards on your field, this Character gains [Blocker].(After your opponent declares an attack, you may rest this card to make it the new target of the attack.)",,https://en.onepiece-cardgame.com/images/cardlist/card/OP05-062.png?250502,0,True
OP05-063-0,OP05-063,0,O-Robi,495.0,C,Purple,OP05,5000.0,4.0,1000.0,"[On Play] If you have 8 or more DON!! cards on your field, K.O. up to 1 of your opponent's Characters with a cost of 3 or less.",,https://en.onepiece-cardgame.com/images/cardlist/card/OP05-063.png?250502,0,True
OP05-064-0,OP05-064,0,Killer,741.0,R,Purple,OP05,2000.0,1.0,1000.0,"[On Play] Look at 5 cards from the top of your deck; reveal up to 1 {Kid Pirates} type card other than [Killer] and add it to your hand. Then, place the rest at the bottom of your deck in any order.",,https://en.onepiece-cardgame.com/images/cardlist/card/OP05-064.png?250502,0,True
OP05-065-0,OP05-065,0,San-Gorou,326.0,C,Purple,OP05,8000.0,6.0,1000.0,-,,https://en.onepiece-cardgame.com/images/cardlist/card/OP05-065.png?250502,0,True
OP05-066-0,OP05-066,0,Jinbe,807.0,C,Purple,OP05,6000.0,5.0,1000.0,"[Blocker] (After your opponent declares an attack, you may rest this card to make it the new target of the attack.)[Opponent's Turn] If you have 10 DON!! cards on your field, this Character gains +1000 power.",,https://en.onepiece-cardgame.com/images/cardlist/card/OP05-066.png?250502,0,True
OP05-067-0,OP05-067,0,Zoro-Juurou,357.0,R,Purple,OP05,4000.0,3.0,1000.0,"[When Attacking] If you have 3 or less Life cards, add up to 1 DON!! card from your DON!! deck and set it as active.",,https://en.onepiece-cardgame.com/images/cardlist/card/OP05-067.png?250502,0,True
OP05-067-1,OP05-067,1,Zoro-Juurou (Parallel),357.0,R,Purple,OP05,4000.0,3.0,1000.0,"[When Attacking] If you have 3 or less Life cards, add up to 1 DON!! card from your DON!! deck and set it as active.",,https://en.onepiece-cardgame.com/images/cardlist/card/OP05-067_p1.png?250502,0,True
OP05-068-0,OP05-068,0,Chopa-Emon,175.0,C,Purple,OP05,3000.0,2.0,1000.0,"[On Play] If you have 8 or more DON!! cards on your field, set up to 1 of your purple {Straw Hat Crew} type Characters with 6000 power or less as active.",,https://en.onepiece-cardgame.com/images/cardlist/card/OP05-068.png?250502,0,True
OP05-069-1,OP05-069,1,Trafalgar Law (Parallel),169.0,SR,Purple,OP05,5000.0,3.0,,"[When Attacking] If your opponent has more DON!! cards on their field than you, look at 5 cards from the top of your deck; reveal up to 1 {Heart Pirates} type card and add it to your hand. Then, place the rest at the bottom of your deck in any order.",,https://en.onepiece-cardgame.com/images/cardlist/card/OP05-069_p1.png?250502,0,True
OP05-069-2,OP05-069,2,Trafalgar Law (Parallel),169.0,SR,Purple,OP05,5000.0,3.0,,"[When Attacking] If your opponent has more DON!! cards on their field than you, look at 5 cards from the top of your deck; reveal up to 1 {Heart Pirates} type card and add it to your hand. Then, place the rest at the bottom of your deck in any order.",,https://en.onepiece-cardgame.com/images/cardlist/card/OP05-069_p2.png?250502,0,True
OP05-070-0,OP05-070,0,Fra-Nosuke,1015.0,UC,Purple,OP05,4000.0,5.0,2000.0,"[DON!! x1] If you have 8 or more DON!! cards on your field, this Character gains [Rush].(This card can attack on the turn in which it is played.)",,https://en.onepiece-cardgame.com/images/cardlist/card/OP05-070.png?250502,0,True
OP05-071-0,OP05-071,0,Bepo,12.0,R,Purple,OP05,5000.0,3.0,,"[When Attacking] If your opponent has more DON!! cards on their field than you, give up to 1 of your opponent's Characters −2000 power during this turn.",,https://en.onepiece-cardgame.com/images/cardlist/card/OP05-071.png?250502,0,True
OP05-072-0,OP05-072,0,Hone-Kichi,1283.0,C,Purple,OP05,6000.0,4.0,,"[On Play] If you have 8 or more DON!! cards on your field, give up to 2 of your opponent's Characters −2000 power during this turn.",,https://en.onepiece-cardgame.com/images/cardlist/card/OP05-072.png?250502,0,True
OP05-074-1,OP05-074,1,"Eustass""Captain""Kid (Parallel)",1034.0,SR,Purple,OP05,6000.0,5.0,1000.0,"[Blocker][Your Turn] [Once Per Turn] When a DON!! card on your field is returned to your DON!! deck, add up to 1 DON!! card from your DON!! deck and set it as active.",,https://en.onepiece-cardgame.com/images/cardlist/card/OP05-074_p1.png?250502,0,True
OP05-074-2,OP05-074,2,"Eustass""Captain""Kid (Parallel)",1034.0,SR,Purple,OP05,6000.0,5.0,1000.0,"[Blocker][Your Turn] [Once Per Turn] When a DON!! card on your field is returned to your DON!! deck, add up to 1 DON!! card from your DON!! deck and set it as active.",,https://en.onepiece-cardgame.com/images/cardlist/card/OP05-074_p2.png?250502,0,True
OP05-075-0,OP05-075,0,Mr.1(Daz.Bonez),1102.0,C,Purple,OP05,1000.0,1.0,1000.0,[On Your Opponent's Attack] [Once Per Turn] DON!! −1 (You may return the specified number of DON!! cards from your field to your DON!! deck.): Play up to 1 {Baroque Works} type Character card with a cost of 3 or less from your hand.,,https://en.onepiece-cardgame.com/images/cardlist/card/OP05-075.png?250502,0,True
OP05-076-0,OP05-076,0,When You're at Sea You Fight against Pirates!!,,R,Purple,OP05,,1.0,,"[Main] Look at 3 cards from the top of your deck; reveal up to 1 {Straw Hat Crew}, {Kid Pirates}, or {Heart Pirates} type card and add it to your hand. Then, place the rest at the bottom of your deck in any order.",[Trigger] Activate this card's [Main] effect.,https://en.onepiece-cardgame.com/images/cardlist/card/OP05-076.png?250502,0,False
OP05-077-0,OP05-077,0,Gamma Knife,,C,Purple,OP05,,2.0,,[Main] DON!! −1 (You may return the specified number of DON!! cards from your field to your DON!! deck.): Give up to 1 of your opponent's Characters −5000 power during this turn.,[Trigger] Add up to 1 DON!! card from your DON!! deck and set it as active.,https://en.onepiece-cardgame.com/images/cardlist/card/OP05-077.png?250502,0,False
OP05-078-0,OP05-078,0,Punk Rotten,,UC,Purple,OP05,,2.0,,[Main] DON!! −1 (You may return the specified number of DON!! cards from your field to your DON!! deck.): Up to 1 of your {Kid Pirates} type Leader or Character cards gains +5000 power during this turn.,[Trigger] Add up to 1 DON!! card from your DON!! deck and set it as active.,https://en.onepiece-cardgame.com/images/cardlist/card/OP05-078.png?250502,0,False
OP05-079-0,OP05-079,0,Viola,114.0,UC,Black,OP05,3000.0,2.0,1000.0,[On Play] Your opponent places 3 cards from their trash at the bottom of their deck in any order.,,https://en.onepiece-cardgame.com/images/cardlist/card/OP05-079.png?250502,0,True
OP05-080-0,OP05-080,0,Elizabello II,1044.0,UC,Black,OP05,5000.0,4.0,1000.0,[When Attacking] [Once Per Turn] You may return 20 cards from your trash to your deck and shuffle it: This Character gains [Double Attack] and +10000 power during this battle.(This card deals 2 damage.),,https://en.onepiece-cardgame.com/images/cardlist/card/OP05-080.png?250502,0,True
OP05-083-0,OP05-083,0,Sterry,230.0,C,Black,OP05,4000.0,2.0,1000.0,-,,https://en.onepiece-cardgame.com/images/cardlist/card/OP05-083.png?250502,0,True
OP05-084-0,OP05-084,0,Saint Charlos,1236.0,C,Black,OP05,,3.0,1000.0,"[Your Turn] If the only Characters on your field are {Celestial Dragons} type Characters, give all of your opponent's Characters −4 cost.",,https://en.onepiece-cardgame.com/images/cardlist/card/OP05-084.png?250502,0,True
OP05-085-0,OP05-085,0,Nefeltari Cobra,510.0,UC,Black,OP05,1000.0,2.0,1000.0,"[Blocker] (After your opponent declares an attack, you may rest this card to make it the new target of the attack.)[On Play] Trash 1 card from the top of your deck.",,https://en.onepiece-cardgame.com/images/cardlist/card/OP05-085.png?250502,0,True
OP05-086-0,OP05-086,0,Nefeltari Vivi,509.0,R,Black,OP05,1000.0,1.0,1000.0,"If you have 10 or more cards in your trash, this Character gains [Blocker].(After your opponent declares an attack, you may rest this card to make it the new target of the attack.)",,https://en.onepiece-cardgame.com/images/cardlist/card/OP05-086.png?250502,0,True
OP05-087-0,OP05-087,0,Hakuba,,C,Black,OP05,6000.0,5.0,1000.0,[DON!! x1] [When Attacking] You may K.O. 1 of your Characters other than this Character: Give up to 1 of your opponent's Characters −5 cost during this turn.,,https://en.onepiece-cardgame.com/images/cardlist/card/OP05-087.png?250502,0,False
OP05-088-0,OP05-088,0,Mansherry,636.0,R,Black,OP05,,1.0,1000.0,[Activate: Main] ➀ (You may rest the specified number of DON!! cards in your cost area.) You may rest this Character and place 2 cards from your trash at the bottom of your deck in any order: Add up to 1 black Character card with a cost of 3 to 5 from your trash to your hand.,,https://en.onepiece-cardgame.com/images/cardlist/card/OP05-088.png?250502,0,True
OP05-088-1,OP05-088,1,Mansherry (Parallel),636.0,R,Black,OP05,,1.0,1000.0,[Activate: Main] ➀ (You may rest the specified number of DON!! cards in your cost area.) You may rest this Character and place 2 cards from your trash at the bottom of your deck in any order: Add up to 1 black Character card with a cost of 3 to 5 from your trash to your hand.,,https://en.onepiece-cardgame.com/images/cardlist/card/OP05-088_p1.png?250502,0,True
OP05-089-0,OP05-089,0,Saint Mjosgard,,C,Black,OP05,1000.0,5.0,1000.0,[Activate: Main] ➀ (You may rest the specified number of DON!! cards in your cost area.) You may rest this Character and 1 of your Characters: Add up to 1 black Character card with a cost of 1 from your trash to your hand.,,https://en.onepiece-cardgame.com/images/cardlist/card/OP05-089.png?250502,0,False
OP05-090-0,OP05-090,0,Riku Doldo III,375.0,C,Black,OP05,5000.0,4.0,1000.0,"[Blocker] (After your opponent declares an attack, you may rest this card to make it the new target of the attack.)[On Play]/[On K.O.] Up to 1 of your {Dressrosa} type Characters gains +2000 power during this turn.",,https://en.onepiece-cardgame.com/images/cardlist/card/OP05-090.png?250502,0,True
OP05-091-0,OP05-091,0,Rebecca,383.0,SR,Black,OP05,,4.0,1000.0,"[Blocker][On Play] Add up to 1 black Character card with a cost of 3 to 7 other than [Rebecca] from your trash to your hand. Then, play up to 1 black Character card with a cost of 3 or less from your hand rested.",,https://en.onepiece-cardgame.com/images/cardlist/card/OP05-091.png?250502,0,True
OP05-091-1,OP05-091,1,Rebecca (Parallel),383.0,SR,Black,OP05,,4.0,1000.0,"[Blocker][On Play] Add up to 1 black Character card with a cost of 3 to 7 other than [Rebecca] from your trash to your hand. Then, play up to 1 black Character card with a cost of 3 or less from your hand rested.",,https://en.onepiece-cardgame.com/images/cardlist/card/OP05-091_p1.png?250502,0,True
OP05-092-0,OP05-092,0,Saint Rosward,,C,Black,OP05,,5.0,1000.0,"[Your Turn] If the only Characters on your field are {Celestial Dragons} type Characters, give all of your opponent's Characters −6 cost.",,https://en.onepiece-cardgame.com/images/cardlist/card/OP05-092.png?250502,0,False
OP05-093-0,OP05-093,0,Rob Lucci,369.0,SR,Black,OP05,6000.0,4.0,,[On Play] You may place 3 cards from your trash at the bottom of your deck in any order: K.O. up to 1 of your opponent's Characters with a cost of 2 or less and up to 1 of your opponent's Characters with a cost of 1 or less.,,https://en.onepiece-cardgame.com/images/cardlist/card/OP05-093.png?250502,0,True
OP05-093-1,OP05-093,1,Rob Lucci (Parallel),369.0,SR,Black,OP05,6000.0,4.0,,[On Play] You may place 3 cards from your trash at the bottom of your deck in any order: K.O. up to 1 of your opponent's Characters with a cost of 2 or less and up to 1 of your opponent's Characters with a cost of 1 or less.,,https://en.onepiece-cardgame.com/images/cardlist/card/OP05-093_p1.png?250502,0,True
OP05-094-0,OP05-094,0,Haute Couture Patch★Work,,R,Black,OP05,,1.0,,"[Main] Give up to 1 of your opponent's Characters −3 cost during this turn. Then, up to 1 of your opponent's Characters with a cost of 0 will not become active in the next Refresh Phase.",[Trigger] Draw 2 cards and trash 1 card from your hand.,https://en.onepiece-cardgame.com/images/cardlist/card/OP05-094.png?250502,0,False
OP05-095-0,OP05-095,0,Dragon Claw,,C,Black,OP05,,2.0,,"[Counter] Up to 1 of your Leader or Character cards gains +4000 power during this battle. Then, if you have 15 or more cards in your trash, K.O. up to 1 of your opponent's Characters with a cost of 4 or less.",,https://en.onepiece-cardgame.com/images/cardlist/card/OP05-095.png?250502,0,False
OP05-096-0,OP05-096,0,I Bid 500 Million!!,,UC,Black,OP05,,3.0,,"[Main] Choose one:• K.O. up to 1 of your opponent's Characters with a cost of 1 or less.• Return up to 1 of your opponent's Characters with a cost of 1 or less to the owner's hand.• Place up to 1 of your opponent's Characters with a cost of 1 or less at the top or bottom of their Life cards face-up.Then, if you have a {Celestial Dragons} type Character, draw 1 card.","[Trigger] K.O. up to 1 of your opponent's Characters with a cost of 6 or less, or return it to the owner's hand.",https://en.onepiece-cardgame.com/images/cardlist/card/OP05-096.png?250502,0,False
OP05-097-0,OP05-097,0,Mary Geoise,,C,Black,OP05,,1.0,,[Your Turn] The cost of playing {Celestial Dragons} type Character cards with a cost of 2 or more from your hand will be reduced by 1.,,https://en.onepiece-cardgame.com/images/cardlist/card/OP05-097.png?250502,0,False
OP05-098-0,OP05-098,0,Enel,1041.0,L,Yellow,OP05,5000.0,,,"[Opponent's Turn] [Once Per Turn] When your number of Life cards becomes 0, add 1 card from the top of your deck to the top of your Life cards. Then, trash 1 card from your hand.",,https://en.onepiece-cardgame.com/images/cardlist/card/OP05-098.png?250502,0,True
OP05-098-1,OP05-098,1,Enel (Parallel),1041.0,L,Yellow,OP05,5000.0,,,"[Opponent's Turn] [Once Per Turn] When your number of Life cards becomes 0, add 1 card from the top of your deck to the top of your Life cards. Then, trash 1 card from your hand.",,https://en.onepiece-cardgame.com/images/cardlist/card/OP05-098_p1.png?250502,0,True
OP05-099-0,OP05-099,0,Amazon,1368.0,UC,Yellow,OP05,,3.0,1000.0,"[On Your Opponent's Attack] You may rest this Character: Your opponent may trash 1 card from the top of their Life cards. If they do not, give up to 1 of your opponent's Leader or Character cards −2000 power during this turn.",,https://en.onepiece-cardgame.com/images/cardlist/card/OP05-099.png?250502,0,True
OP05-100-0,OP05-100,0,Enel,1041.0,SR,Yellow,OP05,7000.0,7.0,,"[Rush][Once Per Turn] If this Character would leave the field, you may trash 1 card from the top of your Life cards instead. If there is a [Monkey.D.Luffy] Character, this effect is negated.",,https://en.onepiece-cardgame.com/images/cardlist/card/OP05-100.png?250502,0,True
OP05-100-1,OP05-100,1,Enel (Parallel),1041.0,SR,Yellow,OP05,7000.0,7.0,,"[Rush][Once Per Turn] If this Character would leave the field, you may trash 1 card from the top of your Life cards instead. If there is a [Monkey.D.Luffy] Character, this effect is negated.",,https://en.onepiece-cardgame.com/images/cardlist/card/OP05-100_p1.png?250502,0,True
OP05-101-0,OP05-101,0,Ohm,476.0,R,Yellow,OP05,5000.0,4.0,1000.0,"If you have 2 or less Life cards, this Character gains +1000 power.[On Play] Look at 5 cards from the top of your deck; reveal up to 1 [Holly] and add it to your hand. Then, place the rest at the bottom of your deck in any order and play up to 1 [Holly] from your hand.",,https://en.onepiece-cardgame.com/images/cardlist/card/OP05-101.png?250502,0,True
OP05-102-0,OP05-102,0,Gedatsu,983.0,R,Yellow,OP05,6000.0,5.0,1000.0,[On Play] K.O. up to 1 of your opponent's Characters with a cost equal to or less than the number of your opponent's Life cards.,,https://en.onepiece-cardgame.com/images/cardlist/card/OP05-102.png?250502,0,True
OP05-102-1,OP05-102,1,Gedatsu (Parallel),983.0,R,Yellow,OP05,6000.0,5.0,1000.0,[On Play] K.O. up to 1 of your opponent's Characters with a cost equal to or less than the number of your opponent's Life cards.,,https://en.onepiece-cardgame.com/images/cardlist/card/OP05-102_p1.png?250502,0,True
OP05-103-0,OP05-103,0,Kotori,,UC,Yellow,OP05,3000.0,3.0,1000.0,"[On Play] If you have [Hotori], K.O. up to 1 of your opponent's Characters with a cost equal to or less than the number of your opponent's Life cards.",,https://en.onepiece-cardgame.com/images/cardlist/card/OP05-103.png?250502,0,False
OP05-104-0,OP05-104,0,Conis,1128.0,UC,Yellow,OP05,,1.0,2000.0,[On Play] You may place 1 of your Stages at the bottom of your deck: Draw 1 card and trash 1 card from your hand.,,https://en.onepiece-cardgame.com/images/cardlist/card/OP05-104.png?250502,0,True
OP05-106-0,OP05-106,0,Shura,267.0,R,Yellow,OP05,2000.0,2.0,1000.0,"[On Play] Look at 5 cards from the top of your deck; reveal up to 1 {Sky Island} type card other than [Shura] and add it to your hand. Then, place the rest at the bottom of your deck in any order.",[Trigger] Play this card.,https://en.onepiece-cardgame.com/images/cardlist/card/OP05-106.png?250502,0,True
OP05-107-0,OP05-107,0,Lieutenant Spacey,,C,Yellow,OP05,4000.0,3.0,1000.0,"[Your Turn] [Once Per Turn] When a card is added to your hand from your Life, this Character gains +2000 power during this turn.",,https://en.onepiece-cardgame.com/images/cardlist/card/OP05-107.png?250502,0,False
OP05-108-0,OP05-108,0,Nola,485.0,C,Yellow,OP05,7000.0,5.0,1000.0,-,,https://en.onepiece-cardgame.com/images/cardlist/card/OP05-108.png?250502,0,True
OP05-109-0,OP05-109,0,Pagaya,461.0,C,Yellow,OP05,1000.0,1.0,1000.0,"[Once Per Turn] When a [Trigger] activates, draw 2 cards and trash 2 cards from your hand.",,https://en.onepiece-cardgame.com/images/cardlist/card/OP05-109.png?250502,0,True
OP05-110-0,OP05-110,0,Holly,878.0,C,Yellow,OP05,5000.0,3.0,1000.0,-,,https://en.onepiece-cardgame.com/images/cardlist/card/OP05-110.png?250502,0,True
OP05-111-0,OP05-111,0,Hotori,,UC,Yellow,OP05,3000.0,3.0,1000.0,[On Play] You may play 1 [Kotori] from your hand: Add up to 1 of your opponent's Characters with a cost of 3 or less to the top or bottom of your opponent's Life cards face-up.,,https://en.onepiece-cardgame.com/images/cardlist/card/OP05-111.png?250502,0,False
OP05-112-0,OP05-112,0,Captain McKinley,606.0,C,Yellow,OP05,3000.0,3.0,1000.0,"[Blocker] (After your opponent declares an attack, you may rest this card to make it the new target of the attack.)[On K.O.] Play up to 1 {Sky Island} type Character card with a cost of 1 from your hand.",,https://en.onepiece-cardgame.com/images/cardlist/card/OP05-112.png?250502,0,True
OP05-113-0,OP05-113,0,Yama,89.0,C,Yellow,OP05,2000.0,2.0,1000.0,"[Blocker] (After your opponent declares an attack, you may rest this card to make it the new target of the attack.)",,https://en.onepiece-cardgame.com/images/cardlist/card/OP05-113.png?250502,0,True
OP05-116-0,OP05-116,0,Hino Bird Zap,,C,Yellow,OP05,,2.0,,[Main] K.O. up to 1 of your opponent's Characters with a cost equal to or less than the number of your opponent's Life cards.,[Trigger] Activate this card's [Main] effect.,https://en.onepiece-cardgame.com/images/cardlist/card/OP05-116.png?250502,0,False
OP05-118-1,OP05-118,1,Kaido (Parallel),783.0,SEC,Blue,OP05,12000.0,10.0,,[On Play] Draw 4 cards if your opponent has 3 or less Life cards.,,https://en.onepiece-cardgame.com/images/cardlist/card/OP05-118_p1.png?250502,0,True
OP05-119-1,OP05-119,1,Monkey.D.Luffy (Parallel),558.0,SEC,Purple,OP05,12000.0,10.0,,"[On Play] DON!! −10: Place all of your Characters except this Character at the bottom of your deck in any order. Then, take an extra turn after this one.[Activate: Main] [Once Per Turn] ➀: Add up to 1 DON!! card from your DON!! deck and set it as active.",,https://en.onepiece-cardgame.com/images/cardlist/card/OP05-119_p1.png?250502,0,True
OP05-119-2,OP05-119,2,Monkey.D.Luffy (Parallel),558.0,SEC,Purple,OP05,12000.0,10.0,,"[On Play] DON!! −10: Place all of your Characters except this Character at the bottom of your deck in any order. Then, take an extra turn after this one.[Activate: Main] [Once Per Turn] ➀: Add up to 1 DON!! card from your DON!! deck and set it as active.",,https://en.onepiece-cardgame.com/images/cardlist/card/OP05-119_p2.png?250502,0,True
ST01-012-3,ST01-012,3,Monkey.D.Luffy (Parallel),558.0,SR,Red,ST01,6000.0,5.0,,[Rush] (This card can attack on the turn in which it is played.)[DON!! x2] [When Attacking] Your opponent cannot activate [Blocker] during this battle.,,https://en.onepiece-cardgame.com/images/cardlist/card/ST01-012_p3.png?250502,0,True
ST01-012-4,ST01-012,4,Monkey.D.Luffy (Parallel),558.0,SR,Red,ST01,6000.0,5.0,,[Rush] (This card can attack on the turn in which it is played.)[DON!! x2] [When Attacking] Your opponent cannot activate [Blocker] during this battle.,,https://en.onepiece-cardgame.com/images/cardlist/card/ST01-012_p4.png?250502,0,True
OP01-016-4,OP01-016,4,Nami (Parallel),515.0,SP CARD,Red,OP01,2000.0,1.0,1000.0,"[On Play] Look at 5 cards from the top of your deck; reveal up to 1 {Straw Hat Crew} type card other than [Nami] and add it to your hand. Then, place the rest at the bottom of your deck in any order.",,https://en.onepiece-cardgame.com/images/cardlist/card/OP01-016_p4.png?250502,0,True
OP01-121-2,OP01-121,2,Yamato (Parallel),88.0,SP CARD,Green,OP01,5000.0,5.0,1000.0,"Also treat this card's name as [Kouzuki Oden] according to the rules.[Double Attack] (This card deals 2 damage.)[Banish] (When this card deals damage, the target card is trashed without activating its Trigger.)",,https://en.onepiece-cardgame.com/images/cardlist/card/OP01-121_p2.png?250502,0,True
OP02-120-2,OP02-120,2,Uta (Parallel),134.0,SP CARD,Purple,OP02,8000.0,8.0,,[On Play] DON!! −2 (You may return the specified number of DON!! cards from your field to your DON!! deck.): Your Leader and all of your Characters gain +1000 power until the start of your next turn.,,https://en.onepiece-cardgame.com/images/cardlist/card/OP02-120_p2.png?250502,0,True
OP03-092-2,OP03-092,2,Rob Lucci (Parallel),369.0,SP CARD,Black,OP03,7000.0,6.0,,"[On Play] You may place 2 cards with a type including ""CP"" from your trash at the bottom of your deck in any order: This Character gains [Rush] during this turn.(This card can attack on the turn in which it is played.)",,https://en.onepiece-cardgame.com/images/cardlist/card/OP03-092_p2.png?250502,0,True
OP04-044-2,OP04-044,2,Kaido (Parallel),783.0,SP CARD,Blue,OP04,12000.0,10.0,,[On Play] Return up to 1 Character with a cost of 8 or less and up to 1 Character with a cost of 3 or less to the owner's hand.,,https://en.onepiece-cardgame.com/images/cardlist/card/OP04-044_p2.png?250502,0,True
OP05-100-2,OP05-100,2,Enel (Parallel),1041.0,SP CARD,Yellow,OP05,7000.0,7.0,,"[Rush][Once Per Turn] If this Character would leave the field, you may trash 1 card from the top of your Life cards instead. If there is a [Monkey.D.Luffy] Character, this effect is negated.",,https://en.onepiece-cardgame.com/images/cardlist/card/OP05-100_p2.png?250502,0,True
OP04-001-0,OP04-001,0,Nefeltari Vivi,509.0,L,Red/Blue,OP04,5000.0,,,This Leader cannot attack.[Activate: Main] [Once Per Turn] ➁ (You may rest the specified number of DON!! cards in your cost area.): Draw 1 card and up to 1 of your Characters gains [Rush] during this turn.(This card can attack on the turn in which it is played.),,https://en.onepiece-cardgame.com/images/cardlist/card/OP04-001.png?250502,0,True
OP04-001-1,OP04-001,1,Nefeltari Vivi (Parallel),509.0,L,Red/Blue,OP04,5000.0,,,This Leader cannot attack.[Activate: Main] [Once Per Turn] ➁ (You may rest the specified number of DON!! cards in your cost area.): Draw 1 card and up to 1 of your Characters gains [Rush] during this turn.(This card can attack on the turn in which it is played.),,https://en.onepiece-cardgame.com/images/cardlist/card/OP04-001_p1.png?250502,0,True
OP04-002-0,OP04-002,0,Igaram,855.0,R,Red,OP04,3000.0,2.0,1000.0,"[Activate: Main] You may rest this Character and give your 1 active Leader −5000 power during this turn: Look at 5 cards from the top of your deck; reveal up to 1 {Alabasta} type card and add it to your hand. Then, place the rest at the bottom of your deck in any order.",,https://en.onepiece-cardgame.com/images/cardlist/card/OP04-002.png?250502,0,True
OP04-003-0,OP04-003,0,Usopp,136.0,UC,Red,OP04,5000.0,4.0,1000.0,[On K.O.] K.O. up to 1 of your opponent's Characters with 5000 base power or less.,,https://en.onepiece-cardgame.com/images/cardlist/card/OP04-003.png?250502,0,True
OP04-004-0,OP04-004,0,Karoo,763.0,C,Red,OP04,2000.0,1.0,1000.0,[Activate: Main] You may rest this Character: Give up to 1 rested DON!! card to each of your {Alabasta} type Characters.,,https://en.onepiece-cardgame.com/images/cardlist/card/OP04-004.png?250502,0,True
OP04-005-0,OP04-005,0,Kung Fu Jugon,,C,Red,OP04,1000.0,1.0,1000.0,"If you have a [Kung Fu Jugon] other than this Character, this Character gains [Blocker].(After your opponent declares an attack, you may rest this card to make it the new target of the attack.)",,https://en.onepiece-cardgame.com/images/cardlist/card/OP04-005.png?250502,0,False
OP04-006-0,OP04-006,0,Koza,714.0,UC,Red,OP04,3000.0,3.0,2000.0,[When Attacking] You may give your 1 active Leader −5000 power during this turn: This Character gains +2000 power until the start of your next turn.,,https://en.onepiece-cardgame.com/images/cardlist/card/OP04-006.png?250502,0,True
OP04-007-0,OP04-007,0,Sanji,326.0,C,Red,OP04,3000.0,1.0,1000.0,-,,https://en.onepiece-cardgame.com/images/cardlist/card/OP04-007.png?250502,0,True
OP04-008-0,OP04-008,0,Chaka,1240.0,R,Red,OP04,5000.0,3.0,,"[DON!! x1] [When Attacking] If your Leader is [Nefeltari Vivi], give up to 1 of your opponent's Characters −3000 power during this turn. Then, K.O. up to 1 of your opponent's Characters with 0 power or less.",,https://en.onepiece-cardgame.com/images/cardlist/card/OP04-008.png?250502,0,True
OP04-009-0,OP04-009,0,Super Spot-Billed Duck Troops,1289.0,UC,Red,OP04,3000.0,2.0,2000.0,[When Attacking] You may give your 1 active Leader −5000 power during this turn: Return this Character to the owner's hand at the end of this turn.,,https://en.onepiece-cardgame.com/images/cardlist/card/OP04-009.png?250502,0,True
OP04-010-0,OP04-010,0,Tony Tony.Chopper,175.0,C,Red,OP04,4000.0,3.0,1000.0,[On Play] Play up to 1 {Animal} type Character card with 3000 power or less from your hand.,,https://en.onepiece-cardgame.com/images/cardlist/card/OP04-010.png?250502,0,True
OP04-011-0,OP04-011,0,Nami,515.0,C,Red,OP04,3000.0,2.0,1000.0,"[When Attacking] Reveal 1 card from the top of your deck. If the revealed card is a Character card with 6000 power or more, this Character gains +3000 power during this turn. Then, place the revealed card at the bottom of your deck.",,https://en.onepiece-cardgame.com/images/cardlist/card/OP04-011.png?250502,0,True
OP04-012-0,OP04-012,0,Nefeltari Cobra,510.0,C,Red,OP04,,2.0,1000.0,[Your Turn] All of your {Alabasta} type Characters other than this Character gain +1000 power.,,https://en.onepiece-cardgame.com/images/cardlist/card/OP04-012.png?250502,0,True
OP04-013-0,OP04-013,0,Pell,441.0,SR,Red,OP04,6000.0,5.0,,[DON!! x1] [When Attacking] K.O. up to 1 of your opponent's Characters with 4000 power or less.,,https://en.onepiece-cardgame.com/images/cardlist/card/OP04-013.png?250502,0,True
OP04-013-1,OP04-013,1,Pell (Parallel),441.0,SR,Red,OP04,6000.0,5.0,,[DON!! x1] [When Attacking] K.O. up to 1 of your opponent's Characters with 4000 power or less.,,https://en.onepiece-cardgame.com/images/cardlist/card/OP04-013_p1.png?250502,0,True
OP04-014-0,OP04-014,0,Monkey.D.Luffy,558.0,UC,Red,OP04,9000.0,8.0,,"[Banish] (When this card deals damage, the target card is trashed without activating its Trigger.)",,https://en.onepiece-cardgame.com/images/cardlist/card/OP04-014.png?250502,0,True
OP04-015-0,OP04-015,0,Roronoa Zoro,357.0,R,Red,OP04,6000.0,5.0,1000.0,[On Play] Give up to 1 of your opponent's Characters −2000 power during this turn.,,https://en.onepiece-cardgame.com/images/cardlist/card/OP04-015.png?250502,0,True
OP04-016-0,OP04-016,0,Bad Manners Kick Course,,R,Red,OP04,,,,[Counter] You may trash 1 card from your hand: Up to 1 of your Leader or Character cards gains +3000 power during this battle.,[Trigger] Give up to 1 of your opponent's Leader or Character cards −3000 power during this turn.,https://en.onepiece-cardgame.com/images/cardlist/card/OP04-016.png?250502,0,False
OP04-017-0,OP04-017,0,Happiness Punch,,C,Red,OP04,,1.0,,"[Counter] Give up to 1 of your opponent's Leader or Character cards −2000 power during this turn. Then, if your Leader is active, give up to 1 of your opponent's Leader or Character cards −1000 power during this turn.",,https://en.onepiece-cardgame.com/images/cardlist/card/OP04-017.png?250502,0,False
OP04-018-0,OP04-018,0,Enchanting Vertigo Dance,,UC,Red,OP04,,3.0,,"[Main] If your Leader has the {Alabasta} type, give up to 2 of your opponent's Characters −2000 power during this turn.",[Trigger] Activate this card's [Main] effect.,https://en.onepiece-cardgame.com/images/cardlist/card/OP04-018.png?250502,0,False
OP04-019-0,OP04-019,0,Donquixote Doflamingo,1070.0,L,Green/Purple,OP04,5000.0,,,[End of Your Turn] Set up to 2 of your DON!! cards as active.,,https://en.onepiece-cardgame.com/images/cardlist/card/OP04-019.png?250502,0,True
OP04-019-1,OP04-019,1,Donquixote Doflamingo (Parallel),1070.0,L,Green/Purple,OP04,5000.0,,,[End of Your Turn] Set up to 2 of your DON!! cards as active.,,https://en.onepiece-cardgame.com/images/cardlist/card/OP04-019_p1.png?250502,0,True
OP04-020-0,OP04-020,0,Issho,836.0,L,Green/Black,OP04,5000.0,,,[DON!! x1] [Your Turn] Give all of your opponent's Characters −1 cost.[End of Your Turn] ➀ (You may rest the specified number of DON!! cards in your cost area.): Set up to 1 of your Characters with a cost of 5 or less as active.,,https://en.onepiece-cardgame.com/images/cardlist/card/OP04-020.png?250502,0,True
OP04-020-1,OP04-020,1,Issho (Parallel),836.0,L,Green/Black,OP04,5000.0,,,[DON!! x1] [Your Turn] Give all of your opponent's Characters −1 cost.[End of Your Turn] ➀ (You may rest the specified number of DON!! cards in your cost area.): Set up to 1 of your Characters with a cost of 5 or less as active.,,https://en.onepiece-cardgame.com/images/cardlist/card/OP04-020_p1.png?250502,0,True
OP04-021-0,OP04-021,0,Viola,114.0,C,Green,OP04,3000.0,3.0,2000.0,[On Your Opponent's Attack] ➁ (You may rest the specified number of DON!! cards in your cost area.): Rest up to 1 of your opponent's DON!! cards.,,https://en.onepiece-cardgame.com/images/cardlist/card/OP04-021.png?250502,0,True
OP04-022-0,OP04-022,0,Eric,1036.0,UC,Green,OP04,2000.0,1.0,1000.0,[Activate: Main] You may rest this Character: Rest up to 1 of your opponent's Characters with a cost of 1 or less.,,https://en.onepiece-cardgame.com/images/cardlist/card/OP04-022.png?250502,0,True
OP04-023-0,OP04-023,0,Kuro,694.0,C,Green,OP04,8000.0,6.0,1000.0,-,,https://en.onepiece-cardgame.com/images/cardlist/card/OP04-023.png?250502,0,True
OP04-024-0,OP04-024,0,Sugar,221.0,SR,Green,OP04,,2.0,1000.0,"[Opponent's Turn] [Once Per Turn] When your opponent plays a Character, if your Leader has the {Donquixote Pirates} type, rest up to 1 of your opponent's Characters. Then, rest this Character.[On Play] Rest up to 1 of your opponent's Characters with a cost of 4 or less.",,https://en.onepiece-cardgame.com/images/cardlist/card/OP04-024.png?250502,0,True
OP04-024-1,OP04-024,1,Sugar (Parallel),221.0,SR,Green,OP04,,2.0,1000.0,"[Opponent's Turn] [Once Per Turn] When your opponent plays a Character, if your Leader has the {Donquixote Pirates} type, rest up to 1 of your opponent's Characters. Then, rest this Character.[On Play] Rest up to 1 of your opponent's Characters with a cost of 4 or less.",,https://en.onepiece-cardgame.com/images/cardlist/card/OP04-024_p1.png?250502,0,True
OP04-025-0,OP04-025,0,Giolla,964.0,C,Green,OP04,4000.0,4.0,1000.0,[On Your Opponent's Attack] ➁ (You may rest the specified number of DON!! cards in your cost area.): Rest up to 1 of your opponent's Characters with a cost of 4 or less.,,https://en.onepiece-cardgame.com/images/cardlist/card/OP04-025.png?250502,0,True
OP04-026-0,OP04-026,0,Senor Pink,302.0,R,Green,OP04,5000.0,3.0,,"[When Attacking] ➀ (You may rest the specified number of DON!! cards in your cost area.): If your Leader has the {Donquixote Pirates} type, rest up to 1 of your opponent's Characters with a cost of 4 or less. Then, set up to 1 of your DON!! cards as active at the end of this turn.",,https://en.onepiece-cardgame.com/images/cardlist/card/OP04-026.png?250502,0,True
OP04-027-0,OP04-027,0,Daddy Masterson,1391.0,C,Green,OP04,5000.0,4.0,,[DON!! x1] [End of Your Turn] Set this Character as active.,,https://en.onepiece-cardgame.com/images/cardlist/card/OP04-027.png?250502,0,True
OP04-028-0,OP04-028,0,Diamante,1092.0,R,Green,OP04,6000.0,5.0,1000.0,"[Blocker] (After your opponent declares an attack, you may rest this card to make it the new target of the attack.)[DON!! x1] [End of Your Turn] If you have 2 or more active DON!! cards, set this Character as active.",,https://en.onepiece-cardgame.com/images/cardlist/card/OP04-028.png?250502,0,True
OP04-028-1,OP04-028,1,Diamante (Parallel),1092.0,R,Green,OP04,6000.0,5.0,1000.0,"[Blocker] (After your opponent declares an attack, you may rest this card to make it the new target of the attack.)[DON!! x1] [End of Your Turn] If you have 2 or more active DON!! cards, set this Character as active.",,https://en.onepiece-cardgame.com/images/cardlist/card/OP04-028_p1.png?250502,0,True
OP04-030-0,OP04-030,0,Trebol,165.0,R,Green,OP04,6000.0,6.0,,[On Play] K.O. up to 1 of your opponent's rested Characters with a cost of 5 or less.[On Your Opponent's Attack] ➁ (You may rest the specified number of DON!! cards in your cost area.): Rest up to 1 of your opponent's Characters with a cost of 4 or less.,,https://en.onepiece-cardgame.com/images/cardlist/card/OP04-030.png?250502,0,True
OP04-030-1,OP04-030,1,Trebol (Parallel),165.0,R,Green,OP04,6000.0,6.0,,[On Play] K.O. up to 1 of your opponent's rested Characters with a cost of 5 or less.[On Your Opponent's Attack] ➁ (You may rest the specified number of DON!! cards in your cost area.): Rest up to 1 of your opponent's Characters with a cost of 4 or less.,,https://en.onepiece-cardgame.com/images/cardlist/card/OP04-030_p1.png?250502,0,True
OP04-031-1,OP04-031,1,Donquixote Doflamingo (Parallel),1070.0,SR,Green,OP04,10000.0,10.0,,[On Play] Up to a total of 3 of your opponent's rested Leader and Character cards will not become active in your opponent's next Refresh Phase.,,https://en.onepiece-cardgame.com/images/cardlist/card/OP04-031_p1.png?250502,0,True
OP04-033-0,OP04-033,0,Machvise,650.0,UC,Green,OP04,5000.0,4.0,1000.0,"[On Play] If your Leader has the {Donquixote Pirates} type, rest up to 1 of your opponent's Characters with a cost of 5 or less. Then, set up to 1 of your DON!! cards as active at the end of this turn.",,https://en.onepiece-cardgame.com/images/cardlist/card/OP04-033.png?250502,0,True
OP04-034-0,OP04-034,0,Lao.G,672.0,UC,Green,OP04,5000.0,4.0,1000.0,"[End of Your Turn] If you have 3 or more active DON!! cards, K.O. up to 1 of your opponent's rested Characters with a cost of 3 or less.",,https://en.onepiece-cardgame.com/images/cardlist/card/OP04-034.png?250502,0,True
OP04-035-0,OP04-035,0,Spiderweb,,R,Green,OP04,,2.0,,"[Counter] Up to 1 of your Leader or Character cards gains +4000 power during this battle. Then, set up to 1 of your Characters as active.",[Trigger] Up to 1 of your Leader gains +2000 power during this turn.,https://en.onepiece-cardgame.com/images/cardlist/card/OP04-035.png?250502,0,False
OP04-037-0,OP04-037,0,Flapping Thread,,UC,Green,OP04,,2.0,,"[Counter] If your Leader has the {Donquixote Pirates} type, up to 1 of your Leader or Character cards gains +2000 power during this turn.",[Trigger] K.O. up to 1 of your opponent's rested Characters with a cost of 4 or less.,https://en.onepiece-cardgame.com/images/cardlist/card/OP04-037.png?250502,0,False
OP04-038-0,OP04-038,0,The Weak Do Not Have the Right to Choose How They Die!!!,,C,Green,OP04,,5.0,,"[Main]/[Counter] Rest up to 1 of your opponent's Leader or Character cards. Then, K.O. up to 1 of your opponent's rested Characters with a cost of 6 or less.",[Trigger] Set up to 5 of your DON!! cards as active.,https://en.onepiece-cardgame.com/images/cardlist/card/OP04-038.png?250502,0,False
OP04-039-0,OP04-039,0,Rebecca,383.0,L,Blue/Black,OP04,5000.0,,,"This Leader cannot attack.[Activate: Main] [Once Per Turn] ➀ (You may rest the specified number of DON!! cards in your cost area.): If you have 6 or less cards in your hand, look at 2 cards from the top of your deck; reveal up to 1 {Dressrosa} type card and add it to your hand. Then, trash the rest.",,https://en.onepiece-cardgame.com/images/cardlist/card/OP04-039.png?250502,0,True
OP04-039-1,OP04-039,1,Rebecca (Parallel),383.0,L,Blue/Black,OP04,5000.0,,,"This Leader cannot attack.[Activate: Main] [Once Per Turn] ➀ (You may rest the specified number of DON!! cards in your cost area.): If you have 6 or less cards in your hand, look at 2 cards from the top of your deck; reveal up to 1 {Dressrosa} type card and add it to your hand. Then, trash the rest.",,https://en.onepiece-cardgame.com/images/cardlist/card/OP04-039_p1.png?250502,0,True
OP04-040-0,OP04-040,0,Queen,403.0,L,Blue/Yellow,OP04,5000.0,,,"[DON!! x1] [When Attacking] If you have a total of 4 or less cards in your Life area and hand, draw 1 card. If you have a Character with a cost of 8 or more, you may add up to 1 card from the top of your deck to the top of your Life cards instead of drawing 1 card.",,https://en.onepiece-cardgame.com/images/cardlist/card/OP04-040.png?250502,0,True
OP04-040-1,OP04-040,1,Queen (Parallel),403.0,L,Blue/Yellow,OP04,5000.0,,,"[DON!! x1] [When Attacking] If you have a total of 4 or less cards in your Life area and hand, draw 1 card. If you have a Character with a cost of 8 or more, you may add up to 1 card from the top of your deck to the top of your Life cards instead of drawing 1 card.",,https://en.onepiece-cardgame.com/images/cardlist/card/OP04-040_p1.png?250502,0,True
OP04-041-0,OP04-041,0,Apis,,C,Blue,OP04,,1.0,2000.0,"[On Play] You may trash 2 cards from your hand: Look at 5 cards from the top of your deck; reveal up to 1 {East Blue} type card and add it to your hand. Then, place the rest at the bottom of your deck in any order.",,https://en.onepiece-cardgame.com/images/cardlist/card/OP04-041.png?250502,0,False
OP04-042-0,OP04-042,0,Ipponmatsu,842.0,C,Blue,OP04,1000.0,2.0,1000.0,"[On Play] Up to 1 of your <Slash> attribute Characters gains +3000 power during this turn. Then, trash 1 card from the top of your deck.",,https://en.onepiece-cardgame.com/images/cardlist/card/OP04-042.png?250502,0,True
OP04-043-0,OP04-043,0,Ulti,147.0,R,Blue,OP04,4000.0,3.0,1000.0,[DON!! x1] [When Attacking] Return up to 1 Character with a cost of 2 or less to the owner's hand or the bottom of their deck.,,https://en.onepiece-cardgame.com/images/cardlist/card/OP04-043.png?250502,0,True
OP04-044-1,OP04-044,1,Kaido (Parallel),783.0,SR,Blue,OP04,12000.0,10.0,,[On Play] Return up to 1 Character with a cost of 8 or less and up to 1 Character with a cost of 3 or less to the owner's hand.,,https://en.onepiece-cardgame.com/images/cardlist/card/OP04-044_p1.png?250502,0,True
OP04-045-0,OP04-045,0,King,737.0,R,Blue,OP04,8000.0,7.0,1000.0,[On Play] Draw 1 card.,,https://en.onepiece-cardgame.com/images/cardlist/card/OP04-045.png?250502,0,True
OP04-046-0,OP04-046,0,Queen,403.0,UC,Blue,OP04,5000.0,4.0,1000.0,"[On Play] If your Leader has the {Animal Kingdom Pirates} type, look at 7 cards from the top of your deck; reveal a total of up to 2 [Plague Rounds] or [Ice Oni] cards and add them to your hand. Then, place the rest at the bottom of your deck in any order.",,https://en.onepiece-cardgame.com/images/cardlist/card/OP04-046.png?250502,0,True
OP04-047-0,OP04-047,0,Ice Oni,,C,Blue,OP04,,8.0,1000.0,"[Your Turn] At the end of a battle in which this Character battles your opponent's Character with a cost of 5 or less, place the opponent's Character you battled with at the bottom of the owner's deck.",,https://en.onepiece-cardgame.com/images/cardlist/card/OP04-047.png?250502,0,False
OP04-048-0,OP04-048,0,Sasaki,328.0,UC,Blue,OP04,4000.0,3.0,2000.0,"[On Play] Return all cards in your hand to your deck and shuffle your deck. Then, draw cards equal to the number you returned to your deck.",,https://en.onepiece-cardgame.com/images/cardlist/card/OP04-048.png?250502,0,True
OP04-049-0,OP04-049,0,Jack,830.0,UC,Blue,OP04,3000.0,2.0,1000.0,[On K.O.] Draw 1 card.,,https://en.onepiece-cardgame.com/images/cardlist/card/OP04-049.png?250502,0,True
OP04-050-0,OP04-050,0,Hanger,922.0,C,Blue,OP04,,2.0,1000.0,[Activate: Main] You may trash 1 card from your hand and rest this Character: Draw 1 card.,,https://en.onepiece-cardgame.com/images/cardlist/card/OP04-050.png?250502,0,True
OP04-051-0,OP04-051,0,Who's.Who,98.0,R,Blue,OP04,2000.0,1.0,1000.0,"[On Play] Look at 5 cards from the top of your deck; reveal up to 1 {Animal Kingdom Pirates} type card other than [Who's.Who] and add it to your hand. Then, place the rest at the bottom of your deck in any order.",,https://en.onepiece-cardgame.com/images/cardlist/card/OP04-051.png?250502,0,True
OP04-051-1,OP04-051,1,Who's.Who (Parallel),98.0,R,Blue,OP04,2000.0,1.0,1000.0,"[On Play] Look at 5 cards from the top of your deck; reveal up to 1 {Animal Kingdom Pirates} type card other than [Who's.Who] and add it to your hand. Then, place the rest at the bottom of your deck in any order.",,https://en.onepiece-cardgame.com/images/cardlist/card/OP04-051_p1.png?250502,0,True
OP04-052-0,OP04-052,0,Black Maria,6.0,C,Blue,OP04,3000.0,3.0,1000.0,[Activate: Main] ➁ (You may rest the specified number of DON!! cards in your cost area.) You may rest this Character: Draw 1 card.,[Trigger] Play this card.,https://en.onepiece-cardgame.com/images/cardlist/card/OP04-052.png?250502,0,True
OP04-053-0,OP04-053,0,Page One,459.0,UC,Blue,OP04,6000.0,4.0,,"[DON!! x1] [Once Per Turn] When you activate an Event, draw 1 card. Then, place 1 card from your hand at the bottom of your deck.",,https://en.onepiece-cardgame.com/images/cardlist/card/OP04-053.png?250502,0,True
OP04-054-0,OP04-054,0,Rokki,359.0,C,Blue,OP04,7000.0,5.0,1000.0,-,,https://en.onepiece-cardgame.com/images/cardlist/card/OP04-054.png?250502,0,True
OP04-055-0,OP04-055,0,Plague Rounds,,C,Blue,OP04,,2.0,,[Main] You may trash 1 [Ice Oni] from your hand and place 1 Character with a cost of 4 or less at the bottom of the owner's deck: Play 1 [Ice Oni] from your trash.,[Trigger] Activate this card's [Main] effect.,https://en.onepiece-cardgame.com/images/cardlist/card/OP04-055.png?250502,0,False
OP04-057-0,OP04-057,0,Dragon Twister Demolition Breath,,UC,Blue,OP04,,2.0,,"[Counter] Up to 1 of your Leader or Character cards gains +4000 power during this battle. Then, place up to 1 Character with a cost of 1 or less at the bottom of the owner's deck.",[Trigger] Return up to 1 Character with a cost of 6 or less to the owner's hand.,https://en.onepiece-cardgame.com/images/cardlist/card/OP04-057.png?250502,0,False
OP04-058-0,OP04-058,0,Crocodile,1120.0,L,Purple/Yellow,OP04,5000.0,,,"[Opponent's Turn] [Once Per Turn] When a DON!! card on your field is returned to your DON!! deck by your effect, add up to 1 DON!! card from your DON!! deck and set it as active.",,https://en.onepiece-cardgame.com/images/cardlist/card/OP04-058.png?250502,0,True
OP04-058-1,OP04-058,1,Crocodile (Parallel),1120.0,L,Purple/Yellow,OP04,5000.0,,,"[Opponent's Turn] [Once Per Turn] When a DON!! card on your field is returned to your DON!! deck by your effect, add up to 1 DON!! card from your DON!! deck and set it as active.",,https://en.onepiece-cardgame.com/images/cardlist/card/OP04-058_p1.png?250502,0,True
OP04-059-0,OP04-059,0,Iceburg,861.0,UC,Purple,OP04,,1.0,1000.0,"[On Your Opponent's Attack] DON!! −1 (You may return the specified number of DON!! cards from your field to your DON!! deck.): If your Leader has the {Water Seven} type, this Character gains [Blocker] during this turn.(After your opponent declares an attack, you may rest this card to make it the new target of the attack.)",,https://en.onepiece-cardgame.com/images/cardlist/card/OP04-059.png?250502,0,True
OP04-060-0,OP04-060,0,Crocodile,1120.0,SR,Purple,OP04,9000.0,8.0,,"[On Play] DON!! −2 (You may return the specified number of DON!! cards from your field to your DON!! deck.): If your Leader's type includes ""Baroque Works"", add up to 1 card from the top of your deck to the top of your Life cards.[On Your Opponent's Attack] [Once Per Turn] DON!! −1: Draw 1 card and trash 1 card from your hand.",,https://en.onepiece-cardgame.com/images/cardlist/card/OP04-060.png?250502,0,True
OP04-060-1,OP04-060,1,Crocodile (Parallel),1120.0,SR,Purple,OP04,9000.0,8.0,,"[On Play] DON!! −2 (You may return the specified number of DON!! cards from your field to your DON!! deck.): If your Leader's type includes ""Baroque Works"", add up to 1 card from the top of your deck to the top of your Life cards.[On Your Opponent's Attack] [Once Per Turn] DON!! −1: Draw 1 card and trash 1 card from your hand.",,https://en.onepiece-cardgame.com/images/cardlist/card/OP04-060_p1.png?250502,0,True
OP04-061-0,OP04-061,0,Tom,177.0,C,Purple,OP04,4000.0,3.0,1000.0,"[Activate: Main] You may trash this Character: If your Leader has the {Water Seven} type, add up to 1 DON!! card from your DON!! deck and rest it.",,https://en.onepiece-cardgame.com/images/cardlist/card/OP04-061.png?250502,0,True
OP04-062-0,OP04-062,0,Bananagator,,C,Purple,OP04,7000.0,5.0,1000.0,-,,https://en.onepiece-cardgame.com/images/cardlist/card/OP04-062.png?250502,0,False
OP04-063-0,OP04-063,0,Franky,1014.0,R,Purple,OP04,1000.0,1.0,2000.0,"[On Your Opponent's Attack] [Once Per Turn] DON!! −1 (You may return the specified number of DON!! cards from your field to your DON!! deck.): If your Leader has the {Water Seven} type, up to 1 of your Leader or Character cards gains +1000 power during this battle.",,https://en.onepiece-cardgame.com/images/cardlist/card/OP04-063.png?250502,0,True
OP04-064-0,OP04-064,0,Ms. All Sunday,495.0,SR,Purple,OP04,5000.0,5.0,,"[On Play] Add up to 1 DON!! card from your DON!! deck and rest it. Then, if you have 6 or more DON!! cards on your field, draw 1 card.",[Trigger] DON!! −2 (You may return the specified number of DON!! cards from your field to your DON!! deck.): Play this card.,https://en.onepiece-cardgame.com/images/cardlist/card/OP04-064.png?250502,0,True
OP04-064-1,OP04-064,1,Ms. All Sunday (Parallel),495.0,SR,Purple,OP04,5000.0,5.0,,"[On Play] Add up to 1 DON!! card from your DON!! deck and rest it. Then, if you have 6 or more DON!! cards on your field, draw 1 card.",[Trigger] DON!! −2 (You may return the specified number of DON!! cards from your field to your DON!! deck.): Play this card.,https://en.onepiece-cardgame.com/images/cardlist/card/OP04-064_p1.png?250502,0,True
OP04-065-0,OP04-065,0,Miss.Goldenweek(Marianne),629.0,C,Purple,OP04,3000.0,2.0,1000.0,"[On Play] If your Leader's type includes ""Baroque Works"", up to 1 of your opponent's Characters with a cost of 5 or less cannot attack until the start of your next turn.",[Trigger] DON!! −1 (You may return the specified number of DON!! cards from your field to your DON!! deck.): Play this card.,https://en.onepiece-cardgame.com/images/cardlist/card/OP04-065.png?250502,0,True
OP04-066-0,OP04-066,0,Miss.Valentine(Mikita),601.0,R,Purple,OP04,2000.0,2.0,1000.0,"[On Play] Look at 5 cards from the top of your deck; reveal up to 1 card with a type including ""Baroque Works"" and add it to your hand. Then, place the rest at the bottom of your deck in any order.",[Trigger] DON!! −1 (You may return the specified number of DON!! cards from your field to your DON!! deck.): Play this card.,https://en.onepiece-cardgame.com/images/cardlist/card/OP04-066.png?250502,0,True
OP04-067-0,OP04-067,0,Miss.MerryChristmas(Drophy),1058.0,C,Purple,OP04,4000.0,4.0,,"[Blocker] (After your opponent declares an attack, you may rest this card to make it the new target of the attack.)",[Trigger] DON!! −1 (You may return the specified number of DON!! cards from your field to your DON!! deck.): Play this card.,https://en.onepiece-cardgame.com/images/cardlist/card/OP04-067.png?250502,0,True
OP04-068-0,OP04-068,0,Yokozuna,81.0,C,Purple,OP04,3000.0,3.0,1000.0,"[Blocker] (After your opponent declares an attack, you may rest this card to make it the new target of the attack.)[On Your Opponent's Attack] DON!! −1 (You may return the specified number of DON!! cards from your field to your DON!! deck.): Return up to 1 of your opponent's Characters with a cost of 2 or less to the owner's hand.",,https://en.onepiece-cardgame.com/images/cardlist/card/OP04-068.png?250502,0,True
OP04-069-0,OP04-069,0,Mr.2.Bon.Kurei(Bentham),15.0,UC,Purple,OP04,4000.0,3.0,1000.0,[On Your Opponent's Attack] DON!! −1 (You may return the specified number of DON!! cards from your field to your DON!! deck.): This Character's base power becomes the same as the power of your opponent's attacking Leader or Character during this turn.,[Trigger] DON!! −1: Play this card.,https://en.onepiece-cardgame.com/images/cardlist/card/OP04-069.png?250502,0,True
OP04-070-0,OP04-070,0,Mr.3(Galdino),996.0,UC,Purple,OP04,4000.0,3.0,1000.0,[On Your Opponent's Attack] [Once Per Turn] DON!! −1 (You may return the specified number of DON!! cards from your field to your DON!! deck.): Give up to 1 of your opponent's Characters −1000 power during this turn.,,https://en.onepiece-cardgame.com/images/cardlist/card/OP04-070.png?250502,0,True
OP04-071-0,OP04-071,0,Mr.4(Babe),1341.0,UC,Purple,OP04,6000.0,5.0,1000.0,"[On Your Opponent's Attack] DON!! −1 (You may return the specified number of DON!! cards from your field to your DON!! deck.): This Character gains [Blocker] and +1000 power during this battle.(After your opponent declares an attack, you may rest this card to make it the new target of the attack.)",,https://en.onepiece-cardgame.com/images/cardlist/card/OP04-071.png?250502,0,True
OP04-072-0,OP04-072,0,Mr.5(Gem),983.0,R,Purple,OP04,8000.0,7.0,,[On Your Opponent's Attack] [Once Per Turn] DON!! −2 (You may return the specified number of DON!! cards from your field to your DON!! deck.) You may rest this Character: K.O. up to 1 of your opponent's Characters with a cost of 4 or less.,,https://en.onepiece-cardgame.com/images/cardlist/card/OP04-072.png?250502,0,True
OP04-072-1,OP04-072,1,Mr.5(Gem) (Parallel),983.0,R,Purple,OP04,8000.0,7.0,,[On Your Opponent's Attack] [Once Per Turn] DON!! −2 (You may return the specified number of DON!! cards from your field to your DON!! deck.) You may rest this Character: K.O. up to 1 of your opponent's Characters with a cost of 4 or less.,,https://en.onepiece-cardgame.com/images/cardlist/card/OP04-072_p1.png?250502,0,True
OP04-073-0,OP04-073,0,Mr.13 & Ms.Friday,,C,Purple,OP04,1000.0,3.0,2000.0,"[Activate: Main] You may trash this Character and 1 of your Characters with a type including ""Baroque Works"": Add up to 1 DON!! card from your DON!! deck and set it as active.",[Trigger] Play this card.,https://en.onepiece-cardgame.com/images/cardlist/card/OP04-073.png?250502,0,False
OP04-074-0,OP04-074,0,Colors Trap,,R,Purple,OP04,,1.0,,"[Counter] DON!! −1 (You may return the specified number of DON!! cards from your field to your DON!! deck.): Up to 1 of your Leader or Character cards gains +1000 power during this battle. Then, rest up to 1 of your opponent's Characters with a cost of 4 or less.",[Trigger] Add up to 1 DON!! card from your DON!! deck and set it as active.,https://en.onepiece-cardgame.com/images/cardlist/card/OP04-074.png?250502,0,False
OP04-075-0,OP04-075,0,Nez-Palm Cannon,,UC,Purple,OP04,,3.0,,"[Counter] Up to 1 of your Leader or Character cards gains +6000 power during this battle. Then, if you have 2 or less Life cards, add up to 1 DON!! card from your DON!! deck and rest it.",[Trigger] Add up to 1 DON!! card from your DON!! deck and set it as active.,https://en.onepiece-cardgame.com/images/cardlist/card/OP04-075.png?250502,0,False
OP04-076-0,OP04-076,0,Weakness...Is an Unforgivable Sin.,,C,Purple,OP04,,1.0,,[Counter] DON!! −1 (You may return the specified number of DON!! cards from your field to your DON!! deck.): Up to 1 of your Leader or Character cards gains +1000 power during this turn.,[Trigger] Add up to 1 DON!! card from your DON!! deck and set it as active.,https://en.onepiece-cardgame.com/images/cardlist/card/OP04-076.png?250502,0,False
OP04-077-0,OP04-077,0,Ideo,857.0,C,Black,OP04,2000.0,2.0,1000.0,"[Blocker] (After your opponent declares an attack, you may rest this card to make it the new target of the attack.)",,https://en.onepiece-cardgame.com/images/cardlist/card/OP04-077.png?250502,0,True
OP04-078-0,OP04-078,0,Oimo & Kashii,,C,Black,OP04,8000.0,6.0,1000.0,-,,https://en.onepiece-cardgame.com/images/cardlist/card/OP04-078.png?250502,0,False
OP04-079-0,OP04-079,0,Orlumbus,465.0,C,Black,OP04,5000.0,4.0,1000.0,"[Activate: Main] [Once Per Turn] Give up to 1 of your opponent's Characters −4 cost during this turn and trash 2 cards from the top of your deck. Then, K.O. 1 of your {Dressrosa} type Characters.",,https://en.onepiece-cardgame.com/images/cardlist/card/OP04-079.png?250502,0,True
OP04-080-0,OP04-080,0,Gyats,987.0,UC,Black,OP04,1000.0,1.0,2000.0,[On Play] Up to 1 of your {Dressrosa} type Characters can also attack active Characters during this turn.,,https://en.onepiece-cardgame.com/images/cardlist/card/OP04-080.png?250502,0,True
OP04-081-0,OP04-081,0,Cavendish,1245.0,R,Black,OP04,6000.0,5.0,,"[DON!! x1] This Character can also attack active Characters.[When Attacking] You may rest your Leader: K.O. up to 1 of your opponent's Characters with a cost of 1 or less. Then, trash 2 cards from the top of your deck.",,https://en.onepiece-cardgame.com/images/cardlist/card/OP04-081.png?250502,0,True
OP04-082-0,OP04-082,0,Kyros,682.0,R,Black,OP04,5000.0,3.0,,"If this Character would be K.O.'d, you may rest your Leader or 1 [Corrida Coliseum] instead.[On Play] If your Leader is [Rebecca], K.O. up to 1 of your opponent's Characters with a cost of 1 or less. Then, trash 1 card from the top of your deck.",,https://en.onepiece-cardgame.com/images/cardlist/card/OP04-082.png?250502,0,True
OP04-082-1,OP04-082,1,Kyros (Parallel),682.0,R,Black,OP04,5000.0,3.0,,"If this Character would be K.O.'d, you may rest your Leader or 1 [Corrida Coliseum] instead.[On Play] If your Leader is [Rebecca], K.O. up to 1 of your opponent's Characters with a cost of 1 or less. Then, trash 1 card from the top of your deck.",,https://en.onepiece-cardgame.com/images/cardlist/card/OP04-082_p1.png?250502,0,True
OP04-083-1,OP04-083,1,Sabo (Parallel),343.0,SR,Black,OP04,6000.0,5.0,1000.0,"[Blocker] (After your opponent declares an attack, you may rest this card to make it the new target of the attack.)[On Play] None of your Characters can be K.O.'d by effects until the start of your next turn. Then, draw 2 cards and trash 2 cards from your hand.",,https://en.onepiece-cardgame.com/images/cardlist/card/OP04-083_p1.png?250502,0,True
OP04-083-2,OP04-083,2,Sabo (Parallel),343.0,SR,Black,OP04,6000.0,5.0,1000.0,"[Blocker] (After your opponent declares an attack, you may rest this card to make it the new target of the attack.)[On Play] None of your Characters can be K.O.'d by effects until the start of your next turn. Then, draw 2 cards and trash 2 cards from your hand.",,https://en.onepiece-cardgame.com/images/cardlist/card/OP04-083_p2.png?250502,0,True
OP04-084-0,OP04-084,0,Stussy,224.0,C,Black,OP04,3000.0,2.0,,"[On Play] Look at 3 cards from the top of your deck and play up to 1 Character card with a type including ""CP"" other than [Stussy] and a cost of 2 or less. Then, trash the rest.",,https://en.onepiece-cardgame.com/images/cardlist/card/OP04-084.png?250502,0,True
OP04-085-0,OP04-085,0,Suleiman,220.0,UC,Black,OP04,4000.0,3.0,1000.0,"[On Play]/[When Attacking] If your Leader has the {Dressrosa} type, give up to 1 of your opponent's Characters −2 cost during this turn. Then, trash 1 card from the top of your deck.",,https://en.onepiece-cardgame.com/images/cardlist/card/OP04-085.png?250502,0,True
OP04-086-0,OP04-086,0,Chinjao,1152.0,C,Black,OP04,6000.0,5.0,1000.0,"[DON!! x1] When this Character battles and K.O.'s your opponent's Character, draw 2 cards and trash 2 cards from your hand.",,https://en.onepiece-cardgame.com/images/cardlist/card/OP04-086.png?250502,0,True
OP04-087-0,OP04-087,0,Trafalgar Law,169.0,C,Black,OP04,7000.0,5.0,1000.0,-,,https://en.onepiece-cardgame.com/images/cardlist/card/OP04-087.png?250502,0,True
OP04-088-0,OP04-088,0,Hajrudin,933.0,UC,Black,OP04,7000.0,6.0,1000.0,[Activate: Main] You may rest your 1 Leader: Give up to 1 of your opponent's Characters −4 cost during this turn.,,https://en.onepiece-cardgame.com/images/cardlist/card/OP04-088.png?250502,0,True
OP04-090-0,OP04-090,0,Monkey.D.Luffy,558.0,SR,Black,OP04,7000.0,7.0,,"This Character can also attack active Characters.[Activate: Main] [Once Per Turn] You may return 7 cards from your trash to the bottom of your deck in any order: Set this Character as active. Then, this Character will not become active in your next Refresh Phase.",,https://en.onepiece-cardgame.com/images/cardlist/card/OP04-090.png?250502,0,True
OP04-090-1,OP04-090,1,Monkey.D.Luffy (Parallel),558.0,SR,Black,OP04,7000.0,7.0,,"This Character can also attack active Characters.[Activate: Main] [Once Per Turn] You may return 7 cards from your trash to the bottom of your deck in any order: Set this Character as active. Then, this Character will not become active in your next Refresh Phase.",,https://en.onepiece-cardgame.com/images/cardlist/card/OP04-090_p1.png?250502,0,True
OP04-091-0,OP04-091,0,Leo,668.0,UC,Black,OP04,2000.0,1.0,1000.0,"[On Play] You may rest your 1 Leader: If your Leader has the {Dressrosa} type, K.O. up to 1 of your opponent's Characters with a cost of 1 or less. Then, trash 2 cards from the top of your deck.",,https://en.onepiece-cardgame.com/images/cardlist/card/OP04-091.png?250502,0,True
OP04-092-0,OP04-092,0,Rebecca,383.0,R,Black,OP04,2000.0,1.0,1000.0,"[On Play] Look at 3 cards from the top of your deck; reveal up to 1 {Dressrosa} type card other than [Rebecca] and add it to your hand. Then, trash the rest.",,https://en.onepiece-cardgame.com/images/cardlist/card/OP04-092.png?250502,0,True
OP04-093-0,OP04-093,0,Gum-Gum King Kong Gun,,UC,Black,OP04,,3.0,,"[Main] Up to 1 of your {Dressrosa} type Characters gains +6000 power during this turn. Then, if you have 15 or more cards in your trash, that card gains [Double Attack] during this turn.(This card deals 2 damage.)",[Trigger] Draw 3 cards and trash 2 cards from your hand.,https://en.onepiece-cardgame.com/images/cardlist/card/OP04-093.png?250502,0,False
OP04-094-0,OP04-094,0,Trueno Bastardo,,R,Black,OP04,,4.0,,"[Main] Choose up to 1 of your opponent's Characters with a cost of 4 or less and K.O. it. If you have 15 or more cards in your trash, choose up to 1 of your opponent's Characters with a cost of 6 or less instead of a Character with a cost of 4 or less.",[Trigger] You may rest your Leader: K.O. up to 1 of your opponent's Characters with a cost of 5 or less.,https://en.onepiece-cardgame.com/images/cardlist/card/OP04-094.png?250502,0,False
OP04-096-0,OP04-096,0,Corrida Coliseum,,C,Black,OP04,,1.0,,"If your Leader has the {Dressrosa} type, your {Dressrosa} type Characters can attack Characters on the turn in which they are played.",,https://en.onepiece-cardgame.com/images/cardlist/card/OP04-096.png?250502,0,False
OP04-097-0,OP04-097,0,Otama,1390.0,C,Yellow,OP04,,1.0,1000.0,[On Play] Add up to 1 of your opponent's {Animal} or {SMILE} type Characters with a cost of 3 or less to the top of your opponent's Life cards face-up.,,https://en.onepiece-cardgame.com/images/cardlist/card/OP04-097.png?250502,0,True
OP04-098-0,OP04-098,0,Toko,178.0,UC,Yellow,OP04,,2.0,1000.0,"[On Play] You may trash 2 {Land of Wano} type cards from your hand: If you have 1 or less Life cards, add 1 card from the top of your deck to the top of your Life cards.",,https://en.onepiece-cardgame.com/images/cardlist/card/OP04-098.png?250502,0,True
OP04-099-0,OP04-099,0,Olin,1197.0,R,Yellow,OP04,7000.0,7.0,,Also treat this card's name as [Charlotte Linlin] according to the rules.,"[Trigger] If you have 1 or less Life cards, play this card.",https://en.onepiece-cardgame.com/images/cardlist/card/OP04-099.png?250502,0,True
OP04-100-1,OP04-100,1,"Capone""Gang""Bege (Parallel)",1259.0,R,Yellow,OP04,3000.0,3.0,2000.0,-,[Trigger] Up to 1 of your opponent's Leader or Character cards cannot attack during this turn.,https://en.onepiece-cardgame.com/images/cardlist/card/OP04-100_p1.png?250502,0,True
OP04-101-0,OP04-101,0,Carmel,1251.0,C,Yellow,OP04,1000.0,2.0,1000.0,[Your Turn] [On Play] Draw 1 card.,"[Trigger] Play this card. Then, K.O. up to 1 of your opponent's Characters with a cost of 2 or less.",https://en.onepiece-cardgame.com/images/cardlist/card/OP04-101.png?250502,0,True
OP04-102-0,OP04-102,0,Kin'emon,742.0,R,Yellow,OP04,6000.0,6.0,,[Activate: Main] [Once Per Turn] ➀ (You may rest the specified number of DON!! cards in your cost area.) You may add 1 card from the top or bottom of your Life cards to your hand: Set this Character as active.,,https://en.onepiece-cardgame.com/images/cardlist/card/OP04-102.png?250502,0,True
OP04-103-0,OP04-103,0,Kouzuki Hiyori,711.0,UC,Yellow,OP04,,2.0,2000.0,[On Play] Up to 1 of your {Land of Wano} type Leader or Character cards gains +1000 power during this turn.,[Trigger] Play this card.,https://en.onepiece-cardgame.com/images/cardlist/card/OP04-103.png?250502,0,True
OP04-104-1,OP04-104,1,Sanji (Parallel),326.0,SR,Yellow,OP04,5000.0,4.0,1000.0,"[Blocker] (After your opponent declares an attack, you may rest this card to make it the new target of the attack.)",[Trigger] You may trash 1 card from your hand: Play this card.,https://en.onepiece-cardgame.com/images/cardlist/card/OP04-104_p1.png?250502,0,True
OP04-105-0,OP04-105,0,Charlotte Amande,1237.0,R,Yellow,OP04,3000.0,3.0,2000.0,[Activate: Main] [Once Per Turn] You may trash 1 card with a [Trigger] from your hand: Rest up to 1 of your opponent's Characters with a cost of 2 or less.,,https://en.onepiece-cardgame.com/images/cardlist/card/OP04-105.png?250502,0,True
OP04-106-0,OP04-106,0,Charlotte Bavarois,1229.0,C,Yellow,OP04,4000.0,3.0,1000.0,"[DON!! x1] If you have less Life cards than your opponent, this Character gains +1000 power.",[Trigger] You may trash 1 card from your hand: Play this card.,https://en.onepiece-cardgame.com/images/cardlist/card/OP04-106.png?250502,0,True
OP04-107-0,OP04-107,0,Charlotte Perospero,1174.0,C,Yellow,OP04,8000.0,6.0,1000.0,-,,https://en.onepiece-cardgame.com/images/cardlist/card/OP04-107.png?250502,0,True
OP04-108-0,OP04-108,0,Charlotte Moscato,1183.0,UC,Yellow,OP04,4000.0,3.0,1000.0,"[DON!! x1] This Character gains [Banish].(When this card deals damage, the target card is trashed without activating its Trigger.)",[Trigger] You may trash 1 card from your hand: Play this card.,https://en.onepiece-cardgame.com/images/cardlist/card/OP04-108.png?250502,0,True
OP04-109-0,OP04-109,0,Tonoyasu,,C,Yellow,OP04,2000.0,2.0,1000.0,[Activate: Main] You may trash this Character: Up to 1 of your {Land of Wano} type Leader or Character cards gains +3000 power during this turn.,,https://en.onepiece-cardgame.com/images/cardlist/card/OP04-109.png?250502,0,False
OP04-110-0,OP04-110,0,Pound,412.0,C,Yellow,OP04,3000.0,3.0,1000.0,"[Blocker] (After your opponent declares an attack, you may rest this card to make it the new target of the attack.)[On K.O.] Add up to 1 of your opponent's Characters with a cost of 3 or less to the top or bottom of your opponent's Life cards face-up.",,https://en.onepiece-cardgame.com/images/cardlist/card/OP04-110.png?250502,0,True
OP04-111-0,OP04-111,0,Hera,903.0,UC,Yellow,OP04,3000.0,5.0,1000.0,[Activate: Main] You may trash 1 of your {Homies} type Characters other than this Character and rest this Character: Set up to 1 of your [Charlotte Linlin] Characters as active.,[Trigger] Play this card.,https://en.onepiece-cardgame.com/images/cardlist/card/OP04-111.png?250502,0,True
OP04-112-1,OP04-112,1,Yamato (Parallel),88.0,SR,Yellow,OP04,9000.0,9.0,,"[On Play] K.O. up to 1 of your opponent's Characters with a cost equal to or less than the total of your and your opponent's Life cards. Then, if you have 1 or less Life cards, add up to 1 card from the top of your deck to the top of your Life cards.",,https://en.onepiece-cardgame.com/images/cardlist/card/OP04-112_p1.png?250502,0,True
OP04-113-0,OP04-113,0,Rabiyan,398.0,C,Yellow,OP04,3000.0,2.0,1000.0,-,[Trigger] Play this card.,https://en.onepiece-cardgame.com/images/cardlist/card/OP04-113.png?250502,0,True
OP04-114-0,OP04-114,0,Randolph,388.0,C,Yellow,OP04,7000.0,5.0,1000.0,-,,https://en.onepiece-cardgame.com/images/cardlist/card/OP04-114.png?250502,0,True
OP04-115-0,OP04-115,0,Gun Modoki,,C,Yellow,OP04,,1.0,,[Main] You may add 1 card from the top or bottom of your Life cards to your hand: Up to 1 of your {Land of Wano} type Characters gains [Double Attack] during this turn.(This card deals 2 damage.),[Trigger] Up to 1 of your Leader or Character cards gains +1000 power during this turn.,https://en.onepiece-cardgame.com/images/cardlist/card/OP04-115.png?250502,0,False
OP04-116-0,OP04-116,0,Diable Jambe Joue Shot,,UC,Yellow,OP04,,3.0,,"[Counter] Up to 1 of your Leader or Character cards gains +6000 power during this battle. Then, if you and your opponent have a total of 4 or less Life cards, K.O. up to 1 of your opponent's Characters with a cost of 2 or less.",[Trigger] Draw 1 card.,https://en.onepiece-cardgame.com/images/cardlist/card/OP04-116.png?250502,0,False
OP04-117-0,OP04-117,0,Heavenly Fire,,R,Yellow,OP04,,1.0,,[Main] Add up to 1 of your opponent's Characters with a cost of 3 or less to the top or bottom of your opponent's Life cards face-up.,[Trigger] You may add 1 card from the top or bottom of your Life cards to your hand: Add up to 1 card from your hand to the top of your Life cards.,https://en.onepiece-cardgame.com/images/cardlist/card/OP04-117.png?250502,0,False
OP04-118-0,OP04-118,0,Nefeltari Vivi,509.0,SEC,Red,OP04,4000.0,7.0,1000.0,All of your red Characters with a cost of 3 or more other than this Character gain [Rush].(This card can attack on the turn in which it is played.),,https://en.onepiece-cardgame.com/images/cardlist/card/OP04-118.png?250502,0,True
OP04-118-1,OP04-118,1,Nefeltari Vivi (Parallel),509.0,SEC,Red,OP04,4000.0,7.0,1000.0,All of your red Characters with a cost of 3 or more other than this Character gain [Rush].(This card can attack on the turn in which it is played.),,https://en.onepiece-cardgame.com/images/cardlist/card/OP04-118_p1.png?250502,0,True
OP04-119-0,OP04-119,0,Donquixote Rosinante,1068.0,SEC,Green,OP04,8000.0,8.0,,"[Opponent's Turn] If this Character is rested, your active Characters with a base cost of 5 cannot be K.O.'d by effects.[On Play] You may rest this Character: Play up to 1 green Character card with a cost of 5 from your hand.",,https://en.onepiece-cardgame.com/images/cardlist/card/OP04-119.png?250502,0,True
OP04-119-1,OP04-119,1,Donquixote Rosinante (Parallel),1068.0,SEC,Green,OP04,8000.0,8.0,,"[Opponent's Turn] If this Character is rested, your active Characters with a base cost of 5 cannot be K.O.'d by effects.[On Play] You may rest this Character: Play up to 1 green Character card with a cost of 5 from your hand.",,https://en.onepiece-cardgame.com/images/cardlist/card/OP04-119_p1.png?250502,0,True
OP01-047-2,OP01-047,2,Trafalgar Law (Parallel),169.0,SP CARD,Green,OP01,6000.0,5.0,,"[Blocker] (After your opponent declares an attack, you may rest this card to make it the new target of the attack.)[On Play] You may return 1 of your Characters to the owner's hand: Play up to 1 Character card with a cost of 3 or less from your hand.",,https://en.onepiece-cardgame.com/images/cardlist/card/OP01-047_p2.png?250502,0,True
OP01-078-2,OP01-078,2,Boa Hancock (Parallel),1305.0,SP CARD,Blue,OP01,5000.0,4.0,1000.0,"[Blocker] (After your opponent declares an attack, you may rest this card to make it the new target of the attack.)[DON!! x1] [When Attacking]/[On Block] Draw 1 card if you have 5 or less cards in your hand.",,https://en.onepiece-cardgame.com/images/cardlist/card/OP01-078_p2.png?250502,0,True
OP02-004-2,OP02-004,2,Edward.Newgate (Parallel),1051.0,SP CARD,Red,OP02,10000.0,9.0,,"[On Play] Up to 1 of your Leader gains +2000 power until the start of your next turn. Then, you cannot add Life cards to your hand using your own effects during this turn.[DON!! x2] [When Attacking] K.O. up to 1 of your opponent's Characters with 3000 power or less.",,https://en.onepiece-cardgame.com/images/cardlist/card/OP02-004_p2.png?250502,0,True
OP02-085-2,OP02-085,2,Magellan (Parallel),646.0,SP CARD,Purple,OP02,6000.0,5.0,,"[On Play] DON!! −1 (You may return the specified number of DON!! cards from your field to your DON!! deck.): Your opponent returns 1 DON!! card from their field to their DON!! deck.[Opponent's Turn] When this Character is K.O.'d, your opponent returns 2 DON!! cards from their field to their DON!! deck.",,https://en.onepiece-cardgame.com/images/cardlist/card/OP02-085_p2.png?250502,0,True
OP02-099-2,OP02-099,2,Sakazuki (Parallel),337.0,SP CARD,Black,OP02,7000.0,6.0,,[On Play] You may trash 1 card from your hand: K.O. up to 1 of your opponent's Characters with a cost of 5 or less.,,https://en.onepiece-cardgame.com/images/cardlist/card/OP02-099_p2.png?250502,0,True
OP03-001-0,OP03-001,0,Portgas.D.Ace,416.0,L,Red,OP03,5000.0,,,"When this Leader attacks or is attacked, you may trash any number of Event or Stage cards from your hand. This Leader gains +1000 power during this battle for every card trashed.",,https://en.onepiece-cardgame.com/images/cardlist/card/OP03-001.png?250502,0,True
OP03-001-1,OP03-001,1,Portgas.D.Ace (Parallel),416.0,L,Red,OP03,5000.0,,,"When this Leader attacks or is attacked, you may trash any number of Event or Stage cards from your hand. This Leader gains +1000 power during this battle for every card trashed.",,https://en.onepiece-cardgame.com/images/cardlist/card/OP03-001_p1.png?250502,0,True
OP03-002-0,OP03-002,0,Adio,1399.0,UC,Red,OP03,5000.0,4.0,1000.0,[DON!! x1] [When Attacking] Your opponent cannot activate a [Blocker] Character that has 2000 or less power during this battle.,,https://en.onepiece-cardgame.com/images/cardlist/card/OP03-002.png?250502,0,True
OP03-004-0,OP03-004,0,Curiel,1116.0,C,Red,OP03,4000.0,3.0,1000.0,This Character cannot attack a Leader on the turn in which it is played.[DON!! x1] This Character gains [Rush].(This card can attack on the turn in which it is played.),,https://en.onepiece-cardgame.com/images/cardlist/card/OP03-004.png?250502,0,True
OP03-005-0,OP03-005,0,Thatch,184.0,UC,Red,OP03,2000.0,1.0,1000.0,"[Activate: Main] [Once Per Turn] This Character gains +2000 power during this turn. Then, trash this Character at the end of this turn.",,https://en.onepiece-cardgame.com/images/cardlist/card/OP03-005.png?250502,0,True
OP03-006-0,OP03-006,0,Speed Jil,245.0,C,Red,OP03,6000.0,4.0,1000.0,-,,https://en.onepiece-cardgame.com/images/cardlist/card/OP03-006.png?250502,0,True
OP03-007-0,OP03-007,0,Namule,514.0,C,Red,OP03,5000.0,3.0,1000.0,-,,https://en.onepiece-cardgame.com/images/cardlist/card/OP03-007.png?250502,0,True
OP03-008-0,OP03-008,0,Buggy,1280.0,UC,Red,OP03,3000.0,1.0,,"This Character cannot be K.O.'d in battle by <Slash> attribute cards.[On Play] Look at 5 cards from the top of your deck; reveal up to 1 red Event and add it to your hand. Then, place the rest at the bottom of your deck in any order.",,https://en.onepiece-cardgame.com/images/cardlist/card/OP03-008.png?250502,0,True
OP03-009-0,OP03-009,0,Haruta,912.0,C,Red,OP03,3000.0,2.0,1000.0,[Activate: Main] [Once Per Turn] Give up to 1 rested DON!! card to your Leader or 1 of your Characters.,,https://en.onepiece-cardgame.com/images/cardlist/card/OP03-009.png?250502,0,True
OP03-010-0,OP03-010,0,Fossa,1020.0,C,Red,OP03,2000.0,2.0,1000.0,"[Blocker] (After your opponent declares an attack, you may rest this card to make it the new target of the attack.)",,https://en.onepiece-cardgame.com/images/cardlist/card/OP03-010.png?250502,0,True
OP03-011-0,OP03-011,0,Blamenco,1312.0,UC,Red,OP03,3000.0,2.0,1000.0,[DON!! x1] [When Attacking] Give up to 1 of your opponent's Characters −2000 power during this turn.,,https://en.onepiece-cardgame.com/images/cardlist/card/OP03-011.png?250502,0,True
OP03-012-0,OP03-012,0,Marshall.D.Teach,623.0,R,Red,OP03,6000.0,4.0,,"[When Attacking] You may trash 1 of your red Characters with 4000 power or more: Draw 1 card. Then, this Character gains +1000 power during this battle.",,https://en.onepiece-cardgame.com/images/cardlist/card/OP03-012.png?250502,0,True
OP03-013-0,OP03-013,0,Marco,635.0,SR,Red,OP03,6000.0,5.0,1000.0,[Your Turn] [On Play] K.O. up to 1 of your opponent's Characters with 3000 power or less.[On K.O.] You may trash 1 Event from your hand: You may play this Character card from your trash rested.,,https://en.onepiece-cardgame.com/images/cardlist/card/OP03-013.png?250502,0,True
OP03-013-1,OP03-013,1,Marco (Parallel),635.0,SR,Red,OP03,6000.0,5.0,1000.0,[Your Turn] [On Play] K.O. up to 1 of your opponent's Characters with 3000 power or less.[On K.O.] You may trash 1 Event from your hand: You may play this Character card from your trash rested.,,https://en.onepiece-cardgame.com/images/cardlist/card/OP03-013_p1.png?250502,0,True
OP03-014-0,OP03-014,0,Monkey.D.Garp,559.0,UC,Red,OP03,5000.0,3.0,,[When Attacking] Play up to 1 red Character card with a cost of 1 from your hand.,,https://en.onepiece-cardgame.com/images/cardlist/card/OP03-014.png?250502,0,True
OP03-015-0,OP03-015,0,Lim,1395.0,UC,Red,OP03,2000.0,3.0,,"[Blocker] (After your opponent declares an attack, you may rest this card to make it the new target of the attack.)[Opponent's Turn] When this Character is K.O.'d, give up to 1 of your opponent's Leader or Character cards −2000 power during this turn.",,https://en.onepiece-cardgame.com/images/cardlist/card/OP03-015.png?250502,0,True
OP03-016-0,OP03-016,0,Flame Emperor,,R,Red,OP03,,7.0,,"[Main] If your Leader is [Portgas.D.Ace], K.O. up to 1 of your opponent's Characters with 8000 power or less, and your Leader gains [Double Attack] and +3000 power during this turn.(This card deals 2 damage.)",[Trigger] K.O. up to 1 of your opponent's Characters with 6000 power or less.,https://en.onepiece-cardgame.com/images/cardlist/card/OP03-016.png?250502,0,False
OP03-017-0,OP03-017,0,Cross Fire,,UC,Red,OP03,,2.0,,"[Main]/[Counter] If your Leader's type includes ""Whitebeard Pirates"", give up to 1 of your opponent's Characters −4000 power during this turn.",[Trigger] Activate this card's [Main] effect.,https://en.onepiece-cardgame.com/images/cardlist/card/OP03-017.png?250502,0,False
OP03-018-0,OP03-018,0,Fire Fist,,R,Red,OP03,,3.0,,[Main] You may trash 1 Event from your hand: K.O. up to 1 of your opponent's Characters with 5000 power or less and up to 1 of your opponent's Characters with 4000 power or less.,[Trigger] K.O. up to 1 of your opponent's Characters with 5000 power or less.,https://en.onepiece-cardgame.com/images/cardlist/card/OP03-018.png?250502,0,False
OP03-018-1,OP03-018,1,Fire Fist (Parallel),,R,Red,OP03,,3.0,,[Main] You may trash 1 Event from your hand: K.O. up to 1 of your opponent's Characters with 5000 power or less and up to 1 of your opponent's Characters with 4000 power or less.,[Trigger] K.O. up to 1 of your opponent's Characters with 5000 power or less.,https://en.onepiece-cardgame.com/images/cardlist/card/OP03-018_p1.png?250502,0,False
OP03-019-0,OP03-019,0,Fiery Doll,,C,Red,OP03,,2.0,,[Main] Your Leader gains +4000 power during this turn.,[Trigger] Give up to 1 of your opponent's Leader or Character cards -10000 power during this turn.,https://en.onepiece-cardgame.com/images/cardlist/card/OP03-019.png?250502,0,False
OP03-020-0,OP03-020,0,Striker,,C,Red,OP03,,1.0,,"[Activate: Main] ② (You may rest the specified number of DON!! cards in your cost area.) You may rest this Stage: If your Leader is [Portgas.D.Ace], look at 5 cards from the top of your deck; reveal up to 1 Event and add it to your hand. Then, place the rest at the bottom of your deck in any order.",,https://en.onepiece-cardgame.com/images/cardlist/card/OP03-020.png?250502,0,False
OP03-021-0,OP03-021,0,Kuro,694.0,L,Green,OP03,5000.0,,,"[Activate: Main] ③ (You may rest the specified number of DON!! cards in your cost area.) You may rest 2 of your {East Blue} type Characters: Set this Leader as active, and rest up to 1 of your opponent's Characters with a cost of 5 or less.",,https://en.onepiece-cardgame.com/images/cardlist/card/OP03-021.png?250502,0,True
OP03-021-1,OP03-021,1,Kuro (Parallel),694.0,L,Green,OP03,5000.0,,,"[Activate: Main] ③ (You may rest the specified number of DON!! cards in your cost area.) You may rest 2 of your {East Blue} type Characters: Set this Leader as active, and rest up to 1 of your opponent's Characters with a cost of 5 or less.",,https://en.onepiece-cardgame.com/images/cardlist/card/OP03-021_p1.png?250502,0,True
OP03-022-0,OP03-022,0,Arlong,1356.0,L,Green/Yellow,OP03,5000.0,,,[DON!! x2] [When Attacking] ① (You may rest the specified number of DON!! cards in your cost area.): Play up to 1 Character card with a cost of 4 or less and a [Trigger] from your hand.,,https://en.onepiece-cardgame.com/images/cardlist/card/OP03-022.png?250502,0,True
OP03-022-1,OP03-022,1,Arlong (Parallel),1356.0,L,Green/Yellow,OP03,5000.0,,,[DON!! x2] [When Attacking] ① (You may rest the specified number of DON!! cards in your cost area.): Play up to 1 Character card with a cost of 4 or less and a [Trigger] from your hand.,,https://en.onepiece-cardgame.com/images/cardlist/card/OP03-022_p1.png?250502,0,True
OP03-023-0,OP03-023,0,Alvida,1369.0,C,Green,OP03,3000.0,1.0,1000.0,-,,https://en.onepiece-cardgame.com/images/cardlist/card/OP03-023.png?250502,0,True
OP03-024-0,OP03-024,0,Gin,971.0,R,Green,OP03,5000.0,4.0,1000.0,"[On Play] If your Leader has the {East Blue} type, rest up to 2 of your opponent's Characters with a cost of 4 or less.",,https://en.onepiece-cardgame.com/images/cardlist/card/OP03-024.png?250502,0,True
OP03-024-1,OP03-024,1,Gin (Parallel),971.0,R,Green,OP03,5000.0,4.0,1000.0,"[On Play] If your Leader has the {East Blue} type, rest up to 2 of your opponent's Characters with a cost of 4 or less.",,https://en.onepiece-cardgame.com/images/cardlist/card/OP03-024_p1.png?250502,0,True
OP03-025-0,OP03-025,0,Krieg,706.0,SR,Green,OP03,7000.0,6.0,,[On Play] You may trash 1 card from your hand: K.O. up to 2 of your opponent's rested Characters with a cost of 4 or less.[DON!! x1] This Character gains [Double Attack].(This card deals 2 damage.),,https://en.onepiece-cardgame.com/images/cardlist/card/OP03-025.png?250502,0,True
OP03-025-1,OP03-025,1,Krieg (Parallel),706.0,SR,Green,OP03,7000.0,6.0,,[On Play] You may trash 1 card from your hand: K.O. up to 2 of your opponent's rested Characters with a cost of 4 or less.[DON!! x1] This Character gains [Double Attack].(This card deals 2 damage.),,https://en.onepiece-cardgame.com/images/cardlist/card/OP03-025_p1.png?250502,0,True
OP03-026-0,OP03-026,0,Kuroobi,692.0,UC,Green,OP03,3000.0,4.0,1000.0,"[On Play] If your Leader has the {East Blue} type, rest up to 1 of your opponent's Characters.",[Trigger] Play this card.,https://en.onepiece-cardgame.com/images/cardlist/card/OP03-026.png?250502,0,True
OP03-027-0,OP03-027,0,Sham,295.0,C,Green,OP03,4000.0,3.0,1000.0,"[On Play] If your Leader has the {East Blue} type, rest up to 1 of your opponent's Characters with a cost of 2 or less and, if you don't have [Buchi], play up to 1 [Buchi] from your hand.",,https://en.onepiece-cardgame.com/images/cardlist/card/OP03-027.png?250502,0,True
OP03-028-0,OP03-028,0,Jango,822.0,R,Green,OP03,6000.0,5.0,,[On Play] Choose one:- Set up to 1 of your {East Blue} type Leader or Character cards with a cost of 6 or less as active.- Rest this Character and up to 1 of your opponent's Characters.,,https://en.onepiece-cardgame.com/images/cardlist/card/OP03-028.png?250502,0,True
OP03-029-0,OP03-029,0,Chew,1157.0,UC,Green,OP03,3000.0,4.0,1000.0,[On Play] K.O. up to 1 of your opponent's rested Characters with a cost of 4 or less.,[Trigger] Play this card.,https://en.onepiece-cardgame.com/images/cardlist/card/OP03-029.png?250502,0,True
OP03-030-0,OP03-030,0,Nami,515.0,R,Green,OP03,2000.0,2.0,1000.0,"[On Play] Look at 5 cards from the top of your deck; reveal up to 1 green {East Blue} type card other than [Nami] and add it to your hand. Then, place the rest at the bottom of your deck in any order.",[Trigger] Play this card.,https://en.onepiece-cardgame.com/images/cardlist/card/OP03-030.png?250502,0,True
OP03-031-0,OP03-031,0,Pearl,444.0,C,Green,OP03,2000.0,2.0,1000.0,"[Blocker] (After your opponent declares an attack, you may rest this card to make it the new target of the attack.)",,https://en.onepiece-cardgame.com/images/cardlist/card/OP03-031.png?250502,0,True
OP03-032-0,OP03-032,0,Buggy,1280.0,C,Green,OP03,5000.0,3.0,,This Character cannot be K.O.'d in battle by <Slash> attribute cards.,,https://en.onepiece-cardgame.com/images/cardlist/card/OP03-032.png?250502,0,True
OP03-033-0,OP03-033,0,Hatchan,907.0,UC,Green,OP03,4000.0,4.0,2000.0,-,"[Trigger] If your Leader has the {East Blue} type, play this card.",https://en.onepiece-cardgame.com/images/cardlist/card/OP03-033.png?250502,0,True
OP03-034-0,OP03-034,0,Buchi,1277.0,UC,Green,OP03,5000.0,4.0,1000.0,[On Play] K.O. up to 1 of your opponent's rested Characters with a cost of 2 or less.,,https://en.onepiece-cardgame.com/images/cardlist/card/OP03-034.png?250502,0,True
OP03-035-0,OP03-035,0,Momoo,568.0,C,Green,OP03,4000.0,2.0,1000.0,-,,https://en.onepiece-cardgame.com/images/cardlist/card/OP03-035.png?250502,0,True
OP03-036-0,OP03-036,0,Out-of-the-Bag,,C,Green,OP03,,3.0,,[Main] You may rest 1 of your {East Blue} type Characters: Set up to 1 of your [Kuro] cards as active.,[Trigger] K.O. up to 1 of your opponent's rested Characters with a cost of 3 or less.,https://en.onepiece-cardgame.com/images/cardlist/card/OP03-036.png?250502,0,False
OP03-037-0,OP03-037,0,Tooth Attack,,C,Green,OP03,,1.0,,[Main] You may rest 1 of your {East Blue} type Characters: K.O. up to 1 of your opponent's rested Characters with a cost of 3 or less.,[Trigger] Play up to 1 Character card with a cost of 4 or less and a [Trigger] from your hand.,https://en.onepiece-cardgame.com/images/cardlist/card/OP03-037.png?250502,0,False
OP03-038-0,OP03-038,0,Deathly Poison Gas Bomb MH5,,R,Green,OP03,,1.0,,[Main] Rest up to 2 of your opponent's Characters with a cost of 2 or less.,[Trigger] Rest up to 1 of your opponent's Characters with a cost of 5 or less.,https://en.onepiece-cardgame.com/images/cardlist/card/OP03-038.png?250502,0,False
OP03-039-0,OP03-039,0,"One, Two, Jango",,UC,Green,OP03,,1.0,,"[Main] Rest up to 1 of your opponent's Characters with a cost of 1 or less. Then, up to 1 of your Characters gains +1000 power during this turn.",[Trigger] Rest up to 1 of your opponent's Characters with a cost of 4 or less.,https://en.onepiece-cardgame.com/images/cardlist/card/OP03-039.png?250502,0,False
OP03-040-0,OP03-040,0,Nami,515.0,L,Blue,OP03,5000.0,,,"When your deck is reduced to 0, you win the game instead of losing, according to the rules.[DON!! x1] When this Leader's attack deals damage to your opponent's Life, you may trash 1 card from the top of your deck.",,https://en.onepiece-cardgame.com/images/cardlist/card/OP03-040.png?250502,0,True
OP03-040-1,OP03-040,1,Nami (Parallel),515.0,L,Blue,OP03,5000.0,,,"When your deck is reduced to 0, you win the game instead of losing, according to the rules.[DON!! x1] When this Leader's attack deals damage to your opponent's Life, you may trash 1 card from the top of your deck.",,https://en.onepiece-cardgame.com/images/cardlist/card/OP03-040_p1.png?250502,0,True
OP03-041-0,OP03-041,0,Usopp,136.0,SR,Blue,OP03,5000.0,4.0,,"[Rush] (This card can attack on the turn in which it is played.)[DON!! x1] When this Character's attack deals damage to your opponent's Life, you may trash 7 cards from the top of your deck.",,https://en.onepiece-cardgame.com/images/cardlist/card/OP03-041.png?250502,0,True
OP03-041-1,OP03-041,1,Usopp (Parallel),136.0,SR,Blue,OP03,5000.0,4.0,,"[Rush] (This card can attack on the turn in which it is played.)[DON!! x1] When this Character's attack deals damage to your opponent's Life, you may trash 7 cards from the top of your deck.",,https://en.onepiece-cardgame.com/images/cardlist/card/OP03-041_p1.png?250502,0,True
OP03-042-0,OP03-042,0,Usopp's Pirate Crew,,C,Blue,OP03,,1.0,1000.0,[On Play] Add up to 1 blue [Usopp] from your trash to your hand.,,https://en.onepiece-cardgame.com/images/cardlist/card/OP03-042.png?250502,0,False
OP03-043-0,OP03-043,0,Gaimon,999.0,C,Blue,OP03,,2.0,1000.0,"When you deal damage to your opponent's Life, you may trash 3 cards from the top of your deck. If you do, trash this Character.",,https://en.onepiece-cardgame.com/images/cardlist/card/OP03-043.png?250502,0,True
OP03-044-0,OP03-044,0,Kaya,759.0,R,Blue,OP03,,1.0,2000.0,[On Play] Draw 2 cards and trash 2 cards from your hand.,,https://en.onepiece-cardgame.com/images/cardlist/card/OP03-044.png?250502,0,True
OP03-045-0,OP03-045,0,Carne,1250.0,UC,Blue,OP03,3000.0,3.0,1000.0,"[Blocker] (After your opponent declares an attack, you may rest this card to make it the new target of the attack.)[Opponent's Turn] If you have 20 or less cards in your deck, this Character gains +3000 power.",,https://en.onepiece-cardgame.com/images/cardlist/card/OP03-045.png?250502,0,True
OP03-046-0,OP03-046,0,Genzo,978.0,C,Blue,OP03,4000.0,2.0,1000.0,-,,https://en.onepiece-cardgame.com/images/cardlist/card/OP03-046.png?250502,0,True
OP03-047-0,OP03-047,0,Zeff,64.0,R,Blue,OP03,6000.0,5.0,1000.0,"[DON!! x1] When this Character's attack deals damage to your opponent's Life, you may trash 7 cards from the top of your deck.[On Play] You may return up to 1 Character with a cost of 3 or less to the owner's hand, and trash 2 cards from the top of your deck.",,https://en.onepiece-cardgame.com/images/cardlist/card/OP03-047.png?250502,0,True
OP03-047-1,OP03-047,1,Zeff (Parallel),64.0,R,Blue,OP03,6000.0,5.0,1000.0,"[DON!! x1] When this Character's attack deals damage to your opponent's Life, you may trash 7 cards from the top of your deck.[On Play] You may return up to 1 Character with a cost of 3 or less to the owner's hand, and trash 2 cards from the top of your deck.",,https://en.onepiece-cardgame.com/images/cardlist/card/OP03-047_p1.png?250502,0,True
OP03-048-0,OP03-048,0,Nojiko,488.0,UC,Blue,OP03,,2.0,1000.0,"[On Play] If your Leader is [Nami], return up to 1 of your opponent's Characters with a cost of 5 or less to the owner's hand.",,https://en.onepiece-cardgame.com/images/cardlist/card/OP03-048.png?250502,0,True
OP03-049-0,OP03-049,0,Patty,450.0,UC,Blue,OP03,5000.0,3.0,,"[On Play] If you have 20 or less cards in your deck, return up to 1 Character with a cost of 3 or less to the owner's hand.",,https://en.onepiece-cardgame.com/images/cardlist/card/OP03-049.png?250502,0,True
OP03-050-0,OP03-050,0,Boodle,1290.0,UC,Blue,OP03,,2.0,1000.0,"[Blocker] (After your opponent declares an attack, you may rest this card to make it the new target of the attack.)[On K.O.] You may trash 1 card from the top of your deck.",,https://en.onepiece-cardgame.com/images/cardlist/card/OP03-050.png?250502,0,True
OP03-051-0,OP03-051,0,Bell-mère,11.0,R,Blue,OP03,5000.0,4.0,1000.0,"[DON!! x1] When this Character's attack deals damage to your opponent's Life, you may trash 7 cards from the top of your deck.[On K.O.] You may trash 3 cards from the top of your deck.",,https://en.onepiece-cardgame.com/images/cardlist/card/OP03-051.png?250502,0,True
OP03-052-0,OP03-052,0,Merry,607.0,C,Blue,OP03,3000.0,1.0,1000.0,-,,https://en.onepiece-cardgame.com/images/cardlist/card/OP03-052.png?250502,0,True
OP03-053-0,OP03-053,0,Yosaku & Johnny,,C,Blue,OP03,3000.0,1.0,,"[DON!! x1] If you have 20 or less cards in your deck, this Character gains +2000 power.",,https://en.onepiece-cardgame.com/images/cardlist/card/OP03-053.png?250502,0,False
OP03-054-0,OP03-054,0,Usopp's Rubber Band of Doom!!!,,C,Blue,OP03,,1.0,,"[Counter] Up to 1 of your Leader or Character cards gains +2000 power during this battle. Then, you may trash 1 card from the top of your deck.","[Trigger] Draw 1 card, and you may trash 1 card from the top of your deck.",https://en.onepiece-cardgame.com/images/cardlist/card/OP03-054.png?250502,0,False
OP03-058-0,OP03-058,0,Iceburg,861.0,L,Purple,OP03,5000.0,,,This Leader cannot attack.[Activate: Main] DON!! −1 (You may return the specified number of DON!! cards from your field to your DON!! deck.) You may rest this Leader: Play up to 1 {Galley-La Company} type Character card with a cost of 5 or less from your hand.,,https://en.onepiece-cardgame.com/images/cardlist/card/OP03-058.png?250502,0,True
OP03-058-1,OP03-058,1,Iceburg (Parallel),861.0,L,Purple,OP03,5000.0,,,This Leader cannot attack.[Activate: Main] DON!! −1 (You may return the specified number of DON!! cards from your field to your DON!! deck.) You may rest this Leader: Play up to 1 {Galley-La Company} type Character card with a cost of 5 or less from your hand.,,https://en.onepiece-cardgame.com/images/cardlist/card/OP03-058_p1.png?250502,0,True
OP03-059-0,OP03-059,0,Kaku,776.0,UC,Purple,OP03,6000.0,5.0,1000.0,"[When Attacking] DON!! −1 (You may return the specified number of DON!! cards from your field to your DON!! deck.): This Character gains [Banish] during this battle.(When this card deals damage, the target card is trashed without activating its Trigger.)",,https://en.onepiece-cardgame.com/images/cardlist/card/OP03-059.png?250502,0,True
OP03-061-0,OP03-061,0,Kiwi & Mozu,,C,Purple,OP03,4000.0,2.0,1000.0,-,,https://en.onepiece-cardgame.com/images/cardlist/card/OP03-061.png?250502,0,False
OP03-062-0,OP03-062,0,Kokoro,721.0,R,Purple,OP03,2000.0,1.0,1000.0,"[On Play] Look at 5 cards from the top of your deck; reveal up to 1 {Water Seven} type card other than [Kokoro] and add it to your hand. Then, place the rest at the bottom of your deck in any order.",,https://en.onepiece-cardgame.com/images/cardlist/card/OP03-062.png?250502,0,True
OP03-063-0,OP03-063,0,Zambai,63.0,UC,Purple,OP03,2000.0,3.0,,"[Blocker] (After your opponent declares an attack, you may rest this card to make it the new target of the attack.)[On Play] DON!! −1 (You may return the specified number of DON!! cards from your field to your DON!! deck.): If your Leader has the {Water Seven} type, draw 1 card.",,https://en.onepiece-cardgame.com/images/cardlist/card/OP03-063.png?250502,0,True
OP03-064-0,OP03-064,0,Tilestone,182.0,C,Purple,OP03,6000.0,5.0,1000.0,"[On K.O.] If your Leader has the {Galley-La Company} type, add up to 1 DON!! card from your DON!! deck and rest it.",,https://en.onepiece-cardgame.com/images/cardlist/card/OP03-064.png?250502,0,True
OP03-065-0,OP03-065,0,Chimney & Gonbe,,C,Purple,OP03,2000.0,2.0,1000.0,"[Blocker] (After your opponent declares an attack, you may rest this card to make it the new target of the attack.)",,https://en.onepiece-cardgame.com/images/cardlist/card/OP03-065.png?250502,0,False
OP03-066-0,OP03-066,0,Paulie,448.0,SR,Purple,OP03,6000.0,5.0,,"[On Play] ➁ (You may rest the specified number of DON!! cards in your cost area.): Add up to 1 DON!! card from your DON!! deck and set it as active. Then, if you have 8 or more DON!! cards on your field, K.O. up to 1 of your opponent's Characters with a cost of 4 or less.",,https://en.onepiece-cardgame.com/images/cardlist/card/OP03-066.png?250502,0,True
OP03-066-1,OP03-066,1,Paulie (Parallel),448.0,SR,Purple,OP03,6000.0,5.0,,"[On Play] ➁ (You may rest the specified number of DON!! cards in your cost area.): Add up to 1 DON!! card from your DON!! deck and set it as active. Then, if you have 8 or more DON!! cards on your field, K.O. up to 1 of your opponent's Characters with a cost of 4 or less.",,https://en.onepiece-cardgame.com/images/cardlist/card/OP03-066_p1.png?250502,0,True
OP03-067-0,OP03-067,0,Peepley Lulu,443.0,UC,Purple,OP03,5000.0,5.0,1000.0,"[DON!! x1] [When Attacking] If your Leader has the {Galley-La Company} type, add up to 1 DON!! card from your DON!! deck and rest it.",,https://en.onepiece-cardgame.com/images/cardlist/card/OP03-067.png?250502,0,True
OP03-068-0,OP03-068,0,Minozebra,584.0,C,Purple,OP03,5000.0,4.0,1000.0,"[Banish] (When this card deals damage, the target card is trashed without activating its Trigger.)[On K.O.] If your Leader has the {Impel Down} type, add up to 1 DON!! card from your DON!! deck and rest it.",,https://en.onepiece-cardgame.com/images/cardlist/card/OP03-068.png?250502,0,True
OP03-069-0,OP03-069,0,Minorhinoceros,590.0,C,Purple,OP03,5000.0,3.0,,"[On K.O.] If your Leader has the {Impel Down} type, draw 2 cards and trash 1 card from your hand.",,https://en.onepiece-cardgame.com/images/cardlist/card/OP03-069.png?250502,0,True
OP03-070-0,OP03-070,0,Monkey.D.Luffy,558.0,R,Purple,OP03,7000.0,6.0,,[On Play] DON!! −1 (You may return the specified number of DON!! cards from your field to your DON!! deck.) You may trash 1 Character card with a cost of 5 from your hand: This Character gains [Rush] during this turn.(This card can attack on the turn in which it is played.),,https://en.onepiece-cardgame.com/images/cardlist/card/OP03-070.png?250502,0,True
OP03-071-0,OP03-071,0,Rob Lucci,369.0,R,Purple,OP03,6000.0,5.0,1000.0,[When Attacking] DON!! −1 (You may return the specified number of DON!! cards from your field to your DON!! deck.): Rest up to 1 of your opponent's Characters with a cost of 5 or less.,,https://en.onepiece-cardgame.com/images/cardlist/card/OP03-071.png?250502,0,True
OP03-072-0,OP03-072,0,Gum-Gum Jet Gatling,,R,Purple,OP03,,,,[Counter] You may trash 1 card from your hand: Up to 1 of your Leader or Character cards gains +3000 power during this battle.,[Trigger] Add up to 1 DON!! card from your DON!! deck and set it as active.,https://en.onepiece-cardgame.com/images/cardlist/card/OP03-072.png?250502,0,False
OP03-073-0,OP03-073,0,Hull Dismantler Slash,,C,Purple,OP03,,1.0,,"[Main] DON!! -1 (You may return the specified number of DON!! cards from your field to your DON!! deck.): If your Leader has the {Water Seven} type, K.O. up to 1 of your opponent's Characters with a cost of 2 or less.",[Trigger] Activate this card's [Main] effect.,https://en.onepiece-cardgame.com/images/cardlist/card/OP03-073.png?250502,0,False
OP03-074-0,OP03-074,0,Top Knot,,UC,Purple,OP03,,2.0,,[Main] DON!! -2 (You may return the specified number of DON!! cards from your field to your DON!! deck.): Place up to 1 of your opponent's Characters with a cost of 4 or less at the bottom of the owner's deck.,[Trigger] Activate this card's [Main] effect.,https://en.onepiece-cardgame.com/images/cardlist/card/OP03-074.png?250502,0,False
OP03-075-0,OP03-075,0,Galley-La Company,,C,Purple,OP03,,3.0,,"[Activate: Main] You may rest this Stage: If your Leader is [Iceburg], add up to 1 DON!! card from your DON!! deck and rest it.",,https://en.onepiece-cardgame.com/images/cardlist/card/OP03-075.png?250502,0,False
OP03-076-0,OP03-076,0,Rob Lucci,369.0,L,Black,OP03,5000.0,,,"[Your Turn] [Once Per Turn] You may trash 2 cards from your hand: When your opponent's Character is K.O.'d, set this Leader as active.",,https://en.onepiece-cardgame.com/images/cardlist/card/OP03-076.png?250502,0,True
OP03-076-1,OP03-076,1,Rob Lucci (Parallel),369.0,L,Black,OP03,5000.0,,,"[Your Turn] [Once Per Turn] You may trash 2 cards from your hand: When your opponent's Character is K.O.'d, set this Leader as active.",,https://en.onepiece-cardgame.com/images/cardlist/card/OP03-076_p1.png?250502,0,True
OP03-077-0,OP03-077,0,Charlotte Linlin,1196.0,L,Black/Yellow,OP03,5000.0,,,"[DON!! x2] [When Attacking] ② (You may rest the specified number of DON!! cards in your cost area.) You may trash 1 card from your hand: If you have 1 or less Life cards, add up to 1 card from the top of your deck to the top of your Life cards.",,https://en.onepiece-cardgame.com/images/cardlist/card/OP03-077.png?250502,0,True
OP03-077-1,OP03-077,1,Charlotte Linlin (Parallel),1196.0,L,Black/Yellow,OP03,5000.0,,,"[DON!! x2] [When Attacking] ② (You may rest the specified number of DON!! cards in your cost area.) You may trash 1 card from your hand: If you have 1 or less Life cards, add up to 1 card from the top of your deck to the top of your Life cards.",,https://en.onepiece-cardgame.com/images/cardlist/card/OP03-077_p1.png?250502,0,True
OP03-078-0,OP03-078,0,Issho,836.0,SR,Black,OP03,9000.0,8.0,,"[DON!! x1] [Your Turn] Give all of your opponent's Characters −3 cost.[On Play] If your opponent has 6 or more cards in their hand, trash 2 cards from your opponent's hand.",,https://en.onepiece-cardgame.com/images/cardlist/card/OP03-078.png?250502,0,True
OP03-078-1,OP03-078,1,Issho (Parallel),836.0,SR,Black,OP03,9000.0,8.0,,"[DON!! x1] [Your Turn] Give all of your opponent's Characters −3 cost.[On Play] If your opponent has 6 or more cards in their hand, trash 2 cards from your opponent's hand.",,https://en.onepiece-cardgame.com/images/cardlist/card/OP03-078_p1.png?250502,0,True
OP03-080-0,OP03-080,0,Kaku,776.0,SR,Black,OP03,6000.0,5.0,1000.0,"[On Play] You may place 2 cards with a type including ""CP"" from your trash at the bottom of your deck in any order: K.O. up to 1 of your opponent's Characters with a cost of 3 or less.",,https://en.onepiece-cardgame.com/images/cardlist/card/OP03-080.png?250502,0,True
OP03-080-1,OP03-080,1,Kaku (Parallel),776.0,SR,Black,OP03,6000.0,5.0,1000.0,"[On Play] You may place 2 cards with a type including ""CP"" from your trash at the bottom of your deck in any order: K.O. up to 1 of your opponent's Characters with a cost of 3 or less.",,https://en.onepiece-cardgame.com/images/cardlist/card/OP03-080_p1.png?250502,0,True
OP03-081-0,OP03-081,0,Kalifa,772.0,R,Black,OP03,4000.0,4.0,2000.0,"[On Play] Draw 2 cards and trash 2 cards from your hand. Then, give up to 1 of your opponent's Characters −2 cost during this turn.",,https://en.onepiece-cardgame.com/images/cardlist/card/OP03-081.png?250502,0,True
OP03-081-1,OP03-081,1,Kalifa (Parallel),772.0,R,Black,OP03,4000.0,4.0,2000.0,"[On Play] Draw 2 cards and trash 2 cards from your hand. Then, give up to 1 of your opponent's Characters −2 cost during this turn.",,https://en.onepiece-cardgame.com/images/cardlist/card/OP03-081_p1.png?250502,0,True
OP03-082-0,OP03-082,0,Kumadori,702.0,C,Black,OP03,6000.0,4.0,1000.0,-,,https://en.onepiece-cardgame.com/images/cardlist/card/OP03-082.png?250502,0,True
OP03-083-0,OP03-083,0,Corgy,1127.0,C,Black,OP03,,1.0,1000.0,"[On Play] Look at 5 cards from the top of your deck and trash up to 2 cards. Then, place the rest at the bottom of your deck in any order.",,https://en.onepiece-cardgame.com/images/cardlist/card/OP03-083.png?250502,0,True
OP03-084-0,OP03-084,0,Jerry,811.0,C,Black,OP03,4000.0,2.0,1000.0,-,,https://en.onepiece-cardgame.com/images/cardlist/card/OP03-084.png?250502,0,True
OP03-085-0,OP03-085,0,Jabra,828.0,C,Black,OP03,7000.0,5.0,1000.0,-,,https://en.onepiece-cardgame.com/images/cardlist/card/OP03-085.png?250502,0,True
OP03-086-0,OP03-086,0,Spandam,246.0,R,Black,OP03,2000.0,1.0,1000.0,"[On Play] If your Leader's type includes ""CP"", look at 3 cards from the top of your deck; reveal up to 1 card with a type including ""CP"" other than [Spandam] and add it to your hand. Then, trash the rest.",,https://en.onepiece-cardgame.com/images/cardlist/card/OP03-086.png?250502,0,True
OP03-086-1,OP03-086,1,Spandam (Parallel),246.0,R,Black,OP03,2000.0,1.0,1000.0,"[On Play] If your Leader's type includes ""CP"", look at 3 cards from the top of your deck; reveal up to 1 card with a type including ""CP"" other than [Spandam] and add it to your hand. Then, trash the rest.",,https://en.onepiece-cardgame.com/images/cardlist/card/OP03-086_p1.png?250502,0,True
OP03-087-0,OP03-087,0,Nero,498.0,C,Black,OP03,5000.0,3.0,1000.0,-,,https://en.onepiece-cardgame.com/images/cardlist/card/OP03-087.png?250502,0,True
OP03-088-0,OP03-088,0,Fukurou,1007.0,UC,Black,OP03,3000.0,3.0,1000.0,"This Character cannot be K.O.'d by effects.[Blocker] (After your opponent declares an attack, you may rest this card to make it the new target of the attack.)",,https://en.onepiece-cardgame.com/images/cardlist/card/OP03-088.png?250502,0,True
OP03-090-0,OP03-090,0,Blueno,1307.0,R,Black,OP03,6000.0,5.0,1000.0,"[DON!! x1] This Character gains [Blocker].(After your opponent declares an attack, you may rest this card to make it the new target of the attack.)[On K.O.] Play up to 1 Character card with a type including ""CP"" and a cost of 4 or less from your trash rested.",,https://en.onepiece-cardgame.com/images/cardlist/card/OP03-090.png?250502,0,True
OP03-091-0,OP03-091,0,Helmeppo,908.0,C,Black,OP03,,1.0,1000.0,[On Play] Set the cost of up to 1 of your opponent's Characters with no base effect to 0 during this turn.,,https://en.onepiece-cardgame.com/images/cardlist/card/OP03-091.png?250502,0,True
OP03-092-0,OP03-092,0,Rob Lucci,369.0,SR,Black,OP03,7000.0,6.0,,"[On Play] You may place 2 cards with a type including ""CP"" from your trash at the bottom of your deck in any order: This Character gains [Rush] during this turn.(This card can attack on the turn in which it is played.)",,https://en.onepiece-cardgame.com/images/cardlist/card/OP03-092.png?250502,0,True
OP03-092-1,OP03-092,1,Rob Lucci (Parallel),369.0,SR,Black,OP03,7000.0,6.0,,"[On Play] You may place 2 cards with a type including ""CP"" from your trash at the bottom of your deck in any order: This Character gains [Rush] during this turn.(This card can attack on the turn in which it is played.)",,https://en.onepiece-cardgame.com/images/cardlist/card/OP03-092_p1.png?250502,0,True
OP03-093-0,OP03-093,0,Wanze,101.0,UC,Black,OP03,4000.0,2.0,,"[On Play] You may trash 1 card from your hand: If your Leader's type includes ""CP"", K.O. up to 1 of your opponent's Characters with a cost of 1 or less.",,https://en.onepiece-cardgame.com/images/cardlist/card/OP03-093.png?250502,0,True
OP03-095-0,OP03-095,0,Soap Sheep,,C,Black,OP03,,1.0,,[Main] Give up to 2 of your opponent's Characters -2 cost during this turn.,[Trigger] Your opponent trashes 1 card from their hand.,https://en.onepiece-cardgame.com/images/cardlist/card/OP03-095.png?250502,0,False
OP03-096-0,OP03-096,0,Tempest Kick Sky Slicer,,UC,Black,OP03,,2.0,,[Main] K.O. up to 1 of your opponent's Characters with a cost of 0 or your opponent's Stages with a cost of 3 or less.,[Trigger] Draw 2 cards.,https://en.onepiece-cardgame.com/images/cardlist/card/OP03-096.png?250502,0,False
OP03-097-0,OP03-097,0,Six King Pistol,,R,Black,OP03,,,,[Counter] You may trash 1 card from your hand: Up to 1 of your Leader or Character cards gains +3000 power during this battle.,"[Trigger] Draw 1 card. Then, K.O. up to 1 of your opponent's Characters with a cost of 1 or less.",https://en.onepiece-cardgame.com/images/cardlist/card/OP03-097.png?250502,0,False
OP03-098-0,OP03-098,0,Enies Lobby,,C,Black,OP03,,2.0,,"[Activate: Main] You may rest this Stage: If your Leader's type includes ""CP"", give up to 1 of your opponent's Characters -2 cost during this turn.",[Trigger] Play this card.,https://en.onepiece-cardgame.com/images/cardlist/card/OP03-098.png?250502,1,False
OP03-099-0,OP03-099,0,Charlotte Katakuri,1200.0,L,Yellow,OP03,5000.0,,,"[DON!! x1] [When Attacking] Look at up to 1 card from the top of your or your opponent's Life cards, and place it at the top or bottom of the Life cards. Then, this Leader gains +1000 power during this battle.",,https://en.onepiece-cardgame.com/images/cardlist/card/OP03-099.png?250502,0,True
OP03-099-1,OP03-099,1,Charlotte Katakuri (Parallel),1200.0,L,Yellow,OP03,5000.0,,,"[DON!! x1] [When Attacking] Look at up to 1 card from the top of your or your opponent's Life cards, and place it at the top or bottom of the Life cards. Then, this Leader gains +1000 power during this battle.",,https://en.onepiece-cardgame.com/images/cardlist/card/OP03-099_p1.png?250502,0,True
OP03-100-0,OP03-100,0,Kingbaum,735.0,C,Yellow,OP03,5000.0,3.0,,-,[Trigger] You may trash 1 card from the top or bottom of your Life cards: Play this card.,https://en.onepiece-cardgame.com/images/cardlist/card/OP03-100.png?250502,0,True
OP03-101-0,OP03-101,0,Camie,1262.0,C,Yellow,OP03,3000.0,1.0,1000.0,-,,https://en.onepiece-cardgame.com/images/cardlist/card/OP03-101.png?250502,0,True
OP03-102-0,OP03-102,0,Sanji,326.0,R,Yellow,OP03,3000.0,2.0,2000.0,[DON!! x2] [When Attacking] You may add 1 card from the top or bottom of your Life cards to your hand: Add up to 1 card from the top of your deck to the top of your Life cards.,,https://en.onepiece-cardgame.com/images/cardlist/card/OP03-102.png?250502,0,True
OP03-103-0,OP03-103,0,Bobbin the Disposer,,C,Yellow,OP03,4000.0,2.0,1000.0,-,,https://en.onepiece-cardgame.com/images/cardlist/card/OP03-103.png?250502,0,False
OP03-104-0,OP03-104,0,Shirley,265.0,UC,Yellow,OP03,3000.0,3.0,1000.0,"[Blocker] (After your opponent declares an attack, you may rest this card to make it the new target of the attack.)[On Play] Look at up to 1 card from the top of your or your opponent's Life cards, and place it at the top or bottom of the Life cards.",,https://en.onepiece-cardgame.com/images/cardlist/card/OP03-104.png?250502,0,True
OP03-105-0,OP03-105,0,Charlotte Oven,1175.0,UC,Yellow,OP03,4000.0,3.0,1000.0,[DON!! x1] [When Attacking] You may trash 1 card with a [Trigger] from your hand: This Character gains +3000 power during this battle.,,https://en.onepiece-cardgame.com/images/cardlist/card/OP03-105.png?250502,0,True
OP03-106-0,OP03-106,0,Charlotte Opera,1176.0,C,Yellow,OP03,6000.0,4.0,1000.0,-,,https://en.onepiece-cardgame.com/images/cardlist/card/OP03-106.png?250502,0,True
OP03-107-0,OP03-107,0,Charlotte Galette,1205.0,C,Yellow,OP03,2000.0,2.0,1000.0,"[Blocker] (After your opponent declares an attack, you may rest this card to make it the new target of the attack.)",,https://en.onepiece-cardgame.com/images/cardlist/card/OP03-107.png?250502,0,True
OP03-108-1,OP03-108,1,Charlotte Cracker (Parallel),1216.0,SR,Yellow,OP03,5000.0,4.0,1000.0,"[DON!! x1] If you have less Life cards than your opponent, this Character gains [Double Attack] and +1000 power.(This card deals 2 damage.)",[Trigger] You may trash 1 card from your hand: Play this card.,https://en.onepiece-cardgame.com/images/cardlist/card/OP03-108_p1.png?250502,0,True
OP03-109-0,OP03-109,0,Charlotte Chiffon,1222.0,C,Yellow,OP03,3000.0,2.0,,[On Play] You may trash 1 card from the top or bottom of your Life cards: Add up to 1 card from the top of your deck to the top of your Life cards.,,https://en.onepiece-cardgame.com/images/cardlist/card/OP03-109.png?250502,0,True
OP03-111-0,OP03-111,0,Charlotte Praline,1171.0,C,Yellow,OP03,5000.0,3.0,1000.0,-,,https://en.onepiece-cardgame.com/images/cardlist/card/OP03-111.png?250502,0,True
OP03-112-0,OP03-112,0,Charlotte Pudding,1170.0,R,Yellow,OP03,2000.0,1.0,1000.0,"[On Play] Look at 4 cards from the top of your deck; reveal up to 1 [Sanji] or {Big Mom Pirates} type card other than [Charlotte Pudding] and add it to your hand. Then, place the rest at the bottom of your deck in any order.",,https://en.onepiece-cardgame.com/images/cardlist/card/OP03-112.png?250502,0,True
OP03-112-1,OP03-112,1,Charlotte Pudding (Parallel),1170.0,R,Yellow,OP03,2000.0,1.0,1000.0,"[On Play] Look at 4 cards from the top of your deck; reveal up to 1 [Sanji] or {Big Mom Pirates} type card other than [Charlotte Pudding] and add it to your hand. Then, place the rest at the bottom of your deck in any order.",,https://en.onepiece-cardgame.com/images/cardlist/card/OP03-112_p1.png?250502,0,True
OP03-113-1,OP03-113,1,Charlotte Perospero (Parallel),1174.0,SR,Yellow,OP03,5000.0,3.0,,"[On K.O.] Look at 3 cards from the top of your deck; reveal up to 1 {Big Mom Pirates} type card and add it to your hand. Then, place the rest at the bottom of your deck in any order.",[Trigger] You may trash 1 card from your hand: Play this card.,https://en.onepiece-cardgame.com/images/cardlist/card/OP03-113_p1.png?250502,0,True
OP03-114-0,OP03-114,0,Charlotte Linlin,1196.0,SR,Yellow,OP03,12000.0,10.0,,"[On Play] If your Leader has the {Big Mom Pirates} type, add up to 1 card from the top of your deck to the top of your Life cards. Then, trash up to 1 card from the top of your opponent's Life cards.",,https://en.onepiece-cardgame.com/images/cardlist/card/OP03-114.png?250502,0,True
OP03-114-1,OP03-114,1,Charlotte Linlin (Parallel),1196.0,SR,Yellow,OP03,12000.0,10.0,,"[On Play] If your Leader has the {Big Mom Pirates} type, add up to 1 card from the top of your deck to the top of your Life cards. Then, trash up to 1 card from the top of your opponent's Life cards.",,https://en.onepiece-cardgame.com/images/cardlist/card/OP03-114_p1.png?250502,0,True
OP03-115-0,OP03-115,0,Streusen,227.0,R,Yellow,OP03,1000.0,1.0,2000.0,[On Play] You may trash 1 card with a [Trigger] from your hand: K.O. up to 1 of your opponent's Characters with a cost of 1 or less.,,https://en.onepiece-cardgame.com/images/cardlist/card/OP03-115.png?250502,0,True
OP03-117-0,OP03-117,0,Napoleon,519.0,UC,Yellow,OP03,3000.0,3.0,1000.0,[Activate: Main] You may rest this Character: Up to 1 of your [Charlotte Linlin] cards gains +1000 power until the start of your next turn.,[Trigger] Play this card.,https://en.onepiece-cardgame.com/images/cardlist/card/OP03-117.png?250502,0,True
OP03-118-0,OP03-118,0,Ikoku Sovereignty,,UC,Yellow,OP03,,2.0,,[Counter] Up to 1 of your Leader or Character cards gains +5000 power during this battle.,[Trigger] You may trash 2 cards from your hand: Add up to 1 card from the top of your deck to the top of your Life cards.,https://en.onepiece-cardgame.com/images/cardlist/card/OP03-118.png?250502,0,False
OP03-119-0,OP03-119,0,Buzz Cut Mochi,,R,Yellow,OP03,,2.0,,"[Main] If you have less Life cards than your opponent, K.O. up to 1 of your opponent's Characters with a cost of 4 or less.",[Trigger] Play up to 1 Character card with a cost of 4 or less and a [Trigger] from your hand.,https://en.onepiece-cardgame.com/images/cardlist/card/OP03-119.png?250502,0,False
OP03-120-0,OP03-120,0,Tropical Torment,,C,Yellow,OP03,,3.0,,"[Main] If your opponent has 4 or more Life cards, trash up to 1 card from the top of your opponent's Life cards.",[Trigger] Activate this card's [Main] effect.,https://en.onepiece-cardgame.com/images/cardlist/card/OP03-120.png?250502,0,False
OP03-122-1,OP03-122,1,Sogeking (Parallel),136.0,SEC,Blue,OP03,6000.0,7.0,1000.0,"Also treat this card's name as [Usopp] according to the rules.[On Play] Return up to 1 Character with a cost of 6 or less to the owner's hand. Then, draw 2 cards and trash 2 cards from your hand.",,https://en.onepiece-cardgame.com/images/cardlist/card/OP03-122_p1.png?250502,0,True
OP03-122-2,OP03-122,2,Sogeking (Parallel),136.0,SEC,Blue,OP03,6000.0,7.0,1000.0,"Also treat this card's name as [Usopp] according to the rules.[On Play] Return up to 1 Character with a cost of 6 or less to the owner's hand. Then, draw 2 cards and trash 2 cards from your hand.",,https://en.onepiece-cardgame.com/images/cardlist/card/OP03-122_p2.png?250502,0,True
OP03-123-1,OP03-123,1,Charlotte Katakuri (Parallel),1200.0,SEC,Yellow,OP03,8000.0,8.0,,[On Play] Add up to 1 Character with a cost of 8 or less to the top or bottom of the owner's Life cards face-up.,,https://en.onepiece-cardgame.com/images/cardlist/card/OP03-123_p1.png?250502,0,True
OP01-051-2,OP01-051,2,"Eustass""Captain""Kid (Parallel)",1034.0,SP CARD,Green,OP01,8000.0,8.0,,"[DON!! x1] [Opponent's Turn] If this Character is rested, your opponent cannot attack any card other than the Character [Eustass""Captain""Kid].[Activate: Main] [Once Per Turn] You may rest this Character: Play up to 1 Character card with a cost of 3 or less from your hand.",,https://en.onepiece-cardgame.com/images/cardlist/card/OP01-051_p2.png?250502,0,True
ST01-012-1,ST01-012,1,Monkey.D.Luffy (Parallel),558.0,SP CARD,Red,ST01,6000.0,5.0,,[Rush] (This card can attack on the turn in which it is played.)[DON!! x2] [When Attacking] Your opponent cannot activate [Blocker] during this battle.,,https://en.onepiece-cardgame.com/images/cardlist/card/ST01-012_p1.png?250502,0,True
ST03-009-1,ST03-009,1,Donquixote Doflamingo (Parallel),1070.0,SP CARD,Blue,ST03,7000.0,7.0,,[On Play] Return up to 1 Character with a cost of 7 or less to the owner's hand.,,https://en.onepiece-cardgame.com/images/cardlist/card/ST03-009_p1.png?250502,0,True
ST04-003-1,ST04-003,1,Kaido (Parallel),783.0,SP CARD,Purple,ST04,10000.0,9.0,,[On Play] DON!! −5 (You may return the specified number of DON!! cards from your field to your DON!! deck.): K.O. up to 1 of your opponent's Characters with a cost of 6 or less. This Character gains [Rush] during this turn.(This card can attack on the turn in which it is played.),,https://en.onepiece-cardgame.com/images/cardlist/card/ST04-003_p1.png?250502,0,True
OP02-001-0,OP02-001,0,Edward.Newgate,1051.0,L,Red,OP02,6000.0,,,[End of Your Turn] Add 1 card from the top of your Life cards to your hand.,,https://en.onepiece-cardgame.com/images/cardlist/card/OP02-001.png?250502,0,True
OP02-001-1,OP02-001,1,Edward.Newgate (Parallel),1051.0,L,Red,OP02,6000.0,,,[End of Your Turn] Add 1 card from the top of your Life cards to your hand.,,https://en.onepiece-cardgame.com/images/cardlist/card/OP02-001_p1.png?250502,0,True
OP02-002-0,OP02-002,0,Monkey.D.Garp,559.0,L,Red/Black,OP02,5000.0,,,"[Your Turn] When this Leader or 1 of your Characters is given a DON!! card, give up to 1 of your opponent's Characters with a cost of 7 or less −1 cost during this turn.",,https://en.onepiece-cardgame.com/images/cardlist/card/OP02-002.png?250502,0,True
OP02-002-1,OP02-002,1,Monkey.D.Garp (Parallel),559.0,L,Red/Black,OP02,5000.0,,,"[Your Turn] When this Leader or 1 of your Characters is given a DON!! card, give up to 1 of your opponent's Characters with a cost of 7 or less −1 cost during this turn.",,https://en.onepiece-cardgame.com/images/cardlist/card/OP02-002_p1.png?250502,0,True
OP02-003-0,OP02-003,0,Atmos,1344.0,C,Red,OP02,6000.0,4.0,1000.0,-,,https://en.onepiece-cardgame.com/images/cardlist/card/OP02-003.png?250502,0,True
OP02-004-1,OP02-004,1,Edward.Newgate (Parallel),1051.0,SR,Red,OP02,10000.0,9.0,,"[On Play] Up to 1 of your Leader gains +2000 power until the start of your next turn. Then, you cannot add Life cards to your hand using your own effects during this turn.[DON!! x2] [When Attacking] K.O. up to 1 of your opponent's Characters with 3000 power or less.",,https://en.onepiece-cardgame.com/images/cardlist/card/OP02-004_p1.png?250502,0,True
OP02-005-0,OP02-005,0,Curly.Dadan,1117.0,UC,Red,OP02,3000.0,2.0,1000.0,"[On Play] Look at up to 5 cards from the top of your deck; reveal up to 1 red Character with a cost of 1 and add it to your hand. Then, place the rest at the bottom of your deck in any order.",,https://en.onepiece-cardgame.com/images/cardlist/card/OP02-005.png?250502,0,True
OP02-006-0,OP02-006,0,Kingdew,734.0,C,Red,OP02,7000.0,5.0,1000.0,-,,https://en.onepiece-cardgame.com/images/cardlist/card/OP02-006.png?250502,0,True
OP02-007-0,OP02-007,0,Thatch,184.0,C,Red,OP02,8000.0,6.0,1000.0,-,,https://en.onepiece-cardgame.com/images/cardlist/card/OP02-007.png?250502,0,True
OP02-008-0,OP02-008,0,Jozu,791.0,R,Red,OP02,4000.0,4.0,2000.0,"[DON!! x1] If you have 2 or less Life cards and your Leader's type includes ""Whitebeard Pirates"", this Character gains [Rush].(This card can attack on the turn in which it is played.)",,https://en.onepiece-cardgame.com/images/cardlist/card/OP02-008.png?250502,0,True
OP02-009-0,OP02-009,0,Squard,234.0,UC,Red,OP02,5000.0,3.0,,"[On Play] If your Leader's type includes ""Whitebeard Pirates"", give up to 1 of your opponent's Characters −4000 power during this turn and add 1 card from the top of your Life cards to your hand.",,https://en.onepiece-cardgame.com/images/cardlist/card/OP02-009.png?250502,0,True
OP02-009-1,OP02-009,1,Squard (Parallel),234.0,UC,Red,OP02,5000.0,3.0,,"[On Play] If your Leader's type includes ""Whitebeard Pirates"", give up to 1 of your opponent's Characters −4000 power during this turn and add 1 card from the top of your Life cards to your hand.",,https://en.onepiece-cardgame.com/images/cardlist/card/OP02-009_p1.png?250502,0,True
OP02-010-0,OP02-010,0,Dogura,1078.0,C,Red,OP02,2000.0,1.0,1000.0,[Activate: Main] You may rest this Character: Play up to 1 red Character other than [Dogura] with a cost of 1 from your hand.,,https://en.onepiece-cardgame.com/images/cardlist/card/OP02-010.png?250502,0,True
OP02-011-0,OP02-011,0,Vista,115.0,R,Red,OP02,3000.0,3.0,1000.0,[On Play] K.O. up to 1 of your opponent's Characters with 3000 power or less.,,https://en.onepiece-cardgame.com/images/cardlist/card/OP02-011.png?250502,0,True
OP02-012-0,OP02-012,0,Blenheim,1310.0,C,Red,OP02,3000.0,2.0,,"[Blocker] (After your opponent declares an attack, you may rest this card to make it the new target of the attack.)",,https://en.onepiece-cardgame.com/images/cardlist/card/OP02-012.png?250502,0,True
OP02-013-1,OP02-013,1,Portgas.D.Ace (Parallel),416.0,SR,Red,OP02,7000.0,7.0,,"[On Play] Give up to 2 of your opponent's Characters −3000 power during this turn. Then, if your Leader's type includes ""Whitebeard Pirates"", this Character gains [Rush] during this turn.(This card can attack on the turn in which it is played.)",,https://en.onepiece-cardgame.com/images/cardlist/card/OP02-013_p1.png?250502,0,True
OP02-013-2,OP02-013,2,Portgas.D.Ace (Parallel),416.0,SR,Red,OP02,7000.0,7.0,,"[On Play] Give up to 2 of your opponent's Characters −3000 power during this turn. Then, if your Leader's type includes ""Whitebeard Pirates"", this Character gains [Rush] during this turn.(This card can attack on the turn in which it is played.)",,https://en.onepiece-cardgame.com/images/cardlist/card/OP02-013_p2.png?250502,0,True
OP02-014-0,OP02-014,0,Whitey Bay,100.0,UC,Red,OP02,2000.0,1.0,1000.0,[DON!! x1] This Character can also attack your opponent's active Characters.,,https://en.onepiece-cardgame.com/images/cardlist/card/OP02-014.png?250502,0,True
OP02-016-0,OP02-016,0,Magura,645.0,C,Red,OP02,2000.0,1.0,1000.0,[On Play] Up to 1 of your red Characters with a cost of 1 gains +3000 power during this turn.,,https://en.onepiece-cardgame.com/images/cardlist/card/OP02-016.png?250502,0,True
OP02-017-0,OP02-017,0,Masked Deuce,618.0,R,Red,OP02,3000.0,2.0,2000.0,[DON!! x2] [When Attacking] K.O. up to 1 of your opponent's Characters with 2000 power or less.,,https://en.onepiece-cardgame.com/images/cardlist/card/OP02-017.png?250502,0,True
OP02-017-1,OP02-017,1,Masked Deuce (Parallel),618.0,R,Red,OP02,3000.0,2.0,2000.0,[DON!! x2] [When Attacking] K.O. up to 1 of your opponent's Characters with 2000 power or less.,,https://en.onepiece-cardgame.com/images/cardlist/card/OP02-017_p1.png?250502,0,True
OP02-018-1,OP02-018,1,Marco (Parallel),635.0,R,Red,OP02,5000.0,4.0,1000.0,"[Blocker] (After your opponent declares an attack, you may rest this card to make it the new target of the attack.)[On K.O.] You may trash 1 card with a type including ""Whitebeard Pirates"" from your hand: If you have 2 or less Life cards, play this Character card from your trash rested.",,https://en.onepiece-cardgame.com/images/cardlist/card/OP02-018_p1.png?250502,0,True
OP02-019-0,OP02-019,0,Rakuyo,393.0,UC,Red,OP02,4000.0,3.0,1000.0,"[DON!! x1] [Your Turn] All of your Characters with a type including ""Whitebeard Pirates"" gain +1000 power.",,https://en.onepiece-cardgame.com/images/cardlist/card/OP02-019.png?250502,0,True
OP02-020-0,OP02-020,0,LittleOars Jr.,660.0,C,Red,OP02,9000.0,7.0,1000.0,-,,https://en.onepiece-cardgame.com/images/cardlist/card/OP02-020.png?250502,0,True
OP02-021-0,OP02-021,0,Seaquake,,R,Red,OP02,,1.0,,"[Main] If your Leader's type includes ""Whitebeard Pirates"", K.O. up to 1 of your opponent's Characters with 3000 power or less.",[Trigger] Give up to 1 of your opponent's Leader or Character cards −3000 power during this turn.,https://en.onepiece-cardgame.com/images/cardlist/card/OP02-021.png?250502,0,False
OP02-022-0,OP02-022,0,Whitebeard Pirates,,UC,Red,OP02,,1.0,,"[Main] Look at 5 cards from the top of your deck; reveal up to 1 Character card with a type including ""Whitebeard Pirates"" and add it to your hand. Then, place the rest at the bottom of your deck in any order.[Trigger] Activate this card's [Main] effect.",,https://en.onepiece-cardgame.com/images/cardlist/card/OP02-022.png?250502,0,False
OP02-023-0,OP02-023,0,You May Be a Fool...but I Still Love You,,C,Red,OP02,,1.0,,"[Main] If you have 3 or less Life cards, you cannot add Life cards to your hand using your own effects during this turn.",[Trigger] Up to 1 of your Leader gains +1000 power during this turn.,https://en.onepiece-cardgame.com/images/cardlist/card/OP02-023.png?250502,0,False
OP02-024-0,OP02-024,0,Moby Dick,,C,Red,OP02,,2.0,,"[Your Turn] If you have 1 or less Life cards, your [Edward.Newgate] and all your Characters with a type including ""Whitebeard Pirates"" gain +2000 power.",[Trigger] Play this card.,https://en.onepiece-cardgame.com/images/cardlist/card/OP02-024.png?250502,1,False
OP02-025-0,OP02-025,0,Kin'emon,742.0,L,Green,OP02,5000.0,,,"[Activate: Main] [Once Per Turn] If you have 1 or less Characters, the next time you play a {Land of Wano} type Character card with a cost of 3 or more from your hand during this turn, the cost will be reduced by 1.",,https://en.onepiece-cardgame.com/images/cardlist/card/OP02-025.png?250502,0,True
OP02-025-1,OP02-025,1,Kin'emon (Parallel),742.0,L,Green,OP02,5000.0,,,"[Activate: Main] [Once Per Turn] If you have 1 or less Characters, the next time you play a {Land of Wano} type Character card with a cost of 3 or more from your hand during this turn, the cost will be reduced by 1.",,https://en.onepiece-cardgame.com/images/cardlist/card/OP02-025_p1.png?250502,0,True
OP02-026-0,OP02-026,0,Sanji,326.0,L,Green/Blue,OP02,5000.0,,,"[Once Per Turn] When you play a Character with no base effect from your hand, if you have 3 or less Characters, set up to 2 of your DON!! cards as active.",,https://en.onepiece-cardgame.com/images/cardlist/card/OP02-026.png?250502,0,True
OP02-026-1,OP02-026,1,Sanji (Parallel),326.0,L,Green/Blue,OP02,5000.0,,,"[Once Per Turn] When you play a Character with no base effect from your hand, if you have 3 or less Characters, set up to 2 of your DON!! cards as active.",,https://en.onepiece-cardgame.com/images/cardlist/card/OP02-026_p1.png?250502,0,True
OP02-027-0,OP02-027,0,Inuarashi,844.0,UC,Green,OP02,4000.0,3.0,1000.0,"If all of your DON!! cards are rested, this Character cannot be removed from the field by your opponent's effects.",,https://en.onepiece-cardgame.com/images/cardlist/card/OP02-027.png?250502,0,True
OP02-028-0,OP02-028,0,Usopp,136.0,C,Green,OP02,5000.0,3.0,1000.0,-,,https://en.onepiece-cardgame.com/images/cardlist/card/OP02-028.png?250502,0,True
OP02-029-0,OP02-029,0,Carrot,1252.0,R,Green,OP02,5000.0,5.0,2000.0,[End of Your Turn] Set up to 1 of your DON!! cards as active.,,https://en.onepiece-cardgame.com/images/cardlist/card/OP02-029.png?250502,0,True
OP02-030-0,OP02-030,0,Kouzuki Oden,708.0,SR,Green,OP02,8000.0,8.0,,"[Activate: Main] [Once Per Turn] ③ (You may rest the specified number of DON!! cards in your cost area.): Set this Character as active.[On K.O.] Play up to 1 green {Land of Wano} type Character card with a cost of 3 from your deck. Then, shuffle your deck.",,https://en.onepiece-cardgame.com/images/cardlist/card/OP02-030.png?250502,0,True
OP02-030-1,OP02-030,1,Kouzuki Oden (Parallel),708.0,SR,Green,OP02,8000.0,8.0,,"[Activate: Main] [Once Per Turn] ③ (You may rest the specified number of DON!! cards in your cost area.): Set this Character as active.[On K.O.] Play up to 1 green {Land of Wano} type Character card with a cost of 3 from your deck. Then, shuffle your deck.",,https://en.onepiece-cardgame.com/images/cardlist/card/OP02-030_p1.png?250502,0,True
OP02-031-0,OP02-031,0,Kouzuki Toki,705.0,UC,Green,OP02,,1.0,1000.0,"If you have a [Kouzuki Oden] Character, this Character gains [Blocker].(After your opponent declares an attack, you may rest this card to make it the new target of the attack.)",,https://en.onepiece-cardgame.com/images/cardlist/card/OP02-031.png?250502,0,True
OP02-031-1,OP02-031,1,Kouzuki Toki (Parallel),705.0,UC,Green,OP02,,1.0,1000.0,"If you have a [Kouzuki Oden] Character, this Character gains [Blocker].(After your opponent declares an attack, you may rest this card to make it the new target of the attack.)",,https://en.onepiece-cardgame.com/images/cardlist/card/OP02-031_p1.png?250502,0,True
OP02-032-0,OP02-032,0,Shishilian,270.0,UC,Green,OP02,3000.0,2.0,1000.0,[On Play] ② (You may rest the specified number of DON!! cards in your cost area.): Set up to 1 of your {Minks} type Characters with a cost of 5 or less as active.,,https://en.onepiece-cardgame.com/images/cardlist/card/OP02-032.png?250502,0,True
OP02-033-0,OP02-033,0,Jinbe,807.0,C,Green,OP02,4000.0,2.0,1000.0,-,,https://en.onepiece-cardgame.com/images/cardlist/card/OP02-033.png?250502,0,True
OP02-034-0,OP02-034,0,Tony Tony.Chopper,175.0,UC,Green,OP02,2000.0,2.0,2000.0,[DON!! x1] [When Attacking] Rest up to 1 of your opponent's Characters with a cost of 2 or less.,,https://en.onepiece-cardgame.com/images/cardlist/card/OP02-034.png?250502,0,True
OP02-035-0,OP02-035,0,Trafalgar Law,169.0,C,Green,OP02,3000.0,2.0,1000.0,[Activate: Main] ➀ (You may rest the specified number of DON!! cards in your cost area.) You may return this Character to the owner's hand: Play up to 1 Character with a cost of 3 from your hand.,,https://en.onepiece-cardgame.com/images/cardlist/card/OP02-035.png?250502,0,True
OP02-036-0,OP02-036,0,Nami,515.0,SR,Green,OP02,5000.0,3.0,,"[On Play]/[When Attacking] ➀ (You may rest the specified number of DON!! cards in your cost area.): Look at 3 cards from the top of your deck; reveal up to 1 {FILM} type card other than [Nami] and add it to your hand. Then, place the rest at the bottom of your deck in any order.",,https://en.onepiece-cardgame.com/images/cardlist/card/OP02-036.png?250502,0,True
OP02-036-1,OP02-036,1,Nami (Parallel),515.0,SR,Green,OP02,5000.0,3.0,,"[On Play]/[When Attacking] ➀ (You may rest the specified number of DON!! cards in your cost area.): Look at 3 cards from the top of your deck; reveal up to 1 {FILM} type card other than [Nami] and add it to your hand. Then, place the rest at the bottom of your deck in any order.",,https://en.onepiece-cardgame.com/images/cardlist/card/OP02-036_p1.png?250502,0,True
OP02-037-0,OP02-037,0,Nico Robin,495.0,UC,Green,OP02,4000.0,3.0,1000.0,[On Play] Play up to 1 {FILM} or {Straw Hat Crew} type Character card with a cost of 2 or less from your hand.,,https://en.onepiece-cardgame.com/images/cardlist/card/OP02-037.png?250502,0,True
OP02-038-0,OP02-038,0,Nekomamushi,504.0,C,Green,OP02,4000.0,3.0,,"[Blocker] (After your opponent declares an attack, you may rest this card to make it the new target of the attack.)",,https://en.onepiece-cardgame.com/images/cardlist/card/OP02-038.png?250502,0,True
OP02-039-0,OP02-039,0,Franky,1014.0,C,Green,OP02,7000.0,5.0,1000.0,-,,https://en.onepiece-cardgame.com/images/cardlist/card/OP02-039.png?250502,0,True
OP02-040-0,OP02-040,0,Brook,1282.0,R,Green,OP02,5000.0,4.0,1000.0,[On Play] Play up to 1 {FILM} or {Straw Hat Crew} type Character card with a cost of 3 or less from your hand.,,https://en.onepiece-cardgame.com/images/cardlist/card/OP02-040.png?250502,0,True
OP02-041-0,OP02-041,0,Monkey.D.Luffy,558.0,R,Green,OP02,7000.0,7.0,,"[Blocker] (After your opponent declares an attack, you may rest this card to make it the new target of the attack.)[On Play] Play up to 1 {FILM} or {Straw Hat Crew} type Character card with a cost of 4 or less from your hand.",,https://en.onepiece-cardgame.com/images/cardlist/card/OP02-041.png?250502,0,True
OP02-041-1,OP02-041,1,Monkey.D.Luffy (Parallel),558.0,R,Green,OP02,7000.0,7.0,,"[Blocker] (After your opponent declares an attack, you may rest this card to make it the new target of the attack.)[On Play] Play up to 1 {FILM} or {Straw Hat Crew} type Character card with a cost of 4 or less from your hand.",,https://en.onepiece-cardgame.com/images/cardlist/card/OP02-041_p1.png?250502,0,True
OP02-042-0,OP02-042,0,Yamato,88.0,R,Green,OP02,6000.0,4.0,,Also treat this card's name as [Kouzuki Oden] according to the rules.[On Play] Rest up to 1 of your opponent's Characters with a cost of 6 or less.,,https://en.onepiece-cardgame.com/images/cardlist/card/OP02-042.png?250502,0,True
OP02-043-0,OP02-043,0,Roronoa Zoro,357.0,C,Green,OP02,6000.0,4.0,1000.0,-,,https://en.onepiece-cardgame.com/images/cardlist/card/OP02-043.png?250502,0,True
OP02-044-0,OP02-044,0,Wanda,105.0,C,Green,OP02,3000.0,2.0,1000.0,[On Play] Play up to 1 {Minks} type Character card other than [Wanda] with a cost of 3 or less from your hand.,,https://en.onepiece-cardgame.com/images/cardlist/card/OP02-044.png?250502,0,True
OP02-045-0,OP02-045,0,Three Sword Style Oni Giri,,C,Green,OP02,,3.0,,"[Counter] Up to 1 of your Leader or Character cards gains +6000 power during this battle. Then, play up to 1 Character card with a cost of 3 or less and no base effect from your hand.",[Trigger] Rest up to 1 of your opponent's Leader or Character cards with a cost of 5 or less.,https://en.onepiece-cardgame.com/images/cardlist/card/OP02-045.png?250502,0,False
OP02-046-0,OP02-046,0,Diable Jambe Venaison Shoot,,UC,Green,OP02,,2.0,,[Main] K.O. up to 1 of your opponent's rested Characters with a cost of 4 or less.,[Trigger] Play up to 1 Character card with a cost of 4 or less and no base effect from your hand.,https://en.onepiece-cardgame.com/images/cardlist/card/OP02-046.png?250502,0,False
OP02-047-0,OP02-047,0,Paradise Totsuka,,R,Green,OP02,,1.0,,[Main] Rest up to 1 of your opponent's Characters with a cost of 4 or less.,[Trigger] K.O. up to 1 of your opponent's rested Characters with a cost of 3 or less.,https://en.onepiece-cardgame.com/images/cardlist/card/OP02-047.png?250502,0,False
OP02-048-0,OP02-048,0,Land of Wano,,C,Green,OP02,,1.0,,[Activate: Main] You may trash 1 {Land of Wano} type card from your hand and rest this Stage: Set up to 1 of your DON!! cards as active.,,https://en.onepiece-cardgame.com/images/cardlist/card/OP02-048.png?250502,0,False
OP02-049-0,OP02-049,0,Emporio.Ivankov,1043.0,L,Blue,OP02,5000.0,,,"[End of Your Turn] If you have 0 cards in your hand, draw 2 cards.",,https://en.onepiece-cardgame.com/images/cardlist/card/OP02-049.png?250502,0,True
OP02-049-1,OP02-049,1,Emporio.Ivankov (Parallel),1043.0,L,Blue,OP02,5000.0,,,"[End of Your Turn] If you have 0 cards in your hand, draw 2 cards.",,https://en.onepiece-cardgame.com/images/cardlist/card/OP02-049_p1.png?250502,0,True
OP02-050-0,OP02-050,0,Inazuma,854.0,R,Blue,OP02,5000.0,4.0,1000.0,"If you have 1 or less cards in your hand, this Character gains +2000 power.[Blocker] (After your opponent declares an attack, you may rest this card to make it the new target of the attack.)",,https://en.onepiece-cardgame.com/images/cardlist/card/OP02-050.png?250502,0,True
OP02-051-0,OP02-051,0,Emporio.Ivankov,1043.0,SR,Blue,OP02,7000.0,7.0,,[On Play] Draw card(s) so that you have 3 cards in your hand and then play up to 1 blue {Impel Down} type Character card with a cost of 6 or less from your hand.,,https://en.onepiece-cardgame.com/images/cardlist/card/OP02-051.png?250502,0,True
OP02-051-1,OP02-051,1,Emporio.Ivankov (Parallel),1043.0,SR,Blue,OP02,7000.0,7.0,,[On Play] Draw card(s) so that you have 3 cards in your hand and then play up to 1 blue {Impel Down} type Character card with a cost of 6 or less from your hand.,,https://en.onepiece-cardgame.com/images/cardlist/card/OP02-051_p1.png?250502,0,True
OP02-052-0,OP02-052,0,Cabaji,1265.0,C,Blue,OP02,3000.0,2.0,1000.0,"[On Play] If you have [Mohji], draw 2 cards and trash 1 card from your hand.",,https://en.onepiece-cardgame.com/images/cardlist/card/OP02-052.png?250502,1,True
OP02-053-0,OP02-053,0,Crocodile,1120.0,C,Blue,OP02,7000.0,5.0,1000.0,-,,https://en.onepiece-cardgame.com/images/cardlist/card/OP02-053.png?250502,0,True
OP02-054-0,OP02-054,0,Gecko Moria,984.0,C,Blue,OP02,6000.0,4.0,1000.0,-,,https://en.onepiece-cardgame.com/images/cardlist/card/OP02-054.png?250502,0,True
OP02-055-0,OP02-055,0,Dracule Mihawk,1061.0,C,Blue,OP02,8000.0,6.0,1000.0,-,,https://en.onepiece-cardgame.com/images/cardlist/card/OP02-055.png?250502,0,True
OP02-056-0,OP02-056,0,Donquixote Doflamingo,1070.0,UC,Blue,OP02,2000.0,1.0,,[On Play] Look at 3 cards from the top of your deck and place them at the top or bottom of the deck in any order.[DON!! x1] [When Attacking] You may trash 1 card from your hand: Place up to 1 of your opponent's Characters with a cost of 1 or less at the bottom of the owner's deck.,,https://en.onepiece-cardgame.com/images/cardlist/card/OP02-056.png?250502,0,True
OP02-057-0,OP02-057,0,Bartholomew Kuma,1326.0,UC,Blue,OP02,3000.0,3.0,1000.0,"[On Play] Look at 2 cards from the top of your deck; reveal up to 1 {The Seven Warlords of the Sea} type card and add it to your hand. Then, place the rest at the top or bottom of the deck in any order.",,https://en.onepiece-cardgame.com/images/cardlist/card/OP02-057.png?250502,0,True
OP02-058-0,OP02-058,0,Buggy,1280.0,R,Blue,OP02,2000.0,1.0,1000.0,"[On Play] Look at 5 cards from the top of your deck; reveal up to 1 blue {Impel Down} type card other than [Buggy] and add it to your hand. Then, place the rest at the bottom of your deck in any order.",,https://en.onepiece-cardgame.com/images/cardlist/card/OP02-058.png?250502,0,True
OP02-058-1,OP02-058,1,Buggy (Parallel),1280.0,R,Blue,OP02,2000.0,1.0,1000.0,"[On Play] Look at 5 cards from the top of your deck; reveal up to 1 blue {Impel Down} type card other than [Buggy] and add it to your hand. Then, place the rest at the bottom of your deck in any order.",,https://en.onepiece-cardgame.com/images/cardlist/card/OP02-058_p1.png?250502,0,True
OP02-059-0,OP02-059,0,Boa Hancock,1305.0,UC,Blue,OP02,5000.0,4.0,1000.0,"[When Attacking] Draw 1 card and trash 1 card from your hand. Then, trash up to 3 cards from your hand.",,https://en.onepiece-cardgame.com/images/cardlist/card/OP02-059.png?250502,0,True
OP02-059-1,OP02-059,1,Boa Hancock (Parallel),1305.0,UC,Blue,OP02,5000.0,4.0,1000.0,"[When Attacking] Draw 1 card and trash 1 card from your hand. Then, trash up to 3 cards from your hand.",,https://en.onepiece-cardgame.com/images/cardlist/card/OP02-059_p1.png?250502,0,True
OP02-060-0,OP02-060,0,Mohji,566.0,C,Blue,OP02,3000.0,1.0,1000.0,-,,https://en.onepiece-cardgame.com/images/cardlist/card/OP02-060.png?250502,0,True
OP02-061-0,OP02-061,0,Morley,548.0,UC,Blue,OP02,5000.0,4.0,1000.0,"[When Attacking] If you have 1 or less cards in your hand, your opponent cannot activate the [Blocker] of any Character with a cost of 5 or less during this battle.",,https://en.onepiece-cardgame.com/images/cardlist/card/OP02-061.png?250502,0,True
OP02-062-0,OP02-062,0,Monkey.D.Luffy,558.0,SR,Blue,OP02,7000.0,6.0,,"[On Play]/[When Attacking] You may trash 2 cards from your hand: Return up to 1 Character with a cost of 4 or less to the owner's hand. Then, this Character gains [Double Attack] during this turn.(This card deals 2 damage.)",,https://en.onepiece-cardgame.com/images/cardlist/card/OP02-062.png?250502,0,True
OP02-062-1,OP02-062,1,Monkey.D.Luffy (Parallel),558.0,SR,Blue,OP02,7000.0,6.0,,"[On Play]/[When Attacking] You may trash 2 cards from your hand: Return up to 1 Character with a cost of 4 or less to the owner's hand. Then, this Character gains [Double Attack] during this turn.(This card deals 2 damage.)",,https://en.onepiece-cardgame.com/images/cardlist/card/OP02-062_p1.png?250502,0,True
OP02-063-0,OP02-063,0,Mr.1(Daz.Bonez),1102.0,UC,Blue,OP02,1000.0,1.0,1000.0,[On Play] Add up to 1 blue Event card with a cost of 1 from your trash to your hand.,,https://en.onepiece-cardgame.com/images/cardlist/card/OP02-063.png?250502,0,True
OP02-064-0,OP02-064,0,Mr.2.Bon.Kurei(Bentham),15.0,R,Blue,OP02,5000.0,5.0,2000.0,"[DON!! x1] [When Attacking] You may trash 1 card from your hand: Place up to 1 Character with a cost of 2 or less at the bottom of the owner's deck. Then, at the end of this battle, place this Character at the bottom of the owner's deck.",,https://en.onepiece-cardgame.com/images/cardlist/card/OP02-064.png?250502,0,True
OP02-065-0,OP02-065,0,Mr.3(Galdino),996.0,R,Blue,OP02,5000.0,4.0,1000.0,"[Blocker] (After your opponent declares an attack, you may rest this card to make it the new target of the attack.)[End of Your Turn] You may trash 1 card from your hand: Set this Character as active.",,https://en.onepiece-cardgame.com/images/cardlist/card/OP02-065.png?250502,0,True
OP02-066-0,OP02-066,0,Impel Down All Stars,,C,Blue,OP02,,1.0,,"[Main] You may trash 2 cards from your hand: If your Leader has the {Impel Down} type, draw up to 2 cards.",[Trigger] Draw 2 cards.,https://en.onepiece-cardgame.com/images/cardlist/card/OP02-066.png?250502,0,False
OP02-067-0,OP02-067,0,Arabesque Brick Fist,,UC,Blue,OP02,,2.0,,[Main] Return up to 1 Character with a cost of 4 or less to the owner's hand.,[Trigger] Activate this card's [Main] effect.,https://en.onepiece-cardgame.com/images/cardlist/card/OP02-067.png?250502,0,False
OP02-068-0,OP02-068,0,Gum-Gum Rain,,R,Blue,OP02,,,,[Counter] You may trash 1 card from your hand: Up to 1 of your Leader or Character cards gains +3000 power during this battle.,[Trigger] Return up to 1 Character with a cost of 2 or less to the owner's hand.,https://en.onepiece-cardgame.com/images/cardlist/card/OP02-068.png?250502,0,False
OP02-069-0,OP02-069,0,DEATH WINK,,C,Blue,OP02,,3.0,,"[Counter] Up to 1 of your Leader or Character cards gains +6000 power during this battle. Then, draw cards so that you have 2 cards in your hand.",[Trigger] Return up to 1 Character with a cost of 7 or less to the owner's hand.,https://en.onepiece-cardgame.com/images/cardlist/card/OP02-069.png?250502,0,False
OP02-070-0,OP02-070,0,New Kama Land,,C,Blue,OP02,,1.0,,"[Activate: Main] You may rest this Stage: If your Leader is [Emporio.Ivankov], draw 1 card and trash 1 card from your hand. Then, trash up to 3 cards from your hand.",,https://en.onepiece-cardgame.com/images/cardlist/card/OP02-070.png?250502,0,False
OP02-071-0,OP02-071,0,Magellan,646.0,L,Purple,OP02,5000.0,,,"[Your Turn] [Once Per Turn] When a DON!! card on your field is returned to your DON!! deck, this Leader gains +1000 power during this turn.",,https://en.onepiece-cardgame.com/images/cardlist/card/OP02-071.png?250502,0,True
OP02-071-1,OP02-071,1,Magellan (Parallel),646.0,L,Purple,OP02,5000.0,,,"[Your Turn] [Once Per Turn] When a DON!! card on your field is returned to your DON!! deck, this Leader gains +1000 power during this turn.",,https://en.onepiece-cardgame.com/images/cardlist/card/OP02-071_p1.png?250502,0,True
OP02-072-0,OP02-072,0,Zephyr,1396.0,L,Purple/Black,OP02,5000.0,,,"[When Attacking] DON!! −4 (You may return the specified number of DON!! cards from your field to your DON!! deck.): K.O. up to 1 of your opponent's Characters with a cost of 3 or less. Then, this Leader gains +1000 power during this turn.",,https://en.onepiece-cardgame.com/images/cardlist/card/OP02-072.png?250502,0,True
OP02-072-1,OP02-072,1,Zephyr (Parallel),1396.0,L,Purple/Black,OP02,5000.0,,,"[When Attacking] DON!! −4 (You may return the specified number of DON!! cards from your field to your DON!! deck.): K.O. up to 1 of your opponent's Characters with a cost of 3 or less. Then, this Leader gains +1000 power during this turn.",,https://en.onepiece-cardgame.com/images/cardlist/card/OP02-072_p1.png?250502,0,True
OP02-073-0,OP02-073,0,Little Sadi,,R,Purple,OP02,3000.0,3.0,2000.0,[On Play] Play up to 1 {Jailer Beast} type Character card from your hand.,,https://en.onepiece-cardgame.com/images/cardlist/card/OP02-073.png?250502,0,False
OP02-073-1,OP02-073,1,Little Sadi (Parallel),,R,Purple,OP02,3000.0,3.0,2000.0,[On Play] Play up to 1 {Jailer Beast} type Character card from your hand.,,https://en.onepiece-cardgame.com/images/cardlist/card/OP02-073_p1.png?250502,0,False
OP02-074-0,OP02-074,0,Saldeath,339.0,C,Purple,OP02,2000.0,1.0,1000.0,"Your [Blugori] gains [Blocker].(After your opponent declares an attack, you may rest this card to make it the new target of the attack.)",,https://en.onepiece-cardgame.com/images/cardlist/card/OP02-074.png?250502,0,True
OP02-075-0,OP02-075,0,Shiki,286.0,R,Purple,OP02,3000.0,2.0,2000.0,-,[Trigger] DON!! −1 (You may return the specified number of DON!! cards from your field to your DON!! deck.): Play this card.,https://en.onepiece-cardgame.com/images/cardlist/card/OP02-075.png?250502,0,True
OP02-076-0,OP02-076,0,Shiryu,271.0,R,Purple,OP02,5000.0,4.0,1000.0,[On Play] DON!! −1 (You may return the specified number of DON!! cards from your field to your DON!! deck.): K.O. up to 1 of your opponent's Characters with a cost of 1 or less.,,https://en.onepiece-cardgame.com/images/cardlist/card/OP02-076.png?250502,0,True
OP02-077-0,OP02-077,0,Solitaire,255.0,C,Purple,OP02,5000.0,3.0,1000.0,-,,https://en.onepiece-cardgame.com/images/cardlist/card/OP02-077.png?250502,0,True
OP02-078-0,OP02-078,0,Daifugo,1107.0,UC,Purple,OP02,5000.0,3.0,,[On Play] DON!! −2 (You may return the specified number of DON!! cards from your field to your DON!! deck.): Play up to 1 {SMILE} type Character card other than [Daifugo] with a cost of 3 or less from your hand.,,https://en.onepiece-cardgame.com/images/cardlist/card/OP02-078.png?250502,0,True
OP02-079-0,OP02-079,0,Douglas Bullet,1393.0,UC,Purple,OP02,6000.0,5.0,1000.0,[On Play] DON!! −1 (You may return the specified number of DON!! cards from your field to your DON!! deck.): Rest up to 1 of your opponent's Characters with a cost of 4 or less.,,https://en.onepiece-cardgame.com/images/cardlist/card/OP02-079.png?250502,0,True
OP02-080-0,OP02-080,0,Dobon,1085.0,C,Purple,OP02,4000.0,2.0,1000.0,-,,https://en.onepiece-cardgame.com/images/cardlist/card/OP02-080.png?250502,0,True
OP02-081-0,OP02-081,0,Domino,1075.0,C,Purple,OP02,2000.0,2.0,1000.0,"[Blocker] (After your opponent declares an attack, you may rest this card to make it the new target of the attack.)",,https://en.onepiece-cardgame.com/images/cardlist/card/OP02-081.png?250502,0,True
OP02-082-0,OP02-082,0,Byrnndi World,,UC,Purple,OP02,8000.0,8.0,,[Activate: Main] DON!! −8 (You may return the specified number of DON!! cards from your field to your DON!! deck.): This Character gains +792000 power during this turn.,,https://en.onepiece-cardgame.com/images/cardlist/card/OP02-082.png?250502,0,False
OP02-083-0,OP02-083,0,Hannyabal,918.0,R,Purple,OP02,2000.0,1.0,1000.0,"[On Play] Look at 5 cards from the top of your deck; reveal up to 1 purple {Impel Down} type card other than [Hannyabal] and add it to your hand. Then, place the rest at the bottom of your deck in any order.",,https://en.onepiece-cardgame.com/images/cardlist/card/OP02-083.png?250502,0,True
OP02-084-0,OP02-084,0,Blugori,,C,Purple,OP02,3000.0,1.0,1000.0,-,,https://en.onepiece-cardgame.com/images/cardlist/card/OP02-084.png?250502,0,False
OP02-085-0,OP02-085,0,Magellan,646.0,SR,Purple,OP02,6000.0,5.0,,"[On Play] DON!! −1 (You may return the specified number of DON!! cards from your field to your DON!! deck.): Your opponent returns 1 DON!! card from their field to their DON!! deck.[Opponent's Turn] When this Character is K.O.'d, your opponent returns 2 DON!! cards from their field to their DON!! deck.",,https://en.onepiece-cardgame.com/images/cardlist/card/OP02-085.png?250502,0,True
OP02-085-1,OP02-085,1,Magellan (Parallel),646.0,SR,Purple,OP02,6000.0,5.0,,"[On Play] DON!! −1 (You may return the specified number of DON!! cards from your field to your DON!! deck.): Your opponent returns 1 DON!! card from their field to their DON!! deck.[Opponent's Turn] When this Character is K.O.'d, your opponent returns 2 DON!! cards from their field to their DON!! deck.",,https://en.onepiece-cardgame.com/images/cardlist/card/OP02-085_p1.png?250502,0,True
OP02-086-0,OP02-086,0,Minokoala,591.0,UC,Purple,OP02,5000.0,4.0,1000.0,"[Blocker] (After your opponent declares an attack, you may rest this card to make it the new target of the attack.)[On K.O.] If your Leader has the {Impel Down} type, add up to 1 DON!! card from your DON!! deck and rest it.",,https://en.onepiece-cardgame.com/images/cardlist/card/OP02-086.png?250502,0,True
OP02-086-1,OP02-086,1,Minokoala (Parallel),591.0,UC,Purple,OP02,5000.0,4.0,1000.0,"[Blocker] (After your opponent declares an attack, you may rest this card to make it the new target of the attack.)[On K.O.] If your Leader has the {Impel Down} type, add up to 1 DON!! card from your DON!! deck and rest it.",,https://en.onepiece-cardgame.com/images/cardlist/card/OP02-086_p1.png?250502,0,True
OP02-087-0,OP02-087,0,Minotaur,588.0,UC,Purple,OP02,5000.0,4.0,1000.0,"[Double Attack] (This card deals 2 damage.)[On K.O.] If your Leader has the {Impel Down} type, add up to 1 DON!! card from your DON!! deck and rest it.",,https://en.onepiece-cardgame.com/images/cardlist/card/OP02-087.png?250502,0,True
OP02-088-0,OP02-088,0,Sphinx,239.0,C,Purple,OP02,6000.0,4.0,1000.0,-,,https://en.onepiece-cardgame.com/images/cardlist/card/OP02-088.png?250502,0,True
OP02-090-0,OP02-090,0,Hydra,,UC,Purple,OP02,,1.0,,[Main] DON!! −1 (You may return the specified number of DON!! cards from your field to your DON!! deck.): Give up to 1 of your opponent's Characters −3000 power during this turn.,"[Trigger] If your opponent has 6 or more DON!! cards on their field, your opponent returns 1 DON!! card from their field to their DON!! deck.",https://en.onepiece-cardgame.com/images/cardlist/card/OP02-090.png?250502,0,False
OP02-091-0,OP02-091,0,Venom Road,,C,Purple,OP02,,3.0,,[Main] Add up to 1 DON!! card from your DON!! deck and set it as active.,"[Trigger] If your opponent has 6 or more DON!! cards on their field, your opponent returns 1 DON!! card from their field to their DON!! deck.",https://en.onepiece-cardgame.com/images/cardlist/card/OP02-091.png?250502,0,False
OP02-092-0,OP02-092,0,Impel Down,979.0,C,Purple,OP02,,1.0,,"[Activate: Main] You may trash 1 card from your hand and rest this Stage: Look at 3 cards from the top of your deck; reveal up to 1 {Impel Down} type card and add it to your hand. Then, place the rest at the bottom of your deck in any order.",,https://en.onepiece-cardgame.com/images/cardlist/card/OP02-092.png?250502,0,True
OP02-093-0,OP02-093,0,Smoker,258.0,L,Black,OP02,5000.0,,,"[DON!! x1] [Activate: Main] [Once Per Turn] Give up to 1 of your opponent's Characters −1 cost during this turn. Then, if there is a Character with a cost of 0, this Leader gains +1000 power during this turn.",,https://en.onepiece-cardgame.com/images/cardlist/card/OP02-093.png?250502,0,True
OP02-093-1,OP02-093,1,Smoker (Parallel),258.0,L,Black,OP02,5000.0,,,"[DON!! x1] [Activate: Main] [Once Per Turn] Give up to 1 of your opponent's Characters −1 cost during this turn. Then, if there is a Character with a cost of 0, this Leader gains +1000 power during this turn.",,https://en.onepiece-cardgame.com/images/cardlist/card/OP02-093_p1.png?250502,0,True
OP02-094-0,OP02-094,0,Isuka,835.0,UC,Black,OP02,4000.0,3.0,1000.0,"[DON!! x1] [Once Per Turn] When this Character battles and K.O.'s your opponent's Character, set this Character as active.",,https://en.onepiece-cardgame.com/images/cardlist/card/OP02-094.png?250502,0,True
OP02-095-0,OP02-095,0,Onigumo,467.0,UC,Black,OP02,6000.0,5.0,1000.0,"If there is a Character with a cost of 0, this Character gains [Banish].(When this card deals damage, the target card is trashed without activating its Trigger.)",,https://en.onepiece-cardgame.com/images/cardlist/card/OP02-095.png?250502,0,True
OP02-096-1,OP02-096,1,Kuzan (Parallel),685.0,SR,Black,OP02,5000.0,4.0,,[On Play] Draw 1 card.[When Attacking] Give up to 1 of your opponent's Characters −4 cost during this turn.,,https://en.onepiece-cardgame.com/images/cardlist/card/OP02-096_p1.png?250502,0,True
OP02-097-0,OP02-097,0,Komille,1132.0,C,Black,OP02,3000.0,1.0,1000.0,-,,https://en.onepiece-cardgame.com/images/cardlist/card/OP02-097.png?250502,0,True
OP02-098-0,OP02-098,0,Koby,730.0,R,Black,OP02,4000.0,3.0,1000.0,[On Play] You may trash 1 card from your hand: K.O. up to 1 of your opponent's Characters with a cost of 3 or less.,,https://en.onepiece-cardgame.com/images/cardlist/card/OP02-098.png?250502,0,True
OP02-099-1,OP02-099,1,Sakazuki (Parallel),337.0,SR,Black,OP02,7000.0,6.0,,[On Play] You may trash 1 card from your hand: K.O. up to 1 of your opponent's Characters with a cost of 5 or less.,,https://en.onepiece-cardgame.com/images/cardlist/card/OP02-099_p1.png?250502,0,True
OP02-100-0,OP02-100,0,Jango,822.0,C,Black,OP02,3000.0,2.0,1000.0,"If you have [Fullbody], this Character cannot be K.O.'d in battle.",,https://en.onepiece-cardgame.com/images/cardlist/card/OP02-100.png?250502,0,True
OP02-101-0,OP02-101,0,Strawberry,228.0,C,Black,OP02,5000.0,4.0,,"[When Attacking] If there is a Character with a cost of 0, your opponent cannot activate the [Blocker] of any Character with a cost of 5 or less during this battle.",,https://en.onepiece-cardgame.com/images/cardlist/card/OP02-101.png?250502,0,True
OP02-102-0,OP02-102,0,Smoker,258.0,R,Black,OP02,4000.0,3.0,1000.0,"This Character cannot be K.O.'d by effects.[When Attacking] If there is a Character with a cost of 0, this Character gains +2000 power during this battle.",,https://en.onepiece-cardgame.com/images/cardlist/card/OP02-102.png?250502,0,True
OP02-103-0,OP02-103,0,Sengoku,305.0,R,Black,OP02,3000.0,2.0,2000.0,[DON!! x1] [When Attacking] Give up to 1 of your opponent's Characters −2 cost during this turn.,,https://en.onepiece-cardgame.com/images/cardlist/card/OP02-103.png?250502,0,True
OP02-104-0,OP02-104,0,Sentomaru,301.0,C,Black,OP02,3000.0,2.0,1000.0,-,[Trigger] Play this card.,https://en.onepiece-cardgame.com/images/cardlist/card/OP02-104.png?250502,0,True
OP02-105-0,OP02-105,0,Tashigi,200.0,C,Black,OP02,5000.0,3.0,,[DON!! x1] [When Attacking] Give up to 1 of your opponent's Characters −3 cost during this turn.,,https://en.onepiece-cardgame.com/images/cardlist/card/OP02-105.png?250502,0,True
OP02-105-1,OP02-105,1,Tashigi (Parallel),200.0,C,Black,OP02,5000.0,3.0,,[DON!! x1] [When Attacking] Give up to 1 of your opponent's Characters −3 cost during this turn.,,https://en.onepiece-cardgame.com/images/cardlist/card/OP02-105_p1.png?250502,0,True
OP02-107-0,OP02-107,0,Doberman,1082.0,C,Black,OP02,4000.0,2.0,1000.0,-,,https://en.onepiece-cardgame.com/images/cardlist/card/OP02-107.png?250502,0,True
OP02-108-0,OP02-108,0,Donquixote Rosinante,1068.0,C,Black,OP02,2000.0,2.0,1000.0,"[Blocker] (After your opponent declares an attack, you may rest this card to make it the new target of the attack.)",,https://en.onepiece-cardgame.com/images/cardlist/card/OP02-108.png?250502,0,True
OP02-108-1,OP02-108,1,Donquixote Rosinante (Parallel),1068.0,C,Black,OP02,2000.0,2.0,1000.0,"[Blocker] (After your opponent declares an attack, you may rest this card to make it the new target of the attack.)",,https://en.onepiece-cardgame.com/images/cardlist/card/OP02-108_p1.png?250502,0,True
OP02-109-0,OP02-109,0,Jaguar.D.Saul,825.0,C,Black,OP02,6000.0,4.0,1000.0,-,,https://en.onepiece-cardgame.com/images/cardlist/card/OP02-109.png?250502,0,True
OP02-110-0,OP02-110,0,Hina,894.0,R,Black,OP02,6000.0,5.0,1000.0,"[Blocker] (After your opponent declares an attack, you may rest this card to make it the new target of the attack.)[On Block] Select up to 1 of your opponent's Characters with a cost of 6 or less. The selected Character cannot attack during this turn.",,https://en.onepiece-cardgame.com/images/cardlist/card/OP02-110.png?250502,0,True
OP02-111-0,OP02-111,0,Fullbody,1008.0,C,Black,OP02,3000.0,2.0,1000.0,"[When Attacking] If you have [Jango], this card gains +3000 power during this battle.",,https://en.onepiece-cardgame.com/images/cardlist/card/OP02-111.png?250502,0,True
OP02-112-0,OP02-112,0,Bell-mère,11.0,UC,Black,OP02,1000.0,1.0,1000.0,"[Activate: Main] You may rest this Character: Give up to 1 of your opponent's Characters −1 cost during this turn. Then, up to 1 of your Leader or Character cards gains +1000 power during this turn.",,https://en.onepiece-cardgame.com/images/cardlist/card/OP02-112.png?250502,0,True
OP02-113-0,OP02-113,0,Helmeppo,908.0,UC,Black,OP02,3000.0,3.0,1000.0,"[When Attacking] Give up to 1 of your opponent's Characters −2 cost during this turn. Then, if there is a Character with a cost of 0, this Character gains +2000 power during this battle.",[Trigger] Play this card.,https://en.onepiece-cardgame.com/images/cardlist/card/OP02-113.png?250502,0,True
OP02-114-1,OP02-114,1,Borsalino (Parallel),1291.0,SR,Black,OP02,5000.0,4.0,1000.0,"[Opponent's Turn] This Character gains +1000 power and cannot be K.O.'d by effects.[Blocker] (After your opponent declares an attack, you may rest this card to make it the new target of the attack.)",,https://en.onepiece-cardgame.com/images/cardlist/card/OP02-114_p1.png?250502,0,True
OP02-115-0,OP02-115,0,Monkey.D.Garp,559.0,R,Black,OP02,3000.0,2.0,2000.0,[DON!! x2] [When Attacking] K.O. up to 1 of your opponent's Characters with a cost of 0.,,https://en.onepiece-cardgame.com/images/cardlist/card/OP02-115.png?250502,0,True
OP02-115-1,OP02-115,1,Monkey.D.Garp (Parallel),559.0,R,Black,OP02,3000.0,2.0,2000.0,[DON!! x2] [When Attacking] K.O. up to 1 of your opponent's Characters with a cost of 0.,,https://en.onepiece-cardgame.com/images/cardlist/card/OP02-115_p1.png?250502,0,True
OP02-116-0,OP02-116,0,Yamakaji,91.0,C,Black,OP02,5000.0,3.0,1000.0,-,,https://en.onepiece-cardgame.com/images/cardlist/card/OP02-116.png?250502,0,True
OP02-118-0,OP02-118,0,Yasakani Sacred Jewel,,C,Black,OP02,,1.0,,[Counter] You may trash 1 card from your hand: Select up to 1 of your Characters. The selected Character cannot be K.O.'d during this battle.,[Trigger] K.O. up to 1 of your opponent's Stages with a cost of 3 or less.,https://en.onepiece-cardgame.com/images/cardlist/card/OP02-118.png?250502,0,False
OP02-119-0,OP02-119,0,Meteor Volcano,,R,Black,OP02,,2.0,,[Main] K.O. up to 1 of your opponent's Characters with a cost of 1 or less.,[Trigger] Draw 2 cards and trash 1 card from your hand.,https://en.onepiece-cardgame.com/images/cardlist/card/OP02-119.png?250502,0,False
OP02-120-0,OP02-120,0,Uta,134.0,SEC,Purple,OP02,8000.0,8.0,,[On Play] DON!! −2 (You may return the specified number of DON!! cards from your field to your DON!! deck.): Your Leader and all of your Characters gain +1000 power until the start of your next turn.,,https://en.onepiece-cardgame.com/images/cardlist/card/OP02-120.png?250502,0,True
OP02-120-1,OP02-120,1,Uta (Parallel),134.0,SEC,Purple,OP02,8000.0,8.0,,[On Play] DON!! −2 (You may return the specified number of DON!! cards from your field to your DON!! deck.): Your Leader and all of your Characters gain +1000 power until the start of your next turn.,,https://en.onepiece-cardgame.com/images/cardlist/card/OP02-120_p1.png?250502,0,True
OP02-121-1,OP02-121,1,Kuzan (Parallel),685.0,SEC,Black,OP02,10000.0,10.0,,[Your Turn] Give all of your opponent's Characters −5 cost.[On Play] K.O. up to 1 of your opponent's Characters with a cost of 0.,,https://en.onepiece-cardgame.com/images/cardlist/card/OP02-121_p1.png?250502,0,True
OP01-001-0,OP01-001,0,Roronoa Zoro,357.0,L,Red,OP01,5000.0,,,[DON!! x1] [Your Turn] All of your Characters gain +1000 power.,,https://en.onepiece-cardgame.com/images/cardlist/card/OP01-001.png?250502,0,True
OP01-001-1,OP01-001,1,Roronoa Zoro (Parallel),357.0,L,Red,OP01,5000.0,,,[DON!! x1] [Your Turn] All of your Characters gain +1000 power.,,https://en.onepiece-cardgame.com/images/cardlist/card/OP01-001_p1.png?250502,0,True
OP01-002-0,OP01-002,0,Trafalgar Law,169.0,L,Red/Green,OP01,5000.0,,,"[Activate: Main] [Once Per Turn] ➁ (You may rest the specified number of DON!! cards in your cost area.): If you have 5 Characters, return 1 of your Characters to your hand. Then, play up to 1 Character with a cost of 5 or less from your hand that is a different color than the returned Character.",,https://en.onepiece-cardgame.com/images/cardlist/card/OP01-002.png?250502,0,True
OP01-002-1,OP01-002,1,Trafalgar Law (Parallel),169.0,L,Red/Green,OP01,5000.0,,,"[Activate: Main] [Once Per Turn] ➁ (You may rest the specified number of DON!! cards in your cost area.): If you have 5 Characters, return 1 of your Characters to your hand. Then, play up to 1 Character with a cost of 5 or less from your hand that is a different color than the returned Character.",,https://en.onepiece-cardgame.com/images/cardlist/card/OP01-002_p1.png?250502,0,True
OP01-003-0,OP01-003,0,Monkey.D.Luffy,558.0,L,Red/Green,OP01,5000.0,,,[Activate: Main] [Once Per Turn] ➃ (You may rest the specified number of DON!! cards in your cost area.): Set up to 1 of your {Supernovas} or {Straw Hat Crew} type Character cards with a cost of 5 or less as active. It gains +1000 power during this turn.,,https://en.onepiece-cardgame.com/images/cardlist/card/OP01-003.png?250502,0,True
OP01-003-1,OP01-003,1,Monkey.D.Luffy (Parallel),558.0,L,Red/Green,OP01,5000.0,,,[Activate: Main] [Once Per Turn] ➃ (You may rest the specified number of DON!! cards in your cost area.): Set up to 1 of your {Supernovas} or {Straw Hat Crew} type Character cards with a cost of 5 or less as active. It gains +1000 power during this turn.,,https://en.onepiece-cardgame.com/images/cardlist/card/OP01-003_p1.png?250502,0,True
OP01-004-0,OP01-004,0,Usopp,136.0,R,Red,OP01,3000.0,2.0,2000.0,[DON!! x1] [Your Turn] [Once Per Turn] Draw 1 card when your opponent activates an Event.,,https://en.onepiece-cardgame.com/images/cardlist/card/OP01-004.png?250502,0,True
OP01-005-0,OP01-005,0,Uta,134.0,R,Red,OP01,4000.0,4.0,,[On Play] Add up to 1 red Character card other than [Uta] with a cost of 3 or less from your trash to your hand.,,https://en.onepiece-cardgame.com/images/cardlist/card/OP01-005.png?250502,0,True
OP01-007-0,OP01-007,0,Caribou,1253.0,C,Red,OP01,4000.0,3.0,1000.0,[On K.O.] K.O. up to 1 of your opponent's Characters with 4000 power or less.,,https://en.onepiece-cardgame.com/images/cardlist/card/OP01-007.png?250502,0,True
OP01-008-0,OP01-008,0,Cavendish,1245.0,C,Red,OP01,5000.0,4.0,,[On Play] You may add 1 card from your Life area to your hand: This Character gains [Rush] during this turn. (This card can attack on the turn in which it is played.),,https://en.onepiece-cardgame.com/images/cardlist/card/OP01-008.png?250502,0,True
OP01-008-1,OP01-008,1,Cavendish (Parallel),1245.0,C,Red,OP01,5000.0,4.0,,[On Play] You may add 1 card from your Life area to your hand: This Character gains [Rush] during this turn. (This card can attack on the turn in which it is played.),,https://en.onepiece-cardgame.com/images/cardlist/card/OP01-008_p1.png?250502,0,True
OP01-009-0,OP01-009,0,Carrot,1252.0,C,Red,OP01,3000.0,2.0,1000.0,-,[Trigger] Play this card.,https://en.onepiece-cardgame.com/images/cardlist/card/OP01-009.png?250502,0,True
OP01-010-0,OP01-010,0,Komachiyo,722.0,C,Red,OP01,3000.0,1.0,1000.0,-,,https://en.onepiece-cardgame.com/images/cardlist/card/OP01-010.png?250502,0,True
OP01-011-0,OP01-011,0,Gordon,1407.0,UC,Red,OP01,3000.0,2.0,2000.0,[On Play] You may place 1 card from your hand at the bottom of your deck: Draw 1 card.,,https://en.onepiece-cardgame.com/images/cardlist/card/OP01-011.png?250502,0,True
OP01-012-0,OP01-012,0,Sai,340.0,C,Red,OP01,4000.0,2.0,1000.0,-,,https://en.onepiece-cardgame.com/images/cardlist/card/OP01-012.png?250502,0,True
OP01-013-0,OP01-013,0,Sanji,326.0,R,Red,OP01,3000.0,2.0,2000.0,"[Activate: Main] [Once Per Turn] You may add 1 card from your Life area to your hand: This Character gains +2000 power during this turn. Then, give this Character up to 2 rested DON!! cards.",,https://en.onepiece-cardgame.com/images/cardlist/card/OP01-013.png?250502,0,True
OP01-013-1,OP01-013,1,Sanji (Parallel),326.0,R,Red,OP01,3000.0,2.0,2000.0,"[Activate: Main] [Once Per Turn] You may add 1 card from your Life area to your hand: This Character gains +2000 power during this turn. Then, give this Character up to 2 rested DON!! cards.",,https://en.onepiece-cardgame.com/images/cardlist/card/OP01-013_p1.png?250502,0,True
OP01-014-0,OP01-014,0,Jinbe,807.0,UC,Red,OP01,5000.0,4.0,,"[Blocker] (After your opponent declares an attack, you may rest this card to make it the new target of the attack.)[DON!! x1] [On Block] Play up to 1 red Character card with a cost of 2 or less from your hand.",,https://en.onepiece-cardgame.com/images/cardlist/card/OP01-014.png?250502,0,True
OP01-015-0,OP01-015,0,Tony Tony.Chopper,175.0,UC,Red,OP01,4000.0,3.0,1000.0,[DON!! x1] [When Attacking] You may trash 1 card from your hand: Add up to 1 {Straw Hat Crew} type Character card other than [Tony Tony.Chopper] with a cost of 4 or less from your trash to your hand.,,https://en.onepiece-cardgame.com/images/cardlist/card/OP01-015.png?250502,0,True
OP01-016-0,OP01-016,0,Nami,515.0,R,Red,OP01,2000.0,1.0,1000.0,"[On Play] Look at 5 cards from the top of your deck; reveal up to 1 {Straw Hat Crew} type Character card other than [Nami] and add it to your hand. Then, place the rest at the bottom of your deck in any order.",,https://en.onepiece-cardgame.com/images/cardlist/card/OP01-016.png?250502,0,True
OP01-016-1,OP01-016,1,Nami (Parallel),515.0,R,Red,OP01,2000.0,1.0,1000.0,"[On Play] Look at 5 cards from the top of your deck; reveal up to 1 {Straw Hat Crew} type Character card other than [Nami] and add it to your hand. Then, place the rest at the bottom of your deck in any order.",,https://en.onepiece-cardgame.com/images/cardlist/card/OP01-016_p1.png?250502,0,True
OP01-017-0,OP01-017,0,Nico Robin,495.0,R,Red,OP01,4000.0,3.0,1000.0,[DON!! x1] [When Attacking] K.O. up to 1 of your opponent's Characters with 3000 power or less.,,https://en.onepiece-cardgame.com/images/cardlist/card/OP01-017.png?250502,0,True
OP01-018-0,OP01-018,0,Hajrudin,933.0,C,Red,OP01,6000.0,4.0,1000.0,-,,https://en.onepiece-cardgame.com/images/cardlist/card/OP01-018.png?250502,0,True
OP01-019-0,OP01-019,0,Bartolomeo,1324.0,C,Red,OP01,2000.0,2.0,1000.0,"[Blocker] (After your opponent declares an attack, you may rest this card to make it the new target of the attack.)[DON!! x2] [Opponent's Turn] This Character gains +3000 power.",,https://en.onepiece-cardgame.com/images/cardlist/card/OP01-019.png?250502,0,True
OP01-020-0,OP01-020,0,Hyogoro,864.0,C,Red,OP01,3000.0,2.0,1000.0,[Activate: Main] You may rest this Character: Up to 1 of your Leader or Character cards gains +2000 power during this turn.,,https://en.onepiece-cardgame.com/images/cardlist/card/OP01-020.png?250502,0,True
OP01-021-0,OP01-021,0,Franky,1014.0,UC,Red,OP01,4000.0,3.0,,[DON!! x1] This Character can also attack your opponent's active Characters.,,https://en.onepiece-cardgame.com/images/cardlist/card/OP01-021.png?250502,0,True
OP01-022-0,OP01-022,0,Brook,1282.0,UC,Red,OP01,5000.0,4.0,1000.0,[DON!! x1] [When Attacking] Give up to 2 of your opponent's Characters −2000 power during this turn.,,https://en.onepiece-cardgame.com/images/cardlist/card/OP01-022.png?250502,0,True
OP01-023-0,OP01-023,0,Marco,635.0,C,Red,OP01,5000.0,3.0,1000.0,-,,https://en.onepiece-cardgame.com/images/cardlist/card/OP01-023.png?250502,0,True
OP01-024-1,OP01-024,1,Monkey.D.Luffy (Parallel),558.0,SR,Red,OP01,3000.0,2.0,1000.0,[DON!! x2] This Character cannot be K.O.'d in battle by <Strike>  attribute Characters.[Activate: Main] [Once Per Turn] Give this Character up to 2 rested DON!! cards.,,https://en.onepiece-cardgame.com/images/cardlist/card/OP01-024_p1.png?250502,0,True
OP01-025-0,OP01-025,0,Roronoa Zoro,357.0,SR,Red,OP01,5000.0,3.0,,[Rush] (This card can attack on the turn in which it is played.),,https://en.onepiece-cardgame.com/images/cardlist/card/OP01-025.png?250502,0,True
OP01-025-1,OP01-025,1,Roronoa Zoro (Parallel),357.0,SR,Red,OP01,5000.0,3.0,,[Rush] (This card can attack on the turn in which it is played.),,https://en.onepiece-cardgame.com/images/cardlist/card/OP01-025_p1.png?250502,0,True
OP01-026-0,OP01-026,0,Gum-Gum Fire-Fist Pistol Red Hawk,,R,Red,OP01,,2.0,,"[Counter] Up to 1 of your Leader or Character cards gains +4000 power during this battle. Then, K.O. up to 1 of your opponent's Characters with 4000 power or less.",[Trigger] Give your opponent's Leader or 1 of their Characters ?10000 power during this turn.,https://en.onepiece-cardgame.com/images/cardlist/card/OP01-026.png?250502,0,False
OP01-027-0,OP01-027,0,Round Table,,C,Red,OP01,,4.0,,[Main] Give up to 1 of your opponent's Characters −10000 power during this turn.,,https://en.onepiece-cardgame.com/images/cardlist/card/OP01-027.png?250502,0,False
OP01-028-0,OP01-028,0,Green Star Rafflesia,,C,Red,OP01,,1.0,,[Counter] Give up to 1 of your opponent's Leader or Character cards −2000 power during this turn.,[Trigger] Activate this card's [Counter] effect.,https://en.onepiece-cardgame.com/images/cardlist/card/OP01-028.png?250502,0,False
OP01-030-0,OP01-030,0,In Two Years!! At the Sabaody Archipelago!!,,UC,Red,OP01,,1.0,,"[Main] Look at 5 cards from the top of your deck; reveal up to 1 {Straw Hat Crew} type Character card and add it to your hand. Then, place the rest at the bottom of your deck in any order.",[Trigger] Activate this card's [Main] effect.,https://en.onepiece-cardgame.com/images/cardlist/card/OP01-030.png?250502,0,False
OP01-031-0,OP01-031,0,Kouzuki Oden,708.0,L,Green,OP01,5000.0,,,[Activate: Main] [Once Per Turn] You can trash 1 {Land of Wano} type card from your hand: Set up to 2 of your DON!! cards as active.,,https://en.onepiece-cardgame.com/images/cardlist/card/OP01-031.png?250502,0,True
OP01-031-1,OP01-031,1,Kouzuki Oden (Parallel),708.0,L,Green,OP01,5000.0,,,[Activate: Main] [Once Per Turn] You can trash 1 {Land of Wano} type card from your hand: Set up to 2 of your DON!! cards as active.,,https://en.onepiece-cardgame.com/images/cardlist/card/OP01-031_p1.png?250502,0,True
OP01-032-0,OP01-032,0,Ashura Doji,1350.0,UC,Green,OP01,4000.0,3.0,1000.0,"[DON!! x1] If your opponent has 2 or more rested Characters, this Character gains +2000 power.",,https://en.onepiece-cardgame.com/images/cardlist/card/OP01-032.png?250502,0,True
OP01-034-0,OP01-034,0,Inuarashi,844.0,C,Green,OP01,4000.0,3.0,1000.0,[DON!! x2] [When Attacking] Set up to 1 of your DON!! cards as active.,,https://en.onepiece-cardgame.com/images/cardlist/card/OP01-034.png?250502,0,True
OP01-034-1,OP01-034,1,Inuarashi (Parallel),844.0,C,Green,OP01,4000.0,3.0,1000.0,[DON!! x2] [When Attacking] Set 1 of your DON!! cards as active.,,https://en.onepiece-cardgame.com/images/cardlist/card/OP01-034_p1.png?250502,0,True
OP01-035-0,OP01-035,0,Okiku,747.0,R,Green,OP01,5000.0,3.0,,[DON!! x1] [When Attacking] [Once Per Turn] Rest up to 1 of your opponent's Characters with a cost of 5 or less.,,https://en.onepiece-cardgame.com/images/cardlist/card/OP01-035.png?250502,0,True
OP01-036-0,OP01-036,0,Otsuru,157.0,C,Green,OP01,3000.0,1.0,1000.0,-,,https://en.onepiece-cardgame.com/images/cardlist/card/OP01-036.png?250502,0,True
OP01-037-0,OP01-037,0,Kawamatsu,758.0,C,Green,OP01,3000.0,2.0,1000.0,-,[Trigger] Play this card.,https://en.onepiece-cardgame.com/images/cardlist/card/OP01-037.png?250502,0,True
OP01-038-0,OP01-038,0,Kanjuro,690.0,C,Green,OP01,3000.0,2.0,1000.0,[DON!! x1] [When Attacking] K.O. up to 1 of your opponent's rested Characters with a cost of 2 or less.[On K.O.] Your opponent chooses 1 card from your hand; trash that card.,,https://en.onepiece-cardgame.com/images/cardlist/card/OP01-038.png?250502,0,True
OP01-039-0,OP01-039,0,Killer,741.0,UC,Green,OP01,2000.0,2.0,1000.0,"[Blocker] (After your opponent declares an attack, you may rest this card to make it the new target of the attack.)[DON!! x1] [On Block] If you have 3 or more Characters, draw 1 card.",,https://en.onepiece-cardgame.com/images/cardlist/card/OP01-039.png?250502,0,True
OP01-040-0,OP01-040,0,Kin'emon,742.0,SR,Green,OP01,6000.0,6.0,,"[On Play] If your Leader is [Kouzuki Oden], play up to 1 {The Akazaya Nine} type Character card with a cost of 3 or less from your hand.[DON!! x1] [When Attacking] [Once Per Turn] Set up to 1 of your {The Akazaya Nine} type Character cards with a cost of 3 or less as active.",,https://en.onepiece-cardgame.com/images/cardlist/card/OP01-040.png?250502,0,True
OP01-040-1,OP01-040,1,Kin'emon (Parallel),742.0,SR,Green,OP01,6000.0,6.0,,"[On Play] If your Leader is [Kouzuki Oden], play up to 1 {The Akazaya Nine} type Character card with a cost of 3 or less from your hand.[DON!! x1] [When Attacking] [Once Per Turn] Set up to 1 of your {The Akazaya Nine} type Character cards with a cost of 3 or less as active.",,https://en.onepiece-cardgame.com/images/cardlist/card/OP01-040_p1.png?250502,0,True
OP01-042-0,OP01-042,0,Komurasaki,712.0,UC,Green,OP01,,1.0,1000.0,"[On Play] ③ (You may rest the specified number of DON!! cards in your cost area.): If your Leader is [Kouzuki Oden], set up to 1 of your {Land of Wano} type Character cards with a cost of 3 or less as active.",,https://en.onepiece-cardgame.com/images/cardlist/card/OP01-042.png?250502,0,True
OP01-043-0,OP01-043,0,Shinobu,275.0,C,Green,OP01,5000.0,3.0,1000.0,-,,https://en.onepiece-cardgame.com/images/cardlist/card/OP01-043.png?250502,0,True
OP01-044-0,OP01-044,0,Shachi,299.0,C,Green,OP01,4000.0,3.0,1000.0,"[Blocker] (After your opponent declares an attack, you may rest this card to make it the new target of the attack.)[On Play] If you don't have [Penguin], play up to 1 [Penguin] from your hand.",,https://en.onepiece-cardgame.com/images/cardlist/card/OP01-044.png?250502,0,True
OP01-045-0,OP01-045,0,Jeanbart,818.0,C,Green,OP01,6000.0,4.0,1000.0,-,,https://en.onepiece-cardgame.com/images/cardlist/card/OP01-045.png?250502,0,True
OP01-046-0,OP01-046,0,Denjiro,1094.0,R,Green,OP01,7000.0,5.0,,"[DON!! x1] [When Attacking] If your Leader is [Kouzuki Oden], set up to 2 of your DON!! cards as active.",,https://en.onepiece-cardgame.com/images/cardlist/card/OP01-046.png?250502,0,True
OP01-047-1,OP01-047,1,Trafalgar Law (Parallel),169.0,SR,Green,OP01,6000.0,5.0,,"[Blocker] (After your opponent declares an attack, you may rest this card to make it the new target of the attack.)[On Play] You may return 1 Character to your hand: Play up to 1 Character card with a cost of 3 or less from your hand.",,https://en.onepiece-cardgame.com/images/cardlist/card/OP01-047_p1.png?250502,0,True
OP01-048-0,OP01-048,0,Nekomamushi,504.0,C,Green,OP01,3000.0,2.0,1000.0,[On Play] Rest up to 1 of your opponent's Characters with a cost of 3 or less.,,https://en.onepiece-cardgame.com/images/cardlist/card/OP01-048.png?250502,0,True
OP01-048-1,OP01-048,1,Nekomamushi (Parallel),504.0,C,Green,OP01,3000.0,2.0,1000.0,[On Play] Rest 1 of your opponent's Characters with a cost of 3 or less.,,https://en.onepiece-cardgame.com/images/cardlist/card/OP01-048_p1.png?250502,0,True
OP01-049-0,OP01-049,0,Bepo,12.0,R,Green,OP01,4000.0,4.0,2000.0,[DON!! x1] [When Attacking] Play up to 1 {Heart Pirates} type card other than [Bepo] with a cost of 4 or less from your hand.,,https://en.onepiece-cardgame.com/images/cardlist/card/OP01-049.png?250502,0,True
OP01-050-0,OP01-050,0,Penguin,437.0,C,Green,OP01,2000.0,3.0,1000.0,"[Blocker] (After your opponent declares an attack, you may rest this card to make it the new target of the attack.)[On Play] If you don't have [Shachi], play up to 1 [Shachi] from your hand.",,https://en.onepiece-cardgame.com/images/cardlist/card/OP01-050.png?250502,0,True
OP01-051-1,OP01-051,1,"Eustass""Captain""Kid (Parallel)",1034.0,SR,Green,OP01,8000.0,8.0,,"[DON!! x1] [Opponent's Turn] If this Character is rested, your opponent cannot attack any card other than the Character [Eustass""Captain""Kid].[Activate: Main] [Once Per Turn] You may rest this Character: Play up to 1 Character card with a cost of 3 or less from your hand.",,https://en.onepiece-cardgame.com/images/cardlist/card/OP01-051_p1.png?250502,0,True
OP01-053-0,OP01-053,0,Wire,92.0,C,Green,OP01,4000.0,2.0,1000.0,-,,https://en.onepiece-cardgame.com/images/cardlist/card/OP01-053.png?250502,0,True
OP01-054-0,OP01-054,0,X.Drake,93.0,R,Green,OP01,6000.0,5.0,1000.0,[On Play] K.O. up to 1 of your opponent's rested Characters with a cost of 4 or less.,,https://en.onepiece-cardgame.com/images/cardlist/card/OP01-054.png?250502,0,True
OP01-055-0,OP01-055,0,You Can Be My Samurai!!,,C,Green,OP01,,1.0,,[Main] You may rest 2 of your Characters: Draw 2 cards.,,https://en.onepiece-cardgame.com/images/cardlist/card/OP01-055.png?250502,0,False
OP01-056-0,OP01-056,0,Demon Face,,UC,Green,OP01,,6.0,,[Main] K.O. up to 2 of your opponent's rested Characters with a cost of 5 or less.,,https://en.onepiece-cardgame.com/images/cardlist/card/OP01-056.png?250502,0,False
OP01-057-0,OP01-057,0,Paradise Waterfall,,UC,Green,OP01,,1.0,,"[Counter] Up to 1 of your Leader or Character cards gains +2000 power during this battle. Then, set up to 1 of your Characters as active.",[Trigger] K.O. 1 of your opponent's rested Characters with a cost of 4 or less.,https://en.onepiece-cardgame.com/images/cardlist/card/OP01-057.png?250502,0,False
OP01-058-0,OP01-058,0,Punk Gibson,,R,Green,OP01,,2.0,,"[Counter] Up to 1 of your Leader or Character cards gains +4000 power during this battle. Then, rest up to 1 of your opponent's Characters with a cost of 4 or less.",[Trigger] Rest 1 of your opponent's Characters.,https://en.onepiece-cardgame.com/images/cardlist/card/OP01-058.png?250502,0,False
OP01-059-0,OP01-059,0,BE-BENG!!,,C,Green,OP01,,3.0,,[Main] You may trash 1 {Land of Wano} type card from your hand: Set up to 1 of your {Land of Wano} type Character cards with a cost of 3 or less as active.,,https://en.onepiece-cardgame.com/images/cardlist/card/OP01-059.png?250502,0,False
OP01-060-0,OP01-060,0,Donquixote Doflamingo,1070.0,L,Blue,OP01,5000.0,,,"[DON!! x2] [When Attacking] ➀ (You may rest the specified number of DON!! cards in your cost area.): Reveal 1 card from the top of your deck. If that card is a {The Seven Warlords of the Sea} type Character card with a cost of 4 or less, you may play that card rested.",,https://en.onepiece-cardgame.com/images/cardlist/card/OP01-060.png?250502,0,True
OP01-060-1,OP01-060,1,Donquixote Doflamingo (Parallel),1070.0,L,Blue,OP01,5000.0,,,"[DON!! x2] [When Attacking] ➀ (You may rest the specified number of DON!! cards in your cost area.): Reveal 1 card from the top of your deck. If that card is a {The Seven Warlords of the Sea} type Character card with a cost of 4 or less, you may play that card rested.",,https://en.onepiece-cardgame.com/images/cardlist/card/OP01-060_p1.png?250502,0,True
OP01-061-0,OP01-061,0,Kaido,783.0,L,Blue/Purple,OP01,5000.0,,,"[DON!! x1] [Your Turn] [Once Per Turn] When your opponent's Character is K.O.'d, add up to 1 DON!! card from your DON!! deck and set it as active.",,https://en.onepiece-cardgame.com/images/cardlist/card/OP01-061.png?250502,0,True
OP01-061-1,OP01-061,1,Kaido (Parallel),783.0,L,Blue/Purple,OP01,5000.0,,,"[DON!! x1] [Your Turn] [Once Per Turn] When your opponent's Character is K.O.'d, add up to 1 DON!! card from your DON!! deck and set it as active.",,https://en.onepiece-cardgame.com/images/cardlist/card/OP01-061_p1.png?250502,0,True
OP01-062-0,OP01-062,0,Crocodile,1120.0,L,Blue/Purple,OP01,5000.0,,,"[DON!! x1] When you activate an Event, you may draw 1 card if you have 4 or less cards in your hand and haven't drawn a card using this Leader's effect during this turn.",,https://en.onepiece-cardgame.com/images/cardlist/card/OP01-062.png?250502,0,True
OP01-062-1,OP01-062,1,Crocodile (Parallel),1120.0,L,Blue/Purple,OP01,5000.0,,,"[DON!! x1] When you activate an Event, you may draw 1 card if you have 4 or less cards in your hand and haven't drawn a card using this Leader's effect during this turn.",,https://en.onepiece-cardgame.com/images/cardlist/card/OP01-062_p1.png?250502,0,True
OP01-063-0,OP01-063,0,Arlong,1356.0,UC,Blue,OP01,5000.0,4.0,1000.0,"[DON!! x1] [Activate: Main] You may rest this Character: Choose 1 card from your opponent's hand; your opponent reveals that card. If the revealed card is an Event, place up to 1 card from your opponent's Life area at the bottom of the owner's deck.",,https://en.onepiece-cardgame.com/images/cardlist/card/OP01-063.png?250502,0,True
OP01-064-0,OP01-064,0,Alvida,1369.0,C,Blue,OP01,3000.0,2.0,2000.0,[DON!! x1] [When Attacking] You may trash 1 card from your hand: Return up to 1 of your opponent's Characters with a cost of 3 or less to the owner's hand.,,https://en.onepiece-cardgame.com/images/cardlist/card/OP01-064.png?250502,0,True
OP01-064-1,OP01-064,1,Alvida (Parallel),1369.0,C,Blue,OP01,3000.0,2.0,2000.0,[DON!! x1] [When Attacking] You may trash 1 card from your hand: Return 1 of your opponent's Characters with a cost of 3 or less to the owner's hand.,,https://en.onepiece-cardgame.com/images/cardlist/card/OP01-064_p1.png?250502,0,True
OP01-065-0,OP01-065,0,Vergo,132.0,C,Blue,OP01,7000.0,5.0,1000.0,-,,https://en.onepiece-cardgame.com/images/cardlist/card/OP01-065.png?250502,0,True
OP01-066-0,OP01-066,0,Krieg,706.0,C,Blue,OP01,6000.0,4.0,1000.0,-,,https://en.onepiece-cardgame.com/images/cardlist/card/OP01-066.png?250502,0,True
OP01-067-0,OP01-067,0,Crocodile,1120.0,SR,Blue,OP01,7000.0,7.0,1000.0,"[Banish] (When this card deals damage, the target card is trashed without activating its Trigger.)[DON!! x1] Give blue Events in your hand −1 cost.",,https://en.onepiece-cardgame.com/images/cardlist/card/OP01-067.png?250502,0,True
OP01-067-1,OP01-067,1,Crocodile (Parallel),1120.0,SR,Blue,OP01,7000.0,7.0,1000.0,"[Banish] (When this card deals damage, the target card is trashed without activating its Trigger.)[DON!! x1] Give blue Events in your hand −1 cost.",,https://en.onepiece-cardgame.com/images/cardlist/card/OP01-067_p1.png?250502,0,True
OP01-068-0,OP01-068,0,Gecko Moria,984.0,R,Blue,OP01,5000.0,4.0,1000.0,[Your Turn] This Character gains [Double Attack] if you have 5 or more cards in your hand.(This card deals 2 damage.),,https://en.onepiece-cardgame.com/images/cardlist/card/OP01-068.png?250502,0,True
OP01-069-0,OP01-069,0,Caesar Clown,1268.0,R,Blue,OP01,5000.0,4.0,1000.0,"[On K.O.] Play up to 1 [Smiley] from your deck, then shuffle your deck.",,https://en.onepiece-cardgame.com/images/cardlist/card/OP01-069.png?250502,0,True
OP01-070-1,OP01-070,1,Dracule Mihawk (Parallel),1061.0,SR,Blue,OP01,9000.0,9.0,,[On Play] Place up to 1 Character with a cost of 7 or less at the bottom of the owner's deck.,,https://en.onepiece-cardgame.com/images/cardlist/card/OP01-070_p1.png?250502,0,True
OP01-071-0,OP01-071,0,Jinbe,807.0,R,Blue,OP01,2000.0,4.0,,[On Play] Place up to 1 Character with a cost of 3 or less at the bottom of the owner's deck.[Trigger] Play this card.,[Trigger] Play this card.,https://en.onepiece-cardgame.com/images/cardlist/card/OP01-071.png?250502,0,True
OP01-072-0,OP01-072,0,Smiley,259.0,C,Blue,OP01,1000.0,3.0,1000.0,[DON!! x1] [Your Turn] This Character gains +1000 power for every card in your hand.,,https://en.onepiece-cardgame.com/images/cardlist/card/OP01-072.png?250502,0,True
OP01-073-0,OP01-073,0,Donquixote Doflamingo,1070.0,R,Blue,OP01,4000.0,3.0,1000.0,"[Blocker] (After your opponent declares an attack, you may rest this card to make it the new target of the attack.)[On Play] Look at 5 cards from the top of your deck and place them at the top or bottom of the deck in any order.",,https://en.onepiece-cardgame.com/images/cardlist/card/OP01-073.png?250502,0,True
OP01-073-1,OP01-073,1,Donquixote Doflamingo (Parallel),1070.0,R,Blue,OP01,4000.0,3.0,1000.0,"[Blocker] (After your opponent declares an attack, you may rest this card to make it the new target of the attack.)[On Play] Look at 5 cards from the top of your deck and place them at the top or bottom of the deck in any order.",,https://en.onepiece-cardgame.com/images/cardlist/card/OP01-073_p1.png?250502,0,True
OP01-074-0,OP01-074,0,Bartholomew Kuma,1326.0,R,Blue,OP01,5000.0,4.0,1000.0,"[Blocker] (After your opponent declares an attack, you may rest this card to make it the new target of the attack.)[On K.O.] Play up to 1 [Pacifista] with a cost of 4 or less from your hand.",,https://en.onepiece-cardgame.com/images/cardlist/card/OP01-074.png?250502,0,True
OP01-075-0,OP01-075,0,Pacifista,406.0,C,Blue,OP01,5000.0,4.0,,"Under the rules of this game, you may have any number of this card in your deck.[Blocker] (After your opponent declares an attack, you may rest this card to make it the new target of the attack.)",,https://en.onepiece-cardgame.com/images/cardlist/card/OP01-075.png?250502,0,True
OP01-076-0,OP01-076,0,Bellamy,14.0,C,Blue,OP01,4000.0,2.0,1000.0,-,,https://en.onepiece-cardgame.com/images/cardlist/card/OP01-076.png?250502,0,True
OP01-077-0,OP01-077,0,Perona,434.0,UC,Blue,OP01,2000.0,1.0,1000.0,[On Play] Look at 5 cards from the top of your deck and place them at the top or bottom of the deck in any order.,,https://en.onepiece-cardgame.com/images/cardlist/card/OP01-077.png?250502,0,True
OP01-077-1,OP01-077,1,Perona (Parallel),434.0,UC,Blue,OP01,2000.0,1.0,1000.0,[On Play] Look at 5 cards from the top of your deck and place them at the top or bottom of the deck in any order.,,https://en.onepiece-cardgame.com/images/cardlist/card/OP01-077_p1.png?250502,0,True
OP01-078-1,OP01-078,1,Boa Hancock (Parallel),1305.0,SR,Blue,OP01,5000.0,4.0,1000.0,"[Blocker] (After your opponent declares an attack, you may rest this card to make it the new target of the attack.)[DON!! x1] [When Attacking]/[On Block] Draw 1 card if you have 5 or less cards in your hand.",,https://en.onepiece-cardgame.com/images/cardlist/card/OP01-078_p1.png?250502,0,True
OP01-079-0,OP01-079,0,Ms.All Sunday,495.0,R,Blue,OP01,1000.0,3.0,1000.0,"[Blocker] (After your opponent declares an attack, you may rest this card to make it the new target of the attack.)[On K.O.] If your Leader has the {Baroque Works} type, add up to 1 Event from your trash to your hand.",,https://en.onepiece-cardgame.com/images/cardlist/card/OP01-079.png?250502,0,True
OP01-080-0,OP01-080,0,Miss Doublefinger(Zala),65.0,C,Blue,OP01,4000.0,3.0,1000.0,[On K.O.] Draw 1 card.,,https://en.onepiece-cardgame.com/images/cardlist/card/OP01-080.png?250502,0,True
OP01-081-0,OP01-081,0,Mocha,569.0,C,Blue,OP01,5000.0,3.0,1000.0,-,,https://en.onepiece-cardgame.com/images/cardlist/card/OP01-081.png?250502,0,True
OP01-082-0,OP01-082,0,Monet,563.0,C,Blue,OP01,3000.0,2.0,1000.0,-,[Trigger] Play this card.,https://en.onepiece-cardgame.com/images/cardlist/card/OP01-082.png?250502,0,True
OP01-083-0,OP01-083,0,Mr.1(Daz.Bonez),1102.0,UC,Blue,OP01,3000.0,2.0,1000.0,"[DON!! x1] [Your Turn] If your Leader has the {Baroque Works} type, this Character gains +1000 power for every 2 Events in your trash.",,https://en.onepiece-cardgame.com/images/cardlist/card/OP01-083.png?250502,0,True
OP01-084-0,OP01-084,0,Mr.2.Bon.Kurei(Bentham),15.0,UC,Blue,OP01,4000.0,3.0,2000.0,"[DON!! x1] [When Attacking] Look at 5 cards from the top of your deck; reveal up to 1 {Baroque Works} type Event card and add it to your hand. Then, place the rest at the bottom of your deck in any order.",,https://en.onepiece-cardgame.com/images/cardlist/card/OP01-084.png?250502,0,True
OP01-085-0,OP01-085,0,Mr.3(Galdino),996.0,UC,Blue,OP01,3000.0,2.0,1000.0,"[On Play] If your Leader has the {Baroque Works} type, select up to 1 of your opponent's Characters with a cost of 4 or less. The selected Character cannot attack until the end of your opponent's next turn.",,https://en.onepiece-cardgame.com/images/cardlist/card/OP01-085.png?250502,0,True
OP01-086-0,OP01-086,0,Overheat,,R,Blue,OP01,,2.0,,"[Counter] Up to 1 of your Leader or Character cards gains +4000 power during this battle. Then, return up to 1 active Character with a cost of 3 or less to the owner's hand.",[Trigger] Return 1 card with a cost of 4 or less to the owner's hand.,https://en.onepiece-cardgame.com/images/cardlist/card/OP01-086.png?250502,0,False
OP01-087-0,OP01-087,0,Officer Agents,,C,Blue,OP01,,2.0,,[Counter] Play up to 1 {Baroque Works} type card with a cost of 3 or less from your hand.,[Trigger] Activate this card's [Counter] effect.,https://en.onepiece-cardgame.com/images/cardlist/card/OP01-087.png?250502,0,False
OP01-088-0,OP01-088,0,Desert Spada,,UC,Blue,OP01,,1.0,,"[Counter] Up to 1 of your Leader or Character cards gains +2000 power during this battle. Then, look at 3 cards from the top of your deck and place them at the top or bottom of the deck in any order.",[Trigger] Draw 2 cards and trash 1 card from your hand.,https://en.onepiece-cardgame.com/images/cardlist/card/OP01-088.png?250502,0,False
OP01-089-0,OP01-089,0,Crescent Cutlass,,C,Blue,OP01,,3.0,,"[Counter] If your Leader has the {The Seven Warlords of the Sea} type, return up to 1 Character with a cost of 5 or less to the owner's hand.",,https://en.onepiece-cardgame.com/images/cardlist/card/OP01-089.png?250502,0,False
OP01-090-0,OP01-090,0,Baroque Works,,UC,Blue,OP01,,1.0,,"[Main] Look at 5 cards from the top of your deck; reveal up to 1 {Baroque Works} type card other than [Baroque Works] and add it to your hand. Then, place the rest at the bottom of your deck in any order.",,https://en.onepiece-cardgame.com/images/cardlist/card/OP01-090.png?250502,0,False
OP01-091-0,OP01-091,0,King,737.0,L,Purple,OP01,5000.0,,,"[Your Turn] If you have 10 DON!! cards on your field, give all of your opponent's Characters −1000 power.",,https://en.onepiece-cardgame.com/images/cardlist/card/OP01-091.png?250502,0,True
OP01-091-1,OP01-091,1,King (Parallel),737.0,L,Purple,OP01,5000.0,,,"[Your Turn] If you have 10 DON!! cards on your field, give all of your opponent's Characters −1000 power.",,https://en.onepiece-cardgame.com/images/cardlist/card/OP01-091_p1.png?250502,0,True
OP01-092-0,OP01-092,0,Urashima,142.0,C,Purple,OP01,9000.0,7.0,1000.0,-,,https://en.onepiece-cardgame.com/images/cardlist/card/OP01-092.png?250502,0,True
OP01-093-0,OP01-093,0,Ulti,147.0,R,Purple,OP01,3000.0,2.0,,[On Play] ① (You may rest the specified number of DON!! cards in your cost area.): Add up to 1 DON!! card from your DON!! deck and rest it.,,https://en.onepiece-cardgame.com/images/cardlist/card/OP01-093.png?250502,0,True
OP01-093-1,OP01-093,1,Ulti (Parallel),147.0,R,Purple,OP01,3000.0,2.0,,[On Play] ① (You may rest the specified number of DON!! cards in your cost area.): Add up to 1 DON!! card from your DON!! deck and rest it.,,https://en.onepiece-cardgame.com/images/cardlist/card/OP01-093_p1.png?250502,0,True
OP01-094-0,OP01-094,0,Kaido,783.0,SR,Purple,OP01,12000.0,10.0,,"[On Play] DON!! −6 (You may return the specified number of DON!! cards from your field to your DON!! deck.): If your Leader has the {Animal Kingdom Pirates} type, K.O. all Characters other than this Character.",,https://en.onepiece-cardgame.com/images/cardlist/card/OP01-094.png?250502,0,True
OP01-094-1,OP01-094,1,Kaido (Parallel),783.0,SR,Purple,OP01,12000.0,10.0,,"[On Play] DON!! −6 (You may return the specified number of DON!! cards from your field to your DON!! deck.): If your Leader has the {Animal Kingdom Pirates} type, K.O. all Characters other than this Character.",,https://en.onepiece-cardgame.com/images/cardlist/card/OP01-094_p1.png?250502,0,True
OP01-095-0,OP01-095,0,Kyoshirou,1095.0,UC,Purple,OP01,6000.0,5.0,1000.0,[On Play] Draw 1 card if you have 8 or more DON!! cards on your field.,,https://en.onepiece-cardgame.com/images/cardlist/card/OP01-095.png?250502,0,True
OP01-096-0,OP01-096,0,King,737.0,SR,Purple,OP01,7000.0,7.0,,[On Play] DON!! −2 (You may return the specified number of DON!! cards from your field to your DON!! deck.): K.O. up to 1 of your opponent's Characters with a cost of 3 or less and up to 1 of your opponent's Characters with a cost of 2 or less.,,https://en.onepiece-cardgame.com/images/cardlist/card/OP01-096.png?250502,0,True
OP01-096-1,OP01-096,1,King (Parallel),737.0,SR,Purple,OP01,7000.0,7.0,,[On Play] DON!! −2 (You may return the specified number of DON!! cards from your field to your DON!! deck.): K.O. up to 1 of your opponent's Characters with a cost of 3 or less and up to 1 of your opponent's Characters with a cost of 2 or less.,,https://en.onepiece-cardgame.com/images/cardlist/card/OP01-096_p1.png?250502,0,True
OP01-097-0,OP01-097,0,Queen,403.0,R,Purple,OP01,5000.0,6.0,1000.0,"[On Play] DON!! −1 (You may return the specified number of DON!! cards from your field to your DON!! deck.): This Character gains [Rush] during this turn. Then, give up to 1 of your opponent's Characters −2000 power during this turn.(This card can attack on the turn in which it is played.)",,https://en.onepiece-cardgame.com/images/cardlist/card/OP01-097.png?250502,0,True
OP01-097-1,OP01-097,1,Queen (Parallel),403.0,R,Purple,OP01,5000.0,6.0,1000.0,"[On Play] DON!! −1 (You may return the specified number of DON!! cards from your field to your DON!! deck.): This Character gains [Rush] during this turn. Then, give up to 1 of your opponent's Characters −2000 power during this turn.(This card can attack on the turn in which it is played.)",,https://en.onepiece-cardgame.com/images/cardlist/card/OP01-097_p1.png?250502,0,True
OP01-098-0,OP01-098,0,Kurozumi Orochi,688.0,UC,Purple,OP01,2000.0,1.0,2000.0,"[On Play] Reveal up to 1 [Artificial Devil Fruit SMILE] from your deck and add it to your hand. Then, shuffle your deck.",,https://en.onepiece-cardgame.com/images/cardlist/card/OP01-098.png?250502,0,True
OP01-099-0,OP01-099,0,Kurozumi Semimaru,683.0,C,Purple,OP01,3000.0,2.0,1000.0,{Kurozumi Clan} type Characters other than your [Kurozumi Semimaru] cannot be K.O.'d in battle.,,https://en.onepiece-cardgame.com/images/cardlist/card/OP01-099.png?250502,0,True
OP01-100-0,OP01-100,0,Kurozumi Higurashi,687.0,C,Purple,OP01,3000.0,2.0,1000.0,"[Blocker] (After your opponent declares an attack, you may rest this card to make it the new target of the attack.)",,https://en.onepiece-cardgame.com/images/cardlist/card/OP01-100.png?250502,0,True
OP01-101-0,OP01-101,0,Sasaki,328.0,UC,Purple,OP01,4000.0,3.0,2000.0,[DON!! x1] [When Attacking] You may trash 1 card from your hand: Add up to 1 DON!! card from your DON!! deck and rest it.,,https://en.onepiece-cardgame.com/images/cardlist/card/OP01-101.png?250502,0,True
OP01-102-0,OP01-102,0,Jack,830.0,R,Purple,OP01,4000.0,3.0,1000.0,[When Attacking] DON!! −1 (You may return the specified number of DON!! cards from your field to your DON!! deck.): Your opponent trashes 1 card from their hand.,,https://en.onepiece-cardgame.com/images/cardlist/card/OP01-102.png?250502,0,True
OP01-102-1,OP01-102,1,Jack (Parallel),830.0,R,Purple,OP01,4000.0,3.0,1000.0,[When Attacking] DON!! −1 (You may return the specified number of DON!! cards from your field to your DON!! deck.): Your opponent trashes 1 card from their hand.,,https://en.onepiece-cardgame.com/images/cardlist/card/OP01-102_p1.png?250502,0,True
OP01-103-0,OP01-103,0,Scratchmen Apoo,313.0,C,Purple,OP01,6000.0,4.0,1000.0,-,,https://en.onepiece-cardgame.com/images/cardlist/card/OP01-103.png?250502,0,True
OP01-104-0,OP01-104,0,Speed,241.0,C,Purple,OP01,3000.0,2.0,1000.0,-,[Trigger] Play this card.,https://en.onepiece-cardgame.com/images/cardlist/card/OP01-104.png?250502,0,True
OP01-105-0,OP01-105,0,Bao Huang,1331.0,C,Purple,OP01,3000.0,2.0,1000.0,[On Play] Choose 2 cards from your opponent's hand; your opponent reveals those cards.,,https://en.onepiece-cardgame.com/images/cardlist/card/OP01-105.png?250502,0,True
OP01-106-0,OP01-106,0,Basil Hawkins,1323.0,UC,Purple,OP01,2000.0,4.0,1000.0,[On Play] Add up to 1 DON!! card from your DON!! deck and rest it.,[Trigger] Play this card.,https://en.onepiece-cardgame.com/images/cardlist/card/OP01-106.png?250502,0,True
OP01-107-0,OP01-107,0,Babanuki,1341.0,C,Purple,OP01,7000.0,5.0,1000.0,-,,https://en.onepiece-cardgame.com/images/cardlist/card/OP01-107.png?250502,0,True
OP01-108-0,OP01-108,0,Hitokiri Kamazo,742.0,UC,Purple,OP01,5000.0,4.0,1000.0,[On K.O.] DON!! −1 (You may return the specified number of DON!! cards from your field to your DON!! deck.): K.O. up to 1 of your opponent's Characters with a cost of 5 or less.,,https://en.onepiece-cardgame.com/images/cardlist/card/OP01-108.png?250502,0,True
OP01-109-0,OP01-109,0,Who's.Who,98.0,UC,Purple,OP01,3000.0,2.0,1000.0,"[DON!! x1] [Your Turn] If you have 8 or more DON!! cards on your field, this Character gains +1000 power.",,https://en.onepiece-cardgame.com/images/cardlist/card/OP01-109.png?250502,0,True
OP01-109-1,OP01-109,1,Who's.Who (Parallel),98.0,UC,Purple,OP01,3000.0,2.0,1000.0,"[DON!! x1] [Your Turn] If you have 8 or more DON!! cards on your field, this Character gains +1000 power.",,https://en.onepiece-cardgame.com/images/cardlist/card/OP01-109_p1.png?250502,0,True
OP01-110-0,OP01-110,0,Fukurokuju,1006.0,C,Purple,OP01,8000.0,6.0,1000.0,-,,https://en.onepiece-cardgame.com/images/cardlist/card/OP01-110.png?250502,0,True
OP01-111-0,OP01-111,0,Black Maria,6.0,R,Purple,OP01,5000.0,4.0,1000.0,"[Blocker] (After your opponent declares an attack, you may rest this card to make it the new target of the attack.)[On Block] DON!! −1 (You may return the specified number of DON!! cards from your field to your DON!! deck.): This Character gains +1000 power during this turn.",,https://en.onepiece-cardgame.com/images/cardlist/card/OP01-111.png?250502,0,True
OP01-112-0,OP01-112,0,Page One,459.0,R,Purple,OP01,5000.0,4.0,1000.0,[Activate: Main] [Once Per Turn] DON!! −1 (You may return the specified number of DON!! cards from your field to your DON!! deck.): This Character can also attack your opponent's active Characters during this turn.,,https://en.onepiece-cardgame.com/images/cardlist/card/OP01-112.png?250502,0,True
OP01-113-0,OP01-113,0,Holedem,880.0,C,Purple,OP01,4000.0,3.0,1000.0,[On K.O.] Add up to 1 DON!! card from your DON!! deck and rest it.,,https://en.onepiece-cardgame.com/images/cardlist/card/OP01-113.png?250502,0,True
OP01-114-0,OP01-114,0,X.Drake,93.0,R,Purple,OP01,5000.0,5.0,2000.0,[On Play] DON!! −1 (You may return the specified number of DON!! cards from your field to your DON!! deck.): Your opponent trashes 1 card from their hand.,,https://en.onepiece-cardgame.com/images/cardlist/card/OP01-114.png?250502,0,True
OP01-115-0,OP01-115,0,Elephant's Marchoo,,C,Purple,OP01,,4.0,,"[Main] K.O. up to 1 of your opponent's Characters with a cost of 2 or less, then add up to 1 DON!! card from your DON!! deck and set it as active.",[Trigger] Activate this card's [Main] effect.,https://en.onepiece-cardgame.com/images/cardlist/card/OP01-115.png?250502,0,False
OP01-116-0,OP01-116,0,Artificial Devil Fruit SMILE,,UC,Purple,OP01,,2.0,,"[Main] Look at 5 cards from the top of your deck; play up to 1 {SMILE} type Character card with a cost of 3 or less. Then, place the rest at the bottom of your deck in any order.",[Trigger] Activate this card's [Main] effect.,https://en.onepiece-cardgame.com/images/cardlist/card/OP01-116.png?250502,0,False
OP01-117-0,OP01-117,0,Sheep's Horn,,C,Purple,OP01,,2.0,,[Main] DON!! −1 (You may return the specified number of DON!! cards from your field to your DON!! deck.): Rest up to 1 of your opponent's Characters with a cost of 6 or less.,,https://en.onepiece-cardgame.com/images/cardlist/card/OP01-117.png?250502,0,False
OP01-118-0,OP01-118,0,Ulti-Mortar,,UC,Purple,OP01,,1.0,,"[Counter] DON!! −2 (You may return the specified number of DON!! cards from your field to your DON!! deck.): Up to 1 of your Leader or Character cards gains +2000 power during this battle. Then, draw 1 card.",[Trigger] Add 1 DON!! card from your DON!! deck and set it as active.,https://en.onepiece-cardgame.com/images/cardlist/card/OP01-118.png?250502,0,False
OP01-119-0,OP01-119,0,Thunder Bagua,,R,Purple,OP01,,2.0,,"[Counter] Up to 1 of your Leader or Character cards gains +4000 power during this battle. Then, if you have 2 or less Life cards, add up to 1 DON!! card from your DON!! deck and rest it.",[Trigger] Add 1 DON!! card from your DON!! deck and set it as active.,https://en.onepiece-cardgame.com/images/cardlist/card/OP01-119.png?250502,0,False
OP01-120-1,OP01-120,1,Shanks (Parallel),290.0,SEC,Red,OP01,10000.0,9.0,,[Rush] (This card can attack on the turn in which it is played.)[When Attacking] Your opponent cannot activate a [Blocker] Character that has 2000 or less power during this battle.,,https://en.onepiece-cardgame.com/images/cardlist/card/OP01-120_p1.png?250502,0,True
OP01-120-2,OP01-120,2,Shanks (Parallel),290.0,SEC,Red,OP01,10000.0,9.0,,[Rush] (This card can attack on the turn in which it is played.)[When Attacking] Your opponent cannot activate a [Blocker] Character that has 2000 or less power during this battle.,,https://en.onepiece-cardgame.com/images/cardlist/card/OP01-120_p2.png?250502,0,True
OP01-121-1,OP01-121,1,Yamato (Parallel),88.0,SEC,Green,OP01,5000.0,5.0,1000.0,"Also treat this card's name as [Kouzuki Oden] according to the rules.[Double Attack] (This card deals 2 damage.)[Banish] (When this card deals damage, the target card is trashed without activating its Trigger.)",,https://en.onepiece-cardgame.com/images/cardlist/card/OP01-121_p1.png?250502,0,True
ST22-001-0,ST22-001,0,Ace & Newgate,,L,Blue,ST22,5000.0,,,"[Activate: Main] [Once Per Turn] You may reveal 1 card with a type including ""Whitebeard Pirates"" from your hand: Draw 1 card and place the revealed card at the top of your deck.",,https://en.onepiece-cardgame.com/images/cardlist/card/ST22-001.png?250502,0,False
ST22-001-1,ST22-001,1,Ace & Newgate,,L,Blue,ST22,5000.0,,,"[Activate: Main] [Once Per Turn] You may reveal 1 card with a type including ""Whitebeard Pirates"" from your hand: Draw 1 card and place the revealed card at the top of your deck.",,https://en.onepiece-cardgame.com/images/cardlist/card/ST22-001_p1.png?250502,0,False
ST22-002-0,ST22-002,0,Izo,833.0,SR,Blue,ST22,,1.0,1000.0,"[On Play] Look at 5 cards from the top of your deck; reveal up to 1 card with a type including ""Whitebeard Pirates"" other than [Izo] and add it to your hand. Then, place the rest at the bottom of your deck in any order.[On Your Opponent's Attack] You may trash this Character: Draw 1 card and place 1 card from your hand at the bottom of your deck.",,https://en.onepiece-cardgame.com/images/cardlist/card/ST22-002.png?250502,0,True
ST22-002-1,ST22-002,1,Izo,833.0,SR,Blue,ST22,,1.0,1000.0,"[On Play] Look at 5 cards from the top of your deck; reveal up to 1 card with a type including ""Whitebeard Pirates"" other than [Izo] and add it to your hand. Then, place the rest at the bottom of your deck in any order.[On Your Opponent's Attack] You may trash this Character: Draw 1 card and place 1 card from your hand at the bottom of your deck.",,https://en.onepiece-cardgame.com/images/cardlist/card/ST22-002_p1.png?250502,0,True
ST22-003-0,ST22-003,0,Edward.Newgate,1051.0,C,Blue,ST22,10000.0,9.0,,"[Double Attack] (This card deals 2 damage.)[On Play] Reveal 1 card from the top of your deck. If that card's type includes ""Whitebeard Pirates"", draw 2 cards.",,https://en.onepiece-cardgame.com/images/cardlist/card/ST22-003.png?250502,0,True
ST22-003-1,ST22-003,1,Edward.Newgate,1051.0,C,Blue,ST22,10000.0,9.0,,"[Double Attack] (This card deals 2 damage.)[On Play] Reveal 1 card from the top of your deck. If that card's type includes ""Whitebeard Pirates"", draw 2 cards.",,https://en.onepiece-cardgame.com/images/cardlist/card/ST22-003_p1.png?250502,0,True
ST22-004-0,ST22-004,0,Elmy,1045.0,C,Blue,ST22,5000.0,3.0,1000.0,-,,https://en.onepiece-cardgame.com/images/cardlist/card/ST22-004.png?250502,0,True
ST22-004-1,ST22-004,1,Elmy,1045.0,C,Blue,ST22,5000.0,3.0,1000.0,-,,https://en.onepiece-cardgame.com/images/cardlist/card/ST22-004_p1.png?250502,0,True
ST22-005-0,ST22-005,0,Kouzuki Oden,708.0,SR,Blue,ST22,8000.0,7.0,,"If this Character would be removed from the field by your opponent's effect, you may trash 2 cards from your hand instead.[Activate: Main] [Once Per Turn] You may rest 3 of your DON!! cards and return 1 of your Characters other than this Character to the owner's hand: Set this Character as active.",,https://en.onepiece-cardgame.com/images/cardlist/card/ST22-005.png?250502,0,True
ST22-005-1,ST22-005,1,Kouzuki Oden,708.0,SR,Blue,ST22,8000.0,7.0,,"If this Character would be removed from the field by your opponent's effect, you may trash 2 cards from your hand instead.[Activate: Main] [Once Per Turn] You may rest 3 of your DON!! cards and return 1 of your Characters other than this Character to the owner's hand: Set this Character as active.",,https://en.onepiece-cardgame.com/images/cardlist/card/ST22-005_p1.png?250502,0,True
ST22-006-0,ST22-006,0,Jozu,791.0,C,Blue,ST22,8000.0,7.0,1000.0,"[On Play] Reveal 1 card from the top of your deck. If that card's type includes ""Whitebeard Pirates"", draw 2 cards and trash 1 card from your hand.",,https://en.onepiece-cardgame.com/images/cardlist/card/ST22-006.png?250502,0,True
ST22-006-1,ST22-006,1,Jozu,791.0,C,Blue,ST22,8000.0,7.0,1000.0,"[On Play] Reveal 1 card from the top of your deck. If that card's type includes ""Whitebeard Pirates"", draw 2 cards and trash 1 card from your hand.",,https://en.onepiece-cardgame.com/images/cardlist/card/ST22-006_p1.png?250502,0,True
ST22-007-0,ST22-007,0,Squard,234.0,C,Blue,ST22,2000.0,1.0,1000.0,"[Activate: Main] [Once Per Turn] Reveal 1 card from the top of your deck. If that card's type includes ""Whitebeard Pirates"", give up to 1 rested DON!! card to your Leader or 1 of your Characters.",,https://en.onepiece-cardgame.com/images/cardlist/card/ST22-007.png?250502,0,True
ST22-007-1,ST22-007,1,Squard,234.0,C,Blue,ST22,2000.0,1.0,1000.0,"[Activate: Main] [Once Per Turn] Reveal 1 card from the top of your deck. If that card's type includes ""Whitebeard Pirates"", give up to 1 rested DON!! card to your Leader or 1 of your Characters.",,https://en.onepiece-cardgame.com/images/cardlist/card/ST22-007_p1.png?250502,0,True
ST22-008-0,ST22-008,0,Decalvan Brothers,1099.0,C,Blue,ST22,4000.0,2.0,1000.0,-,,https://en.onepiece-cardgame.com/images/cardlist/card/ST22-008.png?250502,0,True
ST22-008-1,ST22-008,1,Decalvan Brothers,1099.0,C,Blue,ST22,4000.0,2.0,1000.0,-,,https://en.onepiece-cardgame.com/images/cardlist/card/ST22-008_p1.png?250502,0,True
ST22-009-0,ST22-009,0,Vista,115.0,C,Blue,ST22,1000.0,1.0,,"[Blocker] (After your opponent declares an attack, you may rest this card to make it the new target of the attack.)",,https://en.onepiece-cardgame.com/images/cardlist/card/ST22-009.png?250502,0,True
ST22-009-1,ST22-009,1,Vista,115.0,C,Blue,ST22,1000.0,1.0,,"[Blocker] (After your opponent declares an attack, you may rest this card to make it the new target of the attack.)",,https://en.onepiece-cardgame.com/images/cardlist/card/ST22-009_p1.png?250502,0,True
ST22-010-0,ST22-010,0,Portgas.D.Ace,416.0,C,Blue,ST22,6000.0,5.0,2000.0,-,,https://en.onepiece-cardgame.com/images/cardlist/card/ST22-010.png?250502,0,True
ST22-010-1,ST22-010,1,Portgas.D.Ace,416.0,C,Blue,ST22,6000.0,5.0,2000.0,-,,https://en.onepiece-cardgame.com/images/cardlist/card/ST22-010_p1.png?250502,0,True
ST22-011-0,ST22-011,0,Whitey Bay,100.0,C,Blue,ST22,1000.0,1.0,2000.0,"[Your Turn] [On Play] You may reveal 2 cards with a type including ""Whitebeard Pirates"" from your hand: Up to 1 of your Leader with a type including ""Whitebeard Pirates"" gains +2000 power during this turn.",,https://en.onepiece-cardgame.com/images/cardlist/card/ST22-011.png?250502,0,True
ST22-011-1,ST22-011,1,Whitey Bay,100.0,C,Blue,ST22,1000.0,1.0,2000.0,"[Your Turn] [On Play] You may reveal 2 cards with a type including ""Whitebeard Pirates"" from your hand: Up to 1 of your Leader with a type including ""Whitebeard Pirates"" gains +2000 power during this turn.",,https://en.onepiece-cardgame.com/images/cardlist/card/ST22-011_p1.png?250502,0,True
ST22-012-0,ST22-012,0,Marco,635.0,C,Blue,ST22,5000.0,4.0,1000.0,"[Once Per Turn] If this Character would be K.O.'d by your opponent's effect, you may trash 1 card from your hand instead.[When Attacking] Reveal 1 card from the top of your deck. If that card's type includes ""Whitebeard Pirates"", this Character gains +1000 power until the end of your opponent's next turn.",,https://en.onepiece-cardgame.com/images/cardlist/card/ST22-012.png?250502,0,True
ST22-012-1,ST22-012,1,Marco,635.0,C,Blue,ST22,5000.0,4.0,1000.0,"[Once Per Turn] If this Character would be K.O.'d by your opponent's effect, you may trash 1 card from your hand instead.[When Attacking] Reveal 1 card from the top of your deck. If that card's type includes ""Whitebeard Pirates"", this Character gains +1000 power until the end of your opponent's next turn.",,https://en.onepiece-cardgame.com/images/cardlist/card/ST22-012_p1.png?250502,0,True
ST22-013-0,ST22-013,0,LittleOars Jr.,660.0,C,Blue,ST22,7000.0,5.0,1000.0,-,,https://en.onepiece-cardgame.com/images/cardlist/card/ST22-013.png?250502,0,True
ST22-013-1,ST22-013,1,LittleOars Jr.,660.0,C,Blue,ST22,7000.0,5.0,1000.0,-,,https://en.onepiece-cardgame.com/images/cardlist/card/ST22-013_p1.png?250502,0,True
ST22-014-0,ST22-014,0,A.O.,1.0,C,Blue,ST22,6000.0,4.0,1000.0,-,,https://en.onepiece-cardgame.com/images/cardlist/card/ST22-014.png?250502,0,True
ST22-014-1,ST22-014,1,A.O.,1.0,C,Blue,ST22,6000.0,4.0,1000.0,-,,https://en.onepiece-cardgame.com/images/cardlist/card/ST22-014_p1.png?250502,0,True
ST22-015-0,ST22-015,0,I Am Whitebeard!!,,C,Blue,ST22,,8.0,,"[Main] If your Leader's type includes ""Whitebeard Pirates"", play up to 1 [Edward.Newgate] from your hand. Then, you may add 1 card from the top or bottom of your Life cards to your hand. If you do, up to 1 of your Leader gains +2000 power until the end of your opponent's next turn.",,https://en.onepiece-cardgame.com/images/cardlist/card/ST22-015.png?250502,0,False
ST22-016-0,ST22-016,0,Take That Back!! Take Back What You Said!!,,C,Blue,ST22,,1.0,,"[Counter] Reveal 1 card from the top of your deck. If that card's type includes ""Whitebeard Pirates"", up to 1 of your Leader or Character cards gains +4000 power during this battle.",[Trigger] Draw 1 card.,https://en.onepiece-cardgame.com/images/cardlist/card/ST22-016.png?250502,0,False
ST22-017-0,ST22-017,0,Fire Fist,,C,Blue,ST22,,5.0,,"[Main] You may reveal 2 cards with a type including ""Whitebeard Pirates"" from your hand: Draw 1 card. Then, place up to 1 Character with a cost of 5 or less at the bottom of the owner's deck.",[Trigger] Return up to 1 Character with a cost of 3 or less to the owner's hand.,https://en.onepiece-cardgame.com/images/cardlist/card/ST22-017.png?250502,0,False
ST21-001-0,ST21-001,0,Monkey.D.Luffy,558.0,L,Red,ST21,5000.0,,,[DON!! x1] [Activate: Main] [Once Per Turn] Give up to 2 rested DON!! cards to 1 of your Characters.,,https://en.onepiece-cardgame.com/images/cardlist/card/ST21-001.png?250502,0,True
ST21-001-1,ST21-001,1,Monkey.D.Luffy,558.0,L,Red,ST21,5000.0,,,[DON!! x1] [Activate: Main] [Once Per Turn] Give up to 2 rested DON!! cards to 1 of your Characters.,,https://en.onepiece-cardgame.com/images/cardlist/card/ST21-001_p1.png?250502,0,True
ST21-002-0,ST21-002,0,Usopp,136.0,C,Red,ST21,3000.0,2.0,2000.0,[DON!! x2] [Opponent's Turn] This Character gains +2000 power.,,https://en.onepiece-cardgame.com/images/cardlist/card/ST21-002.png?250502,0,True
ST21-002-1,ST21-002,1,Usopp,136.0,C,Red,ST21,3000.0,2.0,2000.0,[DON!! x2] [Opponent's Turn] This Character gains +2000 power.,,https://en.onepiece-cardgame.com/images/cardlist/card/ST21-002_p1.png?250502,0,True
ST21-003-0,ST21-003,0,Sanji,326.0,C,Red,ST21,3000.0,2.0,2000.0,"[On Play] Select up to 1 of your {Straw Hat Crew} type Characters with 6000 power or more. If the selected Character attacks during this turn, your opponent cannot activate [Blocker].",,https://en.onepiece-cardgame.com/images/cardlist/card/ST21-003.png?250502,0,True
ST21-003-1,ST21-003,1,Sanji,326.0,C,Red,ST21,3000.0,2.0,2000.0,"[On Play] Select up to 1 of your {Straw Hat Crew} type Characters with 6000 power or more. If the selected Character attacks during this turn, your opponent cannot activate [Blocker].",,https://en.onepiece-cardgame.com/images/cardlist/card/ST21-003_p1.png?250502,0,True
ST21-004-0,ST21-004,0,Jewelry Bonney,809.0,C,Red,ST21,3000.0,1.0,,[DON!! x2] [On K.O.] Draw 1 card.,,https://en.onepiece-cardgame.com/images/cardlist/card/ST21-004.png?250502,0,True
ST21-004-1,ST21-004,1,Jewelry Bonney,809.0,C,Red,ST21,3000.0,1.0,,[DON!! x2] [On K.O.] Draw 1 card.,,https://en.onepiece-cardgame.com/images/cardlist/card/ST21-004_p1.png?250502,0,True
ST21-005-0,ST21-005,0,Jinbe,807.0,C,Red,ST21,4000.0,2.0,1000.0,-,,https://en.onepiece-cardgame.com/images/cardlist/card/ST21-005.png?250502,0,True
ST21-005-1,ST21-005,1,Jinbe,807.0,C,Red,ST21,4000.0,2.0,1000.0,-,,https://en.onepiece-cardgame.com/images/cardlist/card/ST21-005_p1.png?250502,0,True
ST21-006-0,ST21-006,0,Stussy,224.0,C,Red,ST21,5000.0,3.0,1000.0,-,,https://en.onepiece-cardgame.com/images/cardlist/card/ST21-006.png?250502,0,True
ST21-006-1,ST21-006,1,Stussy,224.0,C,Red,ST21,5000.0,3.0,1000.0,-,,https://en.onepiece-cardgame.com/images/cardlist/card/ST21-006_p1.png?250502,0,True
ST21-007-0,ST21-007,0,Sentomaru,301.0,C,Red,ST21,2000.0,2.0,1000.0,"[Blocker] (After your opponent declares an attack, you may rest this card to make it the new target of the attack.)",,https://en.onepiece-cardgame.com/images/cardlist/card/ST21-007.png?250502,0,True
ST21-007-1,ST21-007,1,Sentomaru,301.0,C,Red,ST21,2000.0,2.0,1000.0,"[Blocker] (After your opponent declares an attack, you may rest this card to make it the new target of the attack.)",,https://en.onepiece-cardgame.com/images/cardlist/card/ST21-007_p1.png?250502,0,True
ST21-008-0,ST21-008,0,Tony Tony.Chopper,175.0,C,Red,ST21,6000.0,4.0,1000.0,-,,https://en.onepiece-cardgame.com/images/cardlist/card/ST21-008.png?250502,0,True
ST21-008-1,ST21-008,1,Tony Tony.Chopper,175.0,C,Red,ST21,6000.0,4.0,1000.0,-,,https://en.onepiece-cardgame.com/images/cardlist/card/ST21-008_p1.png?250502,0,True
ST21-009-0,ST21-009,0,Nami,515.0,C,Red,ST21,1000.0,3.0,1000.0,[Activate: Main] [Once Per Turn] Give up to 2 rested DON!! cards to 1 of your {Straw Hat Crew} type Leader or Character cards.,,https://en.onepiece-cardgame.com/images/cardlist/card/ST21-009.png?250502,0,True
ST21-009-1,ST21-009,1,Nami,515.0,C,Red,ST21,1000.0,3.0,1000.0,[Activate: Main] [Once Per Turn] Give up to 2 rested DON!! cards to 1 of your {Straw Hat Crew} type Leader or Character cards.,,https://en.onepiece-cardgame.com/images/cardlist/card/ST21-009_p1.png?250502,0,True
ST21-010-0,ST21-010,0,Nico Robin,495.0,C,Red,ST21,4000.0,3.0,1000.0,[DON!! x2] [When Attacking] K.O. up to 1 of your opponent's Characters with 4000 power or less.,,https://en.onepiece-cardgame.com/images/cardlist/card/ST21-010.png?250502,0,True
ST21-010-1,ST21-010,1,Nico Robin,495.0,C,Red,ST21,4000.0,3.0,1000.0,[DON!! x2] [When Attacking] K.O. up to 1 of your opponent's Characters with 4000 power or less.,,https://en.onepiece-cardgame.com/images/cardlist/card/ST21-010_p1.png?250502,0,True
ST21-011-0,ST21-011,0,Franky,1014.0,C,Red,ST21,4000.0,3.0,1000.0,[DON!! x2] [Opponent's Turn] All of your {Straw Hat Crew} type Characters with 4000 base power or less gain +1000 power.,,https://en.onepiece-cardgame.com/images/cardlist/card/ST21-011.png?250502,0,True
ST21-011-1,ST21-011,1,Franky,1014.0,C,Red,ST21,4000.0,3.0,1000.0,[DON!! x2] [Opponent's Turn] All of your {Straw Hat Crew} type Characters with 4000 base power or less gain +1000 power.,,https://en.onepiece-cardgame.com/images/cardlist/card/ST21-011_p1.png?250502,0,True
ST21-012-0,ST21-012,0,Brook,1282.0,C,Red,ST21,4000.0,3.0,1000.0,[When Attacking] Give up to 2 rested DON!! cards to your Leader or 1 of your Characters.,,https://en.onepiece-cardgame.com/images/cardlist/card/ST21-012.png?250502,0,True
ST21-012-1,ST21-012,1,Brook,1282.0,C,Red,ST21,4000.0,3.0,1000.0,[When Attacking] Give up to 2 rested DON!! cards to your Leader or 1 of your Characters.,,https://en.onepiece-cardgame.com/images/cardlist/card/ST21-012_p1.png?250502,0,True
ST21-013-0,ST21-013,0,Vegapunk,126.0,C,Red,ST21,3000.0,1.0,1000.0,-,,https://en.onepiece-cardgame.com/images/cardlist/card/ST21-013.png?250502,0,True
ST21-013-1,ST21-013,1,Vegapunk,126.0,C,Red,ST21,3000.0,1.0,1000.0,-,,https://en.onepiece-cardgame.com/images/cardlist/card/ST21-013_p1.png?250502,0,True
ST21-014-0,ST21-014,0,Monkey.D.Luffy,558.0,SR,Red,ST21,6000.0,5.0,,[Rush] (This card can attack on the turn in which it is played.)[When Attacking] Give up to 1 rested DON!! card to your Leader or 1 of your Characters.,,https://en.onepiece-cardgame.com/images/cardlist/card/ST21-014.png?250502,0,True
ST21-014-1,ST21-014,1,Monkey.D.Luffy,558.0,SR,Red,ST21,6000.0,5.0,,[Rush] (This card can attack on the turn in which it is played.)[When Attacking] Give up to 1 rested DON!! card to your Leader or 1 of your Characters.,,https://en.onepiece-cardgame.com/images/cardlist/card/ST21-014_p1.png?250502,0,True
ST21-015-0,ST21-015,0,Roronoa Zoro,357.0,SR,Red,ST21,5000.0,4.0,1000.0,[DON!! x2] This Character gains [Rush].[On K.O.] Play up to 1 red Character card with 6000 power or less other than [Roronoa Zoro] from your hand.,,https://en.onepiece-cardgame.com/images/cardlist/card/ST21-015.png?250502,0,True
ST21-015-1,ST21-015,1,Roronoa Zoro,357.0,SR,Red,ST21,5000.0,4.0,1000.0,[DON!! x2] This Character gains [Rush].[On K.O.] Play up to 1 red Character card with 6000 power or less other than [Roronoa Zoro] from your hand.,,https://en.onepiece-cardgame.com/images/cardlist/card/ST21-015_p1.png?250502,0,True
ST21-016-0,ST21-016,0,Gum-Gum Dawn Whip,,C,Red,ST21,,2.0,,"[Main] Up to 1 of your Leader or Character cards gains +1000 power during this turn. Then, up to 1 of your opponent's Characters with 4000 power or less cannot activate [Blocker] during this turn.",[Trigger] K.O. up to 1 of your opponent's Characters with 4000 power or less.,https://en.onepiece-cardgame.com/images/cardlist/card/ST21-016.png?250502,0,False
ST21-017-0,ST21-017,0,Gum-Gum Mole Pistol,,C,Red,ST21,,4.0,,"[Main] Give up to 1 of your opponent's Characters −5000 power during this turn. Then, if you have a Character with 6000 power or more, K.O. up to 1 of your opponent's Characters with 2000 power or less.",[Trigger] Activate this card's [Main] effect.,https://en.onepiece-cardgame.com/images/cardlist/card/ST21-017.png?250502,0,False
OP03-099-2,OP03-099,2,Charlotte Katakuri,1200.0,L,Yellow,OP03,5000.0,,,"[DON!! x1] [When Attacking] Look at up to 1 card from the top of your or your opponent's Life cards, and place it at the top or bottom of the Life cards. Then, this Leader gains +1000 power during this battle.",,https://en.onepiece-cardgame.com/images/cardlist/card/OP03-099_p2.png?250502,0,True
ST07-005-0,ST07-005,0,Charlotte Daifuku,1211.0,C,Yellow,ST07,5000.0,4.0,1000.0,[DON!! x1] [When Attacking] You may add 1 card from the top or bottom of your Life cards to your hand: Add up to 1 card from the top of your deck to the top of your Life cards.,,https://en.onepiece-cardgame.com/images/cardlist/card/ST07-005_r1.png?250502,0,True
ST07-014-0,ST07-014,0,Pekoms,440.0,C,Yellow,ST07,5000.0,3.0,1000.0,-,,https://en.onepiece-cardgame.com/images/cardlist/card/ST07-014_r1.png?250502,0,True
ST20-001-0,ST20-001,0,Charlotte Katakuri,1200.0,SR,Yellow,ST20,6000.0,5.0,1000.0,"[Blocker] (After your opponent declares an attack, you may rest this card to make it the new target of the attack.)[Activate: Main] [Once Per Turn] You may turn 1 card from the top of your Life cards face-up: Give up to 1 rested DON!! card to your Leader or 1 of your Characters.",,https://en.onepiece-cardgame.com/images/cardlist/card/ST20-001.png?250502,0,True
ST20-002-0,ST20-002,0,Charlotte Cracker,1216.0,C,Yellow,ST20,5000.0,4.0,1000.0,"[Once Per Turn] If this Character would be K.O.'d by an effect, you may trash 1 card from the top of your Life cards instead.",[Trigger] You may trash 1 card from your hand: Play this card.,https://en.onepiece-cardgame.com/images/cardlist/card/ST20-002.png?250502,0,True
ST20-003-0,ST20-003,0,Charlotte Brulee,1226.0,C,Yellow,ST20,3000.0,3.0,2000.0,-,"[Trigger] Look at up to 1 card from the top of your or your opponent's Life cards, and place it at the top or bottom of the Life cards. Then, add this card to your hand.",https://en.onepiece-cardgame.com/images/cardlist/card/ST20-003.png?250502,0,True
ST20-004-0,ST20-004,0,Charlotte Pudding,1170.0,C,Yellow,ST20,2000.0,3.0,1000.0,[On Play] You may add 1 card from the top of your Life cards to your hand: Set up to 1 of your {Big Mom Pirates} type Characters with a cost of 3 or less as active.,[Trigger] Rest up to 1 of your opponent's Characters with a cost of 3 or less.,https://en.onepiece-cardgame.com/images/cardlist/card/ST20-004.png?250502,0,True
ST20-005-0,ST20-005,0,Charlotte Linlin,1196.0,SR,Yellow,ST20,7000.0,6.0,,[On Play] You may trash 1 card from your hand: Your opponent chooses one:• Your opponent trashes 2 cards from their hand.• Trash 1 card from the top of your opponent's Life cards.,,https://en.onepiece-cardgame.com/images/cardlist/card/ST20-005.png?250502,0,True
OP02-093-2,OP02-093,2,Smoker,258.0,L,Black,OP02,5000.0,,,"[DON!! x1] [Activate: Main] [Once Per Turn] Give up to 1 of your opponent's Characters −1 cost during this turn. Then, if there is a Character with a cost of 0, this Leader gains +1000 power during this turn.",,https://en.onepiece-cardgame.com/images/cardlist/card/OP02-093_p2.png?250502,0,True
ST19-001-0,ST19-001,0,Smoker,258.0,C,Black,ST19,8000.0,6.0,,[On Play] You may trash 1 black {Navy} type card from your hand: Up to 2 of your opponent's Characters with a cost of 4 or less cannot attack until the end of your opponent's next turn.,,https://en.onepiece-cardgame.com/images/cardlist/card/ST19-001.png?250502,0,True
ST19-002-0,ST19-002,0,Sengoku,305.0,C,Black,ST19,1000.0,1.0,1000.0,"[On Play] You may trash 2 black {Navy} type cards from your hand: If your Leader has the {Navy} type, draw 3 cards.",,https://en.onepiece-cardgame.com/images/cardlist/card/ST19-002.png?250502,0,True
ST19-003-0,ST19-003,0,Tashigi,200.0,SR,Black,ST19,6000.0,5.0,1000.0,"[On Play] If your Leader is [Smoker], give up to 1 of your opponent's Characters −4 cost during this turn.[Activate: Main] [Once Per Turn] If this Character was played on this turn, trash up to 1 of your opponent's Characters with a cost of 0.",,https://en.onepiece-cardgame.com/images/cardlist/card/ST19-003.png?250502,0,True
ST19-004-0,ST19-004,0,Hina,894.0,SR,Black,ST19,6000.0,4.0,,[DON!! x1] [Opponent's Turn] This Character gains +4 cost.[Activate: Main] [Once Per Turn] You may place 1 card from your trash at the bottom of your deck: Give up to 1 rested DON!! card to your Leader or 1 of your Characters.,,https://en.onepiece-cardgame.com/images/cardlist/card/ST19-004.png?250502,0,True
ST19-005-0,ST19-005,0,Monkey.D.Garp,559.0,C,Black,ST19,4000.0,3.0,1000.0,"[Blocker] (After your opponent declares an attack, you may rest this card to make it the new target of the attack.)[Activate: Main] [Once Per Turn] You may place 1 card from your trash at the bottom of your deck: Give up to 1 of your opponent's Characters −1 cost during this turn.",,https://en.onepiece-cardgame.com/images/cardlist/card/ST19-005.png?250502,0,True
OP05-060-3,OP05-060,3,Monkey.D.Luffy,558.0,L,Purple,OP05,5000.0,,,"[Activate: Main] [Once Per Turn] You may add 1 card from the top of your Life cards to your hand: If you have 0 or 3 or more DON!! cards on your field, add up to 1 DON!! card from your DON!! deck and set it as active.",,https://en.onepiece-cardgame.com/images/cardlist/card/OP05-060_p3.png?250502,0,True
OP05-076-1,OP05-076,1,When You're at Sea You Fight against Pirates!!,,R,Purple,OP05,,1.0,,"[Main] Look at 3 cards from the top of your deck; reveal up to 1 {Straw Hat Crew}, {Kid Pirates}, or {Heart Pirates} type card and add it to your hand. Then, place the rest at the bottom of your deck in any order.",[Trigger] Activate this card's [Main] effect.,https://en.onepiece-cardgame.com/images/cardlist/card/OP05-076_p1.png?250502,0,False
P-041-0,P-041,0,Monkey.D.Luffy,558.0,P,Purple,P,12000.0,10.0,1000.0,-,,https://en.onepiece-cardgame.com/images/cardlist/card/P-041_r1.png?250502,0,True
ST18-001-0,ST18-001,0,Uso-Hachi,136.0,C,Purple,ST18,3000.0,3.0,2000.0,"[On Play] If you have 8 or more DON!! cards on your field, rest up to 1 of your opponent's Characters with a cost of 5 or less.",,https://en.onepiece-cardgame.com/images/cardlist/card/ST18-001.png?250502,0,True
ST18-002-0,ST18-002,0,O-Nami,515.0,C,Purple,ST18,2000.0,4.0,1000.0,"[Blocker] (After your opponent declares an attack, you may rest this card to make it the new target of the attack.)[On Play] If you have 8 or more DON!! cards on your field, trash 1 card from your hand and draw 2 cards.",,https://en.onepiece-cardgame.com/images/cardlist/card/ST18-002.png?250502,0,True
ST18-003-0,ST18-003,0,San-Gorou,326.0,C,Purple,ST18,6000.0,5.0,1000.0,"[When Attacking] [Once Per Turn] If you have 8 or more DON!! cards on your field, draw 1 card.",,https://en.onepiece-cardgame.com/images/cardlist/card/ST18-003.png?250502,0,True
ST18-004-0,ST18-004,0,Zoro-Juurou,357.0,SR,Purple,ST18,6000.0,4.0,,"[On Play] Look at 5 cards from the top of your deck; reveal up to 1 purple {Straw Hat Crew} type card and add it to your hand. Then, place the rest at the bottom of your deck in any order.",,https://en.onepiece-cardgame.com/images/cardlist/card/ST18-004.png?250502,0,True
ST18-005-0,ST18-005,0,Luffy-Tarou,558.0,SR,Purple,ST18,8000.0,7.0,,[On Play] DON!! −1 (You may return the specified number of DON!! cards from your field to your DON!! deck.): Play up to 1 purple {Straw Hat Crew} type Character card with a cost of 5 or less from your hand.,,https://en.onepiece-cardgame.com/images/cardlist/card/ST18-005.png?250502,0,True
OP01-060-2,OP01-060,2,Donquixote Doflamingo,1070.0,L,Blue,OP01,5000.0,,,"[DON!! x2] [When Attacking] ➀ (You may rest the specified number of DON!! cards in your cost area.): Reveal 1 card from the top of your deck. If that card is a {The Seven Warlords of the Sea} type Character card with a cost of 4 or less, you may play that card rested.",,https://en.onepiece-cardgame.com/images/cardlist/card/OP01-060_p2.png?250502,0,True
P-030-0,P-030,0,Jinbe,807.0,P,Blue,P,5000.0,4.0,1000.0,[On K.O.] Place up to 1 Character with a cost of 3 or less at the bottom of the owner's deck.,,https://en.onepiece-cardgame.com/images/cardlist/card/P-030_r1.png?250502,0,True
ST03-002-0,ST03-002,0,Edward Weevil,1050.0,C,Blue,ST03,5000.0,3.0,1000.0,-,,https://en.onepiece-cardgame.com/images/cardlist/card/ST03-002_r1.png?250502,0,True
ST03-004-0,ST03-004,0,Gecko Moria,984.0,C,Blue,ST03,5000.0,4.0,1000.0,[On Play] Add up to 1 {The Seven Warlords of the Sea} or {Thriller Bark Pirates} type Character with a cost of 4 or less other than [Gecko Moria] from your trash to your hand.,,https://en.onepiece-cardgame.com/images/cardlist/card/ST03-004_r1.png?250502,0,True
ST17-001-0,ST17-001,0,Crocodile,1120.0,C,Blue,ST17,5000.0,4.0,1000.0,"[On Play] Reveal 1 card from the top of your deck. If that card is a {The Seven Warlords of the Sea} type card, draw 2 cards and place 1 card from your hand at the top of your deck.",,https://en.onepiece-cardgame.com/images/cardlist/card/ST17-001.png?250502,0,True
ST17-002-0,ST17-002,0,Trafalgar Law,169.0,SR,Blue,ST17,5000.0,4.0,1000.0,"[On Play] You may return 1 of your Characters to the owner's hand: If your Leader has the {The Seven Warlords of the Sea} type, return up to 1 Character with a cost of 4 or less to the owner's hand.",,https://en.onepiece-cardgame.com/images/cardlist/card/ST17-002.png?250502,0,True
ST17-003-0,ST17-003,0,Buggy,1280.0,C,Blue,ST17,2000.0,1.0,2000.0,[On Play] Look at 3 cards from the top of your deck and place them at the top of your deck in any order.,,https://en.onepiece-cardgame.com/images/cardlist/card/ST17-003.png?250502,0,True
ST17-004-0,ST17-004,0,Boa Hancock,1305.0,SR,Blue,ST17,6000.0,4.0,,"[Blocker] (After your opponent declares an attack, you may rest this card to make it the new target of the attack.)[On Play] Look at 3 cards from the top of your deck and place them at the top or bottom of your deck in any order. Then, give up to 1 rested DON!! card to 1 of your {The Seven Warlords of the Sea} type Leader or Character cards.",,https://en.onepiece-cardgame.com/images/cardlist/card/ST17-004.png?250502,0,True
ST17-005-0,ST17-005,0,Marshall.D.Teach,623.0,C,Blue,ST17,3000.0,2.0,1000.0,[Activate: Main] [Once Per Turn] You may place 1 card from your hand at the top of your deck: Give up to 2 rested DON!! cards to your Leader or 1 of your Characters.,,https://en.onepiece-cardgame.com/images/cardlist/card/ST17-005.png?250502,0,True
P-057-1,P-057,1,Fleeting Lullaby,,P,Green,P,,3.0,,"[Main] If your Leader is [Uta], up to 2 of your opponent's rested Characters with a cost of 4 or less will not become active in your opponent's next Refresh Phase.",[Trigger] Activate this card's [Main] effect.,https://en.onepiece-cardgame.com/images/cardlist/card/P-057_p1.png?250502,0,False
P-058-1,P-058,1,Where the Wind Blows,,P,Green,P,,2.0,,"[Main] If your Leader is [Uta], set all of your {FILM} type Characters as active at the end of this turn.",[Trigger] Set all of your {FILM} type Characters as active.,https://en.onepiece-cardgame.com/images/cardlist/card/P-058_p1.png?250502,0,False
P-059-1,P-059,1,The World's Continuation,,P,Green,P,,2.0,,"[Counter] If your Leader is [Uta], you may return any number of Characters on your field to the owner's hand. Up to 1 of your Leader or Character cards gains +2000 power during this battle for every returned Character.",,https://en.onepiece-cardgame.com/images/cardlist/card/P-059_p1.png?250502,0,False
P-060-1,P-060,1,Tot Musica,,P,Green,P,,2.0,,[Main] You may rest 1 of your [Uta] cards: Rest up to 2 of your opponent's DON!! cards.,,https://en.onepiece-cardgame.com/images/cardlist/card/P-060_p1.png?250502,0,False
P-061-0,P-061,0,Monkey.D.Luffy,558.0,P,Green,P,10000.0,8.0,1000.0,-,,https://en.onepiece-cardgame.com/images/cardlist/card/P-061_r1.png?250502,0,True
ST11-001-1,ST11-001,1,Uta,134.0,L,Green,ST11,5000.0,,,"[DON!! x1] [When Attacking] [Once Per Turn] Reveal 1 card from the top of your deck and add up to 1 {FILM} type card to your hand. Then, place the rest at the bottom of your deck.",,https://en.onepiece-cardgame.com/images/cardlist/card/ST11-001_p1.png?250502,0,True
ST11-003-2,ST11-003,2,Backlight,,C,Green,ST11,,2.0,,"[Main] If your Leader is [Uta], choose one:• Rest up to 1 of your opponent's Characters with a cost of 5 or less.• K.O. up to 1 of your opponent's rested Characters with a cost of 5 or less.",,https://en.onepiece-cardgame.com/images/cardlist/card/ST11-003_p2.png?250502,0,False
ST11-004-2,ST11-004,2,New Genesis,,SR,Green,ST11,,1.0,,"[Main] If your Leader is [Uta], look at 3 cards from the top of your deck; reveal up to 1 {FILM} type card other than [New Genesis] and add it to your hand. Then, place the rest at the bottom of your deck in any order and set up to 1 of your DON!! cards as active.",,https://en.onepiece-cardgame.com/images/cardlist/card/ST11-004_p2.png?250502,0,False
ST11-005-2,ST11-005,2,I'm invincible,,C,Green,ST11,,3.0,,[Main] Set up to 1 of your [Uta] Leader as active.,[Trigger] Up to 1 of your Leader or Character cards gains +1000 power during this turn.,https://en.onepiece-cardgame.com/images/cardlist/card/ST11-005_p2.png?250502,0,False
ST16-001-0,ST16-001,0,Uta,134.0,SR,Green,ST16,6000.0,4.0,,"[Blocker] (After your opponent declares an attack, you may rest this card to make it the new target of the attack.)[Activate: Main] [Once Per Turn] You may trash 1 {FILM} type card from your hand: Give up to 1 rested DON!! card to your Leader or 1 of your Characters.",,https://en.onepiece-cardgame.com/images/cardlist/card/ST16-001.png?250502,0,True
ST16-002-0,ST16-002,0,Gordon,1407.0,C,Green,ST16,,2.0,1000.0,"[Blocker] (After your opponent declares an attack, you may rest this card to make it the new target of the attack.)[On Your Opponent's Attack] You may trash any number of {Music} type cards from your hand. Your Leader or 1 of your Characters gains +1000 power during this battle for every card trashed.",,https://en.onepiece-cardgame.com/images/cardlist/card/ST16-002.png?250502,0,True
ST16-003-0,ST16-003,0,Charlotte Katakuri,1200.0,C,Green,ST16,4000.0,3.0,1000.0,"If your Leader has the {FILM} type and you have 6 or more rested cards, this Character gains +2000 power.",,https://en.onepiece-cardgame.com/images/cardlist/card/ST16-003.png?250502,0,True
ST16-004-0,ST16-004,0,Shanks,290.0,SR,Green,ST16,11000.0,9.0,,[On Play] K.O. up to 1 of your opponent's rested Characters.,,https://en.onepiece-cardgame.com/images/cardlist/card/ST16-004.png?250502,0,True
ST16-005-0,ST16-005,0,Monkey.D.Luffy,558.0,C,Green,ST16,3000.0,2.0,2000.0,"If you have a rested [Uta], this Character gains +1000 power.",,https://en.onepiece-cardgame.com/images/cardlist/card/ST16-005.png?250502,0,True
OP02-001-4,OP02-001,4,Edward.Newgate,1051.0,L,Red,OP02,6000.0,,,[End of Your Turn] Add 1 card from the top of your Life cards to your hand.,,https://en.onepiece-cardgame.com/images/cardlist/card/OP02-001_p4.png?250502,0,True
ST15-001-0,ST15-001,0,Atmos,1344.0,C,Red,ST15,5000.0,4.0,1000.0,"[When Attacking] If your Leader is [Edward.Newgate], you cannot add Life cards to your hand using your own effects during this turn.",,https://en.onepiece-cardgame.com/images/cardlist/card/ST15-001.png?250502,0,True
ST15-002-0,ST15-002,0,Edward.Newgate,1051.0,SR,Red,ST15,8000.0,7.0,,[On Play] Give up to 1 rested DON!! card to your Leader or 1 of your Characters.[Activate: Main] You may rest this Character: K.O. up to 1 of your opponent's Characters with 5000 power or less.,,https://en.onepiece-cardgame.com/images/cardlist/card/ST15-002.png?250502,0,True
ST15-003-0,ST15-003,0,Kingdew,734.0,C,Red,ST15,4000.0,3.0,1000.0,"[Blocker] (After your opponent declares an attack, you may rest this card to make it the new target of the attack.)[Opponent's Turn] When this Character is K.O.'d by an effect, up to 1 of your Leader gains +2000 power during this turn.",,https://en.onepiece-cardgame.com/images/cardlist/card/ST15-003.png?250502,0,True
ST15-004-0,ST15-004,0,Thatch,184.0,C,Red,ST15,2000.0,1.0,2000.0,"[On Play] If your Leader's type includes ""Whitebeard Pirates"", give up to 1 of your opponent's Characters −2000 power during this turn. Then, add 1 card from the top of your Life cards to your hand.",,https://en.onepiece-cardgame.com/images/cardlist/card/ST15-004.png?250502,0,True
ST15-005-0,ST15-005,0,Portgas.D.Ace,416.0,SR,Red,ST15,6000.0,5.0,1000.0,"If your Leader's type includes ""Whitebeard Pirates"", this Character gains [Rush].(This card can attack on the turn in which it is played.)[Once Per Turn] If this Character would be removed from the field by your opponent's effect, you may give this Character −2000 power during this turn instead.",,https://en.onepiece-cardgame.com/images/cardlist/card/ST15-005.png?250502,0,True
ST14-001-0,ST14-001,0,Monkey.D.Luffy,558.0,L,Black,ST14,5000.0,,,"[DON!! x1] All of your Characters gain +1 cost. If you have a Character with a cost of 8 or more, this Leader gains +1000 power.",,https://en.onepiece-cardgame.com/images/cardlist/card/ST14-001.png?250502,0,True
ST14-002-0,ST14-002,0,Usopp,136.0,C,Black,ST14,4000.0,3.0,1000.0,"[DON!! x1] [When Attacking] If you have a Character with a cost of 8 or more, K.O. up to 1 of your opponent's Characters with a cost of 4 or less.",,https://en.onepiece-cardgame.com/images/cardlist/card/ST14-002.png?250502,0,True
ST14-003-0,ST14-003,0,Sanji,326.0,SR,Black,ST14,6000.0,5.0,,"[On Play] If you have a Character with a cost of 6 or more, K.O. up to 1 of your opponent's Characters with a cost of 5 or less.",,https://en.onepiece-cardgame.com/images/cardlist/card/ST14-003.png?250502,0,True
ST14-004-0,ST14-004,0,Jinbe,807.0,C,Black,ST14,4000.0,3.0,1000.0,[Activate: Main] [Once Per Turn] Up to 1 of your black {Straw Hat Crew} type Characters gains +2 cost until the end of your opponent's next turn.,,https://en.onepiece-cardgame.com/images/cardlist/card/ST14-004.png?250502,0,True
ST14-005-0,ST14-005,0,Tony Tony.Chopper,175.0,C,Black,ST14,6000.0,4.0,1000.0,-,,https://en.onepiece-cardgame.com/images/cardlist/card/ST14-005.png?250502,0,True
ST14-006-0,ST14-006,0,Nami,515.0,SR,Black,ST14,2000.0,3.0,1000.0,"[Blocker] (After your opponent declares an attack, you may rest this card to make it the new target of the attack.)[On Play] If you have 6 or less cards in your hand and a Character with a cost of 8 or more, draw 1 card.",,https://en.onepiece-cardgame.com/images/cardlist/card/ST14-006.png?250502,0,True
ST14-007-0,ST14-007,0,Nico Robin,495.0,C,Black,ST14,7000.0,6.0,1000.0,"[On Play]/[When Attacking] If you have a Character with a cost of 8 or more, give up to 1 of your opponent's Characters −5 cost during this turn.",,https://en.onepiece-cardgame.com/images/cardlist/card/ST14-007.png?250502,0,True
ST14-008-0,ST14-008,0,Haredas,914.0,C,Black,ST14,,1.0,2000.0,"[Activate: Main] You may rest this Character: Up to 1 of your black {Straw Hat Crew} type Characters gains +2 cost until the end of your opponent's next turn. Then, if you have a Character with a cost of 8 or more, draw 1 card and trash 1 card from your hand.",,https://en.onepiece-cardgame.com/images/cardlist/card/ST14-008.png?250502,0,True
ST14-009-0,ST14-009,0,Franky,1014.0,C,Black,ST14,6000.0,5.0,1000.0,"[DON!! x1] [Opponent's Turn] If you have a Character with a cost of 6 or more, this Character cannot be K.O.'d by your opponent's effects and gains +2000 power.",,https://en.onepiece-cardgame.com/images/cardlist/card/ST14-009.png?250502,0,True
ST14-010-0,ST14-010,0,Brook,1282.0,C,Black,ST14,7000.0,5.0,1000.0,-,,https://en.onepiece-cardgame.com/images/cardlist/card/ST14-010.png?250502,0,True
ST14-011-0,ST14-011,0,Heracles,902.0,C,Black,ST14,2000.0,1.0,2000.0,[Activate: Main] You may rest this Character: Up to 1 of your black {Straw Hat Crew} type Characters gains +2 cost until the end of your opponent's next turn.,,https://en.onepiece-cardgame.com/images/cardlist/card/ST14-011.png?250502,0,True
ST14-012-0,ST14-012,0,Monkey.D.Luffy,558.0,C,Black,ST14,10000.0,8.0,,"If you have a Character with a cost of 10 or more, this Character gains [Rush].(This card can attack on the turn in which it is played.)",,https://en.onepiece-cardgame.com/images/cardlist/card/ST14-012.png?250502,0,True
ST14-013-0,ST14-013,0,Roronoa Zoro,357.0,C,Black,ST14,8000.0,6.0,1000.0,-,,https://en.onepiece-cardgame.com/images/cardlist/card/ST14-013.png?250502,0,True
ST14-014-0,ST14-014,0,Gum-Gum Giant Rifle,,C,Black,ST14,,1.0,,"[Counter] If you have a Character with a cost of 8 or more, up to 1 of your Leader or Character cards gains +3000 power during this battle.",[Trigger] Add up to 1 of your Character cards with a cost of 2 or less from your trash to your hand.,https://en.onepiece-cardgame.com/images/cardlist/card/ST14-014.png?250502,0,False
ST14-015-0,ST14-015,0,Gum-Gum Diable Three-Swords Style Mouten Jet Six Hundred Pound Phoenix Cannon,,C,Black,ST14,,2.0,,"[Main] Up to 1 of your Leader or Character cards gains +3000 power during this turn. Then, if you have a Character with a cost of 8 or more, K.O. up to 1 of your opponent's Characters with a cost of 2 or less.","[Trigger] If you have a Character with a cost of 8 or more, K.O. up to 1 of your opponent's Characters with a cost of 5 or less.",https://en.onepiece-cardgame.com/images/cardlist/card/ST14-015.png?250502,0,False
ST14-016-0,ST14-016,0,I Have My Crew!!,,C,Black,ST14,,1.0,,"[Main] Draw 1 card. Then, up to 1 of your Characters gains +3 cost until the end of your opponent's next turn.",[Trigger] K.O. up to 1 of your opponent's Characters with a cost of 3 or less.,https://en.onepiece-cardgame.com/images/cardlist/card/ST14-016.png?250502,0,False
ST14-017-0,ST14-017,0,Thousand Sunny,,C,Black,ST14,,1.0,,"All of your black {Straw Hat Crew} type Characters gain +1 cost.[On Play] If your Leader has the {Straw Hat Crew} type, draw 1 card.",,https://en.onepiece-cardgame.com/images/cardlist/card/ST14-017.png?250502,0,False
ST13-001-0,ST13-001,0,Sabo,343.0,L,Red/Yellow,ST13,5000.0,,,[DON!! x1] [Activate: Main] [Once Per Turn] You may add 1 of your Characters with a cost of 3 or more and 7000 power or more to the top of your Life cards face-up: Up to 1 of your Characters gains +2000 power until the start of your next turn.,,https://en.onepiece-cardgame.com/images/cardlist/card/ST13-001.png?250502,0,True
ST13-001-1,ST13-001,1,Sabo (Parallel),343.0,L,Red/Yellow,ST13,5000.0,,,[DON!! x1] [Activate: Main] [Once Per Turn] You may add 1 of your Characters with a cost of 3 or more and 7000 power or more to the top of your Life cards face-up: Up to 1 of your Characters gains +2000 power until the start of your next turn.,,https://en.onepiece-cardgame.com/images/cardlist/card/ST13-001_p1.png?250502,0,True
ST13-002-0,ST13-002,0,Portgas.D.Ace,416.0,L,Blue/Yellow,ST13,5000.0,,,"[DON!! x2] [Activate: Main] [Once Per Turn] Look at 5 cards from the top of your deck and add up to 1 Character card with a cost of 5 to the top of your Life cards face-up. Then, place the rest at the bottom of your deck in any order.[End of Your Turn] Trash all your face-up Life cards.",,https://en.onepiece-cardgame.com/images/cardlist/card/ST13-002.png?250502,0,True
ST13-002-1,ST13-002,1,Portgas.D.Ace (Parallel),416.0,L,Blue/Yellow,ST13,5000.0,,,"[DON!! x2] [Activate: Main] [Once Per Turn] Look at 5 cards from the top of your deck and add up to 1 Character card with a cost of 5 to the top of your Life cards face-up. Then, place the rest at the bottom of your deck in any order.[End of Your Turn] Trash all your face-up Life cards.",,https://en.onepiece-cardgame.com/images/cardlist/card/ST13-002_p1.png?250502,0,True
ST13-003-0,ST13-003,0,Monkey.D.Luffy,558.0,L,Black/Yellow,ST13,5000.0,,,"Your face-up Life cards are placed at the bottom of your deck instead of being added to your hand, according to the rules.[DON!! x2] [Activate: Main] [Once Per Turn] You may trash 1 card from your hand: If you have 0 Life cards, add up to 2 Character cards with a cost of 5 from your hand or trash to the top of your Life cards face-up.",,https://en.onepiece-cardgame.com/images/cardlist/card/ST13-003.png?250502,0,True
ST13-003-1,ST13-003,1,Monkey.D.Luffy (Parallel),558.0,L,Black/Yellow,ST13,5000.0,,,"Your face-up Life cards are placed at the bottom of your deck instead of being added to your hand, according to the rules.[DON!! x2] [Activate: Main] [Once Per Turn] You may trash 1 card from your hand: If you have 0 Life cards, add up to 2 Character cards with a cost of 5 from your hand or trash to the top of your Life cards face-up.",,https://en.onepiece-cardgame.com/images/cardlist/card/ST13-003_p1.png?250502,0,True
ST13-004-0,ST13-004,0,Edward.Newgate,1051.0,C,Yellow,ST13,7000.0,6.0,1000.0,"[On Play] Add 1 card from the top of your deck to the top of your Life cards. Then, look at all your Life cards; place 1 card at the top of your deck and place the rest back in your Life area in any order.",,https://en.onepiece-cardgame.com/images/cardlist/card/ST13-004.png?250502,0,True
ST13-004-1,ST13-004,1,Edward.Newgate (Parallel),1051.0,C,Yellow,ST13,7000.0,6.0,1000.0,"[On Play] Add 1 card from the top of your deck to the top of your Life cards. Then, look at all your Life cards; place 1 card at the top of your deck and place the rest back in your Life area in any order.",,https://en.onepiece-cardgame.com/images/cardlist/card/ST13-004_p1.png?250502,0,True
ST13-005-0,ST13-005,0,Emporio.Ivankov,1043.0,R,Yellow,ST13,4000.0,3.0,1000.0,"[Blocker] (After your opponent declares an attack, you may rest this card to make it the new target of the attack.)[On Play] You may trash 1 card from the top or bottom of your Life cards: Reveal up to 1 Character card with a cost of 5 from your hand and add it to the top of your Life cards face-down.",,https://en.onepiece-cardgame.com/images/cardlist/card/ST13-005.png?250502,0,True
ST13-005-1,ST13-005,1,Emporio.Ivankov (Parallel),1043.0,R,Yellow,ST13,4000.0,3.0,1000.0,"[Blocker] (After your opponent declares an attack, you may rest this card to make it the new target of the attack.)[On Play] You may trash 1 card from the top or bottom of your Life cards: Reveal up to 1 Character card with a cost of 5 from your hand and add it to the top of your Life cards face-down.",,https://en.onepiece-cardgame.com/images/cardlist/card/ST13-005_p1.png?250502,0,True
ST13-006-0,ST13-006,0,Curly.Dadan,1117.0,C,Yellow,ST13,4000.0,5.0,1000.0,"[Blocker] (After your opponent declares an attack, you may rest this card to make it the new target of the attack.)[On Play] Play up to 1 each of [Sabo], [Portgas.D.Ace], and [Monkey.D.Luffy] with a cost of 2 from your hand.",,https://en.onepiece-cardgame.com/images/cardlist/card/ST13-006.png?250502,0,True
ST13-006-1,ST13-006,1,Curly.Dadan (Parallel),1117.0,C,Yellow,ST13,4000.0,5.0,1000.0,"[Blocker] (After your opponent declares an attack, you may rest this card to make it the new target of the attack.)[On Play] Play up to 1 each of [Sabo], [Portgas.D.Ace], and [Monkey.D.Luffy] with a cost of 2 from your hand.",,https://en.onepiece-cardgame.com/images/cardlist/card/ST13-006_p1.png?250502,0,True
ST13-007-0,ST13-007,0,Sabo,343.0,C,Yellow,ST13,2000.0,2.0,1000.0,"[Activate: Main] You may trash this Character: Reveal 1 card from the top of your Life cards. If that card is a [Sabo] with a cost of 5, you may play that card. If you do, up to 1 of your Leader gains +2000 power until the end of your opponent's next turn.",,https://en.onepiece-cardgame.com/images/cardlist/card/ST13-007.png?250502,0,True
ST13-007-1,ST13-007,1,Sabo (Parallel),343.0,C,Yellow,ST13,2000.0,2.0,1000.0,"[Activate: Main] You may trash this Character: Reveal 1 card from the top of your Life cards. If that card is a [Sabo] with a cost of 5, you may play that card. If you do, up to 1 of your Leader gains +2000 power until the end of your opponent's next turn.",,https://en.onepiece-cardgame.com/images/cardlist/card/ST13-007_p1.png?250502,0,True
ST13-008-0,ST13-008,0,Sabo,343.0,SR,Yellow,ST13,6000.0,5.0,1000.0,[On Play] You may trash 1 card from the top or bottom of your Life cards: K.O. up to 1 of your opponent's Characters with a cost of 5 or less.,,https://en.onepiece-cardgame.com/images/cardlist/card/ST13-008.png?250502,0,True
ST13-008-1,ST13-008,1,Sabo (Parallel),343.0,SR,Yellow,ST13,6000.0,5.0,1000.0,[On Play] You may trash 1 card from the top or bottom of your Life cards: K.O. up to 1 of your opponent's Characters with a cost of 5 or less.,,https://en.onepiece-cardgame.com/images/cardlist/card/ST13-008_p1.png?250502,0,True
ST13-009-0,ST13-009,0,Shanks,290.0,C,Yellow,ST13,7000.0,7.0,,"[On Play] You may turn 1 of your face-up Life cards face-down: If your opponent has 7 or more cards in their hand, trash up to 1 card from the top of your opponent's Life cards.",,https://en.onepiece-cardgame.com/images/cardlist/card/ST13-009.png?250502,0,True
ST13-009-1,ST13-009,1,Shanks (Parallel),290.0,C,Yellow,ST13,7000.0,7.0,,"[On Play] You may turn 1 of your face-up Life cards face-down: If your opponent has 7 or more cards in their hand, trash up to 1 card from the top of your opponent's Life cards.",,https://en.onepiece-cardgame.com/images/cardlist/card/ST13-009_p1.png?250502,0,True
ST13-010-0,ST13-010,0,Portgas.D.Ace,416.0,C,Yellow,ST13,2000.0,2.0,1000.0,"[Activate: Main] You may trash this Character: Reveal 1 card from the top of your Life cards. If that card is a [Portgas.D.Ace] with a cost of 5, you may play that card. If you do, up to 1 of your Leader gains +2000 power until the end of your opponent's next turn.",,https://en.onepiece-cardgame.com/images/cardlist/card/ST13-010.png?250502,0,True
ST13-010-1,ST13-010,1,Portgas.D.Ace (Parallel),416.0,C,Yellow,ST13,2000.0,2.0,1000.0,"[Activate: Main] You may trash this Character: Reveal 1 card from the top of your Life cards. If that card is a [Portgas.D.Ace] with a cost of 5, you may play that card. If you do, up to 1 of your Leader gains +2000 power until the end of your opponent's next turn.",,https://en.onepiece-cardgame.com/images/cardlist/card/ST13-010_p1.png?250502,0,True
ST13-011-0,ST13-011,0,Portgas.D.Ace,416.0,SR,Yellow,ST13,7000.0,5.0,,"[On Play] If you have 2 or less Life cards, this Character gains [Rush].(This card can attack on the turn in which it is played.)",,https://en.onepiece-cardgame.com/images/cardlist/card/ST13-011.png?250502,0,True
ST13-011-1,ST13-011,1,Portgas.D.Ace (Parallel),416.0,SR,Yellow,ST13,7000.0,5.0,,"[On Play] If you have 2 or less Life cards, this Character gains [Rush].(This card can attack on the turn in which it is played.)",,https://en.onepiece-cardgame.com/images/cardlist/card/ST13-011_p1.png?250502,0,True
ST13-012-0,ST13-012,0,Makino,641.0,C,Yellow,ST13,,1.0,2000.0,[On Play] You may add 1 card from the top or bottom of your Life cards to your hand: Look at all of your Life cards and place them back in your Life area in any order.,,https://en.onepiece-cardgame.com/images/cardlist/card/ST13-012.png?250502,0,True
ST13-012-1,ST13-012,1,Makino (Parallel),641.0,C,Yellow,ST13,,1.0,2000.0,[On Play] You may add 1 card from the top or bottom of your Life cards to your hand: Look at all of your Life cards and place them back in your Life area in any order.,,https://en.onepiece-cardgame.com/images/cardlist/card/ST13-012_p1.png?250502,0,True
ST13-013-0,ST13-013,0,Monkey.D.Garp,559.0,SR,Yellow,ST13,2000.0,1.0,1000.0,"[On Play] Look at 5 cards from the top of your deck; reveal up to 1 [Sabo], [Portgas.D.Ace], or [Monkey.D.Luffy] with a cost of 5 or less and add it to your hand. Then, place the rest at the bottom of your deck in any order.",,https://en.onepiece-cardgame.com/images/cardlist/card/ST13-013.png?250502,0,True
ST13-013-1,ST13-013,1,Monkey.D.Garp (Parallel),559.0,SR,Yellow,ST13,2000.0,1.0,1000.0,"[On Play] Look at 5 cards from the top of your deck; reveal up to 1 [Sabo], [Portgas.D.Ace], or [Monkey.D.Luffy] with a cost of 5 or less and add it to your hand. Then, place the rest at the bottom of your deck in any order.",,https://en.onepiece-cardgame.com/images/cardlist/card/ST13-013_p1.png?250502,0,True
ST13-014-0,ST13-014,0,Monkey.D.Luffy,558.0,C,Yellow,ST13,2000.0,2.0,1000.0,"[Activate: Main] You may trash this Character: Reveal 1 card from the top of your Life cards. If that card is a [Monkey.D.Luffy] with a cost of 5, you may play that card. If you do, up to 1 of your Leader gains +2000 power until the end of your opponent's next turn.",,https://en.onepiece-cardgame.com/images/cardlist/card/ST13-014.png?250502,0,True
ST13-014-1,ST13-014,1,Monkey.D.Luffy (Parallel),558.0,C,Yellow,ST13,2000.0,2.0,1000.0,"[Activate: Main] You may trash this Character: Reveal 1 card from the top of your Life cards. If that card is a [Monkey.D.Luffy] with a cost of 5, you may play that card. If you do, up to 1 of your Leader gains +2000 power until the end of your opponent's next turn.",,https://en.onepiece-cardgame.com/images/cardlist/card/ST13-014_p1.png?250502,0,True
ST13-015-0,ST13-015,0,Monkey.D.Luffy,558.0,SR,Yellow,ST13,6000.0,5.0,1000.0,"[Activate: Main] [Once Per Turn] This Character gains +2000 power until the start of your next turn. Then, if you have 1 or more Life cards, draw 1 card and trash 1 card from the top of your Life cards.",,https://en.onepiece-cardgame.com/images/cardlist/card/ST13-015.png?250502,0,True
ST13-015-1,ST13-015,1,Monkey.D.Luffy (Parallel),558.0,SR,Yellow,ST13,6000.0,5.0,1000.0,"[Activate: Main] [Once Per Turn] This Character gains +2000 power until the start of your next turn. Then, if you have 1 or more Life cards, draw 1 card and trash 1 card from the top of your Life cards.",,https://en.onepiece-cardgame.com/images/cardlist/card/ST13-015_p1.png?250502,0,True
ST13-016-0,ST13-016,0,Yamato,88.0,C,Yellow,ST13,4000.0,5.0,2000.0,[Rush] (This card can attack on the turn in which it is played.)[On Play] Look at all your Life cards; place 1 at the top of your deck and place the rest back in your Life area in any order.,,https://en.onepiece-cardgame.com/images/cardlist/card/ST13-016.png?250502,0,True
ST13-016-1,ST13-016,1,Yamato (Parallel),88.0,C,Yellow,ST13,4000.0,5.0,2000.0,[Rush] (This card can attack on the turn in which it is played.)[On Play] Look at all your Life cards; place 1 at the top of your deck and place the rest back in your Life area in any order.,,https://en.onepiece-cardgame.com/images/cardlist/card/ST13-016_p1.png?250502,0,True
ST13-017-0,ST13-017,0,Flame Dragon King,,C,Yellow,ST13,,2.0,,"[Counter] Up to 1 of your Leader or Character cards gains +4000 power during this battle. Then, look at all your Life cards and place them back in your Life area in any order.",[Trigger] You may add 1 card from the top or bottom of your Life cards to your hand: Add up to 1 card from your hand to the top of your Life cards.,https://en.onepiece-cardgame.com/images/cardlist/card/ST13-017.png?250502,0,False
ST13-018-0,ST13-018,0,Gum-Gum Jet Spear,,C,Yellow,ST13,,1.0,,"[Counter] Up to 1 of your Leader or Character cards gains +2000 power during this battle. Then, if you have 0 Life cards, draw 1 card.",[Trigger] You may add 1 card from the top or bottom of your Life cards to your hand: Add up to 1 card from your hand to the top of your Life cards.,https://en.onepiece-cardgame.com/images/cardlist/card/ST13-018.png?250502,0,False
ST13-019-0,ST13-019,0,The Three Brothers' Bond,,C,Yellow,ST13,,1.0,,"[Main] Look at 5 cards from the top of your deck; reveal up to 1 [Sabo], [Portgas.D.Ace], or [Monkey.D.Luffy] with a cost of 5 or less and add it to your hand. Then, place the rest at the bottom of your deck in any order.",[Trigger] Activate this card's [Main] effect.,https://en.onepiece-cardgame.com/images/cardlist/card/ST13-019.png?250502,0,False
ST12-001-0,ST12-001,0,Roronoa Zoro & Sanji,,L,Green/Blue,ST12,5000.0,,,[DON!! x1] [When Attacking] [Once Per Turn] You may return 1 of your Characters with a cost of 2 or more to the owner's hand: Set up to 1 of your Characters with 7000 power or less as active.,,https://en.onepiece-cardgame.com/images/cardlist/card/ST12-001.png?250502,0,False
ST12-002-0,ST12-002,0,Kuina,283.0,C,Green,ST12,2000.0,3.0,1000.0,[Activate: Main] You may rest this Character: Rest up to 1 of your opponent's Characters with a cost of 4 or less.,[Trigger] Play this card.,https://en.onepiece-cardgame.com/images/cardlist/card/ST12-002.png?250502,0,True
ST12-003-0,ST12-003,0,Dracule Mihawk,1061.0,SR,Green,ST12,4000.0,3.0,2000.0,"[On Play] If you have 2 or less Characters, play up to 1 {Muggy Kingdom} type or <Slash> attribute Character card with a cost of 4 or less other than [Dracule Mihawk] from your hand rested.",,https://en.onepiece-cardgame.com/images/cardlist/card/ST12-003.png?250502,0,True
ST12-004-0,ST12-004,0,Humandrill,,C,Green,ST12,5000.0,3.0,1000.0,-,,https://en.onepiece-cardgame.com/images/cardlist/card/ST12-004.png?250502,0,False
ST12-005-0,ST12-005,0,Perona,434.0,C,Green,ST12,6000.0,4.0,1000.0,-,,https://en.onepiece-cardgame.com/images/cardlist/card/ST12-005.png?250502,0,True
ST12-006-0,ST12-006,0,Yosaku & Johnny,,C,Green,ST12,3000.0,2.0,1000.0,[DON!! x1] [When Attacking] Choose one:• Rest up to 1 of your opponent's Characters with a cost of 2 or less.• K.O. up to 1 of your opponent's rested Characters with a cost of 2 or less.,,https://en.onepiece-cardgame.com/images/cardlist/card/ST12-006.png?250502,0,False
ST12-007-0,ST12-007,0,Rika,376.0,C,Green,ST12,,2.0,2000.0,"[On Play] ➁ (You may rest the specified number of DON!! cards in your cost area.): If your opponent has 3 or more Life cards, set up to 1 of your <Slash> attribute Characters with a cost of 4 or less as active.",,https://en.onepiece-cardgame.com/images/cardlist/card/ST12-007.png?250502,0,True
ST12-008-0,ST12-008,0,Roronoa Zoro,357.0,C,Green,ST12,6000.0,4.0,,[DON!! x1] [When Attacking] Rest up to 1 of your opponent's Characters with a cost of 6 or less.,,https://en.onepiece-cardgame.com/images/cardlist/card/ST12-008.png?250502,0,True
ST12-009-0,ST12-009,0,Elephant True Bluefin,,C,Blue,ST12,3000.0,1.0,1000.0,-,,https://en.onepiece-cardgame.com/images/cardlist/card/ST12-009.png?250502,0,False
ST12-010-0,ST12-010,0,Emporio.Ivankov,1043.0,SR,Blue,ST12,4000.0,3.0,1000.0,"[On Play] Reveal 1 card from the top of your deck and play up to 1 Character card with a cost of 2. Then, place the rest at the top or bottom of your deck.[When Attacking] [Once Per Turn] Draw 1 card if you have 6 or less cards in your hand.",,https://en.onepiece-cardgame.com/images/cardlist/card/ST12-010.png?250502,0,True
ST12-011-0,ST12-011,0,Sanji,326.0,C,Blue,ST12,3000.0,2.0,,"[DON!! x1] [When Attacking] If you have 5 or less cards in your hand, this Character gains +2000 power until the start of your next turn.",,https://en.onepiece-cardgame.com/images/cardlist/card/ST12-011.png?250502,0,True
ST12-012-0,ST12-012,0,Charlotte Pudding,1170.0,C,Blue,ST12,2000.0,2.0,2000.0,[Activate: Main] Return this Character to the owner's hand.,,https://en.onepiece-cardgame.com/images/cardlist/card/ST12-012.png?250502,0,True
ST12-013-0,ST12-013,0,Zeff,64.0,C,Blue,ST12,5000.0,5.0,1000.0,"[On Play] Look at 3 cards from the top of your deck and place them at the top or bottom of the deck in any order.[When Attacking] Reveal 1 card from the top of your deck and play up to 1 Character card with a cost of 2 rested. Then, place the rest at the top or bottom of your deck.",,https://en.onepiece-cardgame.com/images/cardlist/card/ST12-013.png?250502,0,True
ST12-015-0,ST12-015,0,Patty & Carne,,C,Blue,ST12,4000.0,2.0,1000.0,-,,https://en.onepiece-cardgame.com/images/cardlist/card/ST12-015.png?250502,0,False
ST12-016-0,ST12-016,0,Lion Strike,,C,Green,ST12,,2.0,,[Main]/[Counter] Rest up to 1 of your opponent's Leader or Character cards with a cost of 4 or less.,[Trigger] Activate this card's [Main] effect.,https://en.onepiece-cardgame.com/images/cardlist/card/ST12-016.png?250502,0,False
ST12-017-0,ST12-017,0,Plastic Surgery Shot,,C,Blue,ST12,,1.0,,"[Counter] Up to 1 of your Leader or Character cards gains +2000 power during this battle. Then, reveal 1 card from the top of your deck, play up to 1 Character card with a cost of 2, and place the rest at the top or bottom of your deck.",,https://en.onepiece-cardgame.com/images/cardlist/card/ST12-017.png?250502,0,False
OP02-028-2,OP02-028,2,Usopp (Parallel),136.0,C,Green,OP02,5000.0,3.0,1000.0,-,,https://en.onepiece-cardgame.com/images/cardlist/card/OP02-028_p2.png?250502,0,True
OP02-033-2,OP02-033,2,Jinbe (Parallel),807.0,C,Green,OP02,4000.0,2.0,1000.0,-,,https://en.onepiece-cardgame.com/images/cardlist/card/OP02-033_p2.png?250502,0,True
OP02-034-2,OP02-034,2,Tony Tony.Chopper (Parallel),175.0,UC,Green,OP02,2000.0,2.0,2000.0,[DON!! x1] [When Attacking] Rest up to 1 of your opponent's Characters with a cost of 2 or less.,,https://en.onepiece-cardgame.com/images/cardlist/card/OP02-034_p2.png?250502,0,True
OP02-035-3,OP02-035,3,Trafalgar Law (Parallel),169.0,C,Green,OP02,3000.0,2.0,1000.0,[Activate: Main] ➀ (You may rest the specified number of DON!! cards in your cost area.) You may return this Character to the owner's hand: Play up to 1 Character with a cost of 3 from your hand.,,https://en.onepiece-cardgame.com/images/cardlist/card/OP02-035_p3.png?250502,0,True
OP02-037-2,OP02-037,2,Nico Robin (Parallel),495.0,UC,Green,OP02,4000.0,3.0,1000.0,[On Play] Play up to 1 {FILM} or {Straw Hat Crew} type Character card with a cost of 2 or less from your hand.,,https://en.onepiece-cardgame.com/images/cardlist/card/OP02-037_p2.png?250502,0,True
OP02-039-2,OP02-039,2,Franky (Parallel),1014.0,C,Green,OP02,7000.0,5.0,1000.0,-,,https://en.onepiece-cardgame.com/images/cardlist/card/OP02-039_p2.png?250502,0,True
OP02-040-2,OP02-040,2,Brook (Parallel),1282.0,R,Green,OP02,5000.0,4.0,1000.0,[On Play] Play up to 1 {FILM} or {Straw Hat Crew} type Character card with a cost of 3 or less from your hand.,,https://en.onepiece-cardgame.com/images/cardlist/card/OP02-040_p2.png?250502,0,True
OP02-041-3,OP02-041,3,Monkey.D.Luffy (Parallel),558.0,R,Green,OP02,7000.0,7.0,,"[Blocker] (After your opponent declares an attack, you may rest this card to make it the new target of the attack.)[On Play] Play up to 1 {FILM} or {Straw Hat Crew} type Character card with a cost of 4 or less from your hand.",,https://en.onepiece-cardgame.com/images/cardlist/card/OP02-041_p3.png?250502,0,True
OP02-043-2,OP02-043,2,Roronoa Zoro (Parallel),357.0,C,Green,OP02,6000.0,4.0,1000.0,-,,https://en.onepiece-cardgame.com/images/cardlist/card/OP02-043_p2.png?250502,0,True
OP02-045-2,OP02-045,2,Three Sword Style Oni Giri (Parallel),,C,Green,OP02,,3.0,,"[Counter] Up to 1 of your Leader or Character cards gains +6000 power during this battle. Then, play up to 1 Character card with a cost of 3 or less and no base effect from your hand.",[Trigger] Rest up to 1 of your opponent's Leader or Character cards with a cost of 5 or less.,https://en.onepiece-cardgame.com/images/cardlist/card/OP02-045_p2.png?250502,0,False
ST11-001-0,ST11-001,0,Uta,134.0,L,Green,ST11,5000.0,,,"[DON!! x1] [When Attacking] [Once Per Turn] Reveal 1 card from the top of your deck and add up to 1 {FILM} type card to your hand. Then, place the rest at the bottom of your deck.",,https://en.onepiece-cardgame.com/images/cardlist/card/ST11-001.png?250502,0,True
ST11-002-0,ST11-002,0,Uta,134.0,SR,Green,ST11,4000.0,3.0,1000.0,"[Blocker] (After your opponent declares an attack, you may rest this card to make it the new target of the attack.)[End of Your Turn] You may trash 1 Event from your hand: Set up to 1 of your {FILM} type Characters as active.",,https://en.onepiece-cardgame.com/images/cardlist/card/ST11-002.png?250502,0,True
ST11-003-0,ST11-003,0,Backlight,,C,Green,ST11,,2.0,,"[Main] If your Leader is [Uta], choose one:• Rest up to 1 of your opponent's Characters with a cost of 5 or less.• K.O. up to 1 of your opponent's rested Characters with a cost of 5 or less.",,https://en.onepiece-cardgame.com/images/cardlist/card/ST11-003.png?250502,0,False
ST11-004-0,ST11-004,0,New Genesis,,SR,Green,ST11,,1.0,,"[Main] If your Leader is [Uta], look at 3 cards from the top of your deck; reveal up to 1 {FILM} type card other than [New Genesis] and add it to your hand. Then, place the rest at the bottom of your deck in any order and set up to 1 of your DON!! cards as active.",,https://en.onepiece-cardgame.com/images/cardlist/card/ST11-004.png?250502,0,False
ST11-005-0,ST11-005,0,I'm invincible,,C,Green,ST11,,3.0,,[Main] Set up to 1 of your [Uta] Leader as active.,[Trigger] Up to 1 of your Leader or Character cards gains +1000 power during this turn.,https://en.onepiece-cardgame.com/images/cardlist/card/ST11-005.png?250502,0,False
OP01-016-3,OP01-016,3,Nami (Parallel),515.0,R,Red,OP01,2000.0,1.0,1000.0,"[On Play] Look at 5 cards from the top of your deck; reveal up to 1 {Straw Hat Crew} type card other than [Nami] and add it to your hand. Then, place the rest at the bottom of your deck in any order.",,https://en.onepiece-cardgame.com/images/cardlist/card/OP01-016_p3.png?250502,0,True
OP01-025-2,OP01-025,2,Roronoa Zoro (Parallel),357.0,SR,Red,OP01,5000.0,3.0,,[Rush] (This card can attack on the turn in which it is played.),,https://en.onepiece-cardgame.com/images/cardlist/card/OP01-025_p2.png?250502,0,True
ST10-001-0,ST10-001,0,Trafalgar Law,169.0,L,Red/Purple,ST10,5000.0,,,"[Activate: Main] [Once Per Turn] DON!! −3 (You may return the specified number of DON!! cards from your field to your DON!! deck.): Place up to 1 of your opponent's Characters with 3000 power or less at the bottom of the owner's deck, and play up to 1 Character card with a cost of 4 or less from your hand.",,https://en.onepiece-cardgame.com/images/cardlist/card/ST10-001.png?250502,1,True
ST10-002-0,ST10-002,0,Monkey.D.Luffy,558.0,L,Red/Purple,ST10,6000.0,,,"[Activate: Main] [Once Per Turn] If you have 0 DON!! cards on your field or 8 or more DON!! cards on your field, add up to 1 DON!! card from your DON!! deck and set it as active.",,https://en.onepiece-cardgame.com/images/cardlist/card/ST10-002.png?250502,0,True
ST10-003-0,ST10-003,0,"Eustass""Captain""Kid",1034.0,L,Red/Purple,ST10,5000.0,,,"[Your Turn] If you have 4 or more Life cards, give this Leader −1000 power.[When Attacking] DON!! −1 (You may return the specified number of DON!! cards from your field to your DON!! deck.): This Leader gains +2000 power during this turn.",,https://en.onepiece-cardgame.com/images/cardlist/card/ST10-003.png?250502,0,True
ST10-004-0,ST10-004,0,Sanji,326.0,C,Red,ST10,6000.0,6.0,1000.0,"[On Play] If your opponent has a Character with 5000 or more power, this Character gains [Rush] during this turn.(This card can attack on the turn in which it is played.)",,https://en.onepiece-cardgame.com/images/cardlist/card/ST10-004.png?250502,0,True
ST10-005-0,ST10-005,0,Jinbe,807.0,C,Red,ST10,2000.0,2.0,2000.0,[DON!! x1] [When Attacking] Give up to 1 of your opponent's Characters −2000 power during this turn.,,https://en.onepiece-cardgame.com/images/cardlist/card/ST10-005.png?250502,0,True
ST10-006-0,ST10-006,0,Monkey.D.Luffy,558.0,SR,Red,ST10,11000.0,10.0,,"[Rush] (This card can attack on the turn in which it is played.)[Once Per Turn] When your opponent activates a [Blocker], K.O. up to 1 of your opponent's Characters with 8000 power or less.",,https://en.onepiece-cardgame.com/images/cardlist/card/ST10-006.png?250502,0,True
ST10-007-0,ST10-007,0,Killer,741.0,C,Purple,ST10,6000.0,5.0,1000.0,"[Your Turn] [Once Per Turn] When a DON!! card on your field is returned to your DON!! deck, K.O. up to 1 of your opponent's rested Characters with a cost of 3 or less.",,https://en.onepiece-cardgame.com/images/cardlist/card/ST10-007.png?250502,0,True
ST10-008-0,ST10-008,0,Shachi & Penguin,,C,Purple,ST10,5000.0,4.0,2000.0,"[On Play] If you have 3 or less DON!! cards on your field, add up to 2 DON!! cards from your DON!! deck and rest them.",,https://en.onepiece-cardgame.com/images/cardlist/card/ST10-008.png?250502,0,False
ST10-009-0,ST10-009,0,Jean Bart,817.0,C,Purple,ST10,5000.0,4.0,1000.0,[On Play] ➀ (You may rest the specified number of DON!! cards in your cost area.): Add up to 1 DON!! card from your DON!! deck and set it as active.,,https://en.onepiece-cardgame.com/images/cardlist/card/ST10-009.png?250502,0,True
ST10-011-0,ST10-011,0,Heat,906.0,C,Purple,ST10,4000.0,3.0,1000.0,"[Your Turn] [Once Per Turn] When a DON!! card on your field is returned to your DON!! deck, this Character gains +2000 power until the start of your next turn.",,https://en.onepiece-cardgame.com/images/cardlist/card/ST10-011.png?250502,0,True
ST10-012-0,ST10-012,0,Bepo,12.0,C,Purple,ST10,5000.0,4.0,1000.0,"[On Play]/[When Attacking] If your opponent has more DON!! cards on their field than you, add up to 1 DON!! card from your DON!! deck and rest it.",,https://en.onepiece-cardgame.com/images/cardlist/card/ST10-012.png?250502,0,True
ST10-013-0,ST10-013,0,"Eustass""Captain""Kid",1034.0,SR,Purple,ST10,8000.0,7.0,,[On Play]/[When Attacking] DON!! −1 (You may return the specified number of DON!! cards from your field to your DON!! deck.): Up to 1 of your Leader gains +1000 power until the start of your next turn.,,https://en.onepiece-cardgame.com/images/cardlist/card/ST10-013.png?250502,0,True
ST10-014-0,ST10-014,0,Wire,92.0,C,Purple,ST10,3000.0,3.0,1000.0,"[Blocker] (After your opponent declares an attack, you may rest this card to make it the new target of the attack.)[Once Per Turn] When a DON!! card on your field is returned to your DON!! deck, draw 1 card and trash 1 card from your hand.",,https://en.onepiece-cardgame.com/images/cardlist/card/ST10-014.png?250502,0,True
ST10-015-0,ST10-015,0,Gum-Gum Giant Sumo Slap,,C,Red,ST10,,1.0,,"[Counter] Up to 1 of your Leader or Character cards gains +2000 power during this battle, and K.O. up to 1 of your opponent's Characters with 2000 power or less.",,https://en.onepiece-cardgame.com/images/cardlist/card/ST10-015.png?250502,0,False
ST10-016-0,ST10-016,0,Gum-Gum Kong Gatling,,C,Red,ST10,,5.0,,[Main] K.O. up to 1 of your opponent's Characters with 7000 power or less.,[Trigger] Up to 1 of your Leader gains +1000 power until the end of your next turn.,https://en.onepiece-cardgame.com/images/cardlist/card/ST10-016.png?250502,0,False
ST10-017-0,ST10-017,0,Punk Vise,,C,Purple,ST10,,3.0,,"[Main] Rest up to 1 of your opponent's Characters with a cost of 2 or less, and add up to 1 DON!! card from your DON!! deck and rest it.",[Trigger] Add up to 1 DON!! card from your DON!! deck and set it as active.,https://en.onepiece-cardgame.com/images/cardlist/card/ST10-017.png?250502,0,False
ST09-001-0,ST09-001,0,Yamato,88.0,L,Yellow,ST09,5000.0,,,"[DON!! x1] [Opponent's Turn] If you have 2 or less Life cards, this Leader gains +1000 power.",,https://en.onepiece-cardgame.com/images/cardlist/card/ST09-001.png?250502,0,True
ST09-002-0,ST09-002,0,Uzuki Tempura,129.0,C,Yellow,ST09,5000.0,4.0,1000.0,-,[Trigger] Rest up to 1 of your opponent's Characters with a cost of 2 or less and add this card to your hand.,https://en.onepiece-cardgame.com/images/cardlist/card/ST09-002.png?250502,0,True
ST09-003-0,ST09-003,0,Ulti,147.0,C,Yellow,ST09,6000.0,4.0,1000.0,-,,https://en.onepiece-cardgame.com/images/cardlist/card/ST09-003.png?250502,0,True
ST09-004-0,ST09-004,0,Kaido,783.0,C,Yellow,ST09,5000.0,4.0,1000.0,"[DON!! x1] If you have 2 or less Life cards, this Character cannot be K.O.'d in battle.",,https://en.onepiece-cardgame.com/images/cardlist/card/ST09-004.png?250502,0,True
ST09-005-0,ST09-005,0,Kouzuki Oden,708.0,SR,Yellow,ST09,7000.0,7.0,,[DON!! x1] This Character gains [Double Attack].(This card deals 2 damage.)[On K.O.] You may trash 2 cards from your hand: Add up to 1 card from the top of your deck to the top of your Life cards.,,https://en.onepiece-cardgame.com/images/cardlist/card/ST09-005.png?250502,0,True
ST09-006-0,ST09-006,0,Kouzuki Momonosuke,709.0,C,Yellow,ST09,4000.0,2.0,1000.0,-,,https://en.onepiece-cardgame.com/images/cardlist/card/ST09-006.png?250502,0,True
ST09-007-0,ST09-007,0,Shinobu,275.0,C,Yellow,ST09,2000.0,3.0,,"[Blocker] (After your opponent declares an attack, you may rest this card to make it the new target of the attack.)[On Block] You may add 1 card from the top or bottom of your Life cards to your hand: This Character gains +4000 power during this battle.",,https://en.onepiece-cardgame.com/images/cardlist/card/ST09-007.png?250502,0,True
ST09-008-0,ST09-008,0,Shimotsuki Ushimaru,287.0,C,Yellow,ST09,6000.0,5.0,,[DON!! x1] [When Attacking] You may add 1 card from the top or bottom of your Life cards to your hand: Play up to 1 yellow {Land of Wano} type Character card with a cost of 4 or less from your hand.,,https://en.onepiece-cardgame.com/images/cardlist/card/ST09-008.png?250502,0,True
ST09-009-0,ST09-009,0,Fugetsu Omusubi,1012.0,C,Yellow,ST09,4000.0,3.0,1000.0,-,[Trigger] K.O. up to 1 of your opponent's Characters with a cost of 1 or less and add this card to your hand.,https://en.onepiece-cardgame.com/images/cardlist/card/ST09-009.png?250502,0,True
ST09-010-0,ST09-010,0,Portgas.D.Ace,416.0,SR,Yellow,ST09,7000.0,6.0,,"[Once Per Turn] If this Character would be K.O.'d, you may trash 1 card from the top or bottom of your Life cards instead.",,https://en.onepiece-cardgame.com/images/cardlist/card/ST09-010.png?250502,0,True
ST09-011-0,ST09-011,0,Monkey.D.Luffy,558.0,C,Yellow,ST09,5000.0,3.0,1000.0,-,,https://en.onepiece-cardgame.com/images/cardlist/card/ST09-011.png?250502,0,True
ST09-012-0,ST09-012,0,Yamato,88.0,C,Yellow,ST09,3000.0,3.0,2000.0,[When Attacking] You may add 1 card from the top or bottom of your Life cards to your hand: This Character gains +2000 power until the start of your next turn.,,https://en.onepiece-cardgame.com/images/cardlist/card/ST09-012.png?250502,0,True
ST09-013-0,ST09-013,0,Yamato,88.0,C,Yellow,ST09,7000.0,5.0,1000.0,-,,https://en.onepiece-cardgame.com/images/cardlist/card/ST09-013.png?250502,0,True
ST09-015-0,ST09-015,0,Thunder Bagua,,C,Yellow,ST09,,2.0,,"[Counter] Up to 1 of your Leader or Character cards gains +4000 power during this battle. Then, if you have 2 or less Life cards, add up to 1 of your opponent's Characters with a cost of 3 or less to the top or bottom of the owner's Life cards face-up.",[Trigger] Draw 1 card.,https://en.onepiece-cardgame.com/images/cardlist/card/ST09-015.png?250502,0,False
ST08-001-0,ST08-001,0,Monkey.D.Luffy,558.0,L,Black,ST08,5000.0,,,"[Your Turn] When a Character is K.O.'d, give up to 1 rested DON!! card to this Leader.",,https://en.onepiece-cardgame.com/images/cardlist/card/ST08-001.png?250502,0,True
ST08-002-0,ST08-002,0,Uta,134.0,SR,Black,ST08,3000.0,2.0,,This Character cannot be K.O.'d in battle by Leaders.[Activate: Main] You may rest this Character: Give up to 1 of your opponent's Characters −2 cost during this turn.,,https://en.onepiece-cardgame.com/images/cardlist/card/ST08-002.png?250502,0,True
ST08-003-0,ST08-003,0,Gaimon,999.0,C,Black,ST08,4000.0,2.0,1000.0,-,,https://en.onepiece-cardgame.com/images/cardlist/card/ST08-003.png?250502,0,True
ST08-004-0,ST08-004,0,Koby,730.0,C,Black,ST08,1000.0,4.0,1000.0,[Activate: Main] You may rest this Character: K.O. up to 1 of your opponent's Characters with a cost of 2 or less.,,https://en.onepiece-cardgame.com/images/cardlist/card/ST08-004.png?250502,0,True
ST08-005-0,ST08-005,0,Shanks,290.0,SR,Black,ST08,10000.0,9.0,,[On Play] You may trash 1 card from your hand: K.O. all Characters with a cost of 1 or less.,,https://en.onepiece-cardgame.com/images/cardlist/card/ST08-005.png?250502,0,True
ST08-006-0,ST08-006,0,Shirahoshi,272.0,C,Black,ST08,,4.0,1000.0,"[Blocker] (After your opponent declares an attack, you may rest this card to make it the new target of the attack.)[On Play] Give up to 1 of your opponent's Characters −4 cost during this turn.",,https://en.onepiece-cardgame.com/images/cardlist/card/ST08-006.png?250502,0,True
ST08-007-0,ST08-007,0,Nefeltari Vivi,509.0,C,Black,ST08,1000.0,3.0,1000.0,"[Blocker] (After your opponent declares an attack, you may rest this card to make it the new target of the attack.)",[Trigger] Play this card.,https://en.onepiece-cardgame.com/images/cardlist/card/ST08-007.png?250502,0,True
ST08-008-0,ST08-008,0,Higuma,898.0,C,Black,ST08,2000.0,1.0,1000.0,[On Play] Give up to 1 of your opponent's Characters −2 cost during this turn.,,https://en.onepiece-cardgame.com/images/cardlist/card/ST08-008.png?250502,0,True
ST08-009-0,ST08-009,0,Makino,641.0,C,Black,ST08,,2.0,2000.0,"[On Play] If there is a Character with a cost of 0, draw 1 card.",,https://en.onepiece-cardgame.com/images/cardlist/card/ST08-009.png?250502,0,True
ST08-010-0,ST08-010,0,Monkey.D.Garp,559.0,C,Black,ST08,7000.0,5.0,1000.0,-,,https://en.onepiece-cardgame.com/images/cardlist/card/ST08-010.png?250502,0,True
ST08-011-0,ST08-011,0,Monkey.D.Luffy,558.0,C,Black,ST08,5000.0,3.0,1000.0,-,,https://en.onepiece-cardgame.com/images/cardlist/card/ST08-011.png?250502,0,True
ST08-012-0,ST08-012,0,Laboon,679.0,C,Black,ST08,6000.0,4.0,1000.0,-,,https://en.onepiece-cardgame.com/images/cardlist/card/ST08-012.png?250502,0,True
ST08-013-0,ST08-013,0,Mr.2.Bon.Kurei(Bentham),15.0,C,Black,ST08,6000.0,5.0,,"[DON!! x1] At the end of a battle in which this Character battles your opponent's Character, you may K.O. the opponent’s Character you battled with. If you do, K.O. this Character.",,https://en.onepiece-cardgame.com/images/cardlist/card/ST08-013.png?250502,0,True
ST08-014-0,ST08-014,0,Gum-Gum Bell,,C,Black,ST08,,2.0,,[Main] You may add 1 card from the top of your Life cards to your hand: Give up to 1 of your opponent's Characters −7 cost during this turn.,[Trigger] Add up to 1 black Character card with a cost of 2 or less from your trash to your hand.,https://en.onepiece-cardgame.com/images/cardlist/card/ST08-014.png?250502,0,False
ST08-015-0,ST08-015,0,Gum-Gum Pistol,,C,Black,ST08,,3.0,,[Main] K.O. up to 1 of your opponent's Characters with a cost of 2 or less.,[Trigger] Draw 1 card.,https://en.onepiece-cardgame.com/images/cardlist/card/ST08-015.png?250502,0,False
ST07-001-0,ST07-001,0,Charlotte Linlin,1196.0,L,Yellow,ST07,5000.0,,,"[DON!! x2] [When Attacking] You may add 1 card from the top or bottom of your Life cards to your hand: If you have 2 or less Life cards, add up to 1 card from your hand to the top of your Life cards.",,https://en.onepiece-cardgame.com/images/cardlist/card/ST07-001.png?250502,0,True
ST07-002-0,ST07-002,0,Charlotte Anana,1232.0,C,Yellow,ST07,3000.0,1.0,1000.0,-,,https://en.onepiece-cardgame.com/images/cardlist/card/ST07-002.png?250502,0,True
ST07-003-0,ST07-003,0,Charlotte Katakuri,1200.0,SR,Yellow,ST07,6000.0,4.0,,"[On Play] Look at up to 1 card from the top of your or your opponent's Life cards, and place it at the top or bottom of the Life cards. Then, if you have less Life cards than your opponent, this Character gains [Rush] during this turn.(This card can attack on the turn in which it is played.)",,https://en.onepiece-cardgame.com/images/cardlist/card/ST07-003.png?250502,0,True
ST07-004-0,ST07-004,0,Charlotte Snack,1165.0,C,Yellow,ST07,6000.0,5.0,,"[DON!! x1] [When Attacking] You may add 1 card from the top or bottom of your Life cards to your hand: This Character gains [Banish] and +1000 power during this battle.(When this card deals damage, the target card is trashed without activating its Trigger.)",,https://en.onepiece-cardgame.com/images/cardlist/card/ST07-004.png?250502,0,True
ST07-006-0,ST07-006,0,Charlotte Flampe,1206.0,C,Yellow,ST07,4000.0,2.0,1000.0,-,,https://en.onepiece-cardgame.com/images/cardlist/card/ST07-006.png?250502,0,True
ST07-008-0,ST07-008,0,Charlotte Pudding,1170.0,C,Yellow,ST07,3000.0,2.0,2000.0,"[On Play] Look at up to 1 card from the top of your or your opponent's Life cards, and place it at the top or bottom of the Life cards.",,https://en.onepiece-cardgame.com/images/cardlist/card/ST07-008.png?250502,0,True
ST07-009-0,ST07-009,0,Charlotte Mont-d'or,1186.0,C,Yellow,ST07,4000.0,3.0,1000.0,[Activate: Main] You may rest this Character and add 1 card from the top or bottom of your Life cards to your hand: K.O. up to 1 of your opponent's Characters with a cost of 3 or less.,[Trigger] You may trash 1 card from your hand: Play this card.,https://en.onepiece-cardgame.com/images/cardlist/card/ST07-009.png?250502,0,True
ST07-010-0,ST07-010,0,Charlotte Linlin,1196.0,SR,Yellow,ST07,8000.0,7.0,,[On Play] Your opponent chooses one:- Trash 1 card from the top of your opponent's Life cards.- Add 1 card from the top of your deck to the top of your Life cards.,,https://en.onepiece-cardgame.com/images/cardlist/card/ST07-010.png?250502,0,True
ST07-011-0,ST07-011,0,Zeus,60.0,C,Yellow,ST07,3000.0,3.0,1000.0,"[Activate: Main] You may rest this Character: Up to 1 of your [Charlotte Linlin] cards gains [Banish] during this turn.(When this card deals damage, the target card is trashed without activating its Trigger.)",[Trigger] Play this card.,https://en.onepiece-cardgame.com/images/cardlist/card/ST07-011.png?250502,0,True
ST07-012-0,ST07-012,0,Baron Tamago,206.0,C,Yellow,ST07,6000.0,4.0,1000.0,-,,https://en.onepiece-cardgame.com/images/cardlist/card/ST07-012.png?250502,0,True
ST07-013-0,ST07-013,0,Prometheus,415.0,C,Yellow,ST07,3000.0,3.0,1000.0,[Activate: Main] You may rest this Character: Up to 1 of your [Charlotte Linlin] cards gains [Double Attack] during this turn.(This card deals 2 damage.),[Trigger] Play this card.,https://en.onepiece-cardgame.com/images/cardlist/card/ST07-013.png?250502,0,True
ST07-015-0,ST07-015,0,Soul Pocus,,C,Yellow,ST07,,5.0,,[Main] Your opponent chooses one:- Trash 1 card from the top of your opponent's Life cards.- Add 1 card from the top of your deck to the top of your Life cards.,[Trigger] Activate this card's [Main] effect.,https://en.onepiece-cardgame.com/images/cardlist/card/ST07-015.png?250502,0,False
ST07-016-0,ST07-016,0,Power Mochi,,C,Yellow,ST07,,1.0,,"[Counter] Look at up to 1 card from the top of your or your opponent's Life cards, and place it at the top or bottom of the Life cards. Then, up to 1 of your Leader or Character cards gains +2000 power during this battle.","[Trigger] Draw 1 card, look at up to 1 card from the top of your or your opponent's Life cards, and place it at the top or bottom of the Life cards.",https://en.onepiece-cardgame.com/images/cardlist/card/ST07-016.png?250502,0,False
ST07-017-0,ST07-017,0,Queen Mama Chanter,405.0,C,Yellow,ST07,,2.0,,[Activate: Main] You may rest this Stage and add 1 card from the top or bottom of your Life cards to your hand: Add up to 1 of your Characters with a cost of 3 to the top of the owner's Life cards face-up.,[Trigger] Play this card.,https://en.onepiece-cardgame.com/images/cardlist/card/ST07-017.png?250502,0,True
ST06-001-0,ST06-001,0,Sakazuki,337.0,L,Black,ST06,5000.0,,,[Activate: Main] [Once Per Turn] ③ (You may rest the specified number of DON!! cards in your cost area.) You may trash 1 card from your hand: K.O. up to 1 of your opponent's Characters with a cost of 0.,,https://en.onepiece-cardgame.com/images/cardlist/card/ST06-001.png?250502,0,True
ST06-002-0,ST06-002,0,Koby,730.0,C,Black,ST06,2000.0,1.0,1000.0,[On Play] You may trash 1 card from your hand: K.O. up to 1 of your opponent's Characters with a cost of 0.,,https://en.onepiece-cardgame.com/images/cardlist/card/ST06-002.png?250502,0,True
ST06-003-0,ST06-003,0,Jango,822.0,C,Black,ST06,3000.0,1.0,1000.0,-,,https://en.onepiece-cardgame.com/images/cardlist/card/ST06-003.png?250502,0,True
ST06-004-0,ST06-004,0,Smoker,258.0,SR,Black,ST06,7000.0,5.0,,"This Character cannot be K.O.'d by effects.[DON!! x1] If there is a Character with a cost of 0, this Character gains [Double Attack].(This card deals 2 damage.)",,https://en.onepiece-cardgame.com/images/cardlist/card/ST06-004.png?250502,0,True
ST06-005-0,ST06-005,0,Sengoku,305.0,C,Black,ST06,6000.0,5.0,1000.0,[When Attacking] Give up to 1 of your opponent's Characters −4 cost during this turn.,,https://en.onepiece-cardgame.com/images/cardlist/card/ST06-005.png?250502,0,True
ST06-006-0,ST06-006,0,Tashigi,200.0,C,Black,ST06,4000.0,3.0,2000.0,[Activate: Main] You may rest this Character: Give up to 1 of your opponent's Characters −2 cost during this turn.,,https://en.onepiece-cardgame.com/images/cardlist/card/ST06-006.png?250502,0,True
ST06-007-0,ST06-007,0,Tsuru,158.0,C,Black,ST06,2000.0,2.0,1000.0,"[Blocker] (After your opponent declares an attack, you may rest this card to make it the new target of the attack.)",,https://en.onepiece-cardgame.com/images/cardlist/card/ST06-007.png?250502,0,True
ST06-008-0,ST06-008,0,Hina,894.0,C,Black,ST06,5000.0,3.0,,[On Play] Give up to 1 of your opponent's Characters −4 cost during this turn.,,https://en.onepiece-cardgame.com/images/cardlist/card/ST06-008.png?250502,0,True
ST06-009-0,ST06-009,0,Fullbody,1008.0,C,Black,ST06,4000.0,2.0,1000.0,-,,https://en.onepiece-cardgame.com/images/cardlist/card/ST06-009.png?250502,0,True
ST06-011-0,ST06-011,0,Momonga,565.0,C,Black,ST06,6000.0,4.0,1000.0,-,,https://en.onepiece-cardgame.com/images/cardlist/card/ST06-011.png?250502,0,True
ST06-012-0,ST06-012,0,Monkey.D.Garp,559.0,SR,Black,ST06,6000.0,5.0,,[Activate: Main] You may trash 1 card from your hand and rest this Character: K.O. up to 1 of your opponent's Characters with a cost of 4 or less.,,https://en.onepiece-cardgame.com/images/cardlist/card/ST06-012.png?250502,0,True
ST06-013-0,ST06-013,0,T-Bone,213.0,C,Black,ST06,5000.0,3.0,1000.0,-,,https://en.onepiece-cardgame.com/images/cardlist/card/ST06-013.png?250502,0,True
ST06-015-0,ST06-015,0,Great Eruption,,C,Black,ST06,,1.0,,"[Main] Draw 1 card. Then, give up to 1 of your opponent's Characters −2 cost during this turn.",[Trigger] Your opponent chooses 1 card from their hand and trashes it.,https://en.onepiece-cardgame.com/images/cardlist/card/ST06-015.png?250502,1,False
ST06-016-0,ST06-016,0,White Out,,C,Black,ST06,,1.0,,[Counter] Up to 1 of your Leader or Character cards gains +2000 power during this battle.,[Trigger] Draw 1 card and none of your Characters can be K.O.'d during this turn.,https://en.onepiece-cardgame.com/images/cardlist/card/ST06-016.png?250502,0,False
ST06-017-0,ST06-017,0,Navy HQ,,C,Black,ST06,,1.0,,"[On Play] Give up to 1 of your opponent's Characters −1 cost during this turn.[Activate: Main] You may rest this Stage: If your Leader has the {Navy} type, give up to 1 of your opponent's Characters −1 cost during this turn.",,https://en.onepiece-cardgame.com/images/cardlist/card/ST06-017.png?250502,0,False
ST05-001-0,ST05-001,0,Shanks,290.0,L,Purple,ST05,5000.0,,,[Activate: Main] [Once Per Turn] DON!! −3 (You may return the specified number of DON!! cards from your field to your DON!! deck.): All of your {FILM} type Characters gain +2000 power during this turn.,,https://en.onepiece-cardgame.com/images/cardlist/card/ST05-001.png?250502,0,True
ST05-002-0,ST05-002,0,Ain,1406.0,C,Purple,ST05,5000.0,4.0,,[On Play] Add up to 1 DON!! card from your DON!! deck and rest it.,,https://en.onepiece-cardgame.com/images/cardlist/card/ST05-002.png?250502,0,True
ST05-003-0,ST05-003,0,Ann,,C,Purple,ST05,3000.0,2.0,,"[Blocker] (After your opponent declares an attack, you may rest this card to make it the new target of the attack.)",,https://en.onepiece-cardgame.com/images/cardlist/card/ST05-003.png?250502,0,False
ST05-004-0,ST05-004,0,Uta,134.0,C,Purple,ST05,5000.0,4.0,1000.0,"[Blocker] (After your opponent declares an attack, you may rest this card to make it the new target of the attack.)[On Block] DON!! −1 (You may return the specified number of DON!! cards from your field to your DON!! deck.): Rest up to 1 of your opponent's Characters with a cost of 5 or less.",,https://en.onepiece-cardgame.com/images/cardlist/card/ST05-004.png?250502,0,True
ST05-005-0,ST05-005,0,Carina,1400.0,C,Purple,ST05,3000.0,2.0,1000.0,"[Activate: Main] [Once Per Turn] You may rest this Character and trash 1 {FILM} type card from your hand: If your opponent has more DON!! cards on their field than you, add 2 DON!! cards from your DON!! deck and rest them.",,https://en.onepiece-cardgame.com/images/cardlist/card/ST05-005.png?250502,0,True
ST05-006-0,ST05-006,0,Gild Tesoro,,C,Purple,ST05,6000.0,5.0,,[When Attacking] DON!! −2 (You may return the specified number of DON!! cards from your field to your DON!! deck.): Draw 2 cards.,,https://en.onepiece-cardgame.com/images/cardlist/card/ST05-006.png?250502,0,False
ST05-007-0,ST05-007,0,Gordon,1407.0,C,Purple,ST05,3000.0,1.0,1000.0,-,,https://en.onepiece-cardgame.com/images/cardlist/card/ST05-007.png?250502,0,True
ST05-008-0,ST05-008,0,Shiki,286.0,C,Purple,ST05,7000.0,6.0,1000.0,"If you have 8 or more DON!! cards on your field, this Character cannot be K.O.'d in battle.",,https://en.onepiece-cardgame.com/images/cardlist/card/ST05-008.png?250502,0,True
ST05-009-0,ST05-009,0,Scarlet,316.0,C,Purple,ST05,3000.0,2.0,1000.0,-,[Trigger] Play this card.,https://en.onepiece-cardgame.com/images/cardlist/card/ST05-009.png?250502,0,True
ST05-010-0,ST05-010,0,Z,1405.0,C,Purple,ST05,8000.0,7.0,,"When this Character battles <Strike> attribute Characters, this Character gains +3000 power during this turn.[Activate: Main] [Once Per Turn] DON!! −1 (You may return the specified number of DON!! cards from your field to your DON!! deck.): This Character gains +2000 power during this turn.",,https://en.onepiece-cardgame.com/images/cardlist/card/ST05-010.png?250502,0,True
ST05-011-0,ST05-011,0,Douglas Bullet,1393.0,C,Purple,ST05,10000.0,8.0,,"[Activate: Main] [Once Per Turn] DON!! −4 (You may return the specified number of DON!! cards from your field to your DON!! deck.): Rest up to 2 of your opponent's Characters with a cost of 6 or less. Then, this Character gains [Double Attack] during this turn.(This card deals 2 damage.)",,https://en.onepiece-cardgame.com/images/cardlist/card/ST05-011.png?250502,0,True
ST05-012-0,ST05-012,0,Baccarat,,SR,Purple,ST05,5000.0,3.0,1000.0,-,,https://en.onepiece-cardgame.com/images/cardlist/card/ST05-012.png?250502,0,False
ST05-013-0,ST05-013,0,Bins,1397.0,SR,Purple,ST05,6000.0,4.0,1000.0,-,,https://en.onepiece-cardgame.com/images/cardlist/card/ST05-013.png?250502,0,True
ST05-014-0,ST05-014,0,Buena Festa,,C,Purple,ST05,,1.0,2000.0,"[On Play] Look at 5 cards from the top of your deck; reveal up to 1 {FILM} type card other than [Buena Festa] and add it to your hand. Then, place the rest at the bottom of your deck in any order.",,https://en.onepiece-cardgame.com/images/cardlist/card/ST05-014.png?250502,0,False
ST05-015-0,ST05-015,0,Dr. Indigo,,C,Purple,ST05,4000.0,2.0,1000.0,-,,https://en.onepiece-cardgame.com/images/cardlist/card/ST05-015.png?250502,0,False
ST05-016-0,ST05-016,0,Lion's Threat Imperial Earth Bind,,C,Purple,ST05,,3.0,,[Main] DON!! −2 (You may return the specified number of DON!! cards from your field to your DON!! deck.): K.O. up to 1 of your opponent's Characters with a cost of 5 or less.,[Trigger] Add up to 1 DON!! card from your DON!! deck and set it as active.,https://en.onepiece-cardgame.com/images/cardlist/card/ST05-016.png?250502,0,False
ST05-017-0,ST05-017,0,Union Armada,,C,Purple,ST05,,2.0,,"[Counter] Up to 1 of your {FILM} type Leader or Character cards gains +4000 power during this battle. If that card is a Character, that Character cannot be K.O.'d during this turn.",[Trigger] Add up to 1 DON!! card from your DON!! deck and set it as active.,https://en.onepiece-cardgame.com/images/cardlist/card/ST05-017.png?250502,0,False
ST04-001-0,ST04-001,0,Kaido,783.0,L,Purple,ST04,5000.0,,,[Activate: Main] [Once Per Turn] DON!! −7 (You may return the specified number of DON!! cards from your field to your DON!! deck.): Trash up to 1 of your opponent's Life cards.,,https://en.onepiece-cardgame.com/images/cardlist/card/ST04-001.png?250502,0,True
ST04-002-0,ST04-002,0,Ulti,147.0,C,Purple,ST04,5000.0,4.0,2000.0,[On Play] DON!! −1 (You may return the specified number of DON!! cards from your field to your DON!! deck.): Play up to 1 [Page One] card with a cost of 4 or less from your hand.,,https://en.onepiece-cardgame.com/images/cardlist/card/ST04-002.png?250502,0,True
ST04-004-0,ST04-004,0,King,737.0,SR,Purple,ST04,7000.0,6.0,,[On Play] DON!! −1 (You may return the specified number of DON!! cards from your field to your DON!! deck.): K.O. up to 1 of your opponent's Characters with a cost of 4 or less.,,https://en.onepiece-cardgame.com/images/cardlist/card/ST04-004.png?250502,0,True
ST04-006-0,ST04-006,0,Sasaki,328.0,C,Purple,ST04,4000.0,3.0,1000.0,[On Play] DON!! −1 (You may return the specified number of DON!! cards from your field to your DON!! deck.): Draw 1 card.,,https://en.onepiece-cardgame.com/images/cardlist/card/ST04-006.png?250502,0,True
ST04-007-0,ST04-007,0,Sheepshead,288.0,C,Purple,ST04,4000.0,2.0,1000.0,-,,https://en.onepiece-cardgame.com/images/cardlist/card/ST04-007.png?250502,0,True
ST04-008-0,ST04-008,0,Jack,830.0,C,Purple,ST04,4000.0,3.0,1000.0,[On Play] You may trash 1 card from your hand: Add up to 1 DON!! card from your DON!! deck and set it as active.,,https://en.onepiece-cardgame.com/images/cardlist/card/ST04-008.png?250502,0,True
ST04-009-0,ST04-009,0,Ginrummy,965.0,C,Purple,ST04,3000.0,1.0,1000.0,-,,https://en.onepiece-cardgame.com/images/cardlist/card/ST04-009.png?250502,0,True
ST04-010-0,ST04-010,0,Who's.Who,98.0,C,Purple,ST04,3000.0,3.0,,[On Play] DON!! −1 (You may return the specified number of DON!! cards from your field to your DON!! deck.): K.O. up to 1 of your opponent's Characters with a cost of 3 or less.,[Trigger] Play this card.,https://en.onepiece-cardgame.com/images/cardlist/card/ST04-010.png?250502,0,True
ST04-011-0,ST04-011,0,Black Maria,6.0,C,Purple,ST04,2000.0,2.0,1000.0,"[Blocker] (After your opponent declares an attack, you may rest this card to make it the new target of the attack.)",,https://en.onepiece-cardgame.com/images/cardlist/card/ST04-011.png?250502,0,True
ST04-012-0,ST04-012,0,Page One,459.0,C,Purple,ST04,6000.0,4.0,1000.0,-,,https://en.onepiece-cardgame.com/images/cardlist/card/ST04-012.png?250502,0,True
ST04-013-0,ST04-013,0,X.Drake,93.0,C,Purple,ST04,5000.0,3.0,1000.0,-,,https://en.onepiece-cardgame.com/images/cardlist/card/ST04-013.png?250502,0,True
ST04-014-0,ST04-014,0,"Lead Performer ""Disaster""",,C,Purple,ST04,,4.0,,"[Main] Draw 1 card, then add up to 1 DON!! card from your DON!! deck and set it as active.",[Trigger] Activate this card's [Main] effect.,https://en.onepiece-cardgame.com/images/cardlist/card/ST04-014.png?250502,0,False
ST04-015-0,ST04-015,0,Brachio Bomber,,C,Purple,ST04,,6.0,,"[Main] K.O. up to 1 of your opponent's Characters with a cost of 6 or less, then add up to 1 DON!! card from your DON!! deck and set it as active.",[Trigger] Add 1 DON!! card from your DON!! Deck and set it as active.,https://en.onepiece-cardgame.com/images/cardlist/card/ST04-015.png?250502,0,False
ST04-017-0,ST04-017,0,Onigashima Island,,C,Purple,ST04,,3.0,,"[Activate: Main] You may rest this Stage: If your Leader has the {Animal Kingdom Pirates} type, add up to 1 DON!! card from your DON!! deck and rest it.",,https://en.onepiece-cardgame.com/images/cardlist/card/ST04-017.png?250502,0,False
ST03-001-0,ST03-001,0,Crocodile,1120.0,L,Blue,ST03,5000.0,,,[Activate: Main] [Once Per Turn] DON!! −4 (You may return the specified number of DON!! cards from your field to your DON!! deck.): Return up to 1 Character with a cost of 5 or less to the owner's hand.,,https://en.onepiece-cardgame.com/images/cardlist/card/ST03-001.png?250502,0,True
ST03-003-0,ST03-003,0,Crocodile,1120.0,SR,Blue,ST03,6000.0,5.0,,"[Blocker] (After your opponent declares an attack, you may rest this card to make it the new target of the attack.)[DON!! x1] [On Block] Place up to 1 Character with a cost of 2 or less at the bottom of the owner's deck.",,https://en.onepiece-cardgame.com/images/cardlist/card/ST03-003.png?250502,0,True
ST03-006-0,ST03-006,0,Jinbe,807.0,C,Blue,ST03,4000.0,2.0,1000.0,-,,https://en.onepiece-cardgame.com/images/cardlist/card/ST03-006.png?250502,0,True
ST03-007-0,ST03-007,0,Sentomaru,301.0,C,Blue,ST03,4000.0,3.0,1000.0,"[DON!! x1] [Activate: Main] [Once Per Turn] ➁ (You may rest the specified number of DON!! cards in your cost area.): Play up to 1 [Pacifista] with a cost of 4 or less from your deck, then shuffle your deck.",,https://en.onepiece-cardgame.com/images/cardlist/card/ST03-007.png?250502,0,True
ST03-009-0,ST03-009,0,Donquixote Doflamingo,1070.0,SR,Blue,ST03,7000.0,7.0,,[On Play] Return up to 1 Character with a cost of 7 or less to the owner's hand.,,https://en.onepiece-cardgame.com/images/cardlist/card/ST03-009.png?250502,0,True
ST03-010-0,ST03-010,0,Bartholomew Kuma,1326.0,C,Blue,ST03,3000.0,2.0,,[On Play] Look at 3 cards from the top of your deck and return them to the top or bottom of the deck in any order.,[Trigger] Play this card.,https://en.onepiece-cardgame.com/images/cardlist/card/ST03-010.png?250502,0,True
ST03-011-0,ST03-011,0,Buggy,1280.0,C,Blue,ST03,3000.0,1.0,1000.0,-,,https://en.onepiece-cardgame.com/images/cardlist/card/ST03-011.png?250502,0,True
ST03-012-0,ST03-012,0,Pacifista,406.0,C,Blue,ST03,6000.0,4.0,1000.0,-,,https://en.onepiece-cardgame.com/images/cardlist/card/ST03-012.png?250502,0,True
ST03-014-0,ST03-014,0,Marshall.D.Teach,623.0,C,Blue,ST03,4000.0,4.0,1000.0,[On Play] Return up to 1 Character with a cost of 3 or less to the owner's hand.,,https://en.onepiece-cardgame.com/images/cardlist/card/ST03-014.png?250502,0,True
ST03-015-0,ST03-015,0,Sables,,C,Blue,ST03,,4.0,,[Main] Return up to 1 Character with a cost of 7 or less to the owner's hand.,[Trigger] Activate this card's [Main] effect.,https://en.onepiece-cardgame.com/images/cardlist/card/ST03-015.png?250502,0,False
ST03-016-0,ST03-016,0,Thrust Pad Cannon,,C,Blue,ST03,,2.0,,[Counter] Return up to 1 Character with a cost of 3 or less to the owner's hand.,[Trigger] Activate this card's [Counter] effect.,https://en.onepiece-cardgame.com/images/cardlist/card/ST03-016.png?250502,0,False
ST03-017-0,ST03-017,0,Love-Love Mellow,,C,Blue,ST03,,2.0,,"[Counter] Up to 1 of your Leader or Character cards gains +4000 power during this battle. Then, draw 1 card if you have 3 or less cards in your hand.",,https://en.onepiece-cardgame.com/images/cardlist/card/ST03-017.png?250502,0,False
ST02-001-0,ST02-001,0,"Eustass""Captain""Kid",1034.0,L,Green,ST02,5000.0,,,[Activate: Main] [Once Per Turn]  ③ (You may rest the specified number of DON!! cards in your cost area.) You may trash 1 card from your hand: Set this Leader as active.,,https://en.onepiece-cardgame.com/images/cardlist/card/ST02-001.png?250502,0,True
ST02-002-0,ST02-002,0,Vito,112.0,C,Green,ST02,5000.0,3.0,1000.0,-,,https://en.onepiece-cardgame.com/images/cardlist/card/ST02-002.png?250502,0,True
ST02-003-0,ST02-003,0,Urouge,138.0,C,Green,ST02,3000.0,2.0,1000.0,"[DON!! x1] If you have 3 or more Characters, this card gains +2000 power.",,https://en.onepiece-cardgame.com/images/cardlist/card/ST02-003.png?250502,0,True
ST02-005-0,ST02-005,0,Killer,741.0,C,Green,ST02,3000.0,3.0,1000.0,[On Play] K.O. up to 1 of your opponent's rested Characters with a cost of 3 or less.,[Trigger] Play this card.,https://en.onepiece-cardgame.com/images/cardlist/card/ST02-005.png?250502,0,True
ST02-006-0,ST02-006,0,Koby,730.0,C,Green,ST02,6000.0,4.0,1000.0,-,,https://en.onepiece-cardgame.com/images/cardlist/card/ST02-006.png?250502,0,True
ST02-007-0,ST02-007,0,Jewelry Bonney,809.0,C,Green,ST02,1000.0,1.0,1000.0,"[Activate: Main] ➀ (You may rest the specified number of DON!! cards in your cost area.) You may rest this card: Look at 5 cards from the top of your deck; reveal up to 1 {Supernovas} type card and add it to your hand. Then, place the rest at the bottom of your deck in any order.",,https://en.onepiece-cardgame.com/images/cardlist/card/ST02-007.png?250502,0,True
ST02-008-0,ST02-008,0,Scratchmen Apoo,313.0,C,Green,ST02,3000.0,2.0,2000.0,[DON!! x1] [When Attacking] Rest up to 1 of your opponent's DON!! cards.,,https://en.onepiece-cardgame.com/images/cardlist/card/ST02-008.png?250502,0,True
ST02-009-0,ST02-009,0,Trafalgar Law,169.0,SR,Green,ST02,6000.0,5.0,1000.0,[On Play] Set up to 1 of your {Supernovas} or {Heart Pirates} type rested Characters with a cost of 5 or less as active.,,https://en.onepiece-cardgame.com/images/cardlist/card/ST02-009.png?250502,0,True
ST02-010-0,ST02-010,0,Basil Hawkins,1323.0,C,Green,ST02,6000.0,5.0,,"[DON!! x1] [Once Per Turn] [Your Turn] If this Character battles your opponent's Character, set this card as active.",,https://en.onepiece-cardgame.com/images/cardlist/card/ST02-010.png?250502,0,True
ST02-011-0,ST02-011,0,Heat,906.0,C,Green,ST02,4000.0,2.0,1000.0,-,,https://en.onepiece-cardgame.com/images/cardlist/card/ST02-011.png?250502,0,True
ST02-012-0,ST02-012,0,Bepo,12.0,C,Green,ST02,3000.0,1.0,1000.0,-,,https://en.onepiece-cardgame.com/images/cardlist/card/ST02-012.png?250502,0,True
ST02-013-0,ST02-013,0,"Eustass""Captain""Kid",1034.0,SR,Green,ST02,7000.0,7.0,,"[Blocker] (After your opponent declares an attack, you may rest this card to make it the new target of the attack.)[DON!! x1] [End of Your Turn] Set this card as active.",,https://en.onepiece-cardgame.com/images/cardlist/card/ST02-013.png?250502,0,True
ST02-014-0,ST02-014,0,X.Drake,93.0,C,Green,ST02,5000.0,4.0,1000.0,"[DON!! x1] [Your Turn] If this Character is rested, your {Supernovas} or {Navy} type Leaders and Characters gain +1000 power.",,https://en.onepiece-cardgame.com/images/cardlist/card/ST02-014.png?250502,0,True
ST02-015-0,ST02-015,0,Scalpel,,C,Green,ST02,,1.0,,"[Counter] Up to 1 of your Leader or Character cards gains +2000 power during this battle. Then, set up to 1 of your DON!! cards as active.",[Trigger] Set up to 2 of your DON!! cards as active.,https://en.onepiece-cardgame.com/images/cardlist/card/ST02-015.png?250502,0,False
ST02-016-0,ST02-016,0,Repel,,C,Green,ST02,,2.0,,"[Counter] Up to 1 of your Leader or Character cards gains +4000 power during this battle. Then, set up to 1 of your DON!! cards as active.",,https://en.onepiece-cardgame.com/images/cardlist/card/ST02-016.png?250502,0,False
ST02-017-0,ST02-017,0,Straw Sword,,C,Green,ST02,,2.0,,[Main] Rest up to 1 of your opponent's Characters.,[Trigger] Play 1 {Supernovas} type card with a cost of 2 or less from your hand.,https://en.onepiece-cardgame.com/images/cardlist/card/ST02-017.png?250502,0,False
ST01-001-0,ST01-001,0,Monkey.D.Luffy,558.0,L,Red,ST01,5000.0,,,[Activate: Main] [Once Per Turn] Give this Leader or 1 of your Characters up to 1 rested DON!! card.,,https://en.onepiece-cardgame.com/images/cardlist/card/ST01-001.png?250502,0,True
ST01-002-0,ST01-002,0,Usopp,136.0,C,Red,ST01,2000.0,2.0,1000.0,[DON!! x2] [When Attacking] Your opponent cannot activate a [Blocker] Character that has 5000 or more power during this battle.,[Trigger] Play this card.,https://en.onepiece-cardgame.com/images/cardlist/card/ST01-002.png?250502,0,True
ST01-003-0,ST01-003,0,Karoo,763.0,C,Red,ST01,3000.0,1.0,1000.0,-,,https://en.onepiece-cardgame.com/images/cardlist/card/ST01-003.png?250502,0,True
ST01-004-0,ST01-004,0,Sanji,326.0,C,Red,ST01,4000.0,2.0,,[DON!! x2] This Character gains [Rush].(This card can attack on the turn in which it is played.),,https://en.onepiece-cardgame.com/images/cardlist/card/ST01-004.png?250502,0,True
ST01-005-0,ST01-005,0,Jinbe,807.0,C,Red,ST01,5000.0,3.0,,[DON!! x1] [When Attacking] Up to 1 of your Leader or Character cards other than this card gains +1000 power during this turn.,,https://en.onepiece-cardgame.com/images/cardlist/card/ST01-005.png?250502,0,True
ST01-007-0,ST01-007,0,Nami,515.0,C,Red,ST01,1000.0,1.0,1000.0,[Activate: Main] [Once Per Turn] Give up to 1 rested DON!! card to your Leader or 1 of your Characters.,,https://en.onepiece-cardgame.com/images/cardlist/card/ST01-007.png?250502,0,True
ST01-008-0,ST01-008,0,Nico Robin,495.0,C,Red,ST01,5000.0,3.0,1000.0,-,,https://en.onepiece-cardgame.com/images/cardlist/card/ST01-008.png?250502,0,True
ST01-009-0,ST01-009,0,Nefeltari Vivi,509.0,C,Red,ST01,4000.0,2.0,1000.0,-,,https://en.onepiece-cardgame.com/images/cardlist/card/ST01-009.png?250502,0,True
ST01-010-0,ST01-010,0,Franky,1014.0,C,Red,ST01,6000.0,4.0,1000.0,-,,https://en.onepiece-cardgame.com/images/cardlist/card/ST01-010.png?250502,0,True
ST01-011-0,ST01-011,0,Brook,1282.0,C,Red,ST01,3000.0,2.0,2000.0,[On Play] Give up to 2 rested DON!! cards to your Leader or 1 of your Characters.,,https://en.onepiece-cardgame.com/images/cardlist/card/ST01-011.png?250502,0,True
ST01-012-0,ST01-012,0,Monkey.D.Luffy,558.0,SR,Red,ST01,6000.0,5.0,,[Rush] (This card can attack on the turn in which it is played.)[DON!! x2] [When Attacking] Your opponent cannot activate [Blocker] during this battle.,,https://en.onepiece-cardgame.com/images/cardlist/card/ST01-012.png?250502,0,True
ST01-013-0,ST01-013,0,Roronoa Zoro,357.0,SR,Red,ST01,5000.0,3.0,,[DON!! x1] This Character gains +1000 power.,,https://en.onepiece-cardgame.com/images/cardlist/card/ST01-013.png?250502,0,True
ST01-015-0,ST01-015,0,Gum-Gum Jet Pistol,,C,Red,ST01,,4.0,,[Main] K.O. up to 1 of your opponent's Characters with 6000 power or less.,[Trigger] Activate this card's [Main] effect.,https://en.onepiece-cardgame.com/images/cardlist/card/ST01-015.png?250502,0,False
ST01-016-0,ST01-016,0,Diable Jambe,,C,Red,ST01,,1.0,,[Main] Select up to 1 of your {Straw Hat Crew} type Leader or Character cards. Your opponent cannot activate [Blocker] if that Leader or Character attacks during this turn.,[Trigger] K.O. 1 of your opponent's [Blocker] Characters with a cost of 3 or less.,https://en.onepiece-cardgame.com/images/cardlist/card/ST01-016.png?250502,0,False
ST01-017-0,ST01-017,0,Thousand Sunny,,C,Red,ST01,,2.0,,[Activate: Main] You may rest this Stage: Up to 1 {Straw Hat Crew} type Leader or Character card on your field gains +1000 power during this turn.,,https://en.onepiece-cardgame.com/images/cardlist/card/ST01-017.png?250502,0,False
ST01-001-1,ST01-001,1,Monkey.D.Luffy (Parallel),558.0,L,Red,ST01,5000.0,,,[Activate: Main] [Once Per Turn] Give this Leader or 1 of your Characters up to 1 rested DON!! card.,,https://en.onepiece-cardgame.com/images/cardlist/card/ST01-001_p1.png?250502,0,True
ST02-001-1,ST02-001,1,"Eustass""Captain""Kid (Parallel)",1034.0,L,Green,ST02,5000.0,,,[Activate: Main] [Once Per Turn]  ③ (You may rest the specified number of DON!! cards in your cost area.) You may trash 1 card from your hand: Set this Leader as active.,,https://en.onepiece-cardgame.com/images/cardlist/card/ST02-001_p1.png?250502,0,True
EB01-006-4,EB01-006,4,Tony Tony.Chopper,175.0,SR,Red,EB01,4000.0,3.0,1000.0,"[Blocker] (After your opponent declares an attack, you may rest this card to make it the new target of the attack.)[DON!! x2] [When Attacking] Give up to 1 of your opponent's Characters −3000 power during this turn.",,https://en.onepiece-cardgame.com/images/cardlist/card/EB01-006_p4.png?250502,0,True
EB01-006-5,EB01-006,5,Tony Tony.Chopper,175.0,SR,Red,EB01,4000.0,3.0,1000.0,"[Blocker] (After your opponent declares an attack, you may rest this card to make it the new target of the attack.)[DON!! x2] [When Attacking] Give up to 1 of your opponent's Characters −3000 power during this turn.",,https://en.onepiece-cardgame.com/images/cardlist/card/EB01-006_p5.png?250502,0,True
EB01-012-2,EB01-012,2,Cavendish (Parallel),1245.0,SR,Green,EB01,6000.0,5.0,1000.0,"[On Play]/[When Attacking] If your Leader has the {Supernovas} type and you have no other [Cavendish] Characters, set up to 2 of your DON!! cards as active.",,https://en.onepiece-cardgame.com/images/cardlist/card/EB01-012_p2.png?250502,0,True
EB01-014-1,EB01-014,1,Sanji,326.0,R,Green,EB01,5000.0,4.0,2000.0,[DON!! x1] [Your Turn] This Character gains +1000 power for every 3 of your rested DON!! cards.,,https://en.onepiece-cardgame.com/images/cardlist/card/EB01-014_p1.png?250502,0,True
EB01-015-1,EB01-015,1,Scratchmen Apoo,313.0,R,Green,EB01,1000.0,1.0,2000.0,[On Play] Rest up to 1 of your opponent's Characters with a cost of 2 or less.,,https://en.onepiece-cardgame.com/images/cardlist/card/EB01-015_p1.png?250502,0,True
EB01-046-2,EB01-046,2,Brook,1282.0,SR,Black,EB01,4000.0,3.0,1000.0,"[On Play]/[When Attacking] Give up to 1 of your opponent's Characters −1 cost during this turn. Then, K.O. up to 1 of your opponent's Characters with a cost of 0.",,https://en.onepiece-cardgame.com/images/cardlist/card/EB01-046_p2.png?250502,0,True
EB01-046-3,EB01-046,3,Brook,1282.0,SR,Black,EB01,4000.0,3.0,1000.0,"[On Play]/[When Attacking] Give up to 1 of your opponent's Characters −1 cost during this turn. Then, K.O. up to 1 of your opponent's Characters with a cost of 0.",,https://en.onepiece-cardgame.com/images/cardlist/card/EB01-046_p3.png?250502,0,True
EB02-019-1,EB02-019,1,Roronoa Zoro,357.0,R,Green,EB02,5000.0,4.0,1000.0,"If your opponent has 2 or more Characters, this Character can attack Characters on the turn in which it is played.[On Play] If your Leader has the {Straw Hat Crew} type, rest up to 1 of your opponent's Characters with a cost of 4 or less.",,https://en.onepiece-cardgame.com/images/cardlist/card/EB02-019_p1.png?250502,0,True
EB02-019-2,EB02-019,2,Roronoa Zoro,357.0,R,Green,EB02,5000.0,4.0,1000.0,"If your opponent has 2 or more Characters, this Character can attack Characters on the turn in which it is played.[On Play] If your Leader has the {Straw Hat Crew} type, rest up to 1 of your opponent's Characters with a cost of 4 or less.",,https://en.onepiece-cardgame.com/images/cardlist/card/EB02-019_p2.png?250502,0,True
EB02-055-1,EB02-055,1,Jinbe,807.0,R,Yellow,EB02,5000.0,4.0,2000.0,-,"[Trigger] If your Leader has the {Fish-Man} or {Merfolk} type and you have 2 or less Life cards, play this card.",https://en.onepiece-cardgame.com/images/cardlist/card/EB02-055_p1.png?250502,0,True
OP01-004-2,OP01-004,2,Usopp (Parallel),136.0,R,Red,OP01,3000.0,2.0,2000.0,[DON!! x1] [Your Turn] [Once Per Turn] Draw 1 card when your opponent activates an Event.,,https://en.onepiece-cardgame.com/images/cardlist/card/OP01-004_p2.png?250502,0,True
OP01-005-4,OP01-005,4,Uta (Parallel),134.0,R,Red,OP01,4000.0,4.0,,[On Play] Add up to 1 red Character card other than [Uta] with a cost of 3 or less from your trash to your hand.,,https://en.onepiece-cardgame.com/images/cardlist/card/OP01-005_p4.png?250502,0,True
OP01-013-3,OP01-013,3,Sanji (Parallel),326.0,R,Red,OP01,3000.0,2.0,2000.0,"[Activate: Main] [Once Per Turn] You may add 1 card from your Life area to your hand: This Character gains +2000 power during this turn. Then, give this Character up to 2 rested DON!! cards.",,https://en.onepiece-cardgame.com/images/cardlist/card/OP01-013_p3.png?250502,0,True
OP01-015-1,OP01-015,1,Tony Tony.Chopper,175.0,UC,Red,OP01,4000.0,3.0,1000.0,[DON!! x1] [When Attacking] You may trash 1 card from your hand: Add up to 1 {Straw Hat Crew} type Character card other than [Tony Tony.Chopper] with a cost of 4 or less from your trash to your hand.,,https://en.onepiece-cardgame.com/images/cardlist/card/OP01-015_p1.png?250502,0,True
OP01-016-5,OP01-016,5,Nami (Parallel),515.0,R,Red,OP01,2000.0,1.0,1000.0,"[On Play] Look at 5 cards from the top of your deck; reveal up to 1 {Straw Hat Crew} type Character card other than [Nami] and add it to your hand. Then, place the rest at the bottom of your deck in any order.",,https://en.onepiece-cardgame.com/images/cardlist/card/OP01-016_p5.png?250502,0,True
OP01-016-6,OP01-016,6,Nami (Parallel),515.0,R,Red,OP01,2000.0,1.0,1000.0,"[On Play] Look at 5 cards from the top of your deck; reveal up to 1 {Straw Hat Crew} type Character card other than [Nami] and add it to your hand. Then, place the rest at the bottom of your deck in any order.",,https://en.onepiece-cardgame.com/images/cardlist/card/OP01-016_p6.png?250502,0,True
OP01-017-3,OP01-017,3,Nico Robin (Parallel),495.0,R,Red,OP01,4000.0,3.0,1000.0,[DON!! x1] [When Attacking] K.O. up to 1 of your opponent's Characters with 3000 power or less.,,https://en.onepiece-cardgame.com/images/cardlist/card/OP01-017_p3.png?250502,0,True
OP01-021-1,OP01-021,1,Franky,1014.0,UC,Red,OP01,4000.0,3.0,,[DON!! x1] This Character can also attack your opponent's active Characters.,,https://en.onepiece-cardgame.com/images/cardlist/card/OP01-021_p1.png?250502,0,True
OP01-021-2,OP01-021,2,Franky,1014.0,UC,Red,OP01,4000.0,3.0,,[DON!! x1] This Character can also attack your opponent's active Characters.,,https://en.onepiece-cardgame.com/images/cardlist/card/OP01-021_p2.png?250502,0,True
OP01-021-5,OP01-021,5,Franky (Parallel),1014.0,UC,Red,OP01,4000.0,3.0,,[DON!! x1] This Character can also attack your opponent's active Characters.,,https://en.onepiece-cardgame.com/images/cardlist/card/OP01-021_p5.png?250502,0,True
OP01-025-4,OP01-025,4,Roronoa Zoro (Parallel),357.0,SR,Red,OP01,5000.0,3.0,,[Rush] (This card can attack on the turn in which it is played.),,https://en.onepiece-cardgame.com/images/cardlist/card/OP01-025_p4.png?250502,0,True
OP01-033-1,OP01-033,1,Izo,833.0,UC,Green,OP01,3000.0,3.0,2000.0,[On Play] Rest 1 of your opponent's Characters with a cost of 4 or less.,,https://en.onepiece-cardgame.com/images/cardlist/card/OP01-033_p1.png?250502,0,True
OP01-035-1,OP01-035,1,Okiku (Parallel),747.0,R,Green,OP01,5000.0,3.0,,[DON!! x1] [When Attacking] [Once Per Turn] Rest up to 1 of your opponent's Characters with a cost of 5 or less.,,https://en.onepiece-cardgame.com/images/cardlist/card/OP01-035_p1.png?250502,0,True
OP01-041-1,OP01-041,1,Kouzuki Momonosuke (Parallel),709.0,R,Green,OP01,,1.0,1000.0,"[Activate: Main] ➀ (You may rest the specified number of DON!! cards in your cost area) You may rest this Character: Look at 5 cards from the top of your deck; reveal up to 1 {Land of Wano} type card and add it to your hand. Then, place the rest at the bottom of your deck in any order.",,https://en.onepiece-cardgame.com/images/cardlist/card/OP01-041_p1.png?250502,0,True
OP01-070-2,OP01-070,2,Dracule Mihawk (Parallel),1061.0,SR,Blue,OP01,9000.0,9.0,,[On Play] Place up to 1 Character with a cost of 7 or less at the bottom of the owner's deck.,,https://en.onepiece-cardgame.com/images/cardlist/card/OP01-070_p2.png?250502,0,True
OP01-077-3,OP01-077,3,Perona (Parallel),434.0,UC,Blue,OP01,2000.0,1.0,1000.0,[On Play] Look at 5 cards from the top of your deck and place them at the top or bottom of the deck in any order.,,https://en.onepiece-cardgame.com/images/cardlist/card/OP01-077_p3.png?250502,0,True
OP01-077-4,OP01-077,4,Perona,434.0,UC,Blue,OP01,2000.0,1.0,1000.0,[On Play] Look at 5 cards from the top of your deck and place them at the top or bottom of the deck in any order.,,https://en.onepiece-cardgame.com/images/cardlist/card/OP01-077_p4.png?250502,0,True
OP01-077-5,OP01-077,5,Perona,434.0,UC,Blue,OP01,2000.0,1.0,1000.0,[On Play] Look at 5 cards from the top of your deck and place them at the top or bottom of the deck in any order.,,https://en.onepiece-cardgame.com/images/cardlist/card/OP01-077_p5.png?250502,0,True
OP01-094-3,OP01-094,3,Kaido (Parallel),783.0,SR,Purple,OP01,12000.0,10.0,,"[On Play] DON!! −6 (You may return the specified number of DON!! cards from your field to your DON!! deck.): If your Leader has the {Animal Kingdom Pirates} type, K.O. all Characters other than this Character.",,https://en.onepiece-cardgame.com/images/cardlist/card/OP01-094_p3.png?250502,0,True
OP01-108-1,OP01-108,1,Hitokiri Kamazo (Parallel),742.0,UC,Purple,OP01,5000.0,4.0,1000.0,[On K.O.] DON!! −1 (You may return the specified number of DON!! cards from your field to your DON!! deck.): K.O. up to 1 of your opponent's Characters with a cost of 5 or less.,,https://en.onepiece-cardgame.com/images/cardlist/card/OP01-108_p1.png?250502,0,True
OP01-120-4,OP01-120,4,Shanks (Parallel),290.0,SEC,Red,OP01,10000.0,9.0,,[Rush] (This card can attack on the turn in which it is played.)[When Attacking] Your opponent cannot activate a [Blocker] Character that has 2000 or less power during this battle.,,https://en.onepiece-cardgame.com/images/cardlist/card/OP01-120_p4.png?250502,0,True
OP02-029-2,OP02-029,2,Carrot (Parallel),1252.0,R,Green,OP02,5000.0,5.0,2000.0,[End of Your Turn] Set up to 1 of your DON!! cards as active.,,https://en.onepiece-cardgame.com/images/cardlist/card/OP02-029_p2.png?250502,0,True
OP02-034-3,OP02-034,3,Tony Tony.Chopper (Parallel),175.0,UC,Green,OP02,2000.0,2.0,2000.0,[DON!! x1] [When Attacking] Rest up to 1 of your opponent's Characters with a cost of 2 or less.,,https://en.onepiece-cardgame.com/images/cardlist/card/OP02-034_p3.png?250502,0,True
OP02-035-1,OP02-035,1,Trafalgar Law (Parallel),169.0,C,Green,OP02,3000.0,2.0,1000.0,[Activate: Main] ➀ (You may rest the specified number of DON!! cards in your cost area.) You may return this Character to the owner's hand: Play up to 1 Character with a cost of 3 from your hand.,,https://en.onepiece-cardgame.com/images/cardlist/card/OP02-035_p1.png?250502,0,True
OP02-059-2,OP02-059,2,Boa Hancock (Parallel),1305.0,UC,Blue,OP02,5000.0,4.0,1000.0,"[When Attacking] Draw 1 card and trash 1 card from your hand. Then, trash up to 3 cards from your hand.",,https://en.onepiece-cardgame.com/images/cardlist/card/OP02-059_p2.png?250502,0,True
OP02-063-1,OP02-063,1,Mr.1(Daz.Bonez),1102.0,UC,Blue,OP02,1000.0,1.0,1000.0,[On Play] Add up to 1 blue Event card with a cost of 1 from your trash to your hand.,,https://en.onepiece-cardgame.com/images/cardlist/card/OP02-063_p1.png?250502,0,True
OP02-096-3,OP02-096,3,Kuzan (Parallel),685.0,SR,Black,OP02,5000.0,4.0,,[On Play] Draw 1 card.[When Attacking] Give up to 1 of your opponent's Characters −4 cost during this turn.,,https://en.onepiece-cardgame.com/images/cardlist/card/OP02-096_p3.png?250502,0,True
OP02-098-1,OP02-098,1,Koby (Parallel),730.0,R,Black,OP02,4000.0,3.0,1000.0,[On Play] You may trash 1 card from your hand: K.O. up to 1 of your opponent's Characters with a cost of 3 or less.,,https://en.onepiece-cardgame.com/images/cardlist/card/OP02-098_p1.png?250502,0,True
OP02-098-3,OP02-098,3,Koby (Parallel),730.0,R,Black,OP02,4000.0,3.0,1000.0,[On Play] You may trash 1 card from your hand: K.O. up to 1 of your opponent's Characters with a cost of 3 or less.,,https://en.onepiece-cardgame.com/images/cardlist/card/OP02-098_p3.png?250502,0,True
OP02-099-4,OP02-099,4,Sakazuki (Parallel),337.0,SR,Black,OP02,7000.0,6.0,,[On Play] You may trash 1 card from your hand: K.O. up to 1 of your opponent's Characters with a cost of 5 or less.,,https://en.onepiece-cardgame.com/images/cardlist/card/OP02-099_p4.png?250502,0,True
OP02-105-3,OP02-105,3,Tashigi (Parallel),200.0,C,Black,OP02,5000.0,3.0,,[DON!! x1] [When Attacking] Give up to 1 of your opponent's Characters −3 cost during this turn.,,https://en.onepiece-cardgame.com/images/cardlist/card/OP02-105_p3.png?250502,0,True
OP02-108-2,OP02-108,2,Donquixote Rosinante (Parallel),1068.0,C,Black,OP02,2000.0,2.0,1000.0,"[Blocker] (After your opponent declares an attack, you may rest this card to make it the new target of the attack.)",,https://en.onepiece-cardgame.com/images/cardlist/card/OP02-108_p2.png?250502,0,True
OP02-114-3,OP02-114,3,Borsalino (Parallel),1291.0,SR,Black,OP02,5000.0,4.0,1000.0,"[Opponent's Turn] This Character gains +1000 power and cannot be K.O.'d by effects.[Blocker] (After your opponent declares an attack, you may rest this card to make it the new target of the attack.)",,https://en.onepiece-cardgame.com/images/cardlist/card/OP02-114_p3.png?250502,0,True
OP03-033-1,OP03-033,1,Hatchan (Parallel),907.0,UC,Green,OP03,4000.0,4.0,2000.0,-,"[Trigger] If your Leader has the {East Blue} type, play this card.",https://en.onepiece-cardgame.com/images/cardlist/card/OP03-033_p1.png?250502,0,True
OP03-044-1,OP03-044,1,Kaya (Parallel),759.0,R,Blue,OP03,,1.0,2000.0,[On Play] Draw 2 cards and trash 2 cards from your hand.,,https://en.onepiece-cardgame.com/images/cardlist/card/OP03-044_p1.png?250502,0,True
OP03-044-2,OP03-044,2,Kaya (Parallel),759.0,R,Blue,OP03,,1.0,2000.0,[On Play] Draw 2 cards and trash 2 cards from your hand.,,https://en.onepiece-cardgame.com/images/cardlist/card/OP03-044_p2.png?250502,0,True
OP03-088-1,OP03-088,1,Fukurou (Parallel),1007.0,UC,Black,OP03,3000.0,3.0,1000.0,"This Character cannot be K.O.'d by effects.[Blocker] (After your opponent declares an attack, you may rest this card to make it the new target of the attack.)",,https://en.onepiece-cardgame.com/images/cardlist/card/OP03-088_p1.png?250502,0,True
OP03-089-1,OP03-089,1,Brannew (Parallel),1285.0,R,Black,OP03,3000.0,2.0,1000.0,"[On Play] Look at 3 cards from the top of your deck; reveal up to 1 {Navy} type card other than [Brannew] and add it to your hand. Then, trash the rest.",,https://en.onepiece-cardgame.com/images/cardlist/card/OP03-089_p1.png?250502,0,True
OP03-102-1,OP03-102,1,Sanji (Parallel),326.0,R,Yellow,OP03,3000.0,2.0,2000.0,[DON!! x2] [When Attacking] You may add 1 card from the top or bottom of your Life cards to your hand: Add up to 1 card from the top of your deck to the top of your Life cards.,,https://en.onepiece-cardgame.com/images/cardlist/card/OP03-102_p1.png?250502,0,True
OP03-112-2,OP03-112,2,Charlotte Pudding (Parallel),1170.0,R,Yellow,OP03,2000.0,1.0,1000.0,"[On Play] Look at 4 cards from the top of your deck; reveal up to 1 [Sanji] or {Big Mom Pirates} type card other than [Charlotte Pudding] and add it to your hand. Then, place the rest at the bottom of your deck in any order.",,https://en.onepiece-cardgame.com/images/cardlist/card/OP03-112_p2.png?250502,0,True
OP03-112-3,OP03-112,3,Charlotte Pudding (Parallel),1170.0,R,Yellow,OP03,2000.0,1.0,1000.0,"[On Play] Look at 4 cards from the top of your deck; reveal up to 1 [Sanji] or {Big Mom Pirates} type card other than [Charlotte Pudding] and add it to your hand. Then, place the rest at the bottom of your deck in any order.",,https://en.onepiece-cardgame.com/images/cardlist/card/OP03-112_p3.png?250502,0,True
OP03-116-1,OP03-116,1,Shirahoshi (Parallel),272.0,UC,Yellow,OP03,,5.0,1000.0,[On Play] Draw 3 cards and trash 2 cards from your hand.,[Trigger] Play this card.,https://en.onepiece-cardgame.com/images/cardlist/card/OP03-116_p1.png?250502,0,True
OP03-116-4,OP03-116,4,Shirahoshi,272.0,UC,Yellow,OP03,,5.0,1000.0,[On Play] Draw 3 cards and trash 2 cards from your hand.,[Trigger] Play this card.,https://en.onepiece-cardgame.com/images/cardlist/card/OP03-116_p4.png?250502,0,True
OP03-123-2,OP03-123,2,Charlotte Katakuri (Parallel),1200.0,SEC,Yellow,OP03,8000.0,8.0,,[On Play] Add up to 1 Character with a cost of 8 or less to the top or bottom of the owner's Life cards face-up.,,https://en.onepiece-cardgame.com/images/cardlist/card/OP03-123_p2.png?250502,0,True
OP04-010-1,OP04-010,1,Tony Tony.Chopper (Parallel),175.0,C,Red,OP04,4000.0,3.0,1000.0,[On Play] Play up to 1 {Animal} type Character card with 3000 power or less from your hand.,,https://en.onepiece-cardgame.com/images/cardlist/card/OP04-010_p1.png?250502,0,True
OP04-083-3,OP04-083,3,Sabo (Parallel),343.0,SR,Black,OP04,6000.0,5.0,1000.0,"[Blocker] (After your opponent declares an attack, you may rest this card to make it the new target of the attack.)[On Play] None of your Characters can be K.O.'d by effects until the start of your next turn. Then, draw 2 cards and trash 2 cards from your hand.",,https://en.onepiece-cardgame.com/images/cardlist/card/OP04-083_p3.png?250502,0,True
OP04-092-1,OP04-092,1,Rebecca,383.0,R,Black,OP04,2000.0,1.0,1000.0,"[On Play] Look at 3 cards from the top of your deck; reveal up to 1 {Dressrosa} type card other than [Rebecca] and add it to your hand. Then, trash the rest.",,https://en.onepiece-cardgame.com/images/cardlist/card/OP04-092_p1.png?250502,0,True
OP04-092-2,OP04-092,2,Rebecca,383.0,R,Black,OP04,2000.0,1.0,1000.0,"[On Play] Look at 3 cards from the top of your deck; reveal up to 1 {Dressrosa} type card other than [Rebecca] and add it to your hand. Then, trash the rest.",,https://en.onepiece-cardgame.com/images/cardlist/card/OP04-092_p2.png?250502,0,True
OP04-112-2,OP04-112,2,Yamato (Parallel),88.0,SR,Yellow,OP04,9000.0,9.0,,"[On Play] K.O. up to 1 of your opponent's Characters with a cost equal to or less than the total of your and your opponent's Life cards. Then, if you have 1 or less Life cards, add up to 1 card from the top of your deck to the top of your Life cards.",,https://en.onepiece-cardgame.com/images/cardlist/card/OP04-112_p2.png?250502,0,True
OP05-036-1,OP05-036,1,Monet,563.0,UC,Green,OP05,1000.0,3.0,1000.0,"[Blocker] (After your opponent declares an attack, you may rest this card to make it the new target of the attack.)[On Block] Rest up to 1 of your opponent's Characters with a cost of 4 or less.",,https://en.onepiece-cardgame.com/images/cardlist/card/OP05-036_p1.png?250502,0,True
OP05-037-1,OP05-037,1,Because the Side of Justice Will Be Whichever Side Wins!!,,R,Green,OP05,,,,[Counter] You may trash 1 card from your hand: Up to 1 of your Leader or Character cards gains +3000 power during this battle.,[Trigger] Rest up to 1 of your opponent's Characters with a cost of 4 or less.,https://en.onepiece-cardgame.com/images/cardlist/card/OP05-037_p1.png?250502,0,False
OP05-037-2,OP05-037,2,Because the Side of Justice Will Be Whichever Side Wins!!,,R,Green,OP05,,,,[Counter] You may trash 1 card from your hand: Up to 1 of your Leader or Character cards gains +3000 power during this battle.,[Trigger] Rest up to 1 of your opponent's Characters with a cost of 4 or less.,https://en.onepiece-cardgame.com/images/cardlist/card/OP05-037_p2.png?250502,0,False
OP05-060-2,OP05-060,2,Monkey.D.Luffy (Parallel),558.0,L,Purple,OP05,5000.0,,,"[Activate: Main] [Once Per Turn] You may add 1 card from the top of your Life cards to your hand: If you have 0 or 3 or more DON!! cards on your field, add up to 1 DON!! card from your DON!! deck and set it as active.",,https://en.onepiece-cardgame.com/images/cardlist/card/OP05-060_p2.png?250502,0,True
OP05-067-2,OP05-067,2,Zoro-Juurou (Parallel),357.0,R,Purple,OP05,4000.0,3.0,1000.0,"[When Attacking] If you have 3 or less Life cards, add up to 1 DON!! card from your DON!! deck and set it as active.",,https://en.onepiece-cardgame.com/images/cardlist/card/OP05-067_p2.png?250502,0,True
OP05-086-1,OP05-086,1,Nefeltari Vivi,509.0,R,Black,OP05,1000.0,1.0,1000.0,"If you have 10 or more cards in your trash, this Character gains [Blocker].(After your opponent declares an attack, you may rest this card to make it the new target of the attack.)",,https://en.onepiece-cardgame.com/images/cardlist/card/OP05-086_p1.png?250502,0,True
OP05-091-3,OP05-091,3,Rebecca,383.0,SR,Black,OP05,,4.0,1000.0,"[Blocker][On Play] Add up to 1 black Character card with a cost of 3 to 7 other than [Rebecca] from your trash to your hand. Then, play up to 1 black Character card with a cost of 3 or less from your hand rested.",,https://en.onepiece-cardgame.com/images/cardlist/card/OP05-091_p3.png?250502,0,True
OP05-098-2,OP05-098,2,Enel (Parallel),1041.0,L,Yellow,OP05,5000.0,,,"[Opponent's Turn] [Once Per Turn] When your number of Life cards becomes 0, add 1 card from the top of your deck to the top of your Life cards. Then, trash 1 card from your hand.",,https://en.onepiece-cardgame.com/images/cardlist/card/OP05-098_p2.png?250502,0,True
OP05-106-1,OP05-106,1,Shura (Parallel),267.0,R,Yellow,OP05,2000.0,2.0,1000.0,"[On Play] Look at 5 cards from the top of your deck; reveal up to 1 {Sky Island} type card other than [Shura] and add it to your hand. Then, place the rest at the bottom of your deck in any order.",[Trigger] Play this card.,https://en.onepiece-cardgame.com/images/cardlist/card/OP05-106_p1.png?250502,0,True
OP06-047-1,OP06-047,1,Charlotte Pudding,1170.0,R,Blue,OP06,4000.0,4.0,1000.0,"[On Play] Your opponent returns all cards in their hand to their deck and shuffles their deck. Then, your opponent draws 5 cards.",,https://en.onepiece-cardgame.com/images/cardlist/card/OP06-047_p1.png?250502,0,True
OP06-047-2,OP06-047,2,Charlotte Pudding,1170.0,R,Blue,OP06,4000.0,4.0,1000.0,"[On Play] Your opponent returns all cards in their hand to their deck and shuffles their deck. Then, your opponent draws 5 cards.",,https://en.onepiece-cardgame.com/images/cardlist/card/OP06-047_p2.png?250502,0,True
OP06-051-1,OP06-051,1,Tsuru,158.0,R,Blue,OP06,4000.0,5.0,2000.0,[On Play] You may trash 2 cards from your hand: Your opponent returns 1 of their Characters to the owner's hand.,,https://en.onepiece-cardgame.com/images/cardlist/card/OP06-051_p1.png?250502,0,True
OP06-063-1,OP06-063,1,Vinsmoke Sora,118.0,UC,Purple,OP06,,1.0,2000.0,"[On Play] You may trash 1 card from your hand: If the number of DON!! cards on your field is equal to or less than the number on your opponent's field, add up to 1 {The Vinsmoke Family} type Character card with 4000 power or less from your trash to your hand.",,https://en.onepiece-cardgame.com/images/cardlist/card/OP06-063_p1.png?250502,0,True
OP06-069-2,OP06-069,2,Vinsmoke Reiju (Parallel),117.0,SR,Purple,OP06,5000.0,4.0,1000.0,"[On Play] If the number of DON!! cards on your field is equal to or less than the number on your opponent's field and you have 5 or less cards in your hand, draw 2 cards.",,https://en.onepiece-cardgame.com/images/cardlist/card/OP06-069_p2.png?250502,0,True
OP06-076-1,OP06-076,1,Hitokiri Kamazo,742.0,UC,Purple,OP06,5000.0,4.0,2000.0,"[Your Turn] [Once Per Turn] When a DON!! card on your field is returned to your DON!! deck, K.O. up to 1 of your opponent's Characters with a cost of 2 or less.",,https://en.onepiece-cardgame.com/images/cardlist/card/OP06-076_p1.png?250502,0,True
OP06-093-2,OP06-093,2,Perona (Parallel),434.0,SR,Black,OP06,5000.0,4.0,2000.0,"[On Play] If your opponent has 5 or more cards in their hand, choose one:• Your opponent trashes 1 card from their hand.• Give up to 1 of your opponent's Characters −3 cost during this turn.",,https://en.onepiece-cardgame.com/images/cardlist/card/OP06-093_p2.png?250502,0,True
OP06-101-3,OP06-101,3,O-Nami (Parallel),515.0,R,Yellow,OP06,3000.0,2.0,1000.0,"[On Play] Up to 1 of your Leader or Character cards gains [Banish] during this turn.(When this card deals damage, the target card is trashed without activating its Trigger.)",[Trigger] K.O. up to 1 of your opponent's Characters with a cost of 5 or less.,https://en.onepiece-cardgame.com/images/cardlist/card/OP06-101_p3.png?250502,0,True
OP06-110-3,OP06-110,3,Nekomamushi,504.0,UC,Yellow,OP06,5000.0,4.0,1000.0,[DON!! x2] This Character can also attack your opponent's active Characters.,"[Trigger] If your opponent has 3 or less Life cards, play this card.",https://en.onepiece-cardgame.com/images/cardlist/card/OP06-110_p3.png?250502,0,True
OP07-021-2,OP07-021,2,Urouge,138.0,R,Green,OP07,5000.0,4.0,1000.0,"[Blocker] (After your opponent declares an attack, you may rest this card to make it the new target of the attack.)[End of Your Turn] Set up to 1 of your DON!! cards as active.",,https://en.onepiece-cardgame.com/images/cardlist/card/OP07-021_p2.png?250502,0,True
OP07-021-3,OP07-021,3,Urouge,138.0,R,Green,OP07,5000.0,4.0,1000.0,"[Blocker] (After your opponent declares an attack, you may rest this card to make it the new target of the attack.)[End of Your Turn] Set up to 1 of your DON!! cards as active.",,https://en.onepiece-cardgame.com/images/cardlist/card/OP07-021_p3.png?250502,0,True
OP07-053-1,OP07-053,1,Portgas.D.Ace (Parallel),416.0,R,Blue,OP07,6000.0,5.0,1000.0,"[Blocker] (After your opponent declares an attack, you may rest this card to make it the new target of the attack.)[On Play] Draw 2 cards and place 2 cards from your hand at the top or bottom of your deck in any order.",,https://en.onepiece-cardgame.com/images/cardlist/card/OP07-053_p1.png?250502,0,True
OP07-053-2,OP07-053,2,Portgas.D.Ace (Parallel),416.0,R,Blue,OP07,6000.0,5.0,1000.0,"[Blocker] (After your opponent declares an attack, you may rest this card to make it the new target of the attack.)[On Play] Draw 2 cards and place 2 cards from your hand at the top or bottom of your deck in any order.",,https://en.onepiece-cardgame.com/images/cardlist/card/OP07-053_p2.png?250502,0,True
OP07-080-1,OP07-080,1,Kaku,776.0,R,Black,OP07,5000.0,4.0,2000.0,"[On Play] You may place 2 cards with a type including ""CP"" from your trash at the bottom of your deck in any order: Give up to 1 of your opponent's Characters −3 cost during this turn.",,https://en.onepiece-cardgame.com/images/cardlist/card/OP07-080_p1.png?250502,0,True
OP07-091-1,OP07-091,1,Monkey.D.Luffy,558.0,R,Black,OP07,6000.0,5.0,1000.0,"[When Attacking] Trash up to 1 of your opponent's Characters with a cost of 2 or less. Then, place any number of Character cards with a cost of 4 or more from your trash at the bottom of your deck in any order. This Character gains +1000 power during this turn for every 3 cards placed at the bottom of your deck.",,https://en.onepiece-cardgame.com/images/cardlist/card/OP07-091_p1.png?250502,0,True
OP07-100-1,OP07-100,1,Edison (Parallel),1052.0,C,Yellow,OP07,5000.0,4.0,2000.0,"[On Play] If you have 2 or less Life cards, draw 2 cards and trash 2 card from your hand.","[Trigger] If your Leader is [Vegapunk], play this card.",https://en.onepiece-cardgame.com/images/cardlist/card/OP07-100_p1.png?250502,0,True
OP07-119-2,OP07-119,2,Portgas.D.Ace (Parallel),416.0,SEC,Yellow,OP07,10000.0,10.0,,"[On Play] Add up to 1 card from the top of your deck to the top of your Life cards. Then, if you have 2 or less Life cards, this Character gains [Rush] during this turn.(This card can attack on the turn in which it is played.)",,https://en.onepiece-cardgame.com/images/cardlist/card/OP07-119_p2.png?250502,0,True
OP08-062-1,OP08-062,1,Charlotte Katakuri,1200.0,UC,Purple,OP08,3000.0,2.0,1000.0,"[Activate: Main] You may trash this Character: If your Leader has the {Big Mom Pirates} type, play up to 1 [Charlotte Katakuri] from your hand with a cost of 3 or more that is equal to or less than the number of DON!! cards on your opponent's field.",,https://en.onepiece-cardgame.com/images/cardlist/card/OP08-062_p1.png?250502,0,True
OP08-067-2,OP08-067,2,Charlotte Pudding,1170.0,R,Purple,OP08,4000.0,3.0,1000.0,"[Your Turn] [Once Per Turn] When a DON!! card on your field is returned to your DON!! deck, add up to 1 DON!! card from your DON!! deck and rest it.",,https://en.onepiece-cardgame.com/images/cardlist/card/OP08-067_p2.png?250502,0,True
OP08-074-2,OP08-074,2,Black Maria,6.0,SR,Purple,OP08,2000.0,3.0,2000.0,"[Activate: Main] [Once Per Turn] If you have no other [Black Maria] Characters, add up to 5 DON!! cards from your DON!! deck and rest them. Then, at the end of this turn, return DON!! cards from your field to your DON!! deck until you have the same number of DON!! cards on your field as your opponent.",,https://en.onepiece-cardgame.com/images/cardlist/card/OP08-074_p2.png?250502,0,True
OP08-074-3,OP08-074,3,Black Maria,6.0,SR,Purple,OP08,2000.0,3.0,2000.0,"[Activate: Main] [Once Per Turn] If you have no other [Black Maria] Characters, add up to 5 DON!! cards from your DON!! deck and rest them. Then, at the end of this turn, return DON!! cards from your field to your DON!! deck until you have the same number of DON!! cards on your field as your opponent.",,https://en.onepiece-cardgame.com/images/cardlist/card/OP08-074_p3.png?250502,0,True
OP08-084-2,OP08-084,2,Jack,830.0,SR,Black,OP08,8000.0,7.0,,"This Character gains +4 cost.[Activate: Main] You may rest this Character: Draw 1 card and trash 1 card from your hand. Then, K.O. up to 1 of your opponent's Characters with a cost of 3 or less.",,https://en.onepiece-cardgame.com/images/cardlist/card/OP08-084_p2.png?250502,0,True
OP08-110-2,OP08-110,2,Wyper,94.0,R,Yellow,OP08,5000.0,4.0,2000.0,"[On Play] Look at 5 cards from the top of your deck; reveal up to 1 [Upper Yard] and add it to your hand. Then, place the rest at the bottom of your deck in any order and play up to 1 [Upper Yard] from your hand.",,https://en.onepiece-cardgame.com/images/cardlist/card/OP08-110_p2.png?250502,0,True
OP09-002-2,OP09-002,2,Uta,134.0,R,Red,OP09,2000.0,1.0,1000.0,"[On Play] Look at 5 cards from the top of your deck; reveal up to 1 {Red-Haired Pirates} type card and add it to your hand. Then, place the rest at the bottom of your deck in any order.",,https://en.onepiece-cardgame.com/images/cardlist/card/OP09-002_p2.png?250502,0,True
OP09-011-1,OP09-011,1,Hongo,876.0,UC,Red,OP09,3000.0,3.0,2000.0,"[Activate: Main] You may rest this Character: If your Leader has the {Red-Haired Pirates} type, give up to 1 of your opponent's Characters −2000 power during this turn.",,https://en.onepiece-cardgame.com/images/cardlist/card/OP09-011_p1.png?250502,0,True
OP09-043-1,OP09-043,1,Alvida,1369.0,UC,Blue,OP09,6000.0,5.0,1000.0,"[On K.O.] If your Leader has the {Cross Guild} type, play up to 1 Character card with a cost of 5 or less other than [Alvida] from your hand.",,https://en.onepiece-cardgame.com/images/cardlist/card/OP09-043_p1.png?250502,0,True
OP09-050-2,OP09-050,2,Nami,515.0,R,Blue,OP09,1000.0,1.0,1000.0,"[When Attacking] Look at 5 cards from the top of your deck; reveal up to 1 blue Event and add it to your hand. Then, place the rest at the bottom of your deck in any order.",,https://en.onepiece-cardgame.com/images/cardlist/card/OP09-050_p2.png?250502,0,True
OP09-050-3,OP09-050,3,Nami,515.0,R,Blue,OP09,1000.0,1.0,1000.0,"[When Attacking] Look at 5 cards from the top of your deck; reveal up to 1 blue Event and add it to your hand. Then, place the rest at the bottom of your deck in any order.",,https://en.onepiece-cardgame.com/images/cardlist/card/OP09-050_p3.png?250502,0,True
OP09-069-2,OP09-069,2,Trafalgar Law,169.0,R,Purple,OP09,2000.0,1.0,1000.0,"[On Play] Look at 4 cards from the top of your deck; reveal up to 1 {Straw Hat Crew} or {Heart Pirates} type card with a cost of 2 or more and add it to your hand. Then, place the rest at the bottom of your deck in any order.",,https://en.onepiece-cardgame.com/images/cardlist/card/OP09-069_p2.png?250502,0,True
OP09-089-1,OP09-089,1,Stronger,225.0,UC,Black,OP09,,1.0,2000.0,"[Activate: Main] You may trash 1 card from your hand and trash this Character: If your Leader has the {Blackbeard Pirates} type, draw 1 card. Then, give up to 1 of your opponent's Characters –2 cost during this turn.",,https://en.onepiece-cardgame.com/images/cardlist/card/OP09-089_p1.png?250502,0,True
OP09-106-1,OP09-106,1,Nico Olvia,497.0,C,Yellow,OP09,,1.0,2000.0,[On Play] Up to 1 of your [Nico Robin] Leader gains +3000 power during this turn.,"[Trigger] If your Leader is [Nico Robin], draw 3 cards and trash 2 cards from your hand.",https://en.onepiece-cardgame.com/images/cardlist/card/OP09-106_p1.png?250502,0,True
OP09-106-2,OP09-106,2,Nico Olvia,497.0,C,Yellow,OP09,,1.0,2000.0,[On Play] Up to 1 of your [Nico Robin] Leader gains +3000 power during this turn.,"[Trigger] If your Leader is [Nico Robin], draw 3 cards and trash 2 cards from your hand.",https://en.onepiece-cardgame.com/images/cardlist/card/OP09-106_p2.png?250502,0,True
OP09-108-1,OP09-108,1,Bartholomew Kuma,1326.0,UC,Yellow,OP09,5000.0,4.0,2000.0,-,"[Trigger] If your Leader has the {Revolutionary Army} type and you and your opponent have a total of 5 or less Life cards, play this card.",https://en.onepiece-cardgame.com/images/cardlist/card/OP09-108_p1.png?250502,0,True
OP10-107-1,OP10-107,1,Jewelry Bonney,809.0,UC,Yellow,OP10,4000.0,3.0,1000.0,[Blocker][On Play] You may add 1 card from the top or bottom of your Life cards to your hand: Add up to 1 {Supernovas} type Character card with a cost of 5 from your hand to the top of your Life cards face-up.,,https://en.onepiece-cardgame.com/images/cardlist/card/OP10-107_p1.png?250502,0,True
OP11-010-2,OP11-010,2,Hibari,899.0,SR,Red,OP11,6000.0,5.0,,"[On Play] Give up to 1 of your opponent's Characters −2000 power during this turn.[When Attacking] This Character gains +1000 power during this turn. Then, up to 1 of your {Navy} type Leader can also attack active Characters during this turn.",,https://en.onepiece-cardgame.com/images/cardlist/card/OP11-010_p2.png?250502,0,True
OP11-119-2,OP11-119,2,Koby,730.0,SEC,Black,OP11,9000.0,8.0,,[On Play] Up to 1 of your Characters can also attack active Characters during this turn.[When Attacking] You may place 2 cards from your trash at the bottom of your deck in any order: Up to 1 of your Leader or Character cards gains +1000 power until the end of your opponent's next turn.,,https://en.onepiece-cardgame.com/images/cardlist/card/OP11-119_p2.png?250502,0,True
P-001-0,P-001,0,Monkey.D.Luffy,558.0,P,Red,P,7000.0,6.0,,[DON!! x2] This Character gains [Rush].(This card can attack on the turn in which it is played.),,https://en.onepiece-cardgame.com/images/cardlist/card/P-001.png?250502,0,True
P-001-2,P-001,2,Monkey.D.Luffy (Parallel),558.0,P,Red,P,7000.0,6.0,,[DON!! x2] This Character gains [Rush].(This card can attack on the turn in which it is played.),,https://en.onepiece-cardgame.com/images/cardlist/card/P-001_p2.png?250502,0,True
P-001-4,P-001,4,Monkey.D.Luffy (Parallel),558.0,P,Red,P,7000.0,6.0,,[DON!! x2] This Character gains [Rush].(This card can attack on the turn in which it is played.),,https://en.onepiece-cardgame.com/images/cardlist/card/P-001_p4.png?250502,0,True
P-001-5,P-001,5,Monkey.D.Luffy (Parallel),558.0,P,Red,P,7000.0,6.0,,[DON!! x2] This Character gains [Rush].(This card can attack on the turn in which it is played.),,https://en.onepiece-cardgame.com/images/cardlist/card/P-001_p5.png?250502,0,True
P-002-0,P-002,0,I Smell Adventure Ahead!,,P,Red,P,,1.0,,"[Main] Return all cards in your hand to your deck and shuffle your deck. Then, draw cards equal to the number you returned to your deck.",[Trigger] Activate this card's [Main] effect.,https://en.onepiece-cardgame.com/images/cardlist/card/P-002.png?250502,0,False
P-003-0,P-003,0,"Eustass""Captain""Kid",1034.0,P,Green,P,4000.0,3.0,1000.0,[DON!! x2] This Character gains [Double Attack].(This card deals 2 damage.),,https://en.onepiece-cardgame.com/images/cardlist/card/P-003.png?250502,0,True
P-003-1,P-003,1,"Eustass""Captain""Kid (Parallel)",1034.0,P,Green,P,4000.0,3.0,1000.0,[DON!! x2] This Character gains [Double Attack].(This card deals 2 damage.),,https://en.onepiece-cardgame.com/images/cardlist/card/P-003_p1.png?250502,0,True
P-003-3,P-003,3,"Eustass""Captain""Kid (Parallel)",1034.0,P,Green,P,4000.0,3.0,1000.0,[DON!! x2] This Character gains [Double Attack].(This card deals 2 damage.),,https://en.onepiece-cardgame.com/images/cardlist/card/P-003_p3.png?250502,0,True
P-004-0,P-004,0,Crocodile,1120.0,P,Blue,P,5000.0,4.0,1000.0,"[DON!! x1] This Character gains [Blocker].(After your opponent declares an attack, you may rest this card to make it the new target of the attack.)",,https://en.onepiece-cardgame.com/images/cardlist/card/P-004.png?250502,0,True
P-005-0,P-005,0,Kaido,783.0,P,Purple,P,8000.0,7.0,,"[Activate: Main]  DON!! −2 (You may return the specified number of DON!! cards from your field to your DON!! deck.): This Character gains [Banish] during this turn.(When this card deals damage, the target card is trashed without activating its Trigger.)",,https://en.onepiece-cardgame.com/images/cardlist/card/P-005.png?250502,0,True
P-006-0,P-006,0,Monkey.D.Luffy,558.0,P,Red,P,3000.0,3.0,2000.0,[DON!! x2] [Your Turn] This Character gains +2000 power.,,https://en.onepiece-cardgame.com/images/cardlist/card/P-006.png?250502,0,True
P-007-0,P-007,0,Monkey.D.Luffy,558.0,P,Red,P,5000.0,4.0,1000.0,[DON!! x1] This Character cannot be K.O.'d in battle by <Strike> attribute Leaders or Characters.,,https://en.onepiece-cardgame.com/images/cardlist/card/P-007.png?250502,0,True
P-008-0,P-008,0,Yamato,88.0,P,Green,P,5000.0,3.0,,[Activate: Main] You may rest this Character: Rest 1 of your opponent's Characters with a cost of 2 or less.,,https://en.onepiece-cardgame.com/images/cardlist/card/P-008.png?250502,0,True
P-009-0,P-009,0,Trafalgar Law,169.0,P,Blue,P,7000.0,6.0,,"[On Play] If your opponent has 6 or more cards in their hand, your opponent adds 1 card from their Life area to their hand.",,https://en.onepiece-cardgame.com/images/cardlist/card/P-009.png?250502,0,True
P-010-0,P-010,0,Kaido,783.0,P,Purple,P,9000.0,8.0,,[End of Your Turn] Add 1 DON!! card from your DON!! deck and set it as active.,,https://en.onepiece-cardgame.com/images/cardlist/card/P-010.png?250502,0,True
P-011-0,P-011,0,Uta,134.0,L,Red,P,5000.0,,,[Activate: Main] [Once Per Turn] ① (You may rest the specified number of DON!! cards in your cost area.): Up to 1 of your Characters with no base effect gains +2000 power during this turn.,,https://en.onepiece-cardgame.com/images/cardlist/card/P-011.png?250502,0,True
P-012-0,P-012,0,Jellyfish Pirates,,P,Red,P,5000.0,3.0,1000.0,-,,https://en.onepiece-cardgame.com/images/cardlist/card/P-012.png?250502,0,False
P-013-0,P-013,0,Gordon,1407.0,P,Red,P,2000.0,1.0,,[Activate: Main] You may place this Character at the bottom of the owner's deck: Give up to 1 of your opponent's Characters −3000 power during this turn.,,https://en.onepiece-cardgame.com/images/cardlist/card/P-013.png?250502,0,True
P-015-0,P-015,0,Sunny-Kun,,P,Red,P,3000.0,1.0,1000.0,-,,https://en.onepiece-cardgame.com/images/cardlist/card/P-015.png?250502,0,False
P-016-0,P-016,0,Shanks,290.0,P,Red,P,10000.0,8.0,1000.0,-,,https://en.onepiece-cardgame.com/images/cardlist/card/P-016.png?250502,0,True
P-017-0,P-017,0,Trafalgar Law,169.0,P,Red,P,5000.0,4.0,1000.0,[On Play] Give up to 1 of your opponent's Characters −2000 power during this turn.,,https://en.onepiece-cardgame.com/images/cardlist/card/P-017.png?250502,0,True
P-017-1,P-017,1,Trafalgar Law (Parallel),169.0,P,Red,P,5000.0,4.0,1000.0,[On Play] Give up to 1 of your opponent's Characters −2000 power during this turn.,,https://en.onepiece-cardgame.com/images/cardlist/card/P-017_p1.png?250502,0,True
P-017-2,P-017,2,Trafalgar Law (Parallel),169.0,P,Red,P,5000.0,4.0,1000.0,[On Play] Give up to 1 of your opponent's Characters −2000 power during this turn.,,https://en.onepiece-cardgame.com/images/cardlist/card/P-017_p2.png?250502,0,True
P-018-0,P-018,0,Bartolomeo,1324.0,P,Red,P,3000.0,2.0,,"[Blocker] (After your opponent declares an attack, you may rest this card to make it the new target of the attack.)",,https://en.onepiece-cardgame.com/images/cardlist/card/P-018.png?250502,0,True
P-019-0,P-019,0,Bepo,12.0,P,Red,P,2000.0,3.0,2000.0,[DON!! x1] [When Attacking] K.O. up to 1 of your opponent's Characters with 3000 power or less.,,https://en.onepiece-cardgame.com/images/cardlist/card/P-019.png?250502,0,True
P-019-1,P-019,1,Bepo (Parallel),12.0,P,Red,P,2000.0,3.0,2000.0,[DON!! x1] [When Attacking] K.O. up to 1 of your opponent's Characters with 3000 power or less.,,https://en.onepiece-cardgame.com/images/cardlist/card/P-019_p1.png?250502,0,True
P-020-0,P-020,0,Helmeppo,908.0,P,Red,P,2000.0,1.0,1000.0,[On Play] Up to 1 of your Leader or Character cards gains +1000 power during this turn.,,https://en.onepiece-cardgame.com/images/cardlist/card/P-020.png?250502,0,True
P-021-0,P-021,0,Benn.Beckman,13.0,P,Red,P,9000.0,7.0,1000.0,-,,https://en.onepiece-cardgame.com/images/cardlist/card/P-021.png?250502,0,True
P-022-0,P-022,0,Monkey.D.Luffy,558.0,P,Red,P,6000.0,4.0,1000.0,-,,https://en.onepiece-cardgame.com/images/cardlist/card/P-022.png?250502,0,True
P-023-0,P-023,0,Yasopp,82.0,P,Red,P,8000.0,6.0,1000.0,-,,https://en.onepiece-cardgame.com/images/cardlist/card/P-023.png?250502,0,True
P-024-0,P-024,0,I'm Gonna Be King of the Pirates!!,,P,Green,P,,2.0,,[Main] Your Leader gains +1000 power for each of your Characters during this turn.,[Trigger] Up to 1 of your Leader or Character cards gains +1000 power during this turn.,https://en.onepiece-cardgame.com/images/cardlist/card/P-024.png?250502,0,False
P-025-0,P-025,0,Smoker,258.0,P,Black,P,5000.0,3.0,,[DON!! x1] This Character cannot be K.O.'d in battle by Characters without the <Special> attribute.,,https://en.onepiece-cardgame.com/images/cardlist/card/P-025.png?250502,0,True
P-026-0,P-026,0,Morgan,550.0,P,Black,P,5000.0,4.0,1000.0,[When Attacking] Give up to 1 of your opponent's Characters −3 cost during this turn.,,https://en.onepiece-cardgame.com/images/cardlist/card/P-026.png?250502,0,True
P-027-0,P-027,0,General Franky,1015.0,P,Red,P,4000.0,2.0,,Also treat this card's name as [Franky] according to the rules.[Opponent's Turn] All of your Characters with a base power of 3000 or less gain +1000 Power.,,https://en.onepiece-cardgame.com/images/cardlist/card/P-027.png?250502,0,True
P-028-0,P-028,0,Portgas.D.Ace,416.0,P,Red,P,6000.0,5.0,,[Double Attack] (This card deals 2 damage.),,https://en.onepiece-cardgame.com/images/cardlist/card/P-028.png?250502,0,True
P-028-1,P-028,1,Portgas.D.Ace (Parallel),416.0,P,Red,P,6000.0,5.0,,[Double Attack] (This card deals 2 damage.),,https://en.onepiece-cardgame.com/images/cardlist/card/P-028_p1.png?250502,0,True
P-028-2,P-028,2,Portgas.D.Ace (Parallel),416.0,P,Red,P,6000.0,5.0,,[Double Attack] (This card deals 2 damage.),,https://en.onepiece-cardgame.com/images/cardlist/card/P-028_p2.png?250502,0,True
P-031-0,P-031,0,Uta,134.0,P,Purple,P,6000.0,5.0,,[On Play] Add up to 1 DON!! card from your DON!! deck and rest it.,,https://en.onepiece-cardgame.com/images/cardlist/card/P-031.png?250502,0,True
P-032-0,P-032,0,Sengoku,305.0,P,Black,P,6000.0,5.0,,[DON!! x1] [Your Turn] Give all of your opponent's Characters −2 cost.,,https://en.onepiece-cardgame.com/images/cardlist/card/P-032.png?250502,0,True
P-033-0,P-033,0,Monkey.D.Luffy,558.0,P,Blue,P,5000.0,4.0,1000.0,[Activate: Main] You may place this Character at the bottom of the owner's deck: Draw 1 card.,,https://en.onepiece-cardgame.com/images/cardlist/card/P-033.png?250502,0,True
P-034-0,P-034,0,Sanji,326.0,P,Yellow,P,4000.0,3.0,1000.0,"[DON!! x1] [Your Turn] If you have 2 or less Life cards, this Character gains +2000 power.",,https://en.onepiece-cardgame.com/images/cardlist/card/P-034.png?250502,0,True
P-035-0,P-035,0,Monkey.D.Luffy,558.0,P,Black,P,6000.0,6.0,,[DON!! x1] [When Attacking] You may trash 1 card from your hand: K.O. up to 1 of your opponent's Characters with a cost of 0.,,https://en.onepiece-cardgame.com/images/cardlist/card/P-035.png?250502,0,True
P-036-0,P-036,0,Monkey.D.Luffy,558.0,P,Yellow,P,4000.0,3.0,1000.0,[When Attacking] You may add 1 card from the top or bottom of your Life cards to your hand: This Character and up to 1 of your Leader gain +1000 power during this turn.,,https://en.onepiece-cardgame.com/images/cardlist/card/P-036.png?250502,0,True
P-037-0,P-037,0,Monkey.D.Luffy,558.0,P,Green,P,4000.0,2.0,,"[When Attacking] If you have 2 or more rested Characters, this Character gains +1000 power during this turn.",,https://en.onepiece-cardgame.com/images/cardlist/card/P-037.png?250502,0,True
P-038-0,P-038,0,Trafalgar Law,169.0,P,Black,P,5000.0,4.0,1000.0,[On Play] You may rest your 1 Leader: K.O. up to 1 of your opponent's Characters with a cost of 1 or less.,,https://en.onepiece-cardgame.com/images/cardlist/card/P-038.png?250502,0,True
P-039-0,P-039,0,Bellamy,14.0,P,Yellow,P,6000.0,5.0,,"[Banish] (When this card deals damage, the target card is trashed without activating its Trigger.)[DON!! x2] If you have 0 Life cards, this Character gains +2000 power.",,https://en.onepiece-cardgame.com/images/cardlist/card/P-039.png?250502,0,True
P-040-0,P-040,0,Kaido,783.0,P,Purple,P,10000.0,8.0,,"If your opponent has 10 DON!! cards on their field, this Character cannot be K.O.'d.",,https://en.onepiece-cardgame.com/images/cardlist/card/P-040.png?250502,0,True
P-041-1,P-041,1,Monkey.D.Luffy (Parallel),558.0,P,Purple,P,12000.0,10.0,1000.0,-,,https://en.onepiece-cardgame.com/images/cardlist/card/P-041_p1.png?250502,0,True
P-041-3,P-041,3,Monkey.D.Luffy (Parallel),558.0,P,Purple,P,12000.0,10.0,1000.0,-,,https://en.onepiece-cardgame.com/images/cardlist/card/P-041_p3.png?250502,0,True
P-041-4,P-041,4,Monkey.D.Luffy (Parallel),558.0,P,Purple,P,12000.0,10.0,1000.0,-,,https://en.onepiece-cardgame.com/images/cardlist/card/P-041_p4.png?250502,0,True
P-042-0,P-042,0,Roronoa Zoro,357.0,P,Yellow,P,5000.0,4.0,1000.0,-,[Trigger] K.O. up to 1 of your opponent's Characters with a cost of 4 or less.,https://en.onepiece-cardgame.com/images/cardlist/card/P-042.png?250502,0,True
P-043-0,P-043,0,Monkey.D.Luffy,558.0,P,Blue,P,7000.0,7.0,1000.0,[On Play] Return up to 1 Character with a cost of 3 or less to the owner's hand.,,https://en.onepiece-cardgame.com/images/cardlist/card/P-043.png?250502,0,True
P-044-0,P-044,0,Sabo,343.0,P,Red,P,4000.0,3.0,1000.0,"[DON!! x1] If you have 4 or less cards in your hand, this Character gains +2000 power.",,https://en.onepiece-cardgame.com/images/cardlist/card/P-044.png?250502,0,True
P-045-0,P-045,0,Roronoa Zoro,357.0,P,Purple,P,7000.0,6.0,1000.0,"[Banish] (When this card deals damage, the target card is trashed without activating its Trigger.)",,https://en.onepiece-cardgame.com/images/cardlist/card/P-045.png?250502,0,True
P-046-0,P-046,0,Yamato,88.0,P,Purple,P,2000.0,1.0,1000.0,"[On Play] You may place all cards in your hand at the bottom of your deck in any order. If you do, draw cards equal to the number you placed at the bottom of your deck.",,https://en.onepiece-cardgame.com/images/cardlist/card/P-046.png?250502,0,True
P-047-0,P-047,0,Monkey.D.Luffy,558.0,P,Blue,P,5000.0,,,[DON!! x1] [When Attacking] Draw 1 card if you have 3 or less cards in your hand.,,https://en.onepiece-cardgame.com/images/cardlist/card/P-047.png?250502,0,True
P-048-0,P-048,0,Arlong,1356.0,P,Blue,P,4000.0,3.0,1000.0,"[DON!! x1] [When Attacking] If you have 4 or more Life cards, your opponent places 1 card from their hand at the bottom of their deck.",,https://en.onepiece-cardgame.com/images/cardlist/card/P-048.png?250502,0,True
P-049-0,P-049,0,Usopp,136.0,P,Blue,P,3000.0,2.0,1000.0,[On Play] Look at 5 cards from the top of your deck and place them at the top or bottom of the deck in any order.,,https://en.onepiece-cardgame.com/images/cardlist/card/P-049.png?250502,0,True
P-050-0,P-050,0,Sanji,326.0,P,Blue,P,2000.0,3.0,1000.0,"[Blocker] (After your opponent declares an attack, you may rest this card to make it the new target of the attack.)[DON!! x1] [Your Turn] If you have 3 or less cards in your hand, this Character gains +4000 power.",,https://en.onepiece-cardgame.com/images/cardlist/card/P-050.png?250502,0,True
P-051-0,P-051,0,Shanks,290.0,P,Blue,P,9000.0,7.0,,[When Attacking] You may trash any number of cards from your hand. This Character gains +1000 power during this battle for every card trashed.,,https://en.onepiece-cardgame.com/images/cardlist/card/P-051.png?250502,0,True
P-052-0,P-052,0,Dracule Mihawk,1061.0,P,Blue,P,7000.0,6.0,1000.0,[DON!! x1] This Character cannot be K.O.'d in battle by <Slash> attribute cards.,,https://en.onepiece-cardgame.com/images/cardlist/card/P-052.png?250502,0,True
P-054-0,P-054,0,Monkey.D.Garp,559.0,P,Blue,P,7000.0,6.0,1000.0,[DON!! x1] This Character cannot be K.O.'d in battle by <Strike> attribute cards.,,https://en.onepiece-cardgame.com/images/cardlist/card/P-054.png?250502,0,True
P-056-0,P-056,0,Roronoa Zoro,357.0,P,Blue,P,6000.0,4.0,,[On Play] ➁ (You may rest the specified number of DON!! cards in your cost area.): Return up to 1 Character with a cost of 5 or less to the owner's hand.,,https://en.onepiece-cardgame.com/images/cardlist/card/P-056.png?250502,0,True
P-057-0,P-057,0,Fleeting Lullaby,,P,Green,P,,3.0,,"[Main] If your Leader is [Uta], up to 2 of your opponent's rested Characters with a cost of 4 or less will not become active in your opponent's next Refresh Phase.",[Trigger] Activate this card's [Main] effect.,https://en.onepiece-cardgame.com/images/cardlist/card/P-057.png?250502,0,False
P-058-0,P-058,0,Where the Wind Blows,,P,Green,P,,2.0,,"[Main] If your Leader is [Uta], set all of your {FILM} type Characters as active at the end of this turn.",[Trigger] Set all of your {FILM} type Characters as active.,https://en.onepiece-cardgame.com/images/cardlist/card/P-058.png?250502,0,False
P-059-0,P-059,0,The World's Continuation,,P,Green,P,,2.0,,"[Counter] If your Leader is [Uta], you may return any number of Characters on your field to the owner's hand. Up to 1 of your Leader or Character cards gains +2000 power during this battle for every returned Character.",,https://en.onepiece-cardgame.com/images/cardlist/card/P-059.png?250502,0,False
P-060-0,P-060,0,Tot Musica,,P,Green,P,,2.0,,[Main] You may rest 1 of your [Uta] cards: Rest up to 2 of your opponent's DON!! cards.,,https://en.onepiece-cardgame.com/images/cardlist/card/P-060.png?250502,0,False
P-062-0,P-062,0,Hody & Hyouzou,,P,Green,P,6000.0,4.0,,"[Activate: Main] [Once Per Turn] Rest up to 1 of your opponent's Characters with a cost of 4 or less and this Character gains +1000 power during this turn. Then, add 1 card from the top of your Life cards to your hand.",,https://en.onepiece-cardgame.com/images/cardlist/card/P-062.png?250502,0,False
P-063-0,P-063,0,Jinbe,807.0,P,Green,P,5000.0,4.0,2000.0,[On Play] Rest up to 1 of your opponent's Characters with a cost of 1 or less.,,https://en.onepiece-cardgame.com/images/cardlist/card/P-063.png?250502,0,True
P-064-0,P-064,0,Kouzuki Momonosuke,709.0,P,Yellow,P,8000.0,6.0,1000.0,-,,https://en.onepiece-cardgame.com/images/cardlist/card/P-064.png?250502,0,True
P-065-0,P-065,0,Tony Tony.Chopper,175.0,P,Black,P,4000.0,3.0,1000.0,"[When Attacking] If your opponent has a Character with a cost of 0, this Character gains +2000 power until the start of your next turn.",,https://en.onepiece-cardgame.com/images/cardlist/card/P-065.png?250502,0,True
P-066-0,P-066,0,Boa Hancock,1305.0,P,Blue,P,5000.0,4.0,1000.0,"[Your Turn] If you have 5 or less cards in your hand, all of your {Kuja Pirates} type Characters gain +1000 power.",,https://en.onepiece-cardgame.com/images/cardlist/card/P-066.png?250502,0,True
P-067-0,P-067,0,"Eustass""Captain""Kid",1034.0,P,Green,P,6000.0,5.0,,"If this Character is rested, your opponent cannot attack any card other than the Character [Eustass""Captain""Kid].",,https://en.onepiece-cardgame.com/images/cardlist/card/P-067.png?250502,0,True
P-068-0,P-068,0,Sanji,326.0,P,Blue,P,4000.0,3.0,2000.0,[Activate: Main] You may trash this Character: Look at 5 cards from the top of your deck and place them at the top or bottom of the deck in any order.,,https://en.onepiece-cardgame.com/images/cardlist/card/P-068.png?250502,0,True
P-069-0,P-069,0,Koala,727.0,P,Red,P,1000.0,1.0,1000.0,[Activate: Main] [Once Per Turn] Give up to 1 rested DON!! card to your Leader or 1 of your Characters.,,https://en.onepiece-cardgame.com/images/cardlist/card/P-069.png?250502,0,True
P-069-1,P-069,1,Koala,727.0,P,Red,P,1000.0,1.0,1000.0,[Activate: Main] [Once Per Turn] Give up to 1 rested DON!! card to your Leader or 1 of your Characters.,,https://en.onepiece-cardgame.com/images/cardlist/card/P-069_p1.png?250502,0,True
P-070-0,P-070,0,Carrot,1252.0,P,Green,P,2000.0,2.0,1000.0,"[Blocker] (After your opponent declares an attack, you may rest this card to make it the new target of the attack.)",,https://en.onepiece-cardgame.com/images/cardlist/card/P-070.png?250502,0,True
P-071-0,P-071,0,Marco,635.0,P,Blue,P,6000.0,4.0,,[On K.O.] You may add this Character card to your hand.,,https://en.onepiece-cardgame.com/images/cardlist/card/P-071.png?250502,0,True
P-072-0,P-072,0,Ryuma,292.0,P,Green,P,6000.0,4.0,,[On Play]/[On K.O.] Rest up to 1 of your opponent's Characters with a cost of 4 or less.,,https://en.onepiece-cardgame.com/images/cardlist/card/P-072.png?250502,0,True
P-076-0,P-076,0,Sakazuki,337.0,P,Blue/Black,P,5000.0,,,[Activate: Main] [Once Per Turn] You may trash 1 {Navy} type card from your hand: Give up to 1 of your opponent's Characters −1 cost during this turn.,,https://en.onepiece-cardgame.com/images/cardlist/card/P-076.png?250502,0,True
P-077-0,P-077,0,Ulti,147.0,P,Purple,P,6000.0,6.0,1000.0,"[Once Per Turn] When 2 or more DON!! cards on your field are returned to your DON!! deck, add up to 1 DON!! card from your DON!! deck and rest it. Then, set up to 1 of your purple Stages as active.",,https://en.onepiece-cardgame.com/images/cardlist/card/P-077.png?250502,0,True
P-078-1,P-078,1,Adio,1399.0,P,Green,P,5000.0,4.0,2000.0,"If you have 2 or more rested {ODYSSEY} type Characters, this Character gains +1000 power.",,https://en.onepiece-cardgame.com/images/cardlist/card/P-078_p1.png?250502,0,True
P-079-1,P-079,1,Lim,1395.0,P,Green,P,,2.0,1000.0,"[Blocker] (After your opponent declares an attack, you may rest this card to make it the new target of the attack.)[End of Your Turn] If you have 2 or more rested {ODYSSEY} type Characters, set this Character as active.",,https://en.onepiece-cardgame.com/images/cardlist/card/P-079_p1.png?250502,0,True
P-080-0,P-080,0,Monkey.D.Luffy,558.0,P,Red,P,9000.0,7.0,1000.0,-,,https://en.onepiece-cardgame.com/images/cardlist/card/P-080.png?250502,0,True
P-081-1,P-081,1,Dracule Mihawk,1061.0,P,Blue,P,5000.0,4.0,1000.0,"[Activate: Main] You may return this Character to the owner's hand: If you have 3 or more blue {Cross Guild} type Characters, play up to 1 {Cross Guild} type Character card with a cost of 5 from your hand.",,https://en.onepiece-cardgame.com/images/cardlist/card/P-081_p1.png?250502,0,True
P-082-1,P-082,1,Crocodile,1120.0,P,Blue,P,7000.0,5.0,,"[Your Turn] [On Play] If your Leader has the {Cross Guild} type or a type including ""Baroque Works"", place up to 1 of your opponent's Characters with 2000 power or less at the bottom of the owner's deck.",,https://en.onepiece-cardgame.com/images/cardlist/card/P-082_p1.png?250502,0,True
P-083-0,P-083,0,Shanks,290.0,P,Red,P,7000.0,6.0,1000.0,"[DON!! x1] [When Attacking] You may trash 1 Character card from your hand: Give up to 1 of your opponent's Characters −1000 power during this turn. Then, draw 1 card.",,https://en.onepiece-cardgame.com/images/cardlist/card/P-083.png?250502,0,True
P-084-0,P-084,0,Buggy,1280.0,P,Blue,P,8000.0,7.0,,"This Character cannot attack.If your Leader is [Buggy], all Characters with a cost of 3 or 4 cannot attack.[On Play] Play up to 1 {Cross Guild} type Character card with a cost of 6 or less from your hand.",,https://en.onepiece-cardgame.com/images/cardlist/card/P-084.png?250502,0,True
P-085-0,P-085,0,Jewelry Bonney,809.0,P,Yellow,P,6000.0,5.0,1000.0,"[On Play] If your Leader has the {Supernovas} type and the number of your Life cards is equal to or less than the number of your opponent's Life cards, add up to 1 of your opponent's Characters with a cost of 4 or less to the top or bottom of the owner's Life cards face-up.",,https://en.onepiece-cardgame.com/images/cardlist/card/P-085.png?250502,0,True
P-086-0,P-086,0,Trafalgar Law,169.0,P,Red/Purple,P,5000.0,,,"[Activate: Main] [Once Per Turn] DON!! −3, You may place 1 Character with 3000 power or more at the bottom of your deck: Play up to 1 {Heart Pirates} type Character card with a cost of 4 or less from your hand.",,https://en.onepiece-cardgame.com/images/cardlist/card/P-086.png?250502,0,True
P-087-0,P-087,0,Nico Robin,495.0,P,Purple,P,7000.0,5.0,1000.0,-,,https://en.onepiece-cardgame.com/images/cardlist/card/P-087.png?250502,0,True
P-088-0,P-088,0,Trafalgar Law,169.0,P,Yellow,P,5000.0,4.0,2000.0,-,"[Trigger] If your Leader has the {Supernovas} type and you and your opponent have a total of 5 or less Life cards, play this card.",https://en.onepiece-cardgame.com/images/cardlist/card/P-088.png?250502,0,True
P-089-0,P-089,0,Tony Tony.Chopper,175.0,P,Yellow,P,7000.0,5.0,1000.0,-,,https://en.onepiece-cardgame.com/images/cardlist/card/P-089.png?250502,0,True
P-090-0,P-090,0,Charlotte Smoothie,1167.0,P,Purple,P,7000.0,7.0,1000.0,[Opponent's Turn] [On K.O.] DON!! −1: Play up to 1 {Big Mom Pirates} type Character card with a cost equal to or less than the number of DON!! cards on your opponent's field other than [Charlotte Smoothie] from your hand.,,https://en.onepiece-cardgame.com/images/cardlist/card/P-090.png?250502,0,True
P-091-0,P-091,0,Shirahoshi,272.0,P,Green,P,,4.0,1000.0,[On Play] Play up to 1 {Neptunian} or {Fish-Man Island} type Character card with a cost of 5 or less from your hand.[Activate: Main] You may rest this Character: Up to 1 of your {Neptunian} type Characters can attack Characters on the turn in which it is played.,,https://en.onepiece-cardgame.com/images/cardlist/card/P-091.png?250502,0,True
P-092-0,P-092,0,Koby,730.0,P,Red,P,7000.0,7.0,1000.0,"[Opponent's Turn] Give this Character −3000 power.[When Attacking] If your Leader has the {Navy} type, your Leader's base power becomes 7000 until the end of your opponent's next turn.",,https://en.onepiece-cardgame.com/images/cardlist/card/P-092.png?250502,0,True
P-093-0,P-093,0,Trafalgar Law,169.0,P,Purple,P,6000.0,4.0,,"[Blocker][On Play] If the number of DON!! cards on your field is equal to or less than the number on your opponent's field, add up to 1 DON!! card from your DON!! deck and rest it.",,https://en.onepiece-cardgame.com/images/cardlist/card/P-093.png?250502,0,True
P-094-0,P-094,0,Roronoa Zoro,357.0,P,Green,P,4000.0,4.0,2000.0,[On Play] K.O. up to 1 of your opponent's rested Characters with a cost of 2 or less.,,https://en.onepiece-cardgame.com/images/cardlist/card/P-094.png?250502,0,True
ST01-001-3,ST01-001,3,Monkey.D.Luffy (Parallel),558.0,L,Red,ST01,5000.0,,,[Activate: Main] [Once Per Turn] Give this Leader or 1 of your Characters up to 1 rested DON!! card.,,https://en.onepiece-cardgame.com/images/cardlist/card/ST01-001_p3.png?250502,0,True
ST01-004-2,ST01-004,2,Sanji (Parallel),326.0,C,Red,ST01,4000.0,2.0,,[DON!! x2] This Character gains [Rush].(This card can attack on the turn in which it is played.),,https://en.onepiece-cardgame.com/images/cardlist/card/ST01-004_p2.png?250502,0,True
ST01-005-3,ST01-005,3,Jinbe (Parallel),807.0,C,Red,ST01,5000.0,3.0,,[DON!! x1] [When Attacking] Up to 1 of your Leader or Character cards other than this card gains +1000 power during this turn.,,https://en.onepiece-cardgame.com/images/cardlist/card/ST01-005_p3.png?250502,0,True
ST01-006-6,ST01-006,6,Tony Tony.Chopper (Parallel),175.0,C,Red,ST01,1000.0,1.0,,"[Blocker] (After your opponent declares an attack, you may rest this card to make it the new target of the attack.)",,https://en.onepiece-cardgame.com/images/cardlist/card/ST01-006_p6.png?250502,0,True
ST01-006-7,ST01-006,7,Tony Tony.Chopper (Parallel),175.0,C,Red,ST01,1000.0,1.0,,"[Blocker] (After your opponent declares an attack, you may rest this card to make it the new target of the attack.)",,https://en.onepiece-cardgame.com/images/cardlist/card/ST01-006_p7.png?250502,0,True
ST01-007-1,ST01-007,1,Nami,515.0,C,Red,ST01,1000.0,1.0,1000.0,[Activate: Main] [Once Per Turn] Give 1 rested DON!! card to your Leader or 1 of your Characters.,,https://en.onepiece-cardgame.com/images/cardlist/card/ST01-007_p1.png?250502,0,True
ST01-007-2,ST01-007,2,Nami,515.0,C,Red,ST01,1000.0,1.0,1000.0,[Activate: Main] [Once Per Turn] Give 1 rested DON!! card to your Leader or 1 of your Characters.,,https://en.onepiece-cardgame.com/images/cardlist/card/ST01-007_p2.png?250502,0,True
ST01-008-3,ST01-008,3,Nico Robin (Parallel),495.0,C,Red,ST01,5000.0,3.0,1000.0,-,,https://en.onepiece-cardgame.com/images/cardlist/card/ST01-008_p3.png?250502,0,True
ST01-009-1,ST01-009,1,Nefeltari Vivi (Parallel),509.0,C,Red,ST01,4000.0,2.0,1000.0,-,,https://en.onepiece-cardgame.com/images/cardlist/card/ST01-009_p1.png?250502,0,True
ST01-011-2,ST01-011,2,Brook (Parallel),1282.0,C,Red,ST01,3000.0,2.0,2000.0,[On Play] Give up to 2 rested DON!! cards to your Leader or 1 of your Characters.,,https://en.onepiece-cardgame.com/images/cardlist/card/ST01-011_p2.png?250502,0,True
ST01-012-5,ST01-012,5,Monkey.D.Luffy (Parallel),558.0,SR,Red,ST01,6000.0,5.0,,[Rush] (This card can attack on the turn in which it is played.)[DON!! x2] [When Attacking] Your opponent cannot activate [Blocker] during this battle.,,https://en.onepiece-cardgame.com/images/cardlist/card/ST01-012_p5.png?250502,0,True
ST01-012-6,ST01-012,6,Monkey.D.Luffy (Parallel),558.0,SR,Red,ST01,6000.0,5.0,,[Rush] (This card can attack on the turn in which it is played.)[DON!! x2] [When Attacking] Your opponent cannot activate [Blocker] during this battle.,,https://en.onepiece-cardgame.com/images/cardlist/card/ST01-012_p6.png?250502,0,True
ST01-013-4,ST01-013,4,Roronoa Zoro (Parallel),357.0,SR,Red,ST01,5000.0,3.0,,[DON!! x1] This Character gains +1000 power.,,https://en.onepiece-cardgame.com/images/cardlist/card/ST01-013_p4.png?250502,0,True
ST01-013-5,ST01-013,5,Roronoa Zoro (Parallel),357.0,SR,Red,ST01,5000.0,3.0,,[DON!! x1] This Character gains +1000 power.,,https://en.onepiece-cardgame.com/images/cardlist/card/ST01-013_p5.png?250502,0,True
ST01-015-2,ST01-015,2,Gum-Gum Jet Pistol (Parallel),,C,Red,ST01,,4.0,,[Main] K.O. up to 1 of your opponent's Characters with 6000 power or less.,[Trigger] Activate this card's [Main] effect.,https://en.onepiece-cardgame.com/images/cardlist/card/ST01-015_p2.png?250502,0,False
ST01-015-3,ST01-015,3,Gum-Gum Jet Pistol (Parallel),,C,Red,ST01,,4.0,,[Main] K.O. up to 1 of your opponent's Characters with 6000 power or less.,[Trigger] Activate this card's [Main] effect.,https://en.onepiece-cardgame.com/images/cardlist/card/ST01-015_p3.png?250502,0,False
ST02-007-1,ST02-007,1,Jewelry Bonney,809.0,C,Green,ST02,1000.0,1.0,1000.0,"[Activate: Main] (1)(You may rest the specified number of DON!! cards in your cost area.) You may rest this card: Look at up to 5 cards from the top of your deck; reveal 1 {Supernovas} type card and add it to your hand. Then, place the rest at the bottom of your deck in any order.",,https://en.onepiece-cardgame.com/images/cardlist/card/ST02-007_p1.png?250502,0,True
ST02-008-2,ST02-008,2,Scratchmen Apoo (Parallel),313.0,C,Green,ST02,3000.0,2.0,2000.0,[DON!! x1] [When Attacking] Rest up to 1 of your opponent's DON!! cards.,,https://en.onepiece-cardgame.com/images/cardlist/card/ST02-008_p2.png?250502,0,True
ST02-013-2,ST02-013,2,"Eustass""Captain""Kid (Parallel)",1034.0,SR,Green,ST02,7000.0,7.0,,"[Blocker] (After your opponent declares an attack, you may rest this card to make it the new target of the attack.)[DON!! x1] [End of Your Turn] Set this card as active.",,https://en.onepiece-cardgame.com/images/cardlist/card/ST02-013_p2.png?250502,0,True
ST03-003-1,ST03-003,1,Crocodile (Parallel),1120.0,SR,Blue,ST03,6000.0,5.0,,"[Blocker] (After your opponent declares an attack, you may rest this card to make it the new target of the attack.)[DON!! x1] [On Block] Place up to 1 Character with a cost of 2 or less at the bottom of the owner's deck.",,https://en.onepiece-cardgame.com/images/cardlist/card/ST03-003_p1.png?250502,0,True
ST03-004-1,ST03-004,1,Gecko Moria (Parallel),984.0,C,Blue,ST03,5000.0,4.0,1000.0,[On Play] Add up to 1 {The Seven Warlords of the Sea} or {Thriller Bark Pirates} type Character with a cost of 4 or less other than [Gecko Moria] from your trash to your hand.,,https://en.onepiece-cardgame.com/images/cardlist/card/ST03-004_p1.png?250502,0,True
ST03-005-1,ST03-005,1,Dracule Mihawk (Parallel),1061.0,C,Blue,ST03,5000.0,4.0,2000.0,[DON!! x1] [When Attacking] Draw 2 cards and trash 2 cards from your hand.,,https://en.onepiece-cardgame.com/images/cardlist/card/ST03-005_p1.png?250502,0,True
ST03-005-2,ST03-005,2,Dracule Mihawk (Parallel),1061.0,C,Blue,ST03,5000.0,4.0,2000.0,[DON!! x1] [When Attacking] Draw 2 cards and trash 2 cards from your hand.,,https://en.onepiece-cardgame.com/images/cardlist/card/ST03-005_p2.png?250502,0,True
ST03-007-1,ST03-007,1,Sentomaru,301.0,C,Blue,ST03,4000.0,3.0,1000.0,"[DON!! x1] [Activate: Main] [Once Per Turn] (2)(You may rest the specified number of DON!! cards in your cost area.): Play 1 [Pacifista] with a cost of 4 or less from your deck, then shuffle your deck.",,https://en.onepiece-cardgame.com/images/cardlist/card/ST03-007_p1.png?250502,0,True
ST03-008-1,ST03-008,1,Trafalgar Law (Parallel),169.0,C,Blue,ST03,1000.0,1.0,,"[Blocker] (After your opponent declares an attack, you may rest this card to make it the new target of the attack.)",,https://en.onepiece-cardgame.com/images/cardlist/card/ST03-008_p1.png?250502,0,True
ST03-008-3,ST03-008,3,Trafalgar Law (Parallel),169.0,C,Blue,ST03,1000.0,1.0,,"[Blocker] (After your opponent declares an attack, you may rest this card to make it the new target of the attack.)",,https://en.onepiece-cardgame.com/images/cardlist/card/ST03-008_p3.png?250502,0,True
ST03-008-4,ST03-008,4,Trafalgar Law (Parallel),169.0,C,Blue,ST03,1000.0,1.0,,"[Blocker] (After your opponent declares an attack, you may rest this card to make it the new target of the attack.)",,https://en.onepiece-cardgame.com/images/cardlist/card/ST03-008_p4.png?250502,0,True
ST03-014-1,ST03-014,1,Marshall.D.Teach (Parallel),623.0,C,Blue,ST03,4000.0,4.0,1000.0,[On Play] Return up to 1 Character with a cost of 3 or less to the owner's hand.,,https://en.onepiece-cardgame.com/images/cardlist/card/ST03-014_p1.png?250502,0,True
ST04-003-2,ST04-003,2,Kaido (Parallel),783.0,SR,Purple,ST04,10000.0,9.0,,[On Play] DON!! −5 (You may return the specified number of DON!! cards from your field to your DON!! deck.): K.O. up to 1 of your opponent's Characters with a cost of 6 or less. This Character gains [Rush] during this turn.(This card can attack on the turn in which it is played.),,https://en.onepiece-cardgame.com/images/cardlist/card/ST04-003_p2.png?250502,0,True
ST04-005-2,ST04-005,2,Queen (Parallel),403.0,C,Purple,ST04,6000.0,5.0,1000.0,"[Blocker] (After your opponent declares an attack, you may rest this card to make it the new target of the attack.)[On Play] DON!! −1 (You may return the specified number of DON!! cards from your field to your DON!! deck.): Draw 2 cards and trash 1 card from your hand.",,https://en.onepiece-cardgame.com/images/cardlist/card/ST04-005_p2.png?250502,0,True
ST04-008-1,ST04-008,1,Jack (Parallel),830.0,C,Purple,ST04,4000.0,3.0,1000.0,[On Play] You may trash 1 card from your hand: Add up to 1 DON!! card from your DON!! deck and set it as active.,,https://en.onepiece-cardgame.com/images/cardlist/card/ST04-008_p1.png?250502,0,True
ST04-010-1,ST04-010,1,Who's.Who,98.0,C,Purple,ST04,3000.0,3.0,,[On Play] DON!! −1 (You may return the specified number of DON!! cards from your field to your DON!! deck.): K.O. 1 of your opponent's Characters with a cost of 3 or less.,[Trigger] Play this card.,https://en.onepiece-cardgame.com/images/cardlist/card/ST04-010_p1.png?250502,0,True
ST04-011-1,ST04-011,1,Black Maria,6.0,C,Purple,ST04,2000.0,2.0,1000.0,"[Blocker] (After your opponent declares an attack, you may rest this card to make it the new target of the attack.)",,https://en.onepiece-cardgame.com/images/cardlist/card/ST04-011_p1.png?250502,0,True
ST04-011-3,ST04-011,3,Black Maria (Parallel),6.0,C,Purple,ST04,2000.0,2.0,1000.0,"[Blocker] (After your opponent declares an attack, you may rest this card to make it the new target of the attack.)",,https://en.onepiece-cardgame.com/images/cardlist/card/ST04-011_p3.png?250502,0,True
ST06-006-1,ST06-006,1,Tashigi (Parallel),200.0,C,Black,ST06,4000.0,3.0,2000.0,[Activate: Main] You may rest this Character: Give up to 1 of your opponent's Characters −2 cost during this turn.,,https://en.onepiece-cardgame.com/images/cardlist/card/ST06-006_p1.png?250502,0,True
ST07-007-1,ST07-007,1,Charlotte Brulee (Parallel),1226.0,C,Yellow,ST07,1000.0,3.0,1000.0,"[Blocker] (After your opponent declares an attack, you may rest this card to make it the new target of the attack.)",[Trigger] Play this card.,https://en.onepiece-cardgame.com/images/cardlist/card/ST07-007_p1.png?250502,0,True
ST07-008-1,ST07-008,1,Charlotte Pudding (Parallel),1170.0,C,Yellow,ST07,3000.0,2.0,2000.0,"[On Play] Look at up to 1 card from the top of your or your opponent's Life cards, and place it at the top or bottom of the Life cards.",,https://en.onepiece-cardgame.com/images/cardlist/card/ST07-008_p1.png?250502,0,True
ST07-008-3,ST07-008,3,Charlotte Pudding (Parallel),1170.0,C,Yellow,ST07,3000.0,2.0,2000.0,"[On Play] Look at up to 1 card from the top of your or your opponent's Life cards, and place it at the top or bottom of the Life cards.",,https://en.onepiece-cardgame.com/images/cardlist/card/ST07-008_p3.png?250502,0,True
ST07-010-2,ST07-010,2,Charlotte Linlin (Parallel),1196.0,SR,Yellow,ST07,8000.0,7.0,,[On Play] Your opponent chooses one:- Trash 1 card from the top of your opponent's Life cards.- Add 1 card from the top of your deck to the top of your Life cards.,,https://en.onepiece-cardgame.com/images/cardlist/card/ST07-010_p2.png?250502,0,True
ST09-012-1,ST09-012,1,Yamato (Parallel),88.0,C,Yellow,ST09,3000.0,3.0,2000.0,[When Attacking] You may add 1 card from the top or bottom of your Life cards to your hand: This Character gains +2000 power until the start of your next turn.,,https://en.onepiece-cardgame.com/images/cardlist/card/ST09-012_p1.png?250502,0,True
ST10-004-1,ST10-004,1,Sanji,326.0,C,Red,ST10,6000.0,6.0,1000.0,"[On Play] If your opponent has a Character with 5000 or more power, this Character gains [Rush] during this turn.(This card can attack on the turn in which it is played.)",,https://en.onepiece-cardgame.com/images/cardlist/card/ST10-004_p1.png?250502,0,True
ST10-006-2,ST10-006,2,Monkey.D.Luffy (Parallel),558.0,SR,Red,ST10,11000.0,10.0,,"[Rush] (This card can attack on the turn in which it is played.)[Once Per Turn] When your opponent activates a [Blocker], K.O. up to 1 of your opponent's Characters with 8000 power or less.",,https://en.onepiece-cardgame.com/images/cardlist/card/ST10-006_p2.png?250502,0,True
ST10-008-1,ST10-008,1,Shachi & Penguin,,C,Purple,ST10,5000.0,4.0,2000.0,"[On Play] If you have 3 or less DON!! cards on your field, add up to 2 DON!! cards from your DON!! deck and rest them.",,https://en.onepiece-cardgame.com/images/cardlist/card/ST10-008_p1.png?250502,0,False
ST10-010-2,ST10-010,2,Trafalgar Law (Parallel),169.0,SR,Purple,ST10,5000.0,4.0,1000.0,"[Blocker] (After your opponent declares an attack, you may rest this card to make it the new target of the attack.)[On Play] DON!! −1 (You may return the specified number of DON!! cards from your field to your DON!! deck.): If your opponent has 7 or more cards in their hand, trash 2 cards from your opponent's hand.",,https://en.onepiece-cardgame.com/images/cardlist/card/ST10-010_p2.png?250502,0,True
ST10-013-2,ST10-013,2,"Eustass""Captain""Kid (Parallel)",1034.0,SR,Purple,ST10,8000.0,7.0,,[On Play]/[When Attacking] DON!! −1 (You may return the specified number of DON!! cards from your field to your DON!! deck.): Up to 1 of your Leader gains +1000 power until the start of your next turn.,,https://en.onepiece-cardgame.com/images/cardlist/card/ST10-013_p2.png?250502,0,True
ST11-003-1,ST11-003,1,Backlight (Parallel),,C,Green,ST11,,2.0,,"[Main] If your Leader is [Uta], choose one:• Rest up to 1 of your opponent's Characters with a cost of 5 or less.• K.O. up to 1 of your opponent's rested Characters with a cost of 5 or less.",,https://en.onepiece-cardgame.com/images/cardlist/card/ST11-003_p1.png?250502,0,False
ST11-004-1,ST11-004,1,New Genesis (Parallel),,SR,Green,ST11,,1.0,,"[Main] If your Leader is [Uta], look at 3 cards from the top of your deck; reveal up to 1 {FILM} type card other than [New Genesis] and add it to your hand. Then, place the rest at the bottom of your deck in any order and set up to 1 of your DON!! cards as active.",,https://en.onepiece-cardgame.com/images/cardlist/card/ST11-004_p1.png?250502,0,False
ST11-005-1,ST11-005,1,I'm invincible (Parallel),,C,Green,ST11,,3.0,,[Main] Set up to 1 of your [Uta] Leader as active.,[Trigger] Up to 1 of your Leader or Character cards gains +1000 power during this turn.,https://en.onepiece-cardgame.com/images/cardlist/card/ST11-005_p1.png?250502,0,False
ST18-002-1,ST18-002,1,O-Nami,515.0,C,Purple,ST18,2000.0,4.0,1000.0,"[Blocker] (After your opponent declares an attack, you may rest this card to make it the new target of the attack.)[On Play] If you have 8 or more DON!! cards on your field, trash 1 card from your hand and draw 2 cards.",,https://en.onepiece-cardgame.com/images/cardlist/card/ST18-002_p1.png?250502,0,True
ST19-002-1,ST19-002,1,Sengoku,305.0,C,Black,ST19,1000.0,1.0,1000.0,"[On Play] You may trash 2 black {Navy} type cards from your hand: If your Leader has the {Navy} type, draw 3 cards.",,https://en.onepiece-cardgame.com/images/cardlist/card/ST19-002_p1.png?250502,0,True
EB01-043-1,EB01-043,1,Spandine,244.0,R,Black,EB01,2000.0,3.0,1000.0,"[On Play] You may place 3 cards with a type including ""CP"" from your trash at the bottom of your deck in any order: Play up to 1 Character card with a type including ""CP"" and a cost of 4 or less other than [Spandine] from your trash rested.",,https://en.onepiece-cardgame.com/images/cardlist/card/EB01-043_p1.png?250502,0,True
EB01-043-2,EB01-043,2,Spandine,244.0,R,Black,EB01,2000.0,3.0,1000.0,"[On Play] You may place 3 cards with a type including ""CP"" from your trash at the bottom of your deck in any order: Play up to 1 Character card with a type including ""CP"" and a cost of 4 or less other than [Spandine] from your trash rested.",,https://en.onepiece-cardgame.com/images/cardlist/card/EB01-043_p2.png?250502,0,True
OP01-001-2,OP01-001,2,Roronoa Zoro,357.0,L,Red,OP01,5000.0,,,[DON!! x1] [Your Turn] All of your Characters gain +1000 power.,,https://en.onepiece-cardgame.com/images/cardlist/card/OP01-001_p2.png?250502,0,True
OP01-005-2,OP01-005,2,Uta (Parallel),134.0,R,Red,OP01,4000.0,4.0,,[On Play] Add up to 1 red Character card other than [Uta] with a cost of 3 or less from your trash to your hand.,,https://en.onepiece-cardgame.com/images/cardlist/card/OP01-005_p2.png?250502,0,True
OP01-005-3,OP01-005,3,Uta (Parallel),134.0,R,Red,OP01,4000.0,4.0,,[On Play] Add up to 1 red Character card other than [Uta] with a cost of 3 or less from your trash to your hand.,,https://en.onepiece-cardgame.com/images/cardlist/card/OP01-005_p3.png?250502,0,True
OP01-006-4,OP01-006,4,Otama,1390.0,UC,Red,OP01,,1.0,2000.0,[On Play] Give up to 1 of your opponent's Characters −2000 power during this turn.,,https://en.onepiece-cardgame.com/images/cardlist/card/OP01-006_p4.png?250502,0,True
OP01-013-2,OP01-013,2,Sanji,326.0,R,Red,OP01,3000.0,2.0,2000.0,"[Activate: Main] [Once Per Turn] You may add 1 card from your Life area to your hand: This Character gains +2000 power during this turn. Then, give this Character up to 2 rested DON!! cards.",,https://en.onepiece-cardgame.com/images/cardlist/card/OP01-013_p2.png?250502,0,True
OP01-014-2,OP01-014,2,Jinbe (Parallel),807.0,UC,Red,OP01,5000.0,4.0,,"[Blocker] (After your opponent declares an attack, you may rest this card to make it the new target of the attack.)[DON!! x1] [On Block] Play up to 1 red Character card with a cost of 2 or less from your hand.",,https://en.onepiece-cardgame.com/images/cardlist/card/OP01-014_p2.png?250502,0,True
OP01-016-2,OP01-016,2,Nami,515.0,R,Red,OP01,2000.0,1.0,1000.0,"[On Play] Look at 5 cards from the top of your deck; reveal up to 1 {Straw Hat Crew} type Character card other than [Nami] and add it to your hand. Then, place the rest at the bottom of your deck in any order.",,https://en.onepiece-cardgame.com/images/cardlist/card/OP01-016_p2.png?250502,0,True
OP01-017-2,OP01-017,2,Nico Robin (Parallel),495.0,R,Red,OP01,4000.0,3.0,1000.0,[DON!! x1] [When Attacking] K.O. up to 1 of your opponent's Characters with 3000 power or less.,,https://en.onepiece-cardgame.com/images/cardlist/card/OP01-017_p2.png?250502,0,True
OP01-021-4,OP01-021,4,Franky (Parallel),1014.0,UC,Red,OP01,4000.0,3.0,,[DON!! x1] This Character can also attack your opponent's active Characters.,,https://en.onepiece-cardgame.com/images/cardlist/card/OP01-021_p4.png?250502,0,True
OP01-022-1,OP01-022,1,Brook,1282.0,UC,Red,OP01,5000.0,4.0,1000.0,[DON!! x1] [When Attacking] Give up to 2 of your opponent's Characters −2000 power during this turn.,,https://en.onepiece-cardgame.com/images/cardlist/card/OP01-022_p1.png?250502,0,True
OP01-029-1,OP01-029,1,Radical Beam!! (Parallel),,UC,Red,OP01,,1.0,,"[Counter] Up to 1 of your Leader or Character cards gains +2000 power during this battle. Then, if you have 2 or less Life cards, that card gains an additional +2000 power.",[Trigger] Your Leader or 1 of your Characters gains +1000 power during this turn.,https://en.onepiece-cardgame.com/images/cardlist/card/OP01-029_p1.png?250502,0,False
OP01-030-1,OP01-030,1,In Two Years!! At the Sabaody Archipelago!!,,UC,Red,OP01,,1.0,,"[Main] Look at 5 cards from the top of your deck; reveal up to 1 {Straw Hat Crew} type Character card and add it to your hand. Then, place the rest at the bottom of your deck in any order.",[Trigger] Activate this card's [Main] effect.,https://en.onepiece-cardgame.com/images/cardlist/card/OP01-030_p1.png?250502,0,False
OP01-057-1,OP01-057,1,Paradise Waterfall (Parallel),,UC,Green,OP01,,1.0,,"[Counter] Up to 1 of your Leader or Character cards gains +2000 power during this battle. Then, set up to 1 of your Characters as active.",[Trigger] K.O. 1 of your opponent's rested Characters with a cost of 4 or less.,https://en.onepiece-cardgame.com/images/cardlist/card/OP01-057_p1.png?250502,0,False
OP01-114-1,OP01-114,1,X.Drake (Parallel),93.0,R,Purple,OP01,5000.0,5.0,2000.0,[On Play] DON!! −1 (You may return the specified number of DON!! cards from your field to your DON!! deck.): Your opponent trashes 1 card from their hand.,,https://en.onepiece-cardgame.com/images/cardlist/card/OP01-114_p1.png?250502,0,True
OP02-001-2,OP02-001,2,Edward.Newgate (Parallel),1051.0,L,Red,OP02,6000.0,,,[End of Your Turn] Add 1 card from the top of your Life cards to your hand.,,https://en.onepiece-cardgame.com/images/cardlist/card/OP02-001_p2.png?250502,0,True
OP02-005-1,OP02-005,1,Curly.Dadan (Parallel),1117.0,UC,Red,OP02,3000.0,2.0,1000.0,"[On Play] Look at up to 5 cards from the top of your deck; reveal up to 1 red Character with a cost of 1 and add it to your hand. Then, place the rest at the bottom of your deck in any order.",,https://en.onepiece-cardgame.com/images/cardlist/card/OP02-005_p1.png?250502,0,True
OP02-013-5,OP02-013,5,Portgas.D.Ace,416.0,SR,Red,OP02,7000.0,7.0,,"[On Play] Give up to 2 of your opponent's Characters −3000 power during this turn. Then, if your Leader's type includes ""Whitebeard Pirates"", this Character gains [Rush] during this turn.(This card can attack on the turn in which it is played.)",,https://en.onepiece-cardgame.com/images/cardlist/card/OP02-013_p5.png?250502,0,True
OP02-015-3,OP02-015,3,Makino,641.0,UC,Red,OP02,,1.0,2000.0,[Activate: Main] You may rest this Character: Up to 1 of your red Characters with a cost of 1 gains +3000 power during this turn.,,https://en.onepiece-cardgame.com/images/cardlist/card/OP02-015_p3.png?250502,0,True
OP02-036-2,OP02-036,2,Nami (Parallel),515.0,SR,Green,OP02,5000.0,3.0,,"[On Play]/[When Attacking] ➀ (You may rest the specified number of DON!! cards in your cost area.): Look at 3 cards from the top of your deck; reveal up to 1 {FILM} type card other than [Nami] and add it to your hand. Then, place the rest at the bottom of your deck in any order.",,https://en.onepiece-cardgame.com/images/cardlist/card/OP02-036_p2.png?250502,0,True
OP02-106-1,OP02-106,1,Tsuru (Parallel),158.0,UC,Black,OP02,,1.0,2000.0,[On Play] Give up to 1 of your opponent's Characters −2 cost during this turn.,,https://en.onepiece-cardgame.com/images/cardlist/card/OP02-106_p1.png?250502,0,True
OP02-117-1,OP02-117,1,Ice Age (Parallel),,UC,Black,OP02,,1.0,,[Main] Give up to 1 of your opponent's Characters −5 cost during this turn.,[Trigger] K.O. up to 1 of your opponent's Characters with a cost of 3 or less.,https://en.onepiece-cardgame.com/images/cardlist/card/OP02-117_p1.png?250502,1,False
OP02-120-3,OP02-120,3,Uta (Parallel),134.0,SEC,Purple,OP02,8000.0,8.0,,[On Play] DON!! −2 (You may return the specified number of DON!! cards from your field to your DON!! deck.): Your Leader and all of your Characters gain +1000 power until the start of your next turn.,,https://en.onepiece-cardgame.com/images/cardlist/card/OP02-120_p3.png?250502,0,True
OP03-001-2,OP03-001,2,Portgas.D.Ace (Parallel),416.0,L,Red,OP03,5000.0,,,"When this Leader attacks or is attacked, you may trash any number of Event or Stage cards from your hand. This Leader gains +1000 power during this battle for every card trashed.",,https://en.onepiece-cardgame.com/images/cardlist/card/OP03-001_p2.png?250502,0,True
OP03-013-3,OP03-013,3,Marco,635.0,SR,Red,OP03,6000.0,5.0,1000.0,[Your Turn] [On Play] K.O. up to 1 of your opponent's Characters with 3000 power or less.[On K.O.] You may trash 1 Event from your hand: You may play this Character card from your trash rested.,,https://en.onepiece-cardgame.com/images/cardlist/card/OP03-013_p3.png?250502,0,True
OP03-044-3,OP03-044,3,Kaya,759.0,R,Blue,OP03,,1.0,2000.0,[On Play] Draw 2 cards and trash 2 cards from your hand.,,https://en.onepiece-cardgame.com/images/cardlist/card/OP03-044_p3.png?250502,0,True
OP03-055-1,OP03-055,1,Gum-Gum Giant Gavel (Parallel),,C,Blue,OP03,,1.0,,"[Counter] You may trash 1 card from your hand: Up to 1 of your Leader gains +4000 power during this battle. Then, you may trash 2 cards from the top of your deck.",[Trigger] Return up to 1 Character with a cost of 4 or less to the owner's hand.,https://en.onepiece-cardgame.com/images/cardlist/card/OP03-055_p1.png?250502,0,False
OP03-121-1,OP03-121,1,Thunder Bolt (Parallel),,C,Yellow,OP03,,2.0,,[Main] You may trash 1 card from the top of your Life cards: K.O. up to 1 of your opponent's Characters with a cost of 5 or less.,[Trigger] K.O. up to 1 of your opponent's Characters with a cost of 5 or less.,https://en.onepiece-cardgame.com/images/cardlist/card/OP03-121_p1.png?250502,0,False
OP04-032-3,OP04-032,3,Baby 5,1338.0,UC,Green,OP04,1000.0,1.0,2000.0,[End of Your Turn] You may trash this Character: Set up to 2 of your DON!! cards as active.,,https://en.onepiece-cardgame.com/images/cardlist/card/OP04-032_p3.png?250502,0,True
OP04-083-5,OP04-083,5,Sabo,343.0,SR,Black,OP04,6000.0,5.0,1000.0,"[Blocker] (After your opponent declares an attack, you may rest this card to make it the new target of the attack.)[On Play] None of your Characters can be K.O.'d by effects until the start of your next turn. Then, draw 2 cards and trash 2 cards from your hand.",,https://en.onepiece-cardgame.com/images/cardlist/card/OP04-083_p5.png?250502,0,True
OP04-095-1,OP04-095,1,Barrier!! (Parallel),,C,Black,OP04,,1.0,,"[Counter] Up to 1 of your Leader or Character cards gains +2000 power during this battle. Then, if you have 15 or more cards in your trash, that card gains an additional +2000 power during this battle.",[Trigger] Draw 2 cards and trash 1 card from your hand.,https://en.onepiece-cardgame.com/images/cardlist/card/OP04-095_p1.png?250502,0,False
OP04-105-1,OP04-105,1,Charlotte Amande (Parallel),1237.0,R,Yellow,OP04,3000.0,3.0,2000.0,[Activate: Main] [Once Per Turn] You may trash 1 card with a [Trigger] from your hand: Rest up to 1 of your opponent's Characters with a cost of 2 or less.,,https://en.onepiece-cardgame.com/images/cardlist/card/OP04-105_p1.png?250502,0,True
OP05-004-1,OP05-004,1,Emporio.Ivankov,1043.0,UC,Red,OP05,5000.0,4.0,1000.0,"[Activate: Main] [Once Per Turn] If this Character has 7000 power or more, play up to 1 {Revolutionary Army} type Character card with 5000 power or less other than [Emporio.Ivankov] from your hand.",,https://en.onepiece-cardgame.com/images/cardlist/card/OP05-004_p1.png?250502,0,True
OP05-005-1,OP05-005,1,Karasu (Parallel),764.0,R,Red,OP05,5000.0,4.0,1000.0,"[On Play] If your Leader has the {Revolutionary Army} type, give up to 1 of your opponent's Leader or Character cards −1000 power during this turn.[When Attacking] If this Character has 7000 power or more, give up to 1 of your opponent's Leader or Character cards −1000 power during this turn.",,https://en.onepiece-cardgame.com/images/cardlist/card/OP05-005_p1.png?250502,0,True
OP05-019-1,OP05-019,1,Fire Fist (Parallel),,R,Red,OP05,,2.0,,"[Main] Give up to 1 of your opponent's Characters −4000 power during this turn. Then, if you have 2 or less Life cards, K.O. up to 1 of your opponent's Characters with 0 power or less.",[Trigger] Activate this card's [Main] effect.,https://en.onepiece-cardgame.com/images/cardlist/card/OP05-019_p1.png?250502,0,False
OP05-030-1,OP05-030,1,Donquixote Rosinante,1068.0,R,Green,OP05,1000.0,2.0,1000.0,"[Blocker] (After your opponent declares an attack, you may rest this card to make it the new target of the attack.)[Opponent's Turn] If your rested Character would be K.O.'d, you may trash this Character instead.",,https://en.onepiece-cardgame.com/images/cardlist/card/OP05-030_p1.png?250502,0,True
OP05-093-3,OP05-093,3,Rob Lucci,369.0,SR,Black,OP05,6000.0,4.0,,[On Play] You may place 3 cards from your trash at the bottom of your deck in any order: K.O. up to 1 of your opponent's Characters with a cost of 2 or less and up to 1 of your opponent's Characters with a cost of 1 or less.,,https://en.onepiece-cardgame.com/images/cardlist/card/OP05-093_p3.png?250502,0,True
OP05-093-4,OP05-093,4,Rob Lucci,369.0,SR,Black,OP05,6000.0,4.0,,[On Play] You may place 3 cards from your trash at the bottom of your deck in any order: K.O. up to 1 of your opponent's Characters with a cost of 2 or less and up to 1 of your opponent's Characters with a cost of 1 or less.,,https://en.onepiece-cardgame.com/images/cardlist/card/OP05-093_p4.png?250502,0,True
OP05-114-1,OP05-114,1,El Thor (Parallel),,UC,Yellow,OP05,,1.0,,"[Counter] Up to 1 of your Leader or Character cards gains +2000 power during this battle. Then, if your opponent has 2 or less Life cards, that card gains an additional +2000 power during this battle.",[Trigger] K.O. up to 1 of your opponent's Characters with a cost equal to or less than the number of your opponent's Life cards.,https://en.onepiece-cardgame.com/images/cardlist/card/OP05-114_p1.png?250502,0,False
OP06-016-1,OP06-016,1,Raise Max,,UC,Red,OP06,2000.0,1.0,,[Activate: Main] You may place this Character at the bottom of the owner's deck: Give up to 1 of your opponent's Characters −3000 power during this turn.,,https://en.onepiece-cardgame.com/images/cardlist/card/OP06-016_p1.png?250502,0,False
OP06-038-1,OP06-038,1,The Billion-fold World Trichiliocosm (Parallel),,UC,Green,OP06,,1.0,,"[Counter] Up to 1 of your Leader or Character cards gains +2000 power during this battle. Then, if you have 8 or more rested cards, that card gains an additional +2000 power during this battle.",[Trigger] K.O. up to 1 of your opponent's rested Characters with a cost of 3 or less.,https://en.onepiece-cardgame.com/images/cardlist/card/OP06-038_p1.png?250502,0,False
OP06-090-1,OP06-090,1,Dr. Hogback,882.0,R,Black,OP06,5000.0,4.0,1000.0,[On Play] You may return 2 cards from your trash to the bottom of your deck in any order: Add up to 1 {Thriller Bark Pirates} type card other than [Dr. Hogback] from your trash to your hand.,,https://en.onepiece-cardgame.com/images/cardlist/card/OP06-090_p1.png?250502,0,True
OP06-104-1,OP06-104,1,Kikunojo (Parallel),746.0,R,Yellow,OP06,6000.0,4.0,,"[On K.O.] If your opponent has 3 or less Life cards, add up to 1 card from the top of your deck to the top of your Life cards.","[Trigger] If your opponent has 3 or less Life cards, play this card.",https://en.onepiece-cardgame.com/images/cardlist/card/OP06-104_p1.png?250502,0,True
OP06-118-4,OP06-118,4,Roronoa Zoro,357.0,SEC,Green,OP06,9000.0,9.0,,[When Attacking] [Once Per Turn] ➀ (You may rest the specified number of DON!! cards in your cost area.): Set this Character as active.[Activate: Main] [Once Per Turn] ➁ (You may rest the specified number of DON!! cards in your cost area.): Set this Character as active.,,https://en.onepiece-cardgame.com/images/cardlist/card/OP06-118_p4.png?250502,0,True
OP07-064-2,OP07-064,2,Sanji,326.0,SR,Purple,OP07,6000.0,6.0,2000.0,"If the number of DON!! cards on your field is at least 2 less than the number on your opponent's field, give this card in your hand −3 cost.[Blocker] (After your opponent declares an attack, you may rest this card to make it the new target of the attack.)",,https://en.onepiece-cardgame.com/images/cardlist/card/OP07-064_p2.png?250502,0,True
OP07-109-2,OP07-109,2,Monkey.D.Luffy,558.0,SR,Yellow,OP07,6000.0,5.0,1000.0,"[Activate: Main] You may trash this Character: If you have 2 or less Life cards, K.O. up to 1 of your opponent's Characters with a cost of 4 or less. Then, draw 1 card.",[Trigger] K.O. up to 1 of your opponent's Characters with a cost of 4 or less.,https://en.onepiece-cardgame.com/images/cardlist/card/OP07-109_p2.png?250502,0,True
OP08-040-1,OP08-040,1,Atmos,1344.0,UC,Blue,OP08,5000.0,4.0,1000.0,"[On Play] You may reveal 2 cards with a type including ""Whitebeard Pirates"" from your hand: If your Leader's type includes ""Whitebeard Pirates"", return up to 1 of your opponent's Characters with a cost of 4 or less to the owner's hand.",,https://en.onepiece-cardgame.com/images/cardlist/card/OP08-040_p1.png?250502,0,True
OP08-069-2,OP08-069,2,Charlotte Linlin,1196.0,SR,Purple,OP08,9000.0,9.0,,"[On Play] DON!! −1, You may trash 1 card from your hand: Add up to 1 card from the top of your deck to the top of your Life cards. Then, add up to 1 of your opponent's Characters with a cost of 6 or less to the top or bottom of your opponent's Life cards face-up.",,https://en.onepiece-cardgame.com/images/cardlist/card/OP08-069_p2.png?250502,0,True
OP08-105-2,OP08-105,2,Jewelry Bonney,809.0,SR,Yellow,OP08,4000.0,3.0,1000.0,"[DON!! x1] [Your Turn] [Once Per Turn] When a card is removed from your opponent's Life cards, draw 2 cards and trash 1 card from your hand.",[Trigger] Draw 2 cards and trash 1 card from your hand.,https://en.onepiece-cardgame.com/images/cardlist/card/OP08-105_p2.png?250502,0,True
OP08-105-3,OP08-105,3,Jewelry Bonney,809.0,SR,Yellow,OP08,4000.0,3.0,1000.0,"[DON!! x1] [Your Turn] [Once Per Turn] When a card is removed from your opponent's Life cards, draw 2 cards and trash 1 card from your hand.",[Trigger] Draw 2 cards and trash 1 card from your hand.,https://en.onepiece-cardgame.com/images/cardlist/card/OP08-105_p3.png?250502,0,True
OP10-042-2,OP10-042,2,Usopp,136.0,L,Blue/Black,OP10,5000.0,,,"All of your {Dressrosa} type Characters with a cost of 2 or more gain +1 cost.[Opponent's Turn] [Once Per Turn] This effect can be activated when your {Dressrosa} type Character is removed from the field by your opponent's effect or K.O.'d. If you have 5 or less cards in your hand, draw 1 card.",,https://en.onepiece-cardgame.com/images/cardlist/card/OP10-042_p2.png?250502,0,True
P-001-1,P-001,1,Monkey.D.Luffy,558.0,P,Red,P,7000.0,6.0,,[DON!! x2] This Character gains [Rush].(This card can attack on the turn in which it is played.),,https://en.onepiece-cardgame.com/images/cardlist/card/P-001_p1.png?250502,0,True
P-011-1,P-011,1,Uta (Parallel),134.0,L,Red,P,5000.0,,,[Activate: Main] [Once Per Turn] ① (You may rest the specified number of DON!! cards in your cost area.): Up to 1 of your Characters with no base effect gains +2000 power during this turn.,,https://en.onepiece-cardgame.com/images/cardlist/card/P-011_p1.png?250502,0,True
P-016-2,P-016,2,Shanks (Parallel),290.0,P,Red,P,10000.0,8.0,1000.0,-,,https://en.onepiece-cardgame.com/images/cardlist/card/P-016_p2.png?250502,0,True
P-022-2,P-022,2,Monkey.D.Luffy (Parallel),558.0,P,Red,P,6000.0,4.0,1000.0,-,,https://en.onepiece-cardgame.com/images/cardlist/card/P-022_p2.png?250502,0,True
P-031-1,P-031,1,Uta (Parallel),134.0,P,Purple,P,6000.0,5.0,,[On Play] Add up to 1 DON!! card from your DON!! deck and rest it.,,https://en.onepiece-cardgame.com/images/cardlist/card/P-031_p1.png?250502,0,True
P-041-6,P-041,6,Monkey.D.Luffy,558.0,P,Purple,P,12000.0,10.0,1000.0,-,,https://en.onepiece-cardgame.com/images/cardlist/card/P-041_p6.png?250502,0,True
P-047-1,P-047,1,Monkey.D.Luffy (Parallel),558.0,P,Blue,P,5000.0,,,[DON!! x1] [When Attacking] Draw 1 card if you have 3 or less cards in your hand.,,https://en.onepiece-cardgame.com/images/cardlist/card/P-047_p1.png?250502,0,True
P-048-1,P-048,1,Arlong (Parallel),1356.0,P,Blue,P,4000.0,3.0,1000.0,"[DON!! x1] [When Attacking] If you have 4 or more Life cards, your opponent places 1 card from their hand at the bottom of their deck.",,https://en.onepiece-cardgame.com/images/cardlist/card/P-048_p1.png?250502,0,True
P-049-1,P-049,1,Usopp (Parallel),136.0,P,Blue,P,3000.0,2.0,1000.0,[On Play] Look at 5 cards from the top of your deck and place them at the top or bottom of the deck in any order.,,https://en.onepiece-cardgame.com/images/cardlist/card/P-049_p1.png?250502,0,True
P-050-1,P-050,1,Sanji (Parallel),326.0,P,Blue,P,2000.0,3.0,1000.0,"[Blocker] (After your opponent declares an attack, you may rest this card to make it the new target of the attack.)[DON!! x1] [Your Turn] If you have 3 or less cards in your hand, this Character gains +4000 power.",,https://en.onepiece-cardgame.com/images/cardlist/card/P-050_p1.png?250502,0,True
P-051-1,P-051,1,Shanks (Parallel),290.0,P,Blue,P,9000.0,7.0,,[When Attacking] You may trash any number of cards from your hand. This Character gains +1000 power during this battle for every card trashed.,,https://en.onepiece-cardgame.com/images/cardlist/card/P-051_p1.png?250502,0,True
P-052-1,P-052,1,Dracule Mihawk (Parallel),1061.0,P,Blue,P,7000.0,6.0,1000.0,[DON!! x1] This Character cannot be K.O.'d in battle by <Slash> attribute cards.,,https://en.onepiece-cardgame.com/images/cardlist/card/P-052_p1.png?250502,0,True
P-053-1,P-053,1,Nami (Parallel),515.0,P,Blue,P,1000.0,1.0,2000.0,"[On Play] If you have 3 or less cards in your hand, return up to 1 of your opponent's Characters with a cost of 3 or less to the owner's hand.",,https://en.onepiece-cardgame.com/images/cardlist/card/P-053_p1.png?250502,0,True
P-055-1,P-055,1,Monkey.D.Luffy (Parallel),558.0,P,Blue,P,5000.0,4.0,1000.0,[On Play] You may trash 2 cards from your hand: Your opponent places 1 of their Characters at the bottom of the owner's deck.,,https://en.onepiece-cardgame.com/images/cardlist/card/P-055_p1.png?250502,0,True
P-056-1,P-056,1,Roronoa Zoro (Parallel),357.0,P,Blue,P,6000.0,4.0,,[On Play] ➁ (You may rest the specified number of DON!! cards in your cost area.): Return up to 1 Character with a cost of 5 or less to the owner's hand.,,https://en.onepiece-cardgame.com/images/cardlist/card/P-056_p1.png?250502,0,True
P-072-1,P-072,1,Ryuma,292.0,P,Green,P,6000.0,4.0,,[On Play]/[On K.O.] Rest up to 1 of your opponent's Characters with a cost of 4 or less.,,https://en.onepiece-cardgame.com/images/cardlist/card/P-072_p1.png?250502,0,True
P-073-0,P-073,0,Sabo,343.0,P,Yellow,P,5000.0,5.0,2000.0,[Activate: Main] [Once Per Turn] You may add 1 card from the top or bottom of your Life cards to your hand: This Character gains +1000 power during this turn.,,https://en.onepiece-cardgame.com/images/cardlist/card/P-073.png?250502,0,True
P-073-1,P-073,1,Sabo,343.0,P,Yellow,P,5000.0,5.0,2000.0,[Activate: Main] [Once Per Turn] You may add 1 card from the top or bottom of your Life cards to your hand: This Character gains +1000 power during this turn.,,https://en.onepiece-cardgame.com/images/cardlist/card/P-073_p1.png?250502,0,True
P-074-0,P-074,0,Portgas.D.Ace,416.0,P,Blue,P,4000.0,3.0,1000.0,[Activate: Main] You may return this Character to the owner's hand: Look at 5 cards from the top of your deck and place them at the top or bottom of the deck in any order.,,https://en.onepiece-cardgame.com/images/cardlist/card/P-074.png?250502,0,True
P-074-1,P-074,1,Portgas.D.Ace,416.0,P,Blue,P,4000.0,3.0,1000.0,[Activate: Main] You may return this Character to the owner's hand: Look at 5 cards from the top of your deck and place them at the top or bottom of the deck in any order.,,https://en.onepiece-cardgame.com/images/cardlist/card/P-074_p1.png?250502,0,True
P-075-0,P-075,0,Monkey.D.Luffy,558.0,P,Black,P,7000.0,7.0,,"[On Play] Give up to 1 rested DON!! card to your Leader or 1 of your Characters.[When Attacking] If you have a Character with a cost of 8 or more on your field, draw 1 card and trash 1 card from your hand.",,https://en.onepiece-cardgame.com/images/cardlist/card/P-075.png?250502,0,True
P-075-1,P-075,1,Monkey.D.Luffy,558.0,P,Black,P,7000.0,7.0,,"[On Play] Give up to 1 rested DON!! card to your Leader or 1 of your Characters.[When Attacking] If you have a Character with a cost of 8 or more on your field, draw 1 card and trash 1 card from your hand.",,https://en.onepiece-cardgame.com/images/cardlist/card/P-075_p1.png?250502,0,True
ST01-002-1,ST01-002,1,Usopp,136.0,C,Red,ST01,2000.0,2.0,1000.0,[DON!! x2] [When Attacking] Your opponent cannot activate a [Blocker] Character that has 5000 or more power during this battle.,[Trigger] Play this card.,https://en.onepiece-cardgame.com/images/cardlist/card/ST01-002_p1.png?250502,0,True
ST01-002-4,ST01-002,4,Usopp (Parallel),136.0,C,Red,ST01,2000.0,2.0,1000.0,[DON!! x2] [When Attacking] Your opponent cannot activate a [Blocker] Character that has 5000 or more power during this battle.,[Trigger] Play this card.,https://en.onepiece-cardgame.com/images/cardlist/card/ST01-002_p4.png?250502,0,True
ST01-004-4,ST01-004,4,Sanji (Parallel),326.0,C,Red,ST01,4000.0,2.0,,[DON!! x2] This Character gains [Rush].(This card can attack on the turn in which it is played.),,https://en.onepiece-cardgame.com/images/cardlist/card/ST01-004_p4.png?250502,0,True
ST01-005-1,ST01-005,1,Jinbe,807.0,C,Red,ST01,5000.0,3.0,,[DON!! x1] [When Attacking] Up to 1 of your Leader or Character cards other than this card gains +1000 power during this turn.,,https://en.onepiece-cardgame.com/images/cardlist/card/ST01-005_p1.png?250502,0,True
ST01-006-1,ST01-006,1,Tony Tony.Chopper,175.0,C,Red,ST01,1000.0,1.0,,"[Blocker] (After your opponent declares an attack, you may rest this card to make it the new target of the attack.)",,https://en.onepiece-cardgame.com/images/cardlist/card/ST01-006_p1.png?250502,0,True
ST01-006-4,ST01-006,4,Tony Tony.Chopper (Parallel),175.0,C,Red,ST01,1000.0,1.0,,"[Blocker] (After your opponent declares an attack, you may rest this card to make it the new target of the attack.)",,https://en.onepiece-cardgame.com/images/cardlist/card/ST01-006_p4.png?250502,0,True
ST01-007-5,ST01-007,5,Nami (Parallel),515.0,C,Red,ST01,1000.0,1.0,1000.0,[Activate: Main] [Once Per Turn] Give up to 1 rested DON!! card to your Leader or 1 of your Characters.,,https://en.onepiece-cardgame.com/images/cardlist/card/ST01-007_p5.png?250502,0,True
ST01-007-6,ST01-007,6,Nami,515.0,C,Red,ST01,1000.0,1.0,1000.0,[Activate: Main] [Once Per Turn] Give up to 1 rested DON!! card to your Leader or 1 of your Characters.,,https://en.onepiece-cardgame.com/images/cardlist/card/ST01-007_p6.png?250502,0,True
ST01-007-7,ST01-007,7,Nami,515.0,C,Red,ST01,1000.0,1.0,1000.0,[Activate: Main] [Once Per Turn] Give up to 1 rested DON!! card to your Leader or 1 of your Characters.,,https://en.onepiece-cardgame.com/images/cardlist/card/ST01-007_p7.png?250502,0,True
ST01-008-1,ST01-008,1,Nico Robin,495.0,C,Red,ST01,5000.0,3.0,1000.0,-,,https://en.onepiece-cardgame.com/images/cardlist/card/ST01-008_p1.png?250502,0,True
ST01-010-1,ST01-010,1,Franky,1014.0,C,Red,ST01,6000.0,4.0,1000.0,-,,https://en.onepiece-cardgame.com/images/cardlist/card/ST01-010_p1.png?250502,0,True
ST01-011-4,ST01-011,4,Brook (Parallel),1282.0,C,Red,ST01,3000.0,2.0,2000.0,[On Play] Give up to 2 rested DON!! cards to your Leader or 1 of your Characters.,,https://en.onepiece-cardgame.com/images/cardlist/card/ST01-011_p4.png?250502,0,True
ST01-013-3,ST01-013,3,Roronoa Zoro (Parallel),357.0,SR,Red,ST01,5000.0,3.0,,[DON!! x1] This Character gains +1000 power.,,https://en.onepiece-cardgame.com/images/cardlist/card/ST01-013_p3.png?250502,0,True
ST02-001-2,ST02-001,2,"Eustass""Captain""Kid",1034.0,L,Green,ST02,5000.0,,,[Activate: Main] [Once Per Turn]  ③ (You may rest the specified number of DON!! cards in your cost area.) You may trash 1 card from your hand: Set this Leader as active.,,https://en.onepiece-cardgame.com/images/cardlist/card/ST02-001_p2.png?250502,0,True
ST02-004-2,ST02-004,2,"Capone""Gang""Bege (Parallel)",1259.0,C,Green,ST02,1000.0,1.0,,"[Blocker] (After your opponent declares an attack, you may rest this card to make it the new target of the attack.)",,https://en.onepiece-cardgame.com/images/cardlist/card/ST02-004_p2.png?250502,0,True
ST03-001-1,ST03-001,1,Crocodile,1120.0,L,Blue,ST03,5000.0,,,[Activate: Main] [Once Per Turn] DON!! −4 (You may return the specified number of DON!! cards from your field to your DON!! deck.): Return up to 1 Character with a cost of 5 or less to the owner's hand.,,https://en.onepiece-cardgame.com/images/cardlist/card/ST03-001_p1.png?250502,0,True
ST03-012-1,ST03-012,1,Pacifista (Parallel),406.0,C,Blue,ST03,6000.0,4.0,1000.0,-,,https://en.onepiece-cardgame.com/images/cardlist/card/ST03-012_p1.png?250502,0,True
ST03-013-1,ST03-013,1,Boa Hancock (Parallel),1305.0,C,Blue,ST03,1000.0,3.0,1000.0,"[Blocker] (After your opponent declares an attack, you may rest this card to make it the new target of the attack.)",[Trigger] Play this card.,https://en.onepiece-cardgame.com/images/cardlist/card/ST03-013_p1.png?250502,0,True
ST03-017-1,ST03-017,1,Love-Love Mellow (Parallel),,C,Blue,ST03,,2.0,,"[Counter] Up to 1 of your Leader or Character cards gains +4000 power during this battle. Then, draw 1 card if you have 3 or less cards in your hand.",,https://en.onepiece-cardgame.com/images/cardlist/card/ST03-017_p1.png?250502,0,False
ST04-001-1,ST04-001,1,Kaido,783.0,L,Purple,ST04,5000.0,,,[Activate: Main] [Once Per Turn] DON!! −7 (You may return the specified number of DON!! cards from your field to your DON!! deck.): Trash up to 1 of your opponent's Life cards.,,https://en.onepiece-cardgame.com/images/cardlist/card/ST04-001_p1.png?250502,0,True
ST04-002-1,ST04-002,1,Ulti,147.0,C,Purple,ST04,5000.0,4.0,2000.0,[On Play] DON!! −1 (You may return the specified number of DON!! cards from your field to your DON!! deck.): Play up to 1 [Page One] card with a cost of 4 or less from your hand.,,https://en.onepiece-cardgame.com/images/cardlist/card/ST04-002_p1.png?250502,0,True
ST04-016-1,ST04-016,1,Blast Breath (Parallel),,C,Purple,ST04,,1.0,,[Counter] DON!! −1 (You may return the specified number of DON!! cards from your field to your DON!! deck.): Up to 1 of your Leader or Character cards gains +4000 power during this battle.,,https://en.onepiece-cardgame.com/images/cardlist/card/ST04-016_p1.png?250502,0,False
ST04-017-1,ST04-017,1,Onigashima Island (Parallel),,C,Purple,ST04,,3.0,,"[Activate: Main] You may rest this Stage: If your Leader has the {Animal Kingdom Pirates} type, add up to 1 DON!! card from your DON!! deck and rest it.",,https://en.onepiece-cardgame.com/images/cardlist/card/ST04-017_p1.png?250502,0,False
ST05-002-2,ST05-002,2,Ain,1406.0,C,Purple,ST05,5000.0,4.0,,[On Play] Add up to 1 DON!! card from your DON!! deck and rest it.,,https://en.onepiece-cardgame.com/images/cardlist/card/ST05-002_p2.png?250502,0,True
ST05-004-2,ST05-004,2,Uta (Parallel),134.0,C,Purple,ST05,5000.0,4.0,1000.0,"[Blocker] (After your opponent declares an attack, you may rest this card to make it the new target of the attack.)[On Block] DON!! −1 (You may return the specified number of DON!! cards from your field to your DON!! deck.): Rest up to 1 of your opponent's Characters with a cost of 5 or less.",,https://en.onepiece-cardgame.com/images/cardlist/card/ST05-004_p2.png?250502,0,True
ST05-014-2,ST05-014,2,Buena Festa (Parallel),,C,Purple,ST05,,1.0,2000.0,"[On Play] Look at 5 cards from the top of your deck; reveal up to 1 {FILM} type card other than [Buena Festa] and add it to your hand. Then, place the rest at the bottom of your deck in any order.",,https://en.onepiece-cardgame.com/images/cardlist/card/ST05-014_p2.png?250502,0,False
ST06-008-1,ST06-008,1,Hina (Parallel),894.0,C,Black,ST06,5000.0,3.0,,[On Play] Give up to 1 of your opponent's Characters −4 cost during this turn.,,https://en.onepiece-cardgame.com/images/cardlist/card/ST06-008_p1.png?250502,0,True
ST08-002-2,ST08-002,2,Uta (Parallel),134.0,SR,Black,ST08,3000.0,2.0,,This Character cannot be K.O.'d in battle by Leaders.[Activate: Main] You may rest this Character: Give up to 1 of your opponent's Characters −2 cost during this turn.,,https://en.onepiece-cardgame.com/images/cardlist/card/ST08-002_p2.png?250502,0,True
ST10-013-3,ST10-013,3,"Eustass""Captain""Kid",1034.0,SR,Purple,ST10,8000.0,7.0,,[On Play]/[When Attacking] DON!! −1 (You may return the specified number of DON!! cards from your field to your DON!! deck.): Up to 1 of your Leader gains +1000 power until the start of your next turn.,,https://en.onepiece-cardgame.com/images/cardlist/card/ST10-013_p3.png?250502,0,True
ST10-013-4,ST10-013,4,"Eustass""Captain""Kid",1034.0,SR,Purple,ST10,8000.0,7.0,,[On Play]/[When Attacking] DON!! −1 (You may return the specified number of DON!! cards from your field to your DON!! deck.): Up to 1 of your Leader gains +1000 power until the start of your next turn.,,https://en.onepiece-cardgame.com/images/cardlist/card/ST10-013_p4.png?250502,0,True
ST13-001-2,ST13-001,2,Sabo,343.0,L,Red/Yellow,ST13,5000.0,,,[DON!! x1] [Activate: Main] [Once Per Turn] You may add 1 of your Characters with a cost of 3 or more and 7000 power or more to the top of your Life cards face-up: Up to 1 of your Characters gains +2000 power until the start of your next turn.,,https://en.onepiece-cardgame.com/images/cardlist/card/ST13-001_p2.png?250502,0,True
ST13-001-3,ST13-001,3,Sabo,343.0,L,Red/Yellow,ST13,5000.0,,,[DON!! x1] [Activate: Main] [Once Per Turn] You may add 1 of your Characters with a cost of 3 or more and 7000 power or more to the top of your Life cards face-up: Up to 1 of your Characters gains +2000 power until the start of your next turn.,,https://en.onepiece-cardgame.com/images/cardlist/card/ST13-001_p3.png?250502,0,True
ST13-002-2,ST13-002,2,Portgas.D.Ace,416.0,L,Blue/Yellow,ST13,5000.0,,,"[DON!! x2] [Activate: Main] [Once Per Turn] Look at 5 cards from the top of your deck and add up to 1 Character card with a cost of 5 to the top of your Life cards face-up. Then, place the rest at the bottom of your deck in any order.[End of Your Turn] Trash all your face-up Life cards.",,https://en.onepiece-cardgame.com/images/cardlist/card/ST13-002_p2.png?250502,0,True
ST13-002-3,ST13-002,3,Portgas.D.Ace,416.0,L,Blue/Yellow,ST13,5000.0,,,"[DON!! x2] [Activate: Main] [Once Per Turn] Look at 5 cards from the top of your deck and add up to 1 Character card with a cost of 5 to the top of your Life cards face-up. Then, place the rest at the bottom of your deck in any order.[End of Your Turn] Trash all your face-up Life cards.",,https://en.onepiece-cardgame.com/images/cardlist/card/ST13-002_p3.png?250502,0,True
ST13-003-2,ST13-003,2,Monkey.D.Luffy,558.0,L,Black/Yellow,ST13,5000.0,,,"Your face-up Life cards are placed at the bottom of your deck instead of being added to your hand, according to the rules.[DON!! x2] [Activate: Main] [Once Per Turn] You may trash 1 card from your hand: If you have 0 Life cards, add up to 2 Character cards with a cost of 5 from your hand or trash to the top of your Life cards face-up.",,https://en.onepiece-cardgame.com/images/cardlist/card/ST13-003_p2.png?250502,0,True
ST13-003-3,ST13-003,3,Monkey.D.Luffy,558.0,L,Black/Yellow,ST13,5000.0,,,"Your face-up Life cards are placed at the bottom of your deck instead of being added to your hand, according to the rules.[DON!! x2] [Activate: Main] [Once Per Turn] You may trash 1 card from your hand: If you have 0 Life cards, add up to 2 Character cards with a cost of 5 from your hand or trash to the top of your Life cards face-up.",,https://en.onepiece-cardgame.com/images/cardlist/card/ST13-003_p3.png?250502,0,True
ST13-012-2,ST13-012,2,Makino,641.0,C,Yellow,ST13,,1.0,2000.0,[On Play] You may add 1 card from the top or bottom of your Life cards to your hand: Look at all of your Life cards and place them back in your Life area in any order.,,https://en.onepiece-cardgame.com/images/cardlist/card/ST13-012_p2.png?250502,0,True
ST13-015-2,ST13-015,2,Monkey.D.Luffy,558.0,SR,Yellow,ST13,6000.0,5.0,1000.0,"[Activate: Main] [Once Per Turn] This Character gains +2000 power until the start of your next turn. Then, if you have 1 or more Life cards, draw 1 card and trash 1 card from the top of your Life cards.",,https://en.onepiece-cardgame.com/images/cardlist/card/ST13-015_p2.png?250502,0,True
ST16-001-1,ST16-001,1,Uta,134.0,SR,Green,ST16,6000.0,4.0,,"[Blocker] (After your opponent declares an attack, you may rest this card to make it the new target of the attack.)[Activate: Main] [Once Per Turn] You may trash 1 {FILM} type card from your hand: Give up to 1 rested DON!! card to your Leader or 1 of your Characters.",,https://en.onepiece-cardgame.com/images/cardlist/card/ST16-001_p1.png?250502,0,True
ST16-001-2,ST16-001,2,Uta,134.0,SR,Green,ST16,6000.0,4.0,,"[Blocker] (After your opponent declares an attack, you may rest this card to make it the new target of the attack.)[Activate: Main] [Once Per Turn] You may trash 1 {FILM} type card from your hand: Give up to 1 rested DON!! card to your Leader or 1 of your Characters.",,https://en.onepiece-cardgame.com/images/cardlist/card/ST16-001_p2.png?250502,0,True
ST17-004-1,ST17-004,1,Boa Hancock,1305.0,SR,Blue,ST17,6000.0,4.0,,"[Blocker] (After your opponent declares an attack, you may rest this card to make it the new target of the attack.)[On Play] Look at 3 cards from the top of your deck and place them at the top or bottom of your deck in any order. Then, give up to 1 rested DON!! card to 1 of your {The Seven Warlords of the Sea} type Leader or Character cards.",,https://en.onepiece-cardgame.com/images/cardlist/card/ST17-004_p1.png?250502,0,True
ST17-004-2,ST17-004,2,Boa Hancock,1305.0,SR,Blue,ST17,6000.0,4.0,,"[Blocker] (After your opponent declares an attack, you may rest this card to make it the new target of the attack.)[On Play] Look at 3 cards from the top of your deck and place them at the top or bottom of your deck in any order. Then, give up to 1 rested DON!! card to 1 of your {The Seven Warlords of the Sea} type Leader or Character cards.",,https://en.onepiece-cardgame.com/images/cardlist/card/ST17-004_p2.png?250502,0,True
