appearance_id,episode_id,character_id,appearance_order
1,1,515,1
2,1,1369,2
3,1,730,3
4,1,904,4
5,1,436,5
6,1,422,6
7,1,558,7
8,1,357,8
9,2,558,1
10,2,730,2
11,2,357,3
12,2,376,4
13,2,908,5
14,2,248,6
15,2,377,7
16,2,515,8
17,2,550,9
18,2,283,10
19,2,362,11
20,2,149,12
21,3,357,1
22,3,558,2
23,3,550,3
24,3,730,4
25,3,908,5
26,3,515,6
27,3,1280,7
28,3,376,8
29,3,377,9
30,3,953,10
31,3,374,11
32,3,290,12
33,4,20,1
34,4,515,2
35,4,558,3
36,4,357,4
37,4,290,5
38,4,653,6
39,4,13,7
40,4,82,8
41,4,663,9
42,4,1272,10
43,4,641,11
44,4,898,12
45,4,1293,13
46,4,90,14
47,4,654,15
48,4,428,16
49,4,1280,18
50,5,515,1
51,5,428,3
52,5,558,4
53,5,1280,5
54,5,357,6
55,5,20,7
56,6,1280,1
57,6,515,2
58,6,558,3
59,6,357,4
60,6,382,5
61,6,566,6
62,6,1143,7
63,6,1290,8
64,6,884,9
65,7,382,1
66,7,558,2
67,7,1143,3
68,7,566,4
69,7,357,5
70,7,515,6
71,7,1280,7
72,7,1290,8
73,7,1265,9
74,7,290,10
75,7,654,11
76,7,653,12
77,7,82,13
78,7,13,14
79,8,357,1
80,8,1265,2
81,8,558,3
82,8,515,4
83,8,1280,5
84,8,1290,6
85,8,566,7
86,8,290,8
87,8,264,9
88,8,418,10
89,8,1143,11
90,8,20,12
91,8,136,13
92,9,136,1
93,9,515,2
94,9,357,3
95,9,558,4
96,9,493,5
97,9,427,6
98,9,208,7
99,9,82,8
100,9,653,9
101,9,37,10
102,9,759,11
103,9,694,12
104,9,822,13
105,10,136,1
106,10,759,2
107,10,558,3
108,10,357,4
109,10,208,5
110,10,427,6
111,10,493,7
112,10,515,8
113,10,694,9
114,10,822,10
115,10,37,11
116,10,481,12
117,11,822,1
118,11,694,2
119,11,136,3
120,11,558,4
121,11,515,5
122,11,357,6
123,11,759,7
124,11,493,8
125,11,208,9
126,11,427,10
127,11,607,11
128,12,136,1
129,12,759,2
130,12,607,3
131,12,515,4
132,12,558,5
133,12,357,6
134,12,694,7
135,12,822,8
136,12,493,9
137,12,427,10
138,12,208,11
139,13,694,1
140,13,607,2
141,13,136,3
142,13,558,4
143,13,515,5
144,13,357,6
145,13,822,7
146,13,208,8
147,13,493,9
148,13,427,10
149,13,759,11
150,13,295,12
151,13,1277,13
152,14,295,1
153,14,357,2
154,14,1277,3
155,14,822,4
156,14,515,5
157,14,694,6
158,14,558,7
159,14,136,8
160,14,759,9
161,15,694,1
162,15,822,2
163,15,357,3
164,15,1277,4
165,15,295,5
166,15,515,6
167,15,558,7
168,15,759,8
169,15,136,9
170,15,208,10
171,15,427,11
172,15,493,12
173,15,481,13
174,15,550,14
175,16,427,1
176,16,208,2
177,16,493,3
178,16,759,4
179,16,822,5
180,16,558,6
181,16,694,7
182,16,457,8
183,16,515,9
184,16,136,10
185,16,357,11
186,16,290,12
187,17,558,1
188,17,694,2
189,17,822,3
190,17,759,4
191,17,427,5
192,17,208,6
193,17,493,7
194,17,357,8
195,17,136,9
196,17,515,10
197,17,607,11
198,17,1332,12
199,18,136,1
200,18,357,2
201,18,515,3
202,18,558,4
203,18,137,5
204,18,1136,6
205,18,660,7
206,18,739,9
207,18,999,12
208,19,136,1
209,19,515,2
210,19,558,3
211,19,357,4
212,19,284,5
213,19,283,6
214,19,797,7
215,20,554,1
216,20,1008,2
217,20,357,3
218,20,797,4
219,20,558,5
220,20,136,6
221,20,515,7
222,20,75,8
223,20,1321,9
224,20,64,10
225,20,326,11
226,20,541,12
227,21,450,1
228,21,326,2
229,21,1008,3
230,21,136,4
231,21,515,5
232,21,357,6
233,21,558,7
234,21,64,8
235,21,661,9
236,21,457,10
237,21,971,11
238,21,1250,12
239,21,707,13
240,22,64,1
241,22,326,2
242,22,357,3
243,22,515,4
244,22,558,5
245,22,136,6
246,22,707,7
247,22,1250,8
248,22,450,9
249,22,971,10
250,23,64,1
251,23,707,2
252,23,971,3
253,23,450,4
254,23,1250,5
255,23,326,6
256,23,558,7
257,23,357,8
258,23,136,9
259,23,797,10
260,23,75,11
261,23,515,12
262,23,1061,13
263,24,797,1
264,24,75,2
265,24,558,3
266,24,357,4
267,24,136,5
268,24,515,6
269,24,1061,7
270,24,707,8
271,24,450,9
272,24,64,10
273,24,1250,11
274,24,326,12
275,24,283,13
276,24,284,14
277,25,707,1
278,25,558,2
279,25,64,3
280,25,326,4
281,25,1061,5
282,25,450,6
283,25,1250,7
284,25,444,8
285,25,858,9
286,25,971,10
287,26,971,1
288,26,558,2
289,26,64,3
290,26,326,4
291,26,450,5
292,26,1250,6
293,26,444,7
294,27,558,1
295,27,326,2
296,27,971,3
297,27,64,4
298,27,707,5
299,27,1250,6
300,27,450,7
301,27,444,8
302,28,706,1
303,28,558,2
304,28,1250,3
305,28,450,4
306,28,64,5
307,28,326,6
308,28,971,7
309,29,326,1
310,29,64,2
311,29,558,3
312,29,706,4
313,29,1250,5
314,29,450,6
315,29,971,7
316,29,357,8
317,29,1061,9
318,29,797,10
319,29,75,11
320,29,136,12
321,29,515,13
322,29,457,14
323,30,558,1
324,30,326,2
325,30,64,3
326,30,1250,4
327,30,450,5
328,30,75,6
329,30,515,7
330,31,558,1
331,31,326,2
332,31,75,3
333,31,1061,4
334,31,515,5
335,31,500,6
336,31,1356,7
337,31,1157,8
338,31,692,9
339,31,907,10
340,31,1242,11
341,31,357,12
342,31,797,13
343,31,136,14
344,31,488,15
345,31,568,16
346,32,75,1
347,32,558,2
348,32,326,3
349,32,568,4
350,32,136,5
351,32,488,6
352,32,1242,7
353,32,1356,8
354,32,907,9
355,32,515,10
356,32,11,11
357,32,357,12
358,32,1157,13
359,32,692,14
360,32,978,15
361,32,516,16
362,32,768,17
363,32,426,18
364,33,568,1
365,33,558,2
366,33,75,3
367,33,326,4
368,33,1356,5
369,33,136,6
370,33,426,7
371,33,357,8
372,33,907,9
373,33,692,10
374,33,273,11
375,33,210,12
376,33,1157,13
377,33,797,14
378,34,797,1
379,34,558,2
380,34,357,3
381,34,515,4
382,34,326,5
383,34,75,6
384,34,488,7
385,34,1242,8
386,34,1356,9
387,34,1157,10
388,34,907,11
389,34,692,12
390,34,210,13
391,34,273,14
392,34,410,15
393,34,136,16
394,34,694,17
395,34,1277,18
396,34,295,19
397,34,500,20
398,34,978,21
399,34,516,22
400,34,11,23
401,35,907,1
402,35,692,2
403,35,1157,3
404,35,558,4
405,35,357,5
406,35,488,6
407,35,136,7
408,35,326,8
409,35,515,9
410,35,978,10
411,35,11,11
412,35,516,12
413,35,1356,13
414,35,426,14
415,36,488,1
416,36,515,2
417,36,11,3
418,36,978,4
419,36,1356,5
420,36,692,6
421,36,1157,7
422,36,907,8
423,36,516,9
424,36,426,10
425,36,75,11
426,36,797,12
427,36,136,13
428,36,326,14
429,36,558,15
430,36,500,16
431,37,515,1
432,37,1356,2
433,37,978,3
434,37,500,4
435,37,488,5
436,37,558,6
437,37,516,7
438,37,907,8
439,37,692,9
440,37,1157,10
441,37,136,11
442,37,326,12
443,37,357,13
444,37,75,14
445,37,797,15
446,38,515,1
447,38,1356,2
448,38,558,3
449,38,692,4
450,38,907,5
451,38,1157,6
452,38,210,7
453,38,488,8
454,38,978,9
455,38,516,10
456,38,326,11
457,38,136,12
458,38,357,13
459,38,75,14
460,38,797,15
461,38,568,16
462,39,797,1
463,39,75,2
464,39,558,3
465,39,488,4
466,39,978,5
467,39,357,6
468,39,907,7
469,39,326,8
470,39,692,9
471,39,516,10
472,39,1356,11
473,39,1061,12
474,39,136,13
475,39,1157,14
476,39,283,15
477,39,515,16
478,40,357,1
479,40,1356,2
480,40,692,3
481,40,558,4
482,40,978,5
483,40,326,6
484,40,488,7
485,40,136,8
486,40,1157,9
487,40,797,10
488,40,75,11
489,40,515,12
490,41,326,1
491,41,357,2
492,41,1356,3
493,41,515,4
494,41,516,5
495,41,488,6
496,41,558,7
497,41,797,8
498,41,75,9
499,41,978,10
500,41,136,11
501,41,907,12
502,41,1061,13
503,42,1356,1
504,42,558,2
505,42,326,3
506,42,357,4
507,42,515,5
508,42,516,6
509,42,75,7
510,42,797,8
511,42,136,9
512,42,488,10
513,42,978,11
514,42,654,12
515,43,1356,1
516,43,558,2
517,43,75,3
518,43,797,4
519,43,515,5
520,43,136,6
521,43,326,7
522,43,488,8
523,43,978,9
524,43,516,10
525,43,357,11
526,43,500,12
527,43,11,13
528,43,907,14
529,43,692,15
530,43,1157,16
531,44,488,1
532,44,1242,2
533,44,558,3
534,44,326,4
535,44,136,5
536,44,357,6
537,44,516,7
538,44,797,8
539,44,75,9
540,44,515,10
541,44,978,11
542,44,11,12
543,45,515,1
544,45,136,2
545,45,558,3
546,45,326,4
547,45,357,5
548,45,1285,6
549,45,801,7
550,45,1280,8
551,45,707,9
552,45,1356,10
553,45,607,11
554,45,759,12
555,45,730,13
556,45,908,14
557,45,550,15
558,45,376,16
559,45,377,17
560,45,374,18
561,45,694,19
562,45,64,20
563,45,1250,21
564,45,450,22
565,45,1008,23
566,45,554,24
567,45,1114,26
568,45,1369,30
569,45,1061,32
570,45,13,33
571,45,82,34
572,45,290,35
573,45,653,36
574,45,938,37
575,45,90,38
576,45,641,39
577,46,558,1
578,46,357,2
579,46,326,3
580,46,136,4
581,46,515,5
582,46,1280,6
583,46,999,7
584,46,1369,8
585,47,1280,1
586,47,1369,2
587,47,1265,3
588,47,1143,4
589,47,382,5
590,47,566,6
591,47,35,7
592,47,558,8
593,47,357,9
594,47,515,10
595,47,136,11
596,47,326,12
597,48,558,1
598,48,326,2
599,48,357,3
600,48,515,4
601,48,136,5
602,48,922,6
603,48,1369,8
604,48,258,9
605,48,633,10
606,48,72,11
607,48,996,12
608,48,200,13
609,48,712,14
610,48,953,17
611,49,258,1
612,49,558,2
613,49,326,3
614,49,382,4
615,49,566,5
616,49,1280,7
617,49,1265,8
618,49,200,10
619,49,357,11
620,49,515,12
621,49,842,13
622,49,845,14
623,50,200,1
624,50,258,2
625,50,357,6
626,50,558,7
627,50,136,8
628,50,515,10
629,50,82,11
630,50,13,12
631,50,290,13
632,50,653,14
633,50,457,15
634,50,326,16
635,51,326,2
636,51,668,3
637,51,594,5
638,51,64,6
639,51,1250,7
640,51,450,8
641,51,382,9
642,51,457,10
643,51,1280,11
644,51,566,12
645,51,558,13
646,51,357,14
647,51,324,15
648,51,515,16
649,51,136,17
650,51,331,18
651,51,1265,21
652,51,258,22
653,51,1369,23
654,52,258,1
655,52,200,2
656,52,558,3
657,52,1369,4
658,52,457,5
659,52,1280,6
660,52,1265,7
661,52,515,8
662,52,326,9
663,52,136,10
664,52,357,11
665,52,382,12
666,52,566,13
667,52,953,14
668,52,560,15
669,53,560,1
670,53,558,2
671,53,326,3
672,53,357,4
673,53,1265,5
674,53,1369,6
675,53,1280,7
676,53,258,8
677,53,515,9
678,53,136,10
679,53,566,11
680,53,382,12
681,53,200,13
682,53,283,14
683,54,1036,3
684,54,558,4
685,54,515,5
686,54,326,6
687,54,136,7
688,54,357,8
689,55,515,2
690,55,357,3
691,55,136,4
692,55,558,5
693,55,326,6
694,55,1036,14
695,56,515,2
696,56,558,3
697,56,136,4
698,56,357,5
699,56,326,6
700,56,1036,7
701,56,457,10
702,57,1036,1
703,57,558,4
704,57,136,5
705,57,357,6
706,57,515,7
707,57,326,9
708,58,558,1
709,58,136,2
710,58,357,3
711,58,515,4
712,58,326,5
713,58,1036,8
714,59,1036,2
715,59,136,3
716,59,357,6
717,59,558,7
718,59,515,8
719,59,326,9
720,60,558,2
721,60,515,4
722,60,136,5
723,60,357,6
724,60,326,7
725,60,1036,10
726,61,558,2
727,61,1036,3
728,61,515,4
729,61,357,5
730,61,326,6
731,61,136,7
732,62,558,1
733,62,357,2
734,62,515,3
735,62,326,4
736,62,136,5
737,62,679,6
738,62,1118,7
739,62,535,9
740,63,679,1
741,63,1118,2
742,63,558,3
743,63,136,4
744,63,357,5
745,63,515,6
746,63,326,7
747,63,535,10
748,63,530,11
749,63,586,12
750,64,515,1
751,64,558,2
752,64,136,3
753,64,326,4
754,64,535,5
755,64,357,7
756,64,457,8
757,64,529,9
758,64,855,11
759,64,530,12
760,64,586,13
761,64,581,14
762,64,525,15
763,65,535,1
764,65,855,2
765,65,509,3
766,65,581,4
767,65,357,5
768,65,558,6
769,65,326,7
770,65,136,8
771,65,515,9
772,65,529,10
773,65,589,11
774,65,763,12
775,65,530,13
776,65,586,14
777,65,983,15
778,65,601,16
779,66,357,1
780,66,855,2
781,66,509,3
782,66,535,4
783,66,983,5
784,66,601,6
785,66,558,7
786,66,763,8
787,66,515,9
788,66,581,10
789,67,983,1
790,67,601,2
791,67,357,3
792,67,558,4
793,67,763,5
794,67,509,6
795,67,515,7
796,67,855,8
797,67,530,9
798,67,586,10
799,67,136,11
800,67,326,12
801,67,495,13
802,67,1333,14
803,68,515,1
804,68,509,2
805,68,558,3
806,68,763,4
807,68,326,5
808,68,136,6
809,68,357,7
810,68,1356,8
811,68,707,9
812,68,694,10
813,68,550,11
814,68,730,12
815,68,908,13
816,68,376,14
817,68,377,15
818,68,374,16
819,68,559,17
820,68,1297,18
821,69,136,1
822,69,763,2
823,69,357,3
824,69,515,4
825,69,509,5
826,69,326,6
827,69,558,7
828,69,730,9
829,69,908,10
830,69,559,11
831,69,1297,12
832,69,376,13
833,69,377,14
834,70,558,1
835,70,357,2
836,70,509,3
837,70,326,4
838,70,763,5
839,70,136,6
840,70,515,7
841,70,996,8
842,70,629,9
843,70,329,10
844,70,457,11
845,70,495,12
846,70,1283,14
847,71,1283,1
848,71,136,2
849,71,515,3
850,71,558,4
851,71,763,5
852,71,509,6
853,71,1062,8
854,71,326,9
855,71,357,10
856,71,983,11
857,71,601,12
858,71,996,13
859,71,629,14
860,72,1283,1
861,72,1062,2
862,72,558,3
863,72,509,4
864,72,763,5
865,72,136,6
866,72,515,7
867,72,601,8
868,72,983,9
869,72,357,10
870,72,326,11
871,72,996,12
872,72,629,13
873,73,515,1
874,73,136,2
875,73,1283,3
876,73,1062,4
877,73,558,5
878,73,509,6
879,73,763,7
880,73,601,8
881,73,983,9
882,73,357,10
883,73,996,11
884,73,629,12
885,74,1283,1
886,74,996,2
887,74,1062,3
888,74,629,4
889,74,509,5
890,74,601,6
891,74,763,7
892,74,136,8
893,74,558,9
894,74,983,10
895,74,515,11
896,74,357,12
897,74,855,13
898,75,558,1
899,75,996,2
900,75,136,3
901,75,763,4
902,75,983,5
903,75,601,6
904,75,629,7
905,75,357,8
906,75,515,9
907,75,509,10
908,75,1283,11
909,76,136,1
910,76,983,2
911,76,763,3
912,76,558,4
913,76,629,5
914,76,601,6
915,76,326,7
916,76,515,8
917,76,357,9
918,76,509,10
919,76,1283,11
920,76,996,12
921,76,1062,13
922,77,1283,1
923,77,515,2
924,77,357,3
925,77,136,4
926,77,763,5
927,77,558,6
928,77,509,7
929,77,1062,8
930,77,326,9
931,77,530,11
932,77,586,12
933,77,495,13
934,77,838,14
935,78,1283,1
936,78,1062,2
937,78,558,3
938,78,515,4
939,78,326,5
940,78,509,6
941,78,763,7
942,78,357,8
943,78,136,9
944,78,69,11
945,78,855,12
946,78,15,13
947,78,1380,14
948,78,1120,15
949,78,1166,16
950,79,515,1
951,79,509,2
952,79,326,3
953,79,558,4
954,79,136,5
955,79,357,6
956,79,1166,7
957,79,102,8
958,79,763,9
959,79,691,10
960,79,258,11
961,79,200,12
962,79,531,13
963,79,1104,14
964,80,509,1
965,80,558,2
966,80,357,3
967,80,136,4
968,80,326,5
969,80,763,6
970,80,515,7
971,80,1104,8
972,80,505,9
973,80,698,10
974,80,21,11
975,80,102,12
976,80,1166,13
977,81,326,1
978,81,558,2
979,81,515,3
980,81,136,4
981,81,509,5
982,81,1104,6
983,81,505,7
984,81,205,8
985,81,698,9
986,81,175,10
987,81,357,11
988,81,763,12
989,81,102,13
990,81,1166,14
991,81,691,15
992,81,372,16
993,82,558,1
994,82,326,2
995,82,515,3
996,82,1104,4
997,82,509,5
998,82,136,6
999,82,102,7
1000,82,372,8
1001,82,691,9
1002,82,1166,10
1003,82,357,12
1004,83,558,1
1005,83,326,2
1006,83,515,3
1007,83,1166,4
1008,83,372,5
1009,83,102,6
1010,83,691,7
1011,83,509,8
1012,83,136,9
1013,83,357,10
1014,83,175,11
1015,83,698,12
1016,84,515,1
1017,84,175,2
1018,84,698,3
1019,84,558,4
1020,84,326,5
1021,84,372,6
1022,84,102,7
1023,84,691,8
1024,84,1166,9
1025,84,509,10
1026,84,136,11
1027,84,357,12
1028,84,1104,13
1029,85,175,1
1030,85,558,2
1031,85,326,3
1032,85,515,4
1033,85,698,5
1034,85,889,6
1035,86,558,1
1036,86,175,2
1037,86,515,3
1038,86,326,4
1039,86,889,5
1040,86,698,6
1041,86,1104,7
1042,86,102,8
1043,86,691,9
1044,86,1166,10
1045,86,372,12
1046,87,558,1
1047,87,1166,2
1048,87,102,3
1049,87,691,4
1050,87,372,5
1051,87,175,6
1052,87,698,7
1053,87,326,8
1054,87,889,9
1055,87,1104,10
1056,87,515,11
1057,87,1160,12
1058,88,889,1
1059,88,175,2
1060,88,558,3
1061,88,102,4
1062,88,326,5
1063,88,698,6
1064,88,1160,7
1065,88,1104,8
1066,88,509,9
1067,88,136,10
1068,88,357,12
1069,88,457,13
1070,88,515,14
1071,89,515,1
1072,89,102,2
1073,89,558,3
1074,89,326,4
1075,89,175,5
1076,89,1104,6
1077,89,509,7
1078,89,136,8
1079,89,357,9
1080,89,691,10
1081,89,1166,11
1082,89,698,12
1083,89,889,13
1084,90,889,1
1085,90,175,2
1086,90,558,3
1087,90,1104,4
1088,90,509,5
1089,90,136,6
1090,90,357,7
1091,90,698,8
1092,90,326,9
1093,90,515,10
1094,91,558,1
1095,91,136,2
1096,91,175,3
1097,91,357,4
1098,91,509,5
1099,91,326,6
1100,91,515,7
1101,91,763,8
1102,91,698,9
1103,91,1104,10
1104,91,102,11
1105,91,691,12
1106,91,1166,13
1107,91,510,14
1108,91,1240,15
1109,91,441,16
1110,91,186,17
1111,91,855,19
1112,91,953,22
1113,91,1120,23
1114,91,1102,24
1115,91,65,25
1116,91,15,26
1117,91,996,27
1118,91,629,28
1119,91,1341,29
1120,91,1058,30
1121,91,983,31
1122,91,601,32
1123,91,581,33
1124,91,535,34
1125,91,531,35
1126,91,530,36
1127,91,586,37
1128,91,1380,38
1129,91,495,39
1130,92,408,1
1131,92,1120,2
1132,92,441,3
1133,92,1240,4
1134,92,510,5
1135,92,515,6
1136,92,509,7
1137,92,326,8
1138,92,558,9
1139,92,763,10
1140,92,175,11
1141,92,136,12
1142,92,357,13
1143,92,15,14
1144,92,1380,15
1145,93,509,1
1146,93,763,2
1147,93,515,3
1148,93,357,4
1149,93,136,5
1150,93,326,6
1151,93,558,7
1152,93,175,8
1153,93,612,9
1154,93,714,11
1155,94,416,1
1156,94,175,2
1157,94,136,3
1158,94,515,4
1159,94,357,5
1160,94,200,6
1161,94,258,7
1162,94,558,8
1163,94,74,10
1164,94,509,11
1165,94,326,12
1166,94,763,13
1167,95,416,1
1168,95,258,2
1169,95,457,3
1170,95,136,4
1171,95,509,5
1172,95,175,6
1173,95,326,7
1174,95,515,8
1175,95,558,9
1176,95,357,10
1177,95,763,11
1178,95,531,12
1179,95,527,13
1180,95,200,16
1181,96,510,1
1182,96,1240,2
1183,96,441,3
1184,96,509,4
1185,96,326,5
1186,96,136,6
1187,96,558,7
1188,96,416,8
1189,96,175,9
1190,96,357,10
1191,96,763,11
1192,96,515,12
1193,96,1120,13
1194,96,495,14
1195,96,527,17
1196,97,558,1
1197,97,515,2
1198,97,357,3
1199,97,175,4
1200,97,136,5
1201,97,416,6
1202,97,326,7
1203,97,509,8
1204,97,612,10
1205,98,558,1
1206,98,136,2
1207,98,612,3
1208,98,515,4
1209,98,509,5
1210,98,326,6
1211,98,175,7
1212,98,357,8
1213,98,416,9
1214,98,855,13
1215,98,510,14
1216,99,558,1
1217,99,326,2
1218,99,509,4
1219,99,175,7
1220,99,357,8
1221,99,136,9
1222,99,612,10
1223,99,515,11
1224,99,416,14
1225,99,714,15
1226,99,1240,16
1227,99,441,17
1228,100,612,1
1229,100,509,2
1230,100,515,3
1231,100,558,4
1232,100,136,5
1233,100,326,6
1234,100,416,7
1235,100,357,8
1236,100,175,9
1237,100,510,10
1238,100,714,11
1239,100,170,12
1240,100,763,13
1241,100,855,14
1242,100,1349,15
1243,100,1385,16
1244,100,472,17
1245,100,752,18
1246,100,517,19
1247,100,1240,20
1248,100,441,21
1249,101,416,3
1250,101,558,4
1251,101,136,5
1252,101,326,6
1253,101,357,7
1254,101,509,8
1255,101,515,9
1256,101,175,11
1257,101,612,12
1258,102,357,1
1259,102,175,2
1260,102,558,3
1261,102,326,4
1262,102,136,5
1263,102,509,6
1264,102,515,7
1265,102,612,8
1266,102,1356,9
1267,103,136,1
1268,103,357,2
1269,103,509,3
1270,103,558,4
1271,103,175,5
1272,103,326,6
1273,103,612,7
1274,103,515,8
1275,103,1120,9
1276,103,495,10
1277,103,65,11
1278,103,1058,12
1279,103,1341,13
1280,103,670,14
1281,103,15,15
1282,103,1380,16
1283,103,996,17
1284,103,1102,18
1285,103,1333,19
1286,103,170,20
1287,103,714,21
1288,104,136,1
1289,104,357,2
1290,104,175,3
1291,104,509,4
1292,104,326,5
1293,104,515,6
1294,104,170,7
1295,104,558,8
1296,104,457,9
1297,104,15,10
1298,104,65,11
1299,104,1341,12
1300,104,1058,13
1301,104,495,14
1302,104,1102,15
1303,104,1120,16
1304,104,996,17
1305,104,1333,18
1306,104,714,19
1307,104,752,20
1308,104,472,21
1309,104,1030,22
1310,104,1240,23
1311,104,441,24
1312,104,855,25
1313,105,509,1
1314,105,136,2
1315,105,175,3
1316,105,326,4
1317,105,357,5
1318,105,515,6
1319,105,558,7
1320,105,612,8
1321,105,170,9
1322,105,769,10
1323,105,714,11
1324,105,1030,12
1325,105,1036,13
1326,105,752,14
1327,105,472,15
1328,105,1240,16
1329,105,441,17
1330,105,510,18
1331,105,763,19
1332,105,1120,20
1333,105,258,21
1334,105,200,22
1335,105,457,23
1336,105,495,24
1337,106,558,1
1338,106,136,2
1339,106,357,3
1340,106,515,4
1341,106,457,6
1342,106,146,7
1343,106,41,8
1344,106,258,9
1345,106,495,10
1346,106,175,11
1347,106,200,12
1348,106,326,13
1349,106,1120,14
1350,106,509,15
1351,106,441,16
1352,106,763,17
1353,106,510,18
1354,106,714,19
1355,106,170,20
1356,107,714,1
1357,107,170,2
1358,107,510,3
1359,107,752,4
1360,107,1240,5
1361,107,1120,6
1362,107,509,7
1363,107,515,8
1364,107,136,9
1365,107,558,10
1366,107,495,11
1367,107,357,12
1368,107,258,13
1369,107,15,14
1370,107,769,15
1371,107,1036,16
1372,107,1102,17
1373,107,65,18
1374,107,1380,19
1375,107,1030,20
1376,107,1333,21
1377,108,1240,1
1378,108,714,2
1379,108,752,3
1380,108,509,4
1381,108,1120,5
1382,108,357,6
1383,108,258,7
1384,108,515,8
1385,108,136,9
1386,108,558,10
1387,108,495,11
1388,108,170,12
1389,108,855,13
1390,108,996,14
1391,108,15,15
1392,108,175,16
1393,108,146,17
1394,108,1102,18
1395,108,1333,19
1396,108,65,20
1397,108,326,21
1398,109,175,1
1399,109,326,2
1400,109,509,3
1401,109,1120,5
1402,109,495,6
1403,109,136,7
1404,109,558,8
1405,109,515,9
1406,109,357,10
1407,109,258,11
1408,109,996,12
1409,110,326,1
1410,110,357,2
1411,110,136,3
1412,110,509,4
1413,110,515,5
1414,110,558,6
1415,110,258,7
1416,110,910,8
1417,110,175,9
1418,110,612,10
1419,110,1120,11
1420,110,495,12
1421,110,170,13
1422,110,200,14
1423,111,170,1
1424,111,1120,2
1425,111,558,3
1426,111,910,4
1427,111,357,5
1428,111,612,6
1429,111,136,7
1430,111,175,8
1431,111,509,9
1432,111,326,10
1433,111,515,11
1434,111,200,12
1435,111,258,13
1436,111,763,15
1437,111,495,22
1438,111,441,23
1439,111,714,25
1440,111,1240,26
1441,111,1058,27
1442,111,1341,28
1443,111,670,29
1444,111,510,30
1445,111,1333,31
1446,111,15,32
1447,111,1102,33
1448,111,65,34
1449,111,855,35
1450,112,441,1
1451,112,558,2
1452,112,714,3
1453,112,752,4
1454,112,1036,5
1455,112,472,6
1456,112,1240,7
1457,112,15,11
1458,112,1058,12
1459,112,1102,13
1460,112,65,14
1461,112,1341,15
1462,112,670,16
1463,112,357,20
1464,112,175,21
1465,112,515,22
1466,112,136,23
1467,112,326,24
1468,112,612,25
1469,112,763,26
1470,112,509,27
1471,112,855,28
1472,112,170,29
1473,113,326,1
1474,113,136,2
1475,113,612,3
1476,113,175,4
1477,113,1341,5
1478,113,1058,6
1479,113,15,7
1480,113,509,8
1481,113,763,9
1482,113,558,10
1483,113,357,11
1484,113,515,12
1485,113,416,13
1486,113,510,14
1487,113,855,15
1488,113,1102,18
1489,113,65,19
1490,113,670,22
1491,114,136,1
1492,114,1341,2
1493,114,1058,3
1494,114,175,4
1495,114,670,5
1496,114,509,6
1497,114,714,7
1498,114,752,8
1499,114,1036,9
1500,114,510,10
1501,114,326,11
1502,114,558,12
1503,114,357,13
1504,114,763,14
1505,114,1120,15
1506,115,175,1
1507,115,136,2
1508,115,1058,3
1509,115,1341,4
1510,115,558,5
1511,115,670,6
1512,115,714,7
1513,115,752,8
1514,115,509,9
1515,115,15,10
1516,115,326,11
1517,115,515,12
1518,115,1240,13
1519,115,170,14
1520,115,510,20
1521,115,441,21
1522,116,15,1
1523,116,326,2
1524,116,509,3
1525,116,1240,4
1526,116,558,5
1527,116,515,6
1528,116,357,7
1529,116,910,8
1530,116,136,9
1531,116,175,10
1532,116,612,11
1533,116,1102,12
1534,116,65,13
1535,116,763,14
1536,116,510,15
1537,116,1120,16
1538,116,495,17
1539,117,509,1
1540,117,1120,2
1541,117,510,3
1542,117,1240,4
1543,117,495,5
1544,117,515,6
1545,117,136,7
1546,117,558,8
1547,117,175,9
1548,117,357,10
1549,117,65,11
1550,118,1240,1
1551,118,509,2
1552,118,1120,3
1553,118,510,4
1554,118,495,5
1555,118,515,6
1556,118,65,7
1557,118,136,8
1558,118,175,9
1559,118,326,10
1560,118,612,11
1561,118,558,12
1562,118,357,13
1563,118,1102,14
1564,119,357,1
1565,119,1102,2
1566,119,1061,3
1567,119,284,4
1568,119,283,5
1569,119,558,6
1570,119,910,7
1571,119,136,8
1572,119,326,9
1573,119,509,10
1574,119,515,11
1575,119,612,12
1576,119,175,13
1577,119,1120,14
1578,119,1289,15
1579,119,907,16
1580,120,495,1
1581,120,509,2
1582,120,1240,3
1583,120,1120,4
1584,120,510,5
1585,120,1354,6
1586,120,457,7
1587,120,1102,8
1588,120,357,9
1589,120,136,10
1590,120,612,11
1591,120,326,12
1592,120,175,13
1593,120,1289,14
1594,120,515,15
1595,120,65,16
1596,120,763,17
1597,120,558,18
1598,120,714,19
1599,120,170,20
1600,120,1030,21
1601,121,714,1
1602,121,509,2
1603,121,1036,3
1604,121,1120,4
1605,121,1240,5
1606,121,495,6
1607,121,510,7
1608,121,558,8
1609,121,441,9
1610,121,357,10
1611,121,515,11
1612,121,175,12
1613,121,136,13
1614,121,326,14
1615,121,612,15
1616,122,1120,1
1617,122,495,2
1618,122,510,3
1619,122,558,4
1620,122,136,5
1621,122,509,6
1622,122,515,7
1623,122,175,8
1624,122,441,9
1625,122,326,10
1626,122,357,11
1627,122,200,12
1628,122,633,13
1629,123,558,1
1630,123,1120,2
1631,123,495,3
1632,123,510,4
1633,123,200,5
1634,123,136,6
1635,123,357,7
1636,123,175,8
1637,123,515,9
1638,123,326,10
1639,123,509,11
1640,123,441,12
1641,123,752,13
1642,124,558,1
1643,124,509,2
1644,124,136,3
1645,124,472,4
1646,124,752,5
1647,124,1036,6
1648,124,714,7
1649,124,357,8
1650,124,326,9
1651,124,175,10
1652,124,515,11
1653,124,495,12
1654,124,1120,13
1655,124,510,14
1656,124,763,15
1657,124,170,16
1658,124,612,17
1659,124,200,18
1660,124,258,19
1661,124,441,20
1662,124,583,21
1663,124,533,22
1664,125,528,1
1665,125,200,2
1666,125,583,3
1667,125,533,4
1668,125,510,5
1669,125,495,6
1670,125,1120,7
1671,125,558,8
1672,125,136,9
1673,125,515,10
1674,125,175,11
1675,125,509,12
1676,125,326,13
1677,125,357,14
1678,125,441,15
1679,125,1240,16
1680,125,714,17
1681,125,752,18
1682,125,855,19
1683,125,763,20
1684,126,509,1
1685,126,200,2
1686,126,136,3
1687,126,515,4
1688,126,175,5
1689,126,326,6
1690,126,357,7
1691,126,441,8
1692,126,258,9
1693,126,510,10
1694,126,495,11
1695,126,1120,12
1696,126,558,13
1697,126,586,14
1698,126,530,15
1699,126,612,16
1700,126,65,17
1701,126,714,18
1702,126,752,19
1703,126,170,20
1704,127,509,1
1705,127,1240,2
1706,127,357,3
1707,127,326,4
1708,127,515,5
1709,127,136,6
1710,127,855,7
1711,127,769,8
1712,127,175,9
1713,127,15,10
1714,127,714,11
1715,127,752,12
1716,127,510,13
1717,127,558,14
1718,127,1120,15
1719,127,200,16
1720,127,763,17
1721,127,1289,18
1722,127,1058,19
1723,127,670,20
1724,127,1341,21
1725,127,65,22
1726,127,1102,23
1727,127,612,24
1728,127,1030,25
1729,127,1036,26
1730,127,258,27
1731,127,894,28
1732,127,633,29
1733,127,170,30
1734,128,175,1
1735,128,886,2
1736,128,509,3
1737,128,763,4
1738,128,558,5
1739,128,136,6
1740,128,326,7
1741,128,357,8
1742,128,1102,9
1743,128,510,10
1744,128,515,11
1745,128,1240,12
1746,128,193,13
1747,128,612,14
1748,128,855,15
1749,128,822,16
1750,128,1008,17
1751,128,894,18
1752,128,277,19
1753,128,15,26
1754,129,855,1
1755,129,642,2
1756,129,509,3
1757,129,193,4
1758,129,510,5
1759,129,1240,6
1760,129,558,7
1761,129,515,8
1762,129,357,9
1763,129,15,10
1764,129,326,11
1765,129,175,12
1766,129,822,13
1767,129,1008,14
1768,129,136,15
1769,129,1380,16
1770,129,894,17
1771,129,508,18
1772,129,170,19
1773,129,714,20
1774,129,763,21
1775,129,996,22
1776,130,894,1
1777,130,1008,2
1778,130,822,3
1779,130,510,4
1780,130,1240,5
1781,130,509,6
1782,130,763,7
1783,130,170,8
1784,130,714,9
1785,130,910,14
1786,130,612,15
1787,130,413,16
1788,130,441,17
1789,130,558,18
1790,130,326,19
1791,130,515,20
1792,130,136,21
1793,130,175,22
1794,130,357,23
1795,130,258,24
1796,130,200,25
1797,130,495,26
1798,130,1120,27
1799,131,515,1
1800,131,136,2
1801,131,558,3
1802,131,175,4
1803,131,326,5
1804,131,357,6
1805,131,495,7
1806,131,698,8
1807,132,515,1
1808,132,357,2
1809,132,558,3
1810,132,175,4
1811,132,136,5
1812,132,495,6
1813,132,326,7
1814,132,11,9
1815,132,488,10
1816,133,326,1
1817,133,136,2
1818,133,558,3
1819,133,495,4
1820,133,175,5
1821,133,357,6
1822,133,515,7
1823,133,64,9
1824,134,558,1
1825,134,326,2
1826,134,136,3
1827,134,495,4
1828,134,175,5
1829,134,515,6
1830,134,357,7
1831,135,357,1
1832,135,75,3
1833,135,797,4
1834,135,283,8
1835,135,175,9
1836,135,136,10
1837,135,558,11
1838,135,326,12
1839,135,515,13
1840,135,495,14
1841,136,515,2
1842,136,136,3
1843,136,558,4
1844,136,495,5
1845,136,175,6
1846,136,357,7
1847,136,326,8
1848,137,136,1
1849,137,357,2
1850,137,175,3
1851,137,326,4
1852,137,515,6
1853,137,495,7
1854,137,558,8
1855,138,136,2
1856,138,175,3
1857,138,515,4
1858,138,326,5
1859,138,558,6
1860,138,357,7
1861,138,495,10
1862,139,136,2
1863,139,515,3
1864,139,357,4
1865,139,175,5
1866,139,558,6
1867,139,326,7
1868,139,495,12
1869,139,1343,16
1870,140,558,1
1871,140,136,2
1872,140,495,3
1873,140,357,4
1874,140,515,13
1875,140,326,14
1876,140,175,15
1877,141,495,7
1878,141,558,8
1879,141,136,9
1880,141,357,10
1881,141,175,14
1882,141,515,15
1883,141,326,16
1884,142,558,4
1885,142,136,9
1886,142,495,10
1887,142,357,11
1888,142,175,15
1889,142,326,16
1890,142,515,17
1891,143,136,8
1892,143,357,9
1893,143,495,10
1894,143,515,13
1895,143,326,14
1896,143,175,15
1897,143,558,16
1898,143,855,17
1899,143,441,18
1900,143,509,19
1901,144,558,1
1902,144,515,2
1903,144,136,3
1904,144,175,4
1905,144,326,5
1906,144,495,6
1907,144,357,7
1908,144,620,8
1909,145,515,1
1910,145,136,2
1911,145,175,3
1912,145,495,4
1913,145,558,5
1914,145,326,6
1915,145,357,7
1916,145,620,8
1917,145,1280,9
1918,145,566,10
1919,145,1265,11
1920,145,616,12
1921,145,382,13
1922,145,1369,14
1923,145,416,15
1924,145,1052,16
1925,146,14,1
1926,146,360,2
1927,146,322,3
1928,146,136,4
1929,146,357,5
1930,146,515,6
1931,146,495,7
1932,146,175,8
1933,146,558,9
1934,146,131,10
1935,146,813,11
1936,146,326,12
1937,146,1079,13
1938,146,225,14
1939,146,457,15
1940,146,474,16
1941,146,242,17
1942,146,664,18
1943,146,1053,19
1944,146,370,20
1945,146,518,21
1946,146,638,22
1947,146,354,23
1948,146,901,24
1949,146,191,25
1950,146,623,26
1951,147,515,1
1952,147,357,2
1953,147,558,3
1954,147,322,4
1955,147,370,5
1956,147,354,6
1957,147,14,7
1958,147,664,8
1959,147,638,9
1960,147,518,10
1961,147,191,11
1962,147,623,12
1963,147,290,13
1964,147,416,14
1965,147,136,15
1966,147,175,16
1967,147,326,17
1968,147,495,18
1969,147,269,19
1970,148,136,1
1971,148,175,2
1972,148,357,3
1973,148,558,4
1974,148,495,5
1975,148,326,6
1976,148,515,7
1977,148,555,8
1978,148,1352,9
1979,148,14,10
1980,148,322,11
1981,148,354,12
1982,148,557,14
1983,148,269,15
1984,148,620,16
1985,148,1061,17
1986,149,557,1
1987,149,175,2
1988,149,558,3
1989,149,136,4
1990,149,515,5
1991,149,357,6
1992,149,269,7
1993,149,620,8
1994,149,326,9
1995,149,495,10
1996,149,1053,11
1997,149,14,12
1998,149,322,13
1999,149,901,14
2000,149,354,15
2001,149,664,16
2002,149,518,17
2003,150,558,1
2004,150,175,2
2005,150,136,3
2006,150,515,4
2007,150,326,5
2008,150,357,6
2009,150,495,7
2010,150,557,8
2011,150,620,9
2012,150,269,10
2013,150,14,11
2014,150,664,12
2015,150,322,13
2016,150,354,14
2017,150,901,15
2018,150,370,16
2019,150,1053,17
2020,150,518,18
2021,150,800,19
2022,151,558,1
2023,151,14,2
2024,151,800,3
2025,151,322,4
2026,151,1053,5
2027,151,518,6
2028,151,370,7
2029,151,901,8
2030,151,354,9
2031,151,136,10
2032,151,620,11
2033,151,269,12
2034,151,557,13
2035,151,175,14
2036,151,357,15
2037,151,515,16
2038,151,664,17
2039,151,638,18
2040,151,1061,19
2041,151,821,20
2042,151,632,21
2043,151,173,22
2044,151,1035,23
2045,151,281,24
2046,151,1070,25
2047,151,1326,26
2048,151,238,27
2049,151,538,28
2050,151,1259,29
2051,151,158,30
2052,151,305,31
2053,151,673,32
2054,151,1051,33
2055,151,365,34
2056,151,791,35
2057,151,635,36
2058,151,196,37
2059,151,290,38
2060,151,653,39
2061,151,13,40
2062,151,82,41
2063,151,623,42
2064,151,1079,43
2065,151,225,44
2066,151,813,45
2067,151,131,46
2068,152,515,1
2069,152,357,2
2070,152,557,3
2071,152,269,4
2072,152,620,5
2073,152,136,6
2074,152,326,7
2075,152,175,8
2076,152,558,9
2077,152,495,10
2078,152,14,11
2079,152,322,12
2080,152,664,13
2081,152,370,14
2082,152,1053,15
2083,152,623,16
2084,152,1079,17
2085,152,813,18
2086,152,131,19
2087,153,558,1
2088,153,557,2
2089,153,623,3
2090,153,1079,4
2091,153,813,5
2092,153,131,6
2093,153,225,7
2094,153,515,8
2095,153,136,9
2096,153,326,10
2097,153,175,11
2098,153,357,12
2099,153,495,13
2100,153,990,15
2101,153,429,16
2102,153,1368,17
2103,154,357,1
2104,154,326,2
2105,154,136,3
2106,154,175,4
2107,154,515,5
2108,154,558,6
2109,154,495,7
2110,154,223,8
2111,154,1128,9
2112,154,461,10
2113,155,558,1
2114,155,175,2
2115,155,1128,3
2116,155,326,4
2117,155,495,5
2118,155,136,6
2119,155,357,7
2120,155,515,8
2121,155,461,9
2122,155,476,10
2123,155,67,11
2124,155,878,12
2125,155,1003,13
2126,155,267,14
2127,155,318,15
2128,155,94,16
2129,155,983,17
2130,155,605,18
2131,155,1368,19
2132,155,223,20
2133,156,558,1
2134,156,1128,2
2135,156,461,3
2136,156,605,4
2137,156,326,5
2138,156,175,6
2139,156,495,7
2140,156,136,8
2141,156,357,9
2142,156,223,10
2143,156,515,11
2144,157,558,1
2145,157,515,2
2146,157,136,3
2147,157,326,4
2148,157,357,5
2149,157,495,6
2150,157,175,7
2151,157,461,8
2152,157,1128,9
2153,157,223,10
2154,157,1368,11
2155,157,605,12
2156,158,558,1
2157,158,136,2
2158,158,326,3
2159,158,1128,4
2160,158,605,5
2161,158,461,6
2162,158,223,7
2163,158,357,8
2164,158,515,9
2165,158,175,10
2166,158,495,11
2167,158,990,12
2168,158,429,13
2169,159,558,1
2170,159,136,2
2171,159,326,3
2172,159,357,4
2173,159,175,5
2174,159,495,6
2175,159,515,7
2176,160,357,1
2177,160,515,2
2178,160,495,3
2179,160,983,4
2180,160,267,5
2181,160,318,6
2182,160,476,7
2183,160,136,8
2184,160,558,9
2185,160,326,10
2186,160,175,11
2187,161,318,1
2188,161,558,2
2189,161,326,3
2190,161,136,4
2191,161,1375,5
2192,161,495,6
2193,161,515,7
2194,161,357,8
2195,161,175,9
2196,161,990,10
2197,161,429,11
2198,161,267,12
2199,161,1003,13
2200,162,1128,1
2201,162,461,2
2202,162,990,3
2203,162,223,4
2204,162,429,5
2205,162,605,6
2206,162,175,8
2207,162,267,9
2208,162,1003,10
2209,162,1375,11
2210,162,495,12
2211,162,515,13
2212,162,357,14
2213,162,326,15
2214,162,136,16
2215,162,558,17
2216,162,318,18
2217,163,318,1
2218,163,326,2
2219,163,558,3
2220,163,136,4
2221,163,1375,5
2222,163,777,6
2223,163,94,7
2224,163,394,8
2225,163,1287,9
2226,163,980,10
2227,163,1128,11
2228,163,461,12
2229,163,223,13
2230,163,990,14
2231,163,267,15
2232,163,429,16
2233,163,1003,17
2234,163,175,18
2235,163,495,19
2236,163,357,20
2237,163,515,21
2238,164,1375,1
2239,164,94,2
2240,164,777,3
2241,164,980,4
2242,164,394,5
2243,164,1287,6
2244,164,318,7
2245,164,326,8
2246,164,558,9
2247,164,136,10
2248,164,175,11
2249,164,990,12
2250,164,429,13
2251,164,983,14
2252,164,878,15
2253,164,476,16
2254,164,267,17
2255,164,1003,18
2256,164,515,19
2257,164,357,20
2258,164,495,21
2259,164,557,22
2260,164,555,23
2261,164,1352,24
2262,165,515,1
2263,165,357,2
2264,165,495,3
2265,165,1003,4
2266,165,267,5
2267,165,1287,6
2268,165,558,7
2269,165,326,8
2270,165,136,9
2271,165,94,10
2272,165,476,11
2273,165,878,12
2274,165,983,13
2275,165,394,14
2276,165,777,15
2277,165,980,16
2278,165,175,17
2279,165,990,18
2280,165,429,19
2281,166,1003,1
2282,166,267,2
2283,166,878,3
2284,166,476,4
2285,166,394,5
2286,166,777,6
2287,166,980,7
2288,166,94,8
2289,166,983,9
2290,166,175,10
2291,166,357,11
2292,166,326,12
2293,166,558,13
2294,166,515,14
2295,166,495,15
2296,166,136,16
2297,166,429,17
2298,166,990,18
2299,167,558,1
2300,167,429,2
2301,167,175,3
2302,167,326,4
2303,167,495,5
2304,167,515,6
2305,167,357,7
2306,167,136,8
2307,167,983,10
2308,167,267,11
2309,167,476,12
2310,167,89,13
2311,167,956,14
2312,167,1041,15
2313,167,990,16
2314,167,94,17
2315,167,878,18
2316,167,1003,19
2317,168,357,1
2318,168,558,2
2319,168,175,3
2320,168,495,4
2321,168,485,5
2322,168,136,6
2323,168,429,7
2324,168,515,8
2325,168,326,9
2326,168,990,10
2327,168,1041,11
2328,168,476,12
2329,168,983,13
2330,168,267,14
2331,168,318,15
2332,168,89,16
2333,168,1128,17
2334,168,94,18
2335,168,291,19
2336,168,777,20
2337,168,1287,21
2338,168,980,22
2339,168,394,23
2340,168,1375,24
2341,168,841,25
2342,169,326,1
2343,169,990,2
2344,169,515,3
2345,169,136,4
2346,169,558,5
2347,169,318,6
2348,169,429,7
2349,169,175,8
2350,169,267,9
2351,169,1003,10
2352,169,1041,11
2353,169,956,12
2354,169,89,13
2355,169,1287,14
2356,169,777,15
2357,169,94,16
2358,169,980,17
2359,169,394,18
2360,170,558,1
2361,170,94,2
2362,170,175,3
2363,170,495,4
2364,170,357,5
2365,170,1287,6
2366,170,983,7
2367,170,136,8
2368,170,515,9
2369,170,326,10
2370,170,990,11
2371,170,429,12
2372,170,1041,13
2373,171,136,1
2374,171,326,2
2375,171,515,3
2376,171,990,4
2377,171,1041,5
2378,171,429,6
2379,171,870,7
2380,171,94,8
2381,171,558,9
2382,171,485,10
2383,171,980,11
2384,171,89,12
2385,171,318,13
2386,171,175,14
2387,171,983,15
2388,171,495,16
2389,171,357,17
2390,172,495,1
2391,172,89,2
2392,172,175,3
2393,172,983,4
2394,172,558,5
2395,172,1375,6
2396,172,1128,7
2397,172,461,8
2398,172,223,9
2399,173,777,1
2400,173,1041,2
2401,173,870,3
2402,173,515,4
2403,173,136,5
2404,173,326,6
2405,173,990,7
2406,173,429,8
2407,173,461,9
2408,173,1128,10
2409,173,1375,11
2410,173,223,12
2411,173,89,13
2412,173,495,14
2413,173,175,15
2414,173,476,16
2415,173,878,17
2416,173,357,18
2417,173,94,19
2418,173,558,20
2419,174,461,1
2420,174,1128,2
2421,174,515,3
2422,174,223,4
2423,174,1375,5
2424,174,558,6
2425,174,357,7
2426,174,1041,8
2427,174,495,9
2428,174,89,10
2429,174,510,11
2430,174,136,12
2431,174,326,13
2432,174,94,14
2433,175,175,1
2434,175,878,2
2435,175,476,3
2436,175,983,4
2437,175,394,5
2438,175,777,6
2439,175,1041,7
2440,175,357,8
2441,175,558,9
2442,175,1375,10
2443,175,515,11
2444,175,461,12
2445,175,1128,13
2446,175,485,14
2447,175,136,15
2448,175,326,16
2449,175,94,17
2450,175,990,18
2451,175,429,19
2452,175,956,20
2453,175,495,21
2454,176,485,1
2455,176,476,2
2456,176,357,3
2457,176,94,4
2458,176,990,5
2459,176,878,6
2460,176,429,7
2461,176,558,8
2462,176,515,9
2463,176,1375,10
2464,176,175,11
2465,176,461,12
2466,176,1128,13
2467,176,223,14
2468,176,136,15
2469,176,326,16
2470,176,267,17
2471,176,73,18
2472,176,1287,19
2473,176,318,20
2474,176,980,21
2475,176,394,22
2476,176,89,23
2477,176,777,24
2478,176,613,25
2479,176,1041,26
2480,176,97,27
2481,177,476,1
2482,177,878,2
2483,177,485,3
2484,177,357,4
2485,177,94,5
2486,177,613,6
2487,177,97,7
2488,177,73,8
2489,177,175,9
2490,177,394,10
2491,177,777,11
2492,177,1287,12
2493,177,980,13
2494,177,1041,14
2495,177,515,15
2496,177,429,16
2497,177,1375,17
2498,177,990,18
2499,177,558,19
2500,178,485,1
2501,178,94,2
2502,178,357,3
2503,178,476,4
2504,178,878,5
2505,178,97,6
2506,178,613,7
2507,178,558,8
2508,178,515,9
2509,178,429,10
2510,178,1375,11
2511,178,990,12
2512,178,495,13
2513,178,1041,14
2514,178,1128,15
2515,178,326,16
2516,178,136,17
2517,178,461,18
2518,178,223,19
2519,178,537,20
2520,179,1128,1
2521,179,461,2
2522,179,537,3
2523,179,1041,4
2524,179,223,5
2525,179,326,6
2526,179,136,7
2527,179,476,8
2528,179,357,9
2529,179,878,10
2530,179,485,11
2531,179,94,12
2532,179,515,13
2533,179,429,14
2534,179,1375,15
2535,179,990,16
2536,179,558,17
2537,179,495,18
2538,179,175,19
2539,179,777,20
2540,179,980,21
2541,179,1287,22
2542,179,394,23
2543,180,570,1
2544,180,1128,2
2545,180,461,3
2546,180,223,4
2547,180,537,5
2548,180,1041,6
2549,180,495,7
2550,180,357,8
2551,180,94,9
2552,180,990,10
2553,180,515,11
2554,180,777,12
2555,180,394,13
2556,180,1287,14
2557,180,980,15
2558,180,429,16
2559,180,318,17
2560,180,476,18
2561,180,983,19
2562,180,267,20
2563,180,175,21
2564,180,558,22
2565,181,1041,1
2566,181,94,2
2567,181,1287,3
2568,181,980,4
2569,181,777,5
2570,181,394,6
2571,181,291,7
2572,181,357,8
2573,181,515,9
2574,181,175,10
2575,181,495,11
2576,181,990,12
2577,181,485,13
2578,181,558,14
2579,181,1375,15
2580,181,429,16
2581,182,1128,1
2582,182,605,2
2583,182,1041,3
2584,182,515,4
2585,182,461,5
2586,182,537,6
2587,182,558,7
2588,182,429,8
2589,182,495,9
2590,182,990,10
2591,182,357,11
2592,182,175,12
2593,182,94,13
2594,182,1375,14
2595,183,558,1
2596,183,1041,2
2597,183,1375,3
2598,183,429,4
2599,183,515,5
2600,183,605,6
2601,183,990,7
2602,183,357,8
2603,183,94,9
2604,183,175,10
2605,183,495,11
2606,183,291,12
2607,183,1128,13
2608,184,558,1
2609,184,1041,2
2610,184,515,3
2611,184,429,4
2612,184,1375,5
2613,184,291,6
2614,184,495,7
2615,184,175,8
2616,184,357,9
2617,184,1128,10
2618,184,461,11
2619,184,326,12
2620,184,136,13
2621,184,223,14
2622,185,1041,1
2623,185,515,2
2624,185,136,3
2625,185,326,4
2626,185,357,5
2627,185,94,6
2628,185,495,7
2629,185,990,8
2630,185,175,9
2631,185,291,10
2632,185,223,11
2633,185,1128,12
2634,185,1375,13
2635,185,429,14
2636,185,558,15
2637,186,1041,1
2638,186,326,2
2639,186,136,3
2640,186,515,4
2641,186,558,5
2642,186,1375,6
2643,186,429,7
2644,186,495,8
2645,186,357,9
2646,186,175,10
2647,186,990,11
2648,186,94,12
2649,186,291,13
2650,186,841,14
2651,186,605,15
2652,186,1128,16
2653,186,1368,17
2654,186,223,18
2655,187,136,1
2656,187,326,2
2657,187,1041,3
2658,187,94,4
2659,187,1375,5
2660,187,291,6
2661,187,773,7
2662,187,555,8
2663,187,1149,9
2664,187,543,10
2665,187,900,11
2666,187,298,12
2667,187,874,13
2668,187,760,14
2669,187,1138,15
2670,188,298,1
2671,188,874,2
2672,188,773,3
2673,188,555,4
2674,188,543,5
2675,188,1138,6
2676,188,900,7
2677,188,485,8
2678,189,874,1
2679,189,485,2
2680,189,555,3
2681,189,543,4
2682,189,773,5
2683,189,298,6
2684,189,900,7
2685,189,1138,8
2686,189,1352,9
2687,189,156,10
2688,189,291,11
2689,189,94,12
2690,189,1375,13
2691,189,1041,14
2692,189,605,15
2693,189,1128,16
2694,189,223,17
2695,189,357,18
2696,189,136,19
2697,189,326,20
2698,189,990,21
2699,189,429,22
2700,189,495,23
2701,189,175,24
2702,189,515,25
2703,189,558,26
2704,190,136,1
2705,190,326,2
2706,190,357,3
2707,190,429,4
2708,190,990,5
2709,190,495,6
2710,190,175,7
2711,190,94,8
2712,190,1375,9
2713,190,1041,10
2714,190,558,11
2715,190,515,12
2716,190,291,13
2717,190,1128,14
2718,190,223,15
2719,190,555,16
2720,190,557,17
2721,190,620,18
2722,190,269,19
2723,191,1368,1
2724,191,1041,2
2725,191,773,3
2726,191,558,4
2727,191,515,5
2728,191,136,6
2729,191,357,7
2730,191,495,8
2731,191,175,9
2732,191,1375,10
2733,191,94,11
2734,191,990,12
2735,191,429,13
2736,191,326,14
2737,191,485,15
2738,191,298,16
2739,192,136,1
2740,192,1375,2
2741,192,495,3
2742,192,990,4
2743,192,558,5
2744,192,515,6
2745,192,429,7
2746,192,326,8
2747,192,175,9
2748,192,94,10
2749,192,1041,11
2750,192,1128,12
2751,192,223,13
2752,192,291,14
2753,192,485,15
2754,192,605,16
2755,192,773,17
2756,192,156,18
2757,192,555,19
2758,192,1352,20
2759,192,620,21
2760,192,269,22
2761,192,557,23
2762,193,558,1
2763,193,1041,2
2764,193,269,3
2765,193,620,4
2766,193,557,5
2767,193,136,6
2768,193,495,7
2769,193,175,8
2770,193,1375,9
2771,193,990,10
2772,193,326,11
2773,193,429,12
2774,193,1128,13
2775,193,223,14
2776,193,605,15
2777,193,291,16
2778,193,94,17
2779,193,357,18
2780,193,485,19
2781,193,555,20
2782,193,773,21
2783,193,515,22
2784,193,394,23
2785,193,777,24
2786,193,1287,25
2787,193,980,26
2788,193,537,27
2789,193,461,28
2790,193,625,29
2791,193,1368,30
2792,194,485,1
2793,194,558,2
2794,194,515,3
2795,194,136,4
2796,194,175,5
2797,194,326,6
2798,194,495,7
2799,194,357,8
2800,194,291,9
2801,194,1287,10
2802,194,980,11
2803,194,777,12
2804,194,990,13
2805,194,1120,14
2806,194,953,15
2807,194,429,16
2808,195,175,1
2809,195,136,2
2810,195,326,3
2811,195,495,4
2812,195,357,5
2813,195,558,6
2814,195,515,7
2815,195,1128,8
2816,195,223,9
2817,195,291,10
2818,195,990,11
2819,195,429,12
2820,195,1375,13
2821,195,394,14
2822,195,777,15
2823,195,1287,16
2824,195,980,17
2825,195,94,18
2826,195,773,19
2827,195,457,20
2828,195,605,21
2829,195,461,22
2830,195,485,23
2831,195,269,24
2832,195,620,25
2833,195,557,26
2834,195,555,27
2835,196,93,3
2836,196,177,7
2837,196,175,8
2838,196,357,9
2839,196,515,10
2840,196,326,11
2841,196,558,12
2842,196,136,13
2843,196,495,14
2844,197,326,1
2845,197,558,2
2846,197,93,4
2847,197,357,5
2848,197,515,6
2849,197,177,10
2850,198,93,2
2851,198,357,3
2852,198,515,4
2853,198,175,5
2854,198,326,7
2855,198,558,8
2856,199,495,1
2857,199,136,2
2858,199,281,3
2859,199,326,4
2860,199,558,7
2861,199,93,10
2862,199,357,11
2863,200,326,2
2864,200,558,3
2865,200,281,4
2866,200,495,5
2867,200,136,6
2868,200,357,7
2869,200,93,9
2870,201,558,1
2871,201,326,2
2872,201,357,3
2873,201,136,4
2874,201,281,5
2875,201,93,6
2876,201,515,9
2877,201,175,10
2878,202,357,1
2879,202,136,2
2880,202,558,3
2881,202,326,4
2882,202,93,5
2883,202,515,8
2884,202,175,9
2885,202,177,12
2886,202,495,15
2887,203,93,1
2888,203,558,2
2889,203,515,3
2890,203,357,4
2891,203,136,5
2892,203,326,6
2893,203,175,7
2894,203,495,8
2895,203,281,10
2896,203,177,14
2897,203,607,15
2898,203,11,16
2899,204,558,1
2900,204,136,2
2901,204,515,3
2902,204,357,4
2903,204,326,5
2904,204,175,6
2905,204,495,7
2906,204,93,10
2907,204,281,11
2908,205,515,1
2909,205,326,2
2910,205,136,3
2911,205,495,4
2912,205,558,5
2913,205,357,6
2914,205,281,7
2915,205,175,8
2916,206,281,1
2917,206,357,3
2918,206,136,4
2919,206,515,5
2920,206,175,6
2921,206,495,7
2922,206,326,8
2923,206,558,9
2924,206,177,11
2925,207,558,1
2926,207,357,2
2927,207,495,3
2928,207,515,4
2929,207,326,5
2930,207,136,6
2931,207,175,7
2932,207,14,8
2933,207,322,9
2934,207,518,11
2935,207,370,12
2936,207,1053,13
2937,207,664,14
2938,207,354,15
2939,207,1070,16
2940,207,901,17
2941,207,294,18
2942,207,174,19
2943,207,1016,20
2944,207,420,21
2945,207,928,22
2946,208,174,1
2947,208,558,2
2948,208,175,3
2949,208,136,4
2950,208,294,5
2951,208,1016,7
2952,208,420,8
2953,208,928,9
2954,208,515,10
2955,208,357,11
2956,208,495,12
2957,208,326,13
2958,208,749,14
2959,209,136,1
2960,209,515,2
2961,209,558,3
2962,209,357,4
2963,209,326,5
2964,209,495,6
2965,209,175,7
2966,209,834,8
2967,209,1016,9
2968,209,1141,10
2969,209,420,11
2970,209,1255,12
2971,209,564,13
2972,209,928,14
2973,210,834,1
2974,210,420,2
2975,210,1255,3
2976,210,564,4
2977,210,326,5
2978,210,558,6
2979,210,495,7
2980,210,136,8
2981,210,515,9
2982,210,1016,10
2983,210,928,11
2984,210,1141,12
2985,210,357,13
2986,210,175,14
2987,210,431,15
2988,210,9,16
2989,211,1141,1
2990,211,326,2
2991,211,357,3
2992,211,928,4
2993,211,431,5
2994,211,9,6
2995,211,558,7
2996,211,136,8
2997,211,515,9
2998,211,495,10
2999,211,1016,11
3000,211,420,12
3001,211,834,13
3002,211,175,14
3003,212,834,1
3004,212,1141,2
3005,212,326,3
3006,212,357,4
3007,212,175,5
3008,212,420,6
3009,212,1255,7
3010,212,1016,8
3011,212,928,9
3012,212,431,10
3013,212,9,11
3014,212,558,12
3015,212,136,13
3016,212,515,14
3017,212,495,15
3018,212,457,16
3019,212,294,17
3020,212,174,18
3021,213,174,1
3022,213,294,2
3023,213,495,3
3024,213,515,4
3025,213,175,5
3026,213,326,6
3027,213,357,7
3028,213,558,8
3029,213,136,9
3030,213,1141,10
3031,213,834,11
3032,213,420,12
3033,213,633,14
3034,213,1016,17
3035,213,928,18
3036,214,558,1
3037,214,136,2
3038,214,357,4
3039,214,495,5
3040,214,515,6
3041,214,420,7
3042,214,326,9
3043,214,1016,10
3044,214,174,11
3045,214,294,12
3046,214,1141,13
3047,214,633,15
3048,214,928,16
3049,214,175,17
3050,214,834,18
3051,215,1016,1
3052,215,928,2
3053,215,515,3
3054,215,136,4
3055,215,175,5
3056,215,326,6
3057,215,357,7
3058,215,495,8
3059,215,558,9
3060,215,420,10
3061,215,834,11
3062,215,633,14
3063,215,1141,16
3064,215,431,18
3065,215,9,19
3066,215,970,20
3067,216,1016,1
3068,216,420,2
3069,216,928,3
3070,216,9,4
3071,216,175,5
3072,216,558,6
3073,216,136,7
3074,216,326,8
3075,216,515,9
3076,216,495,10
3077,216,357,11
3078,216,834,12
3079,216,294,14
3080,216,1141,15
3081,216,174,16
3082,216,1255,17
3083,216,431,18
3084,217,1016,1
3085,217,175,2
3086,217,515,3
3087,217,136,4
3088,217,558,5
3089,217,326,6
3090,217,357,7
3091,217,420,8
3092,217,495,9
3093,217,9,10
3094,217,431,11
3095,217,834,12
3096,217,1141,13
3097,218,1141,1
3098,218,834,2
3099,218,136,3
3100,218,515,4
3101,218,326,5
3102,218,357,6
3103,218,175,7
3104,218,495,8
3105,218,558,9
3106,218,1016,10
3107,219,834,1
3108,219,175,2
3109,219,495,3
3110,219,558,4
3111,219,1016,5
3112,219,515,6
3113,219,326,7
3114,219,136,8
3115,219,357,9
3116,219,1141,10
3117,219,420,11
3118,219,928,12
3119,219,9,13
3120,219,431,14
3121,219,749,15
3122,219,174,16
3123,219,294,17
3124,220,495,2
3125,220,515,3
3126,220,136,4
3127,220,558,5
3128,220,326,6
3129,220,175,7
3130,220,357,8
3131,220,759,10
3132,220,427,11
3133,220,208,12
3134,220,493,13
3135,220,290,14
3136,220,11,15
3137,220,488,16
3138,221,515,1
3139,221,495,2
3140,221,357,3
3141,221,326,4
3142,221,136,5
3143,221,558,6
3144,221,175,7
3145,221,284,10
3146,221,283,11
3147,221,11,12
3148,221,1356,13
3149,221,907,14
3150,221,692,15
3151,221,1157,16
3152,221,426,17
3153,221,768,18
3154,221,488,19
3155,221,978,20
3156,222,515,1
3157,222,11,2
3158,222,488,3
3159,222,558,4
3160,222,136,5
3161,222,495,6
3162,222,175,7
3163,222,326,8
3164,222,357,11
3165,222,64,12
3166,222,427,13
3167,222,493,14
3168,222,208,15
3169,222,759,16
3170,222,889,17
3171,223,326,1
3172,223,558,2
3173,223,495,3
3174,223,515,4
3175,223,175,5
3176,223,136,6
3177,223,357,7
3178,224,136,3
3179,224,175,4
3180,224,515,5
3181,224,326,6
3182,224,495,7
3183,224,357,8
3184,224,558,9
3185,224,11,10
3186,224,889,11
3187,224,759,12
3188,224,283,13
3189,224,64,14
3190,224,416,15
3191,224,290,16
3192,224,1356,17
3193,224,102,18
3194,224,694,19
3195,224,707,20
3196,224,1120,21
3197,224,1041,22
3198,225,686,1
3199,225,173,2
3200,225,821,3
3201,225,632,4
3202,225,1035,5
3203,225,281,6
3204,225,558,7
3205,225,136,8
3206,225,495,9
3207,225,515,10
3208,225,357,11
3209,225,175,12
3210,225,326,13
3211,225,420,14
3212,225,928,15
3213,225,1016,16
3214,225,749,17
3215,226,1016,1
3216,226,420,2
3217,226,928,3
3218,226,495,4
3219,226,175,5
3220,226,558,6
3221,226,136,7
3222,226,326,8
3223,226,515,9
3224,226,357,10
3225,226,749,11
3226,226,686,12
3227,227,495,1
3228,227,686,2
3229,227,515,3
3230,227,357,4
3231,227,326,5
3232,227,136,6
3233,227,175,7
3234,227,558,8
3235,227,337,9
3236,227,1292,10
3237,227,81,11
3238,227,615,12
3239,228,686,1
3240,228,558,2
3241,228,495,3
3242,228,357,4
3243,228,326,5
3244,228,175,6
3245,228,515,7
3246,228,136,8
3247,228,81,9
3248,229,326,1
3249,229,515,2
3250,229,558,3
3251,229,136,4
3252,229,175,5
3253,229,357,6
3254,229,495,7
3255,229,81,8
3256,229,1151,9
3257,229,948,10
3258,229,721,11
3259,229,686,12
3260,230,558,1
3261,230,136,2
3262,230,515,3
3263,230,448,4
3264,230,601,5
3265,230,861,6
3266,230,772,7
3267,230,154,8
3268,230,776,9
3269,230,369,10
3270,230,905,11
3271,230,443,12
3272,230,182,13
3273,230,357,14
3274,230,326,15
3275,230,175,16
3276,230,495,17
3277,230,457,18
3278,230,1307,19
3279,230,63,21
3280,231,357,1
3281,231,63,2
3282,231,753,3
3283,231,202,4
3284,231,314,5
3285,231,716,6
3286,231,558,7
3287,231,136,8
3288,231,515,9
3289,231,840,10
3290,231,776,11
3291,231,861,12
3292,231,326,13
3293,231,495,14
3294,231,772,16
3295,231,154,17
3296,232,448,1
3297,232,772,2
3298,232,861,3
3299,232,136,4
3300,232,558,5
3301,232,753,6
3302,232,314,7
3303,232,202,8
3304,232,154,9
3305,232,515,10
3306,232,369,11
3307,232,905,12
3308,232,776,13
3309,232,357,14
3310,232,63,15
3311,232,716,16
3312,232,175,17
3313,232,326,18
3314,233,326,1
3315,233,175,2
3316,233,495,3
3317,233,357,5
3318,233,558,6
3319,233,515,7
3320,233,776,8
3321,233,448,9
3322,233,369,10
3323,233,905,11
3324,233,772,12
3325,233,861,13
3326,233,154,14
3327,233,759,15
3328,233,607,16
3329,233,443,17
3330,233,1127,18
3331,233,136,19
3332,233,716,20
3333,233,753,21
3334,233,63,22
3335,233,202,23
3336,233,314,24
3337,233,1014,25
3338,233,732,26
3339,233,732,27
3340,233,39,28
3341,233,39,29
3342,233,39,30
3343,234,136,1
3344,234,1014,2
3345,234,731,3
3346,234,753,4
3347,234,314,5
3348,234,63,6
3349,234,716,7
3350,234,202,8
3351,234,515,9
3352,234,326,10
3353,234,175,11
3354,234,357,12
3355,234,558,13
3356,234,861,14
3357,234,154,15
3358,234,495,16
3359,234,1127,17
3360,234,772,18
3361,234,39,19
3362,234,39,20
3363,235,175,1
3364,235,558,2
3365,235,515,3
3366,235,326,4
3367,235,357,5
3368,235,136,6
3369,235,759,7
3370,235,607,8
3371,235,763,9
3372,235,861,10
3373,235,495,11
3374,235,612,12
3375,235,1041,13
3376,235,509,14
3377,235,510,15
3378,235,855,16
3379,235,1240,17
3380,235,797,18
3381,235,75,19
3382,236,136,1
3383,236,558,2
3384,236,515,3
3385,236,357,4
3386,236,694,5
3387,236,822,6
3388,236,759,7
3389,236,607,8
3390,236,175,9
3391,236,326,10
3392,236,509,11
3393,237,136,1
3394,237,558,2
3395,237,326,3
3396,237,515,4
3397,237,175,5
3398,237,357,6
3399,237,775,7
3400,237,448,8
3401,237,443,9
3402,237,776,10
3403,237,861,11
3404,237,154,12
3405,237,678,13
3406,237,772,14
3407,237,369,15
3408,237,905,16
3409,237,1014,17
3410,237,732,18
3411,237,732,19
3412,237,63,20
3413,237,716,21
3414,237,753,22
3415,237,1151,23
3416,237,948,24
3417,237,721,25
3418,238,1014,1
3419,238,558,2
3420,238,515,3
3421,238,136,4
3422,238,443,5
3423,238,776,6
3424,238,448,7
3425,238,772,8
3426,238,154,9
3427,238,861,10
3428,238,369,11
3429,238,905,12
3430,238,495,13
3431,238,732,14
3432,238,732,15
3433,238,326,16
3434,238,175,17
3435,238,182,18
3436,238,457,19
3437,238,357,21
3438,239,776,1
3439,239,182,2
3440,239,443,3
3441,239,369,4
3442,239,448,5
3443,239,558,6
3444,239,1014,7
3445,239,515,8
3446,239,905,9
3447,239,357,11
3448,239,732,12
3449,239,732,13
3450,239,326,14
3451,239,175,15
3452,239,136,16
3453,239,1151,17
3454,239,948,18
3455,239,721,19
3456,239,772,20
3457,239,861,21
3458,239,154,22
3459,239,495,23
3460,240,558,1
3461,240,861,2
3462,240,495,3
3463,240,772,4
3464,240,154,5
3465,240,515,6
3466,240,1151,7
3467,240,948,8
3468,240,721,9
3469,240,1307,10
3470,240,1014,11
3471,240,732,12
3472,240,732,13
3473,240,357,14
3474,240,136,15
3475,240,326,16
3476,240,175,17
3477,240,686,18
3478,240,615,19
3479,241,326,1
3480,241,175,2
3481,241,357,3
3482,241,558,4
3483,241,515,5
3484,241,136,6
3485,241,917,7
3486,241,1014,8
3487,241,721,9
3488,241,1307,10
3489,241,1151,11
3490,241,948,12
3491,241,732,13
3492,241,732,14
3493,241,495,15
3494,241,448,16
3495,241,63,17
3496,241,716,18
3497,241,202,19
3498,241,314,20
3499,241,753,21
3500,241,182,22
3501,241,369,23
3502,241,905,24
3503,241,443,25
3504,241,776,26
3505,241,861,27
3506,241,772,28
3507,241,154,29
3508,242,175,1
3509,242,558,2
3510,242,515,3
3511,242,357,4
3512,242,772,5
3513,242,861,6
3514,242,154,7
3515,242,776,8
3516,242,448,9
3517,242,443,10
3518,242,369,11
3519,242,905,12
3520,242,182,13
3521,242,495,14
3522,242,1307,15
3523,243,1307,1
3524,243,182,2
3525,243,905,3
3526,243,357,4
3527,243,515,5
3528,243,175,6
3529,243,495,7
3530,243,861,8
3531,243,558,9
3532,243,448,10
3533,243,369,11
3534,243,776,12
3535,243,772,13
3536,243,443,14
3537,244,1014,1
3538,244,732,2
3539,244,732,3
3540,244,136,4
3541,244,357,5
3542,244,175,6
3543,244,515,7
3544,244,558,8
3545,244,448,9
3546,244,861,10
3547,244,369,11
3548,244,905,12
3549,244,1307,13
3550,244,776,14
3551,244,772,15
3552,244,495,16
3553,244,1151,17
3554,244,721,18
3555,244,948,19
3556,244,154,20
3557,245,448,1
3558,245,772,2
3559,245,776,3
3560,245,1307,4
3561,245,369,5
3562,245,905,6
3563,245,861,7
3564,245,495,8
3565,245,558,9
3566,245,357,10
3567,245,515,11
3568,245,175,12
3569,246,369,1
3570,246,905,2
3571,246,448,3
3572,246,515,4
3573,246,175,5
3574,246,861,6
3575,246,772,7
3576,246,776,8
3577,246,1307,9
3578,246,558,10
3579,246,357,11
3580,246,721,12
3581,246,1151,13
3582,246,948,14
3583,246,154,15
3584,246,314,16
3585,246,753,17
3586,246,716,18
3587,246,202,19
3588,246,63,20
3589,246,1014,21
3590,246,732,22
3591,246,732,23
3592,246,136,24
3593,247,136,1
3594,247,732,2
3595,247,1014,3
3596,247,732,4
3597,247,515,6
3598,247,558,7
3599,247,357,8
3600,247,326,9
3601,247,175,10
3602,247,495,11
3603,247,772,12
3604,247,776,13
3605,247,1307,14
3606,247,369,15
3607,247,905,16
3608,248,1014,1
3609,248,772,2
3610,248,1307,3
3611,248,369,4
3612,248,905,5
3613,248,136,6
3614,248,776,7
3615,248,861,8
3616,248,177,9
3617,248,81,10
3618,248,721,11
3619,248,796,12
3620,248,448,13
3621,248,457,14
3622,248,732,15
3623,248,732,16
3624,249,357,1
3625,249,558,2
3626,249,732,3
3627,249,732,4
3628,249,1014,5
3629,249,136,6
3630,249,369,7
3631,249,905,8
3632,249,772,9
3633,249,776,10
3634,249,1307,11
3635,249,177,12
3636,249,246,13
3637,249,861,14
3638,249,721,15
3639,249,821,16
3640,249,632,17
3641,249,1035,18
3642,249,281,19
3643,249,173,20
3644,249,81,21
3645,249,495,22
3646,249,796,23
3647,249,457,24
3648,250,357,1
3649,250,558,2
3650,250,721,3
3651,250,1014,4
3652,250,861,5
3653,250,177,6
3654,250,246,7
3655,250,796,8
3656,250,81,9
3657,250,369,10
3658,250,905,11
3659,250,772,12
3660,250,776,13
3661,250,1307,14
3662,250,136,15
3663,251,246,1
3664,251,1014,2
3665,251,369,3
3666,251,905,4
3667,251,1307,5
3668,251,776,6
3669,251,772,7
3670,251,136,8
3671,251,515,9
3672,251,861,10
3673,251,154,11
3674,251,448,12
3675,251,175,13
3676,251,1267,14
3677,251,229,15
3678,251,495,17
3679,251,177,18
3680,251,686,19
3681,251,510,20
3682,251,485,21
3683,251,326,22
3684,251,1127,23
3685,252,495,1
3686,252,1127,2
3687,252,326,3
3688,252,776,4
3689,252,369,5
3690,252,1307,6
3691,252,772,7
3692,252,1014,8
3693,252,136,9
3694,252,175,10
3695,252,515,11
3696,252,861,12
3697,252,154,13
3698,252,448,14
3699,252,558,15
3700,252,357,16
3701,252,905,17
3702,252,510,18
3703,252,686,19
3704,252,615,20
3705,252,1267,21
3706,252,229,22
3707,253,515,1
3708,253,448,2
3709,253,1267,3
3710,253,229,4
3711,253,326,5
3712,253,136,6
3713,253,1014,7
3714,253,175,8
3715,253,811,9
3716,253,905,10
3717,253,1127,11
3718,253,776,12
3719,253,369,13
3720,253,772,14
3721,253,1307,15
3722,253,861,16
3723,253,357,17
3724,253,495,18
3725,253,721,19
3726,253,1151,20
3727,253,948,21
3728,253,558,22
3729,254,515,1
3730,254,448,2
3731,254,175,3
3732,254,357,4
3733,254,861,5
3734,254,1151,6
3735,254,948,7
3736,254,721,8
3737,254,558,9
3738,254,246,10
3739,254,1005,11
3740,254,495,12
3741,254,1014,13
3742,254,369,14
3743,254,776,15
3744,254,772,16
3745,254,1307,17
3746,254,905,18
3747,254,326,19
3748,254,811,20
3749,255,448,1
3750,255,721,2
3751,255,1151,3
3752,255,948,4
3753,255,558,5
3754,255,515,6
3755,255,357,7
3756,255,175,8
3757,255,326,9
3758,255,811,10
3759,255,136,11
3760,255,1014,12
3761,255,213,13
3762,255,861,14
3763,255,1267,15
3764,255,229,16
3765,255,63,17
3766,255,753,18
3767,255,314,19
3768,255,202,20
3769,255,732,21
3770,255,732,22
3771,255,716,23
3772,255,39,24
3773,255,39,25
3774,255,39,26
3775,256,558,1
3776,256,175,2
3777,256,515,3
3778,256,721,4
3779,256,357,5
3780,256,63,6
3781,256,39,7
3782,256,39,8
3783,256,39,9
3784,256,732,10
3785,256,732,11
3786,256,202,12
3787,256,254,13
3788,256,951,14
3789,256,1151,15
3790,256,948,16
3791,256,1267,17
3792,256,229,18
3793,256,861,19
3794,256,1014,20
3795,256,772,21
3796,256,369,22
3797,256,448,23
3798,256,443,24
3799,256,182,25
3800,257,721,1
3801,257,515,2
3802,257,63,3
3803,257,39,4
3804,257,39,5
3805,257,39,6
3806,257,202,7
3807,257,175,8
3808,257,1151,9
3809,257,948,10
3810,257,558,11
3811,257,357,12
3812,257,213,13
3813,257,811,14
3814,257,326,15
3815,257,1014,16
3816,257,136,17
3817,257,182,18
3818,257,443,19
3819,257,448,20
3820,257,254,21
3821,257,951,22
3822,257,314,23
3823,257,732,24
3824,257,732,25
3825,257,753,26
3826,257,101,27
3827,257,498,28
3828,257,136,29
3829,258,136,1
3830,258,154,2
3831,258,1014,3
3832,258,326,4
3833,258,443,5
3834,258,63,6
3835,258,182,7
3836,258,515,8
3837,258,448,9
3838,258,732,10
3839,258,732,11
3840,258,721,12
3841,258,558,13
3842,258,1151,14
3843,258,948,15
3844,258,175,16
3845,258,357,17
3846,258,1127,18
3847,258,369,19
3848,258,905,20
3849,258,772,21
3850,258,776,22
3851,258,1307,23
3852,258,213,24
3853,258,101,25
3854,259,772,1
3855,259,776,2
3856,259,369,3
3857,259,905,4
3858,259,1307,5
3859,259,1127,6
3860,259,326,7
3861,259,101,8
3862,259,136,9
3863,259,1014,10
3864,259,498,11
3865,259,495,12
3866,259,558,13
3867,259,515,14
3868,259,63,15
3869,259,732,16
3870,259,732,17
3871,259,443,18
3872,259,948,19
3873,259,1151,20
3874,259,182,21
3875,259,448,22
3876,259,175,23
3877,259,357,24
3878,259,721,25
3879,259,254,26
3880,259,951,27
3881,260,326,1
3882,260,101,2
3883,260,498,3
3884,260,1014,4
3885,260,495,5
3886,260,136,6
3887,260,1127,7
3888,260,558,8
3889,260,515,9
3890,260,951,10
3891,260,63,11
3892,260,443,12
3893,260,948,13
3894,260,1151,14
3895,260,182,15
3896,260,175,16
3897,260,732,17
3898,260,732,18
3899,260,357,19
3900,260,448,20
3901,260,721,21
3902,260,254,22
3903,260,753,23
3904,260,39,24
3905,260,39,25
3906,260,39,26
3907,261,213,1
3908,261,63,2
3909,261,39,3
3910,261,39,4
3911,261,39,5
3912,261,558,6
3913,261,732,7
3914,261,732,8
3915,261,443,9
3916,261,182,10
3917,261,357,11
3918,261,254,12
3919,261,951,13
3920,261,515,14
3921,261,175,15
3922,261,1127,16
3923,261,495,17
3924,261,136,18
3925,261,101,19
3926,261,326,20
3927,261,1014,21
3928,261,498,22
3929,261,369,23
3930,261,905,24
3931,261,772,25
3932,261,776,26
3933,261,1307,27
3934,262,772,1
3935,262,1307,2
3936,262,776,3
3937,262,369,4
3938,262,326,5
3939,262,1014,6
3940,262,905,7
3941,262,101,8
3942,262,498,9
3943,262,1127,10
3944,262,495,11
3945,262,136,12
3946,262,254,13
3947,262,951,14
3948,262,558,15
3949,262,443,16
3950,262,182,17
3951,262,1151,18
3952,262,948,19
3953,262,515,20
3954,262,175,21
3955,262,357,22
3956,262,448,23
3957,262,63,24
3958,262,732,25
3959,262,732,26
3960,262,721,27
3961,262,81,28
3962,262,39,29
3963,262,39,30
3964,262,39,31
3965,263,326,1
3966,263,1307,2
3967,263,136,3
3968,263,495,4
3969,263,1014,5
3970,263,369,6
3971,263,905,7
3972,263,776,8
3973,263,772,9
3974,263,558,10
3975,263,81,11
3976,263,448,12
3977,263,63,13
3978,263,732,14
3979,263,732,15
3980,263,443,16
3981,263,182,17
3982,263,175,18
3983,263,357,19
3984,263,721,20
3985,263,515,21
3986,263,1151,22
3987,263,948,23
3988,263,202,24
3989,263,314,25
3990,263,39,26
3991,263,39,27
3992,263,39,28
3993,263,254,29
3994,263,951,30
3995,263,177,31
3996,264,1014,1
3997,264,1307,2
3998,264,776,3
3999,264,369,4
4000,264,905,5
4001,264,495,6
4002,264,772,7
4003,264,246,8
4004,264,1005,9
4005,264,702,10
4006,264,828,11
4007,264,1007,12
4008,264,254,13
4009,264,951,14
4010,264,39,15
4011,264,39,16
4012,264,39,17
4013,264,326,18
4014,264,136,19
4015,264,753,20
4016,264,558,21
4017,264,81,22
4018,264,721,23
4019,264,515,24
4020,264,443,25
4021,264,182,26
4022,264,63,27
4023,264,357,28
4024,264,175,29
4025,264,448,30
4026,264,732,31
4027,264,732,32
4028,264,154,33
4029,264,1151,34
4030,264,948,35
4031,264,202,36
4032,264,314,37
4033,264,716,38
4034,265,246,1
4035,265,254,2
4036,265,951,3
4037,265,39,4
4038,265,39,5
4039,265,39,6
4040,265,495,7
4041,265,369,8
4042,265,1014,9
4043,265,776,10
4044,265,1307,11
4045,265,772,12
4046,265,326,13
4047,265,515,14
4048,265,357,15
4049,265,136,16
4050,265,175,17
4051,265,721,18
4052,265,558,19
4053,265,828,20
4054,265,702,21
4055,265,1007,22
4056,265,448,23
4057,265,63,24
4058,265,732,25
4059,265,732,26
4060,265,443,27
4061,265,182,28
4062,265,753,29
4063,265,761,30
4064,265,473,31
4065,265,202,32
4066,265,716,33
4067,265,314,34
4068,265,81,35
4069,266,761,1
4070,266,473,2
4071,266,39,3
4072,266,39,4
4073,266,39,5
4074,266,314,6
4075,266,753,7
4076,266,202,8
4077,266,732,9
4078,266,732,10
4079,266,63,11
4080,266,254,12
4081,266,951,13
4082,266,448,14
4083,266,443,15
4084,266,182,16
4085,266,246,17
4086,266,558,18
4087,266,1007,19
4088,266,828,20
4089,266,702,21
4090,266,495,22
4091,266,369,23
4092,266,905,24
4093,266,772,25
4094,266,1307,26
4095,266,776,27
4096,266,1014,28
4097,266,1005,29
4098,266,986,30
4099,266,136,31
4100,266,175,32
4101,266,515,33
4102,266,326,34
4103,266,721,35
4104,266,1151,36
4105,266,948,37
4106,266,357,38
4107,266,81,39
4108,267,495,1
4109,267,1014,2
4110,267,369,3
4111,267,905,4
4112,267,776,5
4113,267,828,6
4114,267,702,7
4115,267,1007,8
4116,267,1307,9
4117,267,772,10
4118,267,246,11
4119,267,558,12
4120,267,1370,13
4121,267,63,14
4122,267,473,15
4123,267,254,16
4124,267,951,17
4125,267,732,18
4126,267,732,19
4127,267,448,20
4128,267,753,21
4129,267,716,22
4130,267,357,23
4131,267,81,24
4132,267,721,25
4133,267,1151,26
4134,267,948,27
4135,267,136,28
4136,267,175,29
4137,267,515,30
4138,267,326,31
4139,267,761,32
4140,267,443,33
4141,267,182,34
4142,267,314,35
4143,267,202,36
4144,268,558,1
4145,268,357,2
4146,268,326,3
4147,268,175,4
4148,268,136,5
4149,268,721,6
4150,268,1151,7
4151,268,948,8
4152,268,515,9
4153,268,63,10
4154,268,254,12
4155,268,448,13
4156,268,443,14
4157,268,182,15
4158,268,951,16
4159,268,246,17
4160,268,1014,18
4161,268,495,19
4162,268,772,20
4163,268,776,21
4164,268,1307,22
4165,268,369,23
4166,268,905,24
4167,268,861,25
4168,268,828,26
4169,268,1007,27
4170,268,702,28
4171,269,495,1
4172,269,686,3
4173,269,246,4
4174,269,1014,5
4175,269,1005,6
4176,269,369,7
4177,269,905,8
4178,269,828,9
4179,269,702,10
4180,269,558,11
4181,269,1007,12
4182,269,1307,13
4183,269,776,14
4184,269,772,15
4185,269,254,16
4186,269,951,17
4187,269,63,18
4188,269,81,19
4189,269,753,20
4190,269,732,21
4191,269,732,22
4192,269,357,23
4193,269,515,24
4194,269,175,25
4195,269,326,26
4196,269,761,27
4197,269,473,28
4198,269,443,30
4199,269,182,31
4200,269,448,32
4201,270,254,1
4202,270,951,2
4203,270,175,3
4204,270,357,4
4205,270,515,5
4206,270,326,6
4207,270,136,7
4208,270,182,8
4209,270,448,9
4210,270,473,10
4211,270,443,11
4212,270,761,12
4213,270,69,13
4214,270,1062,14
4215,270,1283,15
4216,270,838,16
4217,270,63,17
4218,270,753,18
4219,270,314,19
4220,270,81,20
4221,270,732,21
4222,270,732,22
4223,270,202,23
4224,270,716,24
4225,270,1307,25
4226,270,558,26
4227,271,1151,1
4228,271,948,2
4229,271,721,3
4230,271,951,4
4231,271,63,5
4232,271,357,6
4233,271,753,7
4234,271,314,8
4235,271,175,9
4236,271,254,10
4237,271,515,11
4238,271,81,12
4239,271,202,13
4240,271,716,14
4241,271,732,15
4242,271,732,16
4243,271,326,17
4244,271,558,18
4245,271,1307,19
4246,271,40,20
4247,271,1370,21
4248,271,761,22
4249,271,473,23
4250,271,448,24
4251,271,182,25
4252,271,443,26
4253,271,136,28
4254,271,1014,29
4255,271,495,30
4256,271,369,31
4257,271,905,32
4258,271,776,33
4259,271,772,34
4260,271,246,35
4261,271,828,36
4262,271,702,37
4263,271,1007,38
4264,272,951,1
4265,272,515,2
4266,272,175,3
4267,272,81,4
4268,272,63,5
4269,272,732,6
4270,272,732,7
4271,272,716,8
4272,272,753,9
4273,272,314,10
4274,272,254,11
4275,272,202,12
4276,272,357,13
4277,272,326,14
4278,272,1005,15
4279,272,246,16
4280,272,495,17
4281,272,1014,18
4282,272,40,19
4283,272,761,20
4284,272,473,21
4285,272,1307,22
4286,272,558,23
4287,272,686,24
4288,272,136,25
4289,273,1370,1
4290,273,246,2
4291,273,357,3
4292,273,175,4
4293,273,63,5
4294,273,202,6
4295,273,753,7
4296,273,81,8
4297,273,515,9
4298,273,314,10
4299,273,716,11
4300,273,326,12
4301,273,1307,13
4302,273,558,14
4303,273,761,15
4304,273,136,16
4305,273,473,17
4306,273,448,18
4307,273,182,19
4308,273,443,20
4309,273,732,21
4310,273,732,22
4311,273,40,23
4312,273,1014,24
4313,273,495,25
4314,273,1151,26
4315,273,948,27
4316,273,721,28
4317,274,246,1
4318,274,495,2
4319,274,1014,3
4320,274,558,4
4321,274,1307,5
4322,274,357,6
4323,274,326,7
4324,274,175,8
4325,274,515,9
4326,274,776,10
4327,274,828,11
4328,274,1007,12
4329,274,369,13
4330,274,905,14
4331,274,702,15
4332,274,772,16
4333,274,81,17
4334,274,40,18
4335,274,732,19
4336,274,63,20
4337,274,1370,21
4338,274,732,22
4339,274,761,23
4340,274,473,24
4341,274,136,25
4342,274,448,26
4343,274,443,27
4344,274,182,28
4345,275,702,1
4346,275,772,2
4347,275,828,3
4348,275,369,4
4349,275,905,5
4350,275,1007,6
4351,275,776,7
4352,275,175,8
4353,275,326,9
4354,275,136,10
4355,275,558,11
4356,275,357,12
4357,275,515,13
4358,275,495,14
4359,275,1014,15
4360,275,246,16
4361,275,361,17
4362,275,578,18
4363,275,466,19
4364,275,1137,20
4365,275,373,21
4366,275,932,22
4367,275,942,23
4368,275,1266,24
4369,275,367,25
4370,275,70,26
4371,275,885,27
4372,275,825,28
4373,275,671,29
4374,275,244,31
4375,275,497,32
4376,276,497,1
4377,276,1137,2
4378,276,367,3
4379,276,70,4
4380,276,825,5
4381,276,495,6
4382,276,244,7
4383,276,671,8
4384,276,373,10
4385,276,885,11
4386,276,1266,12
4387,276,942,13
4388,276,466,14
4389,276,361,15
4390,276,685,16
4391,277,367,1
4392,277,244,2
4393,277,671,3
4394,277,1137,4
4395,277,497,6
4396,277,70,7
4397,277,495,8
4398,277,632,9
4399,277,281,10
4400,277,173,11
4401,277,373,12
4402,277,1266,13
4403,277,942,14
4404,277,885,15
4405,277,466,16
4406,277,361,17
4407,277,825,18
4408,277,685,19
4409,277,305,20
4410,278,495,1
4411,278,825,2
4412,278,497,3
4413,278,1137,4
4414,278,244,5
4415,278,685,6
4416,278,337,7
4417,278,373,8
4418,278,932,9
4419,278,942,10
4420,278,1266,11
4421,278,367,12
4422,278,70,13
4423,278,885,14
4424,278,305,15
4425,278,765,16
4426,278,496,17
4427,278,1158,18
4428,278,1120,19
4429,278,246,20
4430,278,1014,21
4431,278,369,22
4432,278,905,23
4433,278,828,24
4434,278,558,25
4435,278,175,26
4436,278,326,27
4437,278,136,28
4438,278,357,29
4439,278,515,30
4440,278,1007,31
4441,278,776,32
4442,278,702,33
4443,278,772,34
4444,279,175,1
4445,279,326,2
4446,279,136,3
4447,279,558,4
4448,279,357,5
4449,279,515,6
4450,279,1370,7
4451,279,1014,8
4452,279,721,9
4453,279,290,10
4454,279,82,11
4455,279,653,12
4456,279,13,13
4457,279,495,14
4458,279,1293,15
4459,279,663,16
4460,279,1272,17
4461,279,641,18
4462,279,898,19
4463,279,90,20
4464,279,654,21
4465,280,175,1
4466,280,326,2
4467,280,136,3
4468,280,558,4
4469,280,357,5
4470,280,515,6
4471,280,495,7
4472,280,283,8
4473,280,550,9
4474,280,730,10
4475,280,908,11
4476,280,136,12
4477,280,694,13
4478,280,1277,14
4479,280,759,15
4480,280,822,16
4481,280,721,17
4482,280,1014,18
4483,281,558,1
4484,281,357,2
4485,281,136,3
4486,281,326,4
4487,281,515,5
4488,281,175,6
4489,281,495,7
4490,281,75,8
4491,281,797,9
4492,281,488,10
4493,281,136,11
4494,281,295,12
4495,281,1277,13
4496,281,1356,14
4497,281,907,15
4498,281,692,16
4499,281,1157,17
4500,281,426,18
4501,281,768,19
4502,281,978,20
4503,281,516,21
4504,281,11,22
4505,281,246,23
4506,281,1007,24
4507,281,776,25
4508,281,369,26
4509,281,702,27
4510,281,828,28
4511,281,772,29
4512,281,761,30
4513,281,473,31
4514,281,1014,32
4515,282,515,1
4516,282,357,2
4517,282,558,3
4518,282,136,4
4519,282,326,5
4520,282,175,6
4521,282,495,7
4522,282,64,8
4523,282,1250,9
4524,282,450,10
4525,282,444,11
4526,282,707,12
4527,282,971,13
4528,282,75,14
4529,282,889,15
4530,282,102,16
4531,282,1160,17
4532,282,698,18
4533,282,136,19
4534,282,509,20
4535,282,1104,21
4536,282,1014,22
4537,282,246,23
4538,282,1007,24
4539,282,776,25
4540,282,369,26
4541,282,828,27
4542,282,772,28
4543,282,702,29
4544,282,761,30
4545,282,473,31
4546,283,515,1
4547,283,357,2
4548,283,136,3
4549,283,326,4
4550,283,175,5
4551,283,1007,6
4552,283,776,7
4553,283,905,8
4554,283,369,9
4555,283,702,10
4556,283,828,11
4557,283,772,12
4558,283,558,13
4559,283,495,14
4560,283,1307,15
4561,283,861,16
4562,283,177,17
4563,283,1014,18
4564,283,686,19
4565,283,510,20
4566,283,485,21
4567,283,1151,22
4568,283,721,23
4569,283,948,24
4570,283,229,25
4571,283,1267,26
4572,283,254,27
4573,283,951,28
4574,283,246,29
4575,283,497,30
4576,283,825,31
4577,283,1137,32
4578,283,765,33
4579,283,496,34
4580,283,305,35
4581,283,1120,36
4582,283,761,37
4583,283,473,38
4584,284,761,1
4585,284,473,2
4586,284,40,3
4587,284,732,4
4588,284,443,5
4589,284,182,6
4590,284,732,7
4591,284,175,8
4592,284,326,9
4593,284,136,10
4594,284,357,11
4595,284,515,12
4596,284,558,13
4597,284,246,14
4598,284,772,15
4599,284,828,16
4600,284,369,17
4601,284,905,18
4602,284,702,19
4603,284,776,20
4604,284,1007,21
4605,284,1370,22
4606,284,448,23
4607,284,63,24
4608,284,495,25
4609,284,1014,26
4610,284,861,27
4611,284,314,28
4612,284,721,29
4613,284,1151,30
4614,284,948,31
4615,284,202,32
4616,284,753,33
4617,284,177,34
4618,284,796,35
4619,285,175,1
4620,285,136,2
4621,285,515,3
4622,285,326,4
4623,285,357,5
4624,285,558,6
4625,285,1014,7
4626,285,246,8
4627,285,772,9
4628,285,828,10
4629,285,702,11
4630,285,369,12
4631,285,905,13
4632,285,776,14
4633,285,1007,15
4634,285,495,16
4635,285,1005,17
4636,285,63,18
4637,285,732,19
4638,285,732,20
4639,285,448,21
4640,285,761,22
4641,285,473,23
4642,285,721,24
4643,285,1151,25
4644,285,948,26
4645,286,702,1
4646,286,515,2
4647,286,326,3
4648,286,772,4
4649,286,558,5
4650,286,369,6
4651,286,905,7
4652,286,357,8
4653,286,776,9
4654,286,136,10
4655,286,828,11
4656,287,776,1
4657,287,357,2
4658,287,136,3
4659,287,828,4
4660,287,175,5
4661,287,558,6
4662,287,1151,7
4663,287,948,8
4664,287,515,9
4665,287,702,10
4666,287,1014,11
4667,287,1007,12
4668,287,326,13
4669,287,772,14
4670,287,495,15
4671,287,1307,16
4672,288,772,1
4673,288,515,2
4674,288,702,3
4675,288,175,4
4676,288,558,5
4677,288,1151,6
4678,288,948,7
4679,288,246,8
4680,288,369,9
4681,288,905,10
4682,288,495,11
4683,288,1005,12
4684,288,326,13
4685,288,1014,14
4686,288,1007,15
4687,289,1007,1
4688,289,1014,2
4689,289,175,3
4690,289,702,4
4691,289,1151,5
4692,289,948,6
4693,289,558,7
4694,289,515,8
4695,289,326,9
4696,289,357,10
4697,289,136,11
4698,289,828,12
4699,289,776,13
4700,290,357,1
4701,290,136,2
4702,290,776,3
4703,290,828,4
4704,290,702,5
4705,290,175,6
4706,290,495,7
4707,290,698,8
4708,290,889,9
4709,290,558,10
4710,290,515,11
4711,290,772,12
4712,290,326,13
4713,291,20,1
4714,291,175,2
4715,291,594,3
4716,291,326,5
4717,291,1280,8
4718,291,382,9
4719,291,566,10
4720,291,1265,11
4721,291,377,13
4722,291,208,15
4723,291,493,16
4724,291,427,17
4725,291,612,18
4726,291,136,19
4727,291,1290,20
4728,291,884,21
4729,291,495,22
4730,291,509,24
4731,291,441,25
4732,291,1240,26
4733,292,326,1
4734,292,175,3
4735,292,558,4
4736,292,450,5
4737,292,461,6
4738,292,1128,7
4739,292,1104,8
4740,292,208,10
4741,292,493,11
4742,292,427,12
4743,292,136,13
4744,292,495,14
4745,292,1280,15
4746,292,20,16
4747,292,1265,17
4748,292,566,18
4749,292,382,19
4750,292,510,20
4751,292,509,21
4752,292,907,22
4753,292,983,23
4754,292,855,24
4755,292,1240,25
4756,292,441,26
4757,292,357,27
4758,292,978,28
4759,292,1368,29
4760,292,193,30
4761,292,505,31
4762,292,581,32
4763,293,702,1
4764,293,175,2
4765,293,1014,3
4766,293,1007,4
4767,293,772,5
4768,293,515,6
4769,293,326,7
4770,293,495,8
4771,293,369,9
4772,293,905,10
4773,293,246,11
4774,293,1005,12
4775,293,558,13
4776,294,369,1
4777,294,905,2
4778,294,558,3
4779,294,175,4
4780,294,357,5
4781,294,136,6
4782,294,776,7
4783,294,828,8
4784,294,515,9
4785,294,772,10
4786,294,1014,11
4787,294,326,12
4788,294,473,13
4789,294,761,14
4790,294,448,15
4791,294,443,16
4792,294,63,17
4793,294,182,18
4794,294,732,19
4795,294,732,20
4796,294,246,21
4797,294,495,22
4798,294,1005,23
4799,294,801,24
4800,294,202,25
4801,294,753,26
4802,294,1007,27
4803,294,721,28
4804,294,716,29
4805,294,314,30
4806,295,495,1
4807,295,246,2
4808,295,1005,3
4809,295,558,4
4810,295,369,5
4811,295,1151,6
4812,295,948,7
4813,295,721,8
4814,295,772,9
4815,295,515,10
4816,295,175,11
4817,295,828,12
4818,295,776,13
4819,295,136,14
4820,295,357,15
4821,295,326,16
4822,296,515,1
4823,296,772,2
4824,296,1014,3
4825,296,63,4
4826,296,732,5
4827,296,732,6
4828,296,448,7
4829,296,182,8
4830,296,202,9
4831,296,828,10
4832,296,776,11
4833,296,357,12
4834,296,136,13
4835,296,175,14
4836,296,326,15
4837,296,721,16
4838,296,1151,17
4839,296,948,18
4840,296,246,19
4841,296,1005,20
4842,296,495,21
4843,296,905,22
4844,296,558,23
4845,296,369,24
4846,297,495,1
4847,297,246,2
4848,297,1005,3
4849,297,1014,4
4850,297,175,5
4851,297,1151,6
4852,297,948,7
4853,297,721,8
4854,297,515,9
4855,297,776,10
4856,297,828,11
4857,297,357,12
4858,297,136,13
4859,297,326,14
4860,297,905,15
4861,297,558,16
4862,297,369,17
4863,297,448,18
4864,297,772,19
4865,297,473,20
4866,297,761,21
4867,297,63,22
4868,297,443,23
4869,297,182,24
4870,298,136,1
4871,298,515,2
4872,298,326,3
4873,298,828,4
4874,298,495,5
4875,298,246,6
4876,298,1005,7
4877,298,558,8
4878,298,369,9
4879,299,326,1
4880,299,828,2
4881,299,357,3
4882,299,776,4
4883,299,246,5
4884,299,495,6
4885,299,1005,7
4886,299,1014,8
4887,299,558,9
4888,299,369,10
4889,299,905,11
4890,300,357,1
4891,300,776,2
4892,300,136,3
4893,300,515,4
4894,300,448,5
4895,300,326,6
4896,300,63,7
4897,300,81,8
4898,300,753,9
4899,300,716,10
4900,300,473,11
4901,300,761,12
4902,300,254,13
4903,300,951,14
4904,300,1151,15
4905,300,721,16
4906,300,948,17
4907,300,175,18
4908,300,246,19
4909,300,1005,20
4910,300,495,21
4911,300,558,22
4912,300,369,23
4913,300,1014,24
4914,300,1007,25
4915,301,448,1
4916,301,473,2
4917,301,761,3
4918,301,254,4
4919,301,951,5
4920,301,63,6
4921,301,732,7
4922,301,732,8
4923,301,202,9
4924,301,753,10
4925,301,443,11
4926,301,182,12
4927,301,81,13
4928,301,558,14
4929,301,369,15
4930,301,1014,16
4931,301,246,17
4932,301,495,18
4933,301,1005,19
4934,301,825,20
4935,301,244,21
4936,301,671,22
4937,301,497,23
4938,301,1137,24
4939,301,70,25
4940,301,367,26
4941,301,373,27
4942,301,281,28
4943,301,685,29
4944,301,515,30
4945,301,175,31
4946,301,136,32
4947,301,326,33
4948,301,357,34
4949,301,772,35
4950,301,1007,36
4951,301,702,37
4952,301,828,38
4953,301,776,39
4954,302,136,1
4955,302,326,2
4956,302,357,3
4957,302,246,4
4958,302,1082,5
4959,302,495,6
4960,302,1014,7
4961,302,473,8
4962,302,761,9
4963,302,254,10
4964,302,951,11
4965,302,448,12
4966,302,1005,13
4967,302,948,14
4968,302,1151,15
4969,302,721,16
4970,302,175,17
4971,302,177,18
4972,302,81,19
4973,302,861,20
4974,302,515,21
4975,302,558,22
4976,302,369,23
4977,302,565,24
4978,302,467,25
4979,302,91,26
4980,302,228,27
4981,303,357,1
4982,303,175,3
4983,303,493,4
4984,303,208,5
4985,303,427,6
4986,303,558,7
4987,303,326,9
4988,303,136,10
4989,303,457,11
4990,303,978,12
4991,303,510,13
4992,303,495,14
4993,303,101,15
4994,303,1016,16
4995,303,1280,17
4996,303,20,18
4997,303,382,19
4998,303,566,20
4999,303,1265,21
5000,303,928,22
5001,303,461,23
5002,303,284,24
5003,304,246,1
5004,304,1005,2
5005,304,1014,3
5006,304,495,4
5007,304,825,5
5008,304,685,6
5009,304,1007,7
5010,304,772,8
5011,304,828,9
5012,304,776,10
5013,304,136,11
5014,304,326,12
5015,304,357,13
5016,304,515,14
5017,304,721,15
5018,304,175,16
5019,304,1151,17
5020,304,948,18
5021,304,558,19
5022,304,369,20
5023,304,905,21
5024,305,558,1
5025,305,369,2
5026,305,136,3
5027,305,326,4
5028,305,357,5
5029,305,515,6
5030,305,721,7
5031,305,1151,8
5032,305,948,9
5033,305,175,10
5034,305,1082,11
5035,305,246,12
5036,305,1014,13
5037,305,495,14
5038,305,467,15
5039,306,558,1
5040,306,369,2
5041,306,473,3
5042,306,761,4
5043,306,254,5
5044,306,951,6
5045,306,448,7
5046,306,63,8
5047,306,732,9
5048,306,732,10
5049,306,443,11
5050,306,182,12
5051,306,81,13
5052,306,246,14
5053,306,1014,15
5054,306,495,16
5055,306,1005,17
5056,306,796,18
5057,306,177,19
5058,306,861,20
5059,306,685,21
5060,306,825,22
5061,306,228,23
5062,306,721,24
5063,306,357,25
5064,306,175,26
5065,306,136,27
5066,306,515,28
5067,306,326,29
5068,306,1151,30
5069,306,948,31
5070,307,1014,1
5071,307,495,2
5072,307,721,3
5073,307,565,4
5074,307,326,5
5075,307,136,6
5076,307,357,7
5077,307,948,8
5078,307,1151,9
5079,307,175,10
5080,307,515,11
5081,307,558,12
5082,307,369,13
5083,307,761,14
5084,307,951,15
5085,307,81,16
5086,307,473,17
5087,307,254,18
5088,307,63,19
5089,307,732,20
5090,307,732,21
5091,307,182,22
5092,307,443,23
5093,307,448,24
5094,307,1082,25
5095,307,91,26
5096,307,314,27
5097,307,776,28
5098,307,772,29
5099,307,905,30
5100,308,1014,1
5101,308,326,2
5102,308,357,3
5103,308,136,4
5104,308,558,5
5105,308,369,6
5106,308,318,7
5107,308,175,8
5108,308,515,9
5109,308,495,10
5110,308,721,11
5111,308,948,12
5112,308,1151,13
5113,308,467,14
5114,309,1014,1
5115,309,958,2
5116,309,495,3
5117,309,515,4
5118,309,357,5
5119,309,136,6
5120,309,558,7
5121,309,369,8
5122,309,721,9
5123,309,948,10
5124,309,1151,11
5125,309,175,12
5126,309,326,13
5127,309,124,14
5128,309,268,15
5129,309,686,16
5130,309,246,17
5131,309,905,18
5132,310,1082,1
5133,310,369,2
5134,310,136,3
5135,310,357,4
5136,310,1014,5
5137,310,905,6
5138,310,558,7
5139,310,515,8
5140,310,495,9
5141,310,948,10
5142,310,1151,11
5143,310,175,12
5144,310,721,13
5145,310,228,14
5146,310,473,15
5147,310,761,16
5148,310,254,17
5149,310,951,18
5150,310,81,19
5151,310,448,20
5152,310,63,21
5153,310,732,22
5154,310,732,23
5155,310,753,24
5156,310,182,25
5157,310,467,26
5158,310,289,27
5159,310,565,28
5160,310,326,29
5161,310,91,30
5162,311,326,1
5163,311,515,2
5164,311,1151,3
5165,311,948,4
5166,311,357,5
5167,311,136,6
5168,311,1014,7
5169,311,721,8
5170,311,558,9
5171,311,495,10
5172,311,175,11
5173,311,246,12
5174,311,1082,13
5175,311,467,14
5176,311,448,15
5177,311,63,16
5178,311,182,17
5179,311,443,18
5180,311,732,19
5181,311,732,20
5182,311,473,21
5183,311,761,22
5184,311,254,23
5185,311,951,24
5186,311,81,25
5187,311,39,26
5188,311,39,27
5189,311,39,28
5190,311,686,29
5191,312,558,1
5192,312,175,2
5193,312,136,3
5194,312,326,4
5195,312,495,5
5196,312,357,6
5197,312,515,7
5198,312,721,8
5199,312,1151,9
5200,312,948,10
5201,312,1014,11
5202,312,732,12
5203,312,732,13
5204,312,861,14
5205,312,154,15
5206,312,607,16
5207,312,759,17
5208,312,509,19
5209,312,763,20
5210,312,1062,21
5211,312,1283,22
5212,312,838,23
5213,312,1128,24
5214,312,461,25
5215,312,223,26
5216,313,357,1
5217,313,268,2
5218,313,842,3
5219,313,200,4
5220,313,448,5
5221,313,202,6
5222,313,716,7
5223,313,63,8
5224,313,753,9
5225,313,314,10
5226,313,254,11
5227,313,951,12
5228,313,473,13
5229,313,761,14
5230,313,136,15
5231,313,1062,16
5232,313,1283,17
5233,313,732,18
5234,313,732,19
5235,313,861,20
5236,313,1014,21
5237,313,154,22
5238,313,177,23
5239,313,558,24
5240,313,326,25
5241,313,721,26
5242,313,1151,27
5243,313,948,28
5244,313,81,29
5245,313,515,30
5246,313,495,31
5247,313,175,32
5248,313,953,33
5249,313,559,34
5250,313,730,37
5251,313,908,38
5252,314,559,1
5253,314,558,2
5254,314,1014,3
5255,314,175,4
5256,314,721,5
5257,314,515,6
5258,314,1151,7
5259,314,948,8
5260,314,326,9
5261,314,732,10
5262,314,732,11
5263,314,495,12
5264,314,136,13
5265,314,81,14
5266,314,290,15
5267,314,1052,16
5268,314,783,18
5269,314,13,19
5270,314,653,20
5271,314,82,21
5272,314,663,22
5273,314,1272,23
5274,314,641,24
5275,314,357,25
5276,314,1297,28
5277,314,730,29
5278,314,908,30
5279,314,377,31
5280,314,376,32
5281,314,374,33
5282,314,1265,34
5283,314,1280,35
5284,314,1369,36
5285,314,258,37
5286,314,560,38
5287,315,559,1
5288,315,1297,2
5289,315,558,3
5290,315,175,4
5291,315,326,5
5292,315,515,6
5293,315,495,7
5294,315,357,8
5295,315,730,9
5296,315,908,10
5297,315,1151,11
5298,315,948,12
5299,315,721,13
5300,315,246,14
5301,315,81,15
5302,315,136,16
5303,315,314,17
5304,315,63,18
5305,315,753,19
5306,315,716,20
5307,315,254,21
5308,315,951,22
5309,315,761,23
5310,315,473,24
5311,315,182,25
5312,315,443,26
5313,315,448,27
5314,315,861,28
5315,315,154,29
5316,315,732,30
5317,315,732,31
5318,315,1014,32
5319,315,39,33
5320,315,39,34
5321,315,39,35
5322,315,686,36
5323,315,825,37
5324,316,229,1
5325,316,1267,2
5326,316,448,3
5327,316,515,4
5328,316,136,5
5329,316,1014,6
5330,316,753,7
5331,316,721,8
5332,316,175,9
5333,316,1151,10
5334,316,948,11
5335,316,495,12
5336,316,326,13
5337,316,357,14
5338,316,182,15
5339,316,443,16
5340,316,558,17
5341,316,63,18
5342,316,314,19
5343,316,861,20
5344,316,473,21
5345,316,761,22
5346,316,254,23
5347,316,951,24
5348,316,39,25
5349,316,39,26
5350,316,39,27
5351,316,632,28
5352,316,1035,29
5353,316,173,30
5354,316,281,31
5355,316,821,32
5356,316,154,33
5357,316,791,34
5358,316,1052,35
5359,316,653,36
5360,316,13,37
5361,316,82,38
5362,316,635,39
5363,316,290,40
5364,316,1280,41
5365,316,184,42
5366,316,416,43
5367,316,623,44
5368,316,202,45
5369,316,716,46
5370,316,686,47
5371,316,732,48
5372,316,732,49
5373,316,81,50
5374,317,558,3
5375,317,175,4
5376,317,457,5
5377,317,357,6
5378,317,495,9
5379,317,515,10
5380,317,721,11
5381,317,81,12
5382,317,448,13
5383,317,182,14
5384,317,443,15
5385,317,861,16
5386,317,154,17
5387,317,732,18
5388,317,732,19
5389,317,63,20
5390,317,716,21
5391,317,753,22
5392,317,202,23
5393,317,136,24
5394,317,254,25
5395,317,951,26
5396,318,357,1
5397,318,268,2
5398,318,601,11
5399,318,326,12
5400,318,721,13
5401,318,314,14
5402,318,716,15
5403,318,63,16
5404,318,202,17
5405,318,753,18
5406,318,558,19
5407,318,175,20
5408,318,136,21
5409,318,1151,22
5410,318,948,23
5411,318,448,24
5412,318,495,25
5413,318,515,26
5414,319,326,1
5415,319,1151,2
5416,319,948,3
5417,319,515,4
5418,319,495,5
5419,319,64,7
5420,319,136,8
5421,319,558,9
5422,319,175,10
5423,319,357,11
5424,319,721,12
5425,319,81,13
5426,319,182,14
5427,319,448,15
5428,319,443,16
5429,319,1014,17
5430,319,861,18
5431,320,1014,1
5432,320,81,2
5433,320,861,3
5434,320,448,4
5435,320,443,5
5436,320,182,6
5437,320,1151,7
5438,320,948,8
5439,320,721,9
5440,320,177,10
5441,320,246,11
5442,320,136,12
5443,320,357,13
5444,320,558,14
5445,320,515,15
5446,320,326,16
5447,320,175,17
5448,320,495,18
5449,320,63,19
5450,320,314,20
5451,320,753,21
5452,320,202,22
5453,320,732,23
5454,320,732,24
5455,320,772,25
5456,320,702,26
5457,320,828,27
5458,320,369,28
5459,320,776,29
5460,320,1007,30
5461,320,1356,31
5462,320,716,32
5463,321,39,1
5464,321,39,2
5465,321,39,3
5466,321,753,4
5467,321,558,5
5468,321,63,6
5469,321,202,7
5470,321,326,8
5471,321,515,9
5472,321,175,10
5473,321,495,11
5474,321,357,12
5475,321,732,13
5476,321,732,14
5477,321,1014,15
5478,321,721,16
5479,321,1151,17
5480,321,948,18
5481,321,136,19
5482,321,1343,20
5483,321,448,21
5484,321,182,22
5485,321,443,23
5486,321,81,24
5487,321,861,25
5488,321,154,26
5489,321,314,27
5490,321,716,28
5491,321,254,29
5492,321,951,30
5493,322,1014,1
5494,322,558,2
5495,322,175,3
5496,322,515,4
5497,322,495,5
5498,322,721,6
5499,322,1151,7
5500,322,948,8
5501,322,732,9
5502,322,732,10
5503,322,861,11
5504,322,154,12
5505,322,448,13
5506,322,81,14
5507,322,443,15
5508,322,182,16
5509,322,177,17
5510,322,63,18
5511,322,753,19
5512,322,716,20
5513,322,314,21
5514,322,202,22
5515,322,39,23
5516,322,357,24
5517,322,326,25
5518,322,39,26
5519,322,39,27
5520,322,254,28
5521,322,951,29
5522,323,559,1
5523,323,1297,2
5524,323,730,3
5525,323,908,4
5526,323,686,5
5527,323,732,6
5528,323,732,7
5529,323,63,8
5530,323,202,9
5531,323,716,10
5532,323,314,11
5533,323,753,12
5534,323,39,13
5535,323,39,14
5536,323,39,15
5537,323,515,16
5538,323,175,17
5539,323,558,18
5540,323,1014,19
5541,323,326,20
5542,323,357,21
5543,323,495,22
5544,323,136,23
5545,323,246,24
5546,323,776,25
5547,323,828,26
5548,323,607,27
5549,323,759,28
5550,324,559,1
5551,324,730,2
5552,324,908,3
5553,324,686,4
5554,324,63,5
5555,324,753,6
5556,324,314,7
5557,324,357,8
5558,324,1014,9
5559,324,558,10
5560,324,136,11
5561,324,175,12
5562,324,515,13
5563,324,326,14
5564,324,448,15
5565,324,182,16
5566,324,443,17
5567,324,861,18
5568,324,495,19
5569,324,1151,20
5570,324,948,21
5571,324,721,22
5572,324,81,23
5573,324,761,24
5574,324,473,25
5575,324,39,26
5576,324,39,27
5577,324,732,28
5578,324,732,29
5579,324,254,30
5580,324,951,31
5581,324,258,32
5582,324,200,33
5583,324,64,34
5584,324,1250,35
5585,324,450,36
5586,324,90,37
5587,324,641,38
5588,324,759,39
5589,324,427,40
5590,324,208,41
5591,324,493,42
5592,324,284,43
5593,324,488,44
5594,324,978,45
5595,324,11,46
5596,324,698,47
5597,324,1104,48
5598,324,855,49
5599,324,510,50
5600,324,1240,51
5601,324,441,52
5602,324,509,53
5603,324,763,54
5604,324,560,55
5605,324,189,56
5606,325,623,1
5607,325,673,2
5608,325,131,3
5609,325,1079,4
5610,325,225,5
5611,325,813,6
5612,325,416,7
5613,325,184,8
5614,326,233,11
5615,326,515,12
5616,326,175,13
5617,326,326,14
5618,326,136,15
5619,326,558,16
5620,326,495,17
5621,326,1014,18
5622,326,357,19
5623,326,1324,25
5624,326,457,26
5625,327,233,1
5626,327,1324,7
5627,327,326,8
5628,327,1014,9
5629,327,495,10
5630,327,357,11
5631,327,515,12
5632,327,558,13
5633,327,136,14
5634,327,175,16
5635,328,136,1
5636,328,495,2
5637,328,357,3
5638,328,1014,4
5639,328,515,5
5640,328,326,6
5641,328,558,7
5642,328,175,9
5643,328,233,12
5644,328,1324,18
5645,329,495,1
5646,329,326,2
5647,329,1014,3
5648,329,136,4
5649,329,515,5
5650,329,357,10
5651,329,558,11
5652,329,233,14
5653,329,175,15
5654,329,1324,22
5655,330,558,1
5656,330,175,6
5657,330,1324,8
5658,330,495,13
5659,330,136,16
5660,330,326,17
5661,330,1014,18
5662,330,515,19
5663,330,233,22
5664,330,357,25
5665,331,136,2
5666,331,326,3
5667,331,558,5
5668,331,175,8
5669,331,233,9
5670,331,1324,11
5671,331,495,16
5672,331,515,19
5673,331,1014,20
5674,331,357,24
5675,332,175,1
5676,332,558,3
5677,332,1014,7
5678,332,515,8
5679,332,136,9
5680,332,326,10
5681,332,357,14
5682,332,495,15
5683,332,233,18
5684,332,1324,22
5685,333,357,1
5686,333,136,2
5687,333,515,3
5688,333,326,4
5689,333,1014,5
5690,333,558,6
5691,333,175,7
5692,333,495,14
5693,333,233,16
5694,333,1324,21
5695,334,558,1
5696,334,326,3
5697,334,1014,4
5698,334,136,5
5699,334,515,6
5700,334,175,7
5701,334,233,14
5702,334,1324,16
5703,334,495,19
5704,334,721,20
5705,334,1151,21
5706,334,948,22
5707,334,357,23
5708,335,558,1
5709,335,515,3
5710,335,495,4
5711,335,326,5
5712,335,136,6
5713,335,175,7
5714,335,357,8
5715,335,233,12
5716,335,1324,17
5717,335,1014,19
5718,336,331,6
5719,336,457,7
5720,336,420,11
5721,336,797,12
5722,336,75,13
5723,337,495,1
5724,337,175,2
5725,337,136,3
5726,337,558,4
5727,337,1014,5
5728,337,515,6
5729,337,326,7
5730,337,357,8
5731,337,1282,10
5732,338,1282,1
5733,338,558,2
5734,338,326,3
5735,338,515,4
5736,338,175,5
5737,338,136,6
5738,338,1014,7
5739,338,357,8
5740,338,495,9
5741,339,515,1
5742,339,136,2
5743,339,558,3
5744,339,1282,4
5745,339,495,5
5746,339,326,6
5747,339,357,7
5748,339,1014,8
5749,339,175,9
5750,339,1247,11
5751,339,895,12
5752,340,136,1
5753,340,895,2
5754,340,175,3
5755,340,515,4
5756,340,571,5
5757,340,141,6
5758,340,457,8
5759,340,558,9
5760,340,326,10
5761,340,495,11
5762,340,357,12
5763,340,1014,13
5764,340,122,14
5765,340,881,15
5766,340,1276,16
5767,340,1282,17
5768,341,136,1
5769,341,175,2
5770,341,515,3
5771,341,1276,4
5772,341,1387,5
5773,341,881,6
5774,341,357,7
5775,341,326,8
5776,341,558,9
5777,341,495,10
5778,341,1014,11
5779,341,1247,12
5780,341,571,13
5781,341,141,14
5782,341,895,16
5783,342,175,1
5784,342,136,2
5785,342,515,3
5786,342,1276,4
5787,342,571,5
5788,342,141,6
5789,342,292,7
5790,342,1247,8
5791,342,326,9
5792,342,558,10
5793,342,1014,11
5794,342,495,12
5795,342,357,13
5796,342,881,15
5797,342,122,16
5798,343,558,1
5799,343,326,2
5800,343,357,3
5801,343,1014,4
5802,343,495,5
5803,343,235,6
5804,343,1061,7
5805,343,1326,8
5806,343,1070,9
5807,343,1282,10
5808,343,515,11
5809,343,175,12
5810,343,136,13
5811,343,122,14
5812,343,881,15
5813,343,292,16
5814,343,1387,17
5815,343,695,18
5816,343,434,19
5817,343,1330,20
5818,343,984,21
5819,343,891,22
5820,344,515,1
5821,344,175,2
5822,344,136,3
5823,344,881,4
5824,344,122,5
5825,344,292,6
5826,344,1282,7
5827,344,558,8
5828,344,357,9
5829,344,1014,10
5830,344,495,11
5831,344,326,12
5832,344,1276,13
5833,344,371,14
5834,344,571,15
5835,344,141,16
5836,344,1387,17
5837,344,799,19
5838,345,1387,1
5839,345,799,2
5840,345,656,3
5841,345,1014,4
5842,345,558,5
5843,345,495,6
5844,345,357,7
5845,345,1276,8
5846,345,434,9
5847,345,695,10
5848,345,371,11
5849,345,175,12
5850,345,136,13
5851,345,515,14
5852,345,846,15
5853,345,891,16
5854,346,558,1
5855,346,1014,2
5856,346,495,3
5857,346,1276,4
5858,346,799,6
5859,346,1387,7
5860,346,656,8
5861,346,515,9
5862,346,846,10
5863,346,175,11
5864,346,136,12
5865,346,891,13
5866,346,434,14
5867,346,357,15
5868,346,984,16
5869,346,326,17
5870,346,810,18
5871,346,199,19
5872,347,846,1
5873,347,891,2
5874,347,175,3
5875,347,136,4
5876,347,515,5
5877,347,656,6
5878,347,1387,7
5879,347,1014,8
5880,347,495,9
5881,347,199,10
5882,347,326,12
5883,347,357,13
5884,347,558,14
5885,347,799,15
5886,347,810,16
5887,347,1282,17
5888,348,515,1
5889,348,136,2
5890,348,175,3
5891,348,656,4
5892,348,1387,5
5893,348,1330,6
5894,348,558,7
5895,348,984,8
5896,348,895,9
5897,348,434,10
5898,348,695,11
5899,348,199,12
5900,348,1014,13
5901,348,495,14
5902,348,292,15
5903,348,799,16
5904,348,810,18
5905,348,326,19
5906,348,357,20
5907,348,1276,21
5908,348,1282,22
5909,349,199,1
5910,349,1282,2
5911,349,1014,3
5912,349,495,4
5913,349,1247,5
5914,349,984,6
5915,349,881,7
5916,349,810,8
5917,349,326,9
5918,349,357,10
5919,349,558,11
5920,349,1330,12
5921,349,1387,13
5922,349,434,14
5923,349,122,15
5924,349,695,16
5925,349,136,17
5926,349,515,18
5927,349,175,19
5928,349,371,20
5929,350,984,1
5930,350,558,2
5931,350,175,3
5932,350,515,4
5933,350,136,5
5934,350,695,6
5935,350,434,7
5936,350,1387,8
5937,350,881,9
5938,350,1330,10
5939,350,1014,11
5940,350,495,12
5941,350,1282,13
5942,350,199,14
5943,350,357,15
5944,350,326,16
5945,350,122,17
5946,350,799,18
5947,350,810,20
5948,350,292,21
5949,350,479,22
5950,351,434,1
5951,351,1387,2
5952,351,881,3
5953,351,122,4
5954,351,695,5
5955,351,136,6
5956,351,515,7
5957,351,175,8
5958,351,984,9
5959,351,479,10
5960,351,1330,11
5961,351,1014,12
5962,351,495,13
5963,351,846,14
5964,351,292,15
5965,351,457,16
5966,352,1282,1
5967,352,292,2
5968,352,495,3
5969,352,136,4
5970,352,175,5
5971,352,1014,6
5972,352,479,7
5973,352,984,8
5974,352,434,9
5975,352,695,10
5976,352,122,11
5977,352,881,12
5978,352,1330,13
5979,352,1387,14
5980,352,515,15
5981,353,495,1
5982,353,1014,2
5983,353,136,3
5984,353,175,4
5985,353,326,5
5986,353,357,6
5987,353,558,7
5988,353,515,8
5989,353,1387,9
5990,353,895,10
5991,353,810,11
5992,353,1282,12
5993,353,199,13
5994,353,679,14
5995,353,1118,15
5996,354,1014,1
5997,354,175,2
5998,354,326,3
5999,354,558,4
6000,354,515,5
6001,354,679,6
6002,354,495,7
6003,354,357,8
6004,354,136,9
6005,354,1118,10
6006,354,1282,11
6007,354,292,12
6008,355,479,1
6009,355,881,2
6010,355,434,3
6011,355,695,4
6012,355,984,5
6013,355,357,6
6014,355,326,7
6015,355,1014,8
6016,355,136,9
6017,355,558,10
6018,355,175,11
6019,355,495,12
6020,355,761,13
6021,355,473,14
6022,355,235,15
6023,355,895,16
6024,355,122,17
6025,355,810,18
6026,355,799,19
6027,355,846,20
6028,356,558,1
6029,356,175,2
6030,356,495,3
6031,356,881,4
6032,356,122,5
6033,356,846,6
6034,356,810,7
6035,356,984,8
6036,356,1014,9
6037,356,479,10
6038,356,326,11
6039,356,357,12
6040,356,136,13
6041,356,434,14
6042,356,891,15
6043,356,1387,17
6044,356,515,18
6045,357,136,1
6046,357,434,2
6047,357,695,3
6048,357,1014,4
6049,357,357,5
6050,357,326,6
6051,357,1282,7
6052,357,292,8
6053,357,679,9
6054,357,558,10
6055,357,984,11
6056,357,515,12
6057,357,1387,13
6058,357,479,15
6059,358,558,1
6060,358,984,2
6061,358,136,3
6062,358,891,4
6063,358,434,5
6064,358,695,6
6065,358,1014,7
6066,358,357,8
6067,358,479,9
6068,358,1247,10
6069,358,326,11
6070,358,1387,12
6071,358,515,13
6072,358,141,14
6073,358,571,15
6074,358,895,16
6075,358,846,17
6076,358,495,18
6077,359,326,1
6078,359,1387,2
6079,359,515,3
6080,359,175,4
6081,359,558,5
6082,359,984,6
6083,359,695,7
6084,359,434,8
6085,359,136,9
6086,360,984,1
6087,360,558,2
6088,360,136,3
6089,360,434,4
6090,360,695,5
6091,360,326,6
6092,360,357,7
6093,360,1014,8
6094,361,434,1
6095,361,136,2
6096,361,984,3
6097,361,558,4
6098,361,479,5
6099,361,495,6
6100,361,810,7
6101,361,881,8
6102,361,122,9
6103,361,175,10
6104,361,846,11
6105,361,571,12
6106,361,141,13
6107,361,891,14
6108,361,357,15
6109,361,1014,16
6110,361,1282,17
6111,361,292,18
6112,362,292,1
6113,362,357,2
6114,362,1014,3
6115,362,1282,4
6116,362,136,5
6117,362,895,6
6118,362,479,7
6119,362,558,8
6120,362,984,9
6121,363,881,1
6122,363,810,2
6123,363,846,3
6124,363,495,4
6125,363,175,5
6126,363,122,6
6127,363,136,7
6128,363,515,8
6129,363,434,9
6130,363,1387,10
6131,363,984,11
6132,363,558,12
6133,363,479,13
6134,364,558,1
6135,364,984,2
6136,364,479,3
6137,364,122,4
6138,364,881,5
6139,364,495,6
6140,364,175,7
6141,364,136,8
6142,364,326,9
6143,364,515,10
6144,364,1387,11
6145,364,1014,12
6146,364,1282,13
6147,364,357,14
6148,364,434,15
6149,364,571,16
6150,365,1282,1
6151,365,1014,2
6152,365,357,3
6153,365,136,4
6154,365,175,5
6155,365,495,6
6156,365,326,7
6157,365,479,8
6158,365,558,9
6159,365,984,10
6160,365,895,11
6161,365,810,12
6162,365,846,13
6163,365,1387,14
6164,365,515,15
6165,366,479,1
6166,366,1282,2
6167,366,136,3
6168,366,175,4
6169,366,495,5
6170,366,326,6
6171,366,357,7
6172,366,1014,8
6173,366,434,9
6174,366,515,10
6175,366,1387,11
6176,366,656,12
6177,366,558,13
6178,366,984,14
6179,367,515,1
6180,367,656,2
6181,367,1387,3
6182,367,984,4
6183,367,695,5
6184,367,371,6
6185,367,479,7
6186,367,357,8
6187,367,136,9
6188,367,175,10
6189,367,1014,11
6190,367,326,12
6191,367,495,13
6192,367,1282,14
6193,367,434,15
6194,367,1326,16
6195,368,371,1
6196,368,515,2
6197,368,479,3
6198,368,175,4
6199,368,136,5
6200,368,326,6
6201,368,357,7
6202,368,1014,8
6203,368,495,9
6204,368,141,10
6205,368,292,11
6206,368,558,12
6207,368,434,14
6208,368,1326,15
6209,368,457,16
6210,368,416,17
6211,369,558,1
6212,369,479,2
6213,369,136,3
6214,369,357,4
6215,369,1014,5
6216,369,175,6
6217,369,495,7
6218,369,326,8
6219,369,292,9
6220,369,1387,10
6221,369,434,11
6222,369,984,12
6223,369,371,13
6224,369,1330,14
6225,369,1326,15
6226,369,623,16
6227,369,416,17
6228,369,369,18
6229,369,1282,19
6230,370,1282,1
6231,370,1014,2
6232,370,175,3
6233,370,136,4
6234,370,326,5
6235,370,357,6
6236,370,495,7
6237,370,479,8
6238,370,984,9
6239,370,515,10
6240,370,558,11
6241,370,371,12
6242,370,656,13
6243,370,457,14
6244,371,479,1
6245,371,357,2
6246,371,136,3
6247,371,515,4
6248,371,1014,5
6249,371,495,6
6250,371,175,7
6251,371,1282,8
6252,371,326,9
6253,371,984,10
6254,372,479,1
6255,372,984,2
6256,372,326,3
6257,372,175,4
6258,372,495,5
6259,372,1282,6
6260,372,1014,7
6261,372,515,8
6262,372,136,9
6263,372,357,10
6264,372,558,11
6265,372,371,12
6266,372,656,13
6267,372,1326,14
6268,373,479,1
6269,373,984,2
6270,373,656,3
6271,373,371,4
6272,373,558,5
6273,373,136,6
6274,373,515,7
6275,373,357,8
6276,373,495,9
6277,373,1282,10
6278,373,175,11
6279,373,326,12
6280,373,1014,13
6281,373,1247,14
6282,373,571,15
6283,373,122,16
6284,373,1387,17
6285,373,1196,18
6286,373,895,19
6287,373,1330,20
6288,373,799,22
6289,373,810,23
6290,373,846,24
6291,373,1276,25
6292,374,984,1
6293,374,515,2
6294,374,175,3
6295,374,136,4
6296,374,1014,5
6297,374,371,6
6298,374,656,7
6299,374,558,8
6300,374,357,9
6301,374,495,10
6302,374,326,11
6303,374,1282,12
6304,374,457,13
6305,375,136,1
6306,375,515,2
6307,375,175,3
6308,375,357,4
6309,375,495,5
6310,375,326,6
6311,375,558,7
6312,375,1014,8
6313,375,656,9
6314,375,949,10
6315,375,1357,11
6316,375,630,12
6317,375,1048,13
6318,375,1282,14
6319,375,371,15
6320,375,479,16
6321,375,984,17
6322,375,1387,18
6323,375,1196,19
6324,375,881,20
6325,375,235,21
6326,375,1326,22
6327,375,434,23
6328,376,1326,1
6329,376,357,2
6330,376,656,3
6331,376,136,4
6332,376,515,5
6333,376,1014,6
6334,376,495,7
6335,376,1282,8
6336,376,175,9
6337,376,326,10
6338,376,558,11
6339,376,371,12
6340,376,457,13
6341,377,1326,1
6342,377,656,2
6343,377,371,3
6344,377,235,4
6345,377,1014,5
6346,377,1282,6
6347,377,515,7
6348,377,558,8
6349,377,357,9
6350,377,126,10
6351,377,326,11
6352,377,136,12
6353,377,495,13
6354,377,175,14
6355,378,881,1
6356,378,1387,2
6357,378,984,3
6358,378,416,4
6359,378,861,5
6360,378,154,6
6361,378,443,7
6362,378,1051,8
6363,378,558,9
6364,378,326,10
6365,378,656,11
6366,378,136,12
6367,378,515,13
6368,378,1014,14
6369,378,371,15
6370,378,175,16
6371,378,357,17
6372,378,1282,18
6373,378,495,19
6374,378,1326,20
6375,378,641,21
6376,378,82,22
6377,378,653,23
6378,378,457,24
6379,378,290,25
6380,378,13,26
6381,378,679,27
6382,378,76,28
6383,379,1282,1
6384,379,76,2
6385,379,679,3
6386,379,457,4
6387,379,558,5
6388,379,573,6
6389,379,1118,7
6390,380,1282,1
6391,380,573,2
6392,380,76,3
6393,380,1014,4
6394,380,175,5
6395,380,136,6
6396,380,326,7
6397,380,558,8
6398,380,574,9
6399,380,656,10
6400,380,371,11
6401,380,515,12
6402,380,679,13
6403,380,1118,14
6404,381,1282,1
6405,381,558,2
6406,381,326,3
6407,381,136,4
6408,381,656,5
6409,381,515,6
6410,381,495,7
6411,381,175,8
6412,381,1014,9
6413,381,357,10
6414,381,235,11
6415,381,371,12
6416,381,679,13
6417,381,1118,14
6418,381,861,15
6419,381,154,16
6420,381,1371,17
6421,381,443,18
6422,381,726,19
6423,381,567,20
6424,381,681,21
6425,381,1132,22
6426,381,76,23
6427,381,1326,24
6428,381,416,25
6429,382,515,1
6430,382,495,2
6431,382,1065,3
6432,382,326,4
6433,382,175,5
6434,382,136,6
6435,382,357,7
6436,382,1014,8
6437,382,1282,9
6438,382,558,10
6439,382,1016,14
6440,382,928,15
6441,382,420,16
6442,383,1014,2
6443,383,515,4
6444,383,136,5
6445,383,558,6
6446,383,175,7
6447,383,357,8
6448,383,326,9
6449,383,1282,10
6450,383,495,11
6451,383,1016,12
6452,383,928,13
6453,383,420,14
6454,383,1065,15
6455,384,1282,1
6456,384,1014,2
6457,384,515,3
6458,384,558,4
6459,384,326,5
6460,384,495,6
6461,384,357,7
6462,384,136,8
6463,384,175,9
6464,384,479,10
6465,384,1007,11
6466,384,776,12
6467,384,369,13
6468,384,905,14
6469,384,828,15
6470,384,702,16
6471,384,772,17
6472,384,573,18
6473,384,76,19
6474,384,679,20
6475,385,559,1
6476,385,1326,2
6477,385,305,3
6478,385,558,4
6479,385,175,5
6480,385,136,6
6481,385,1282,7
6482,385,515,8
6483,385,326,9
6484,385,1014,10
6485,385,357,11
6486,385,495,12
6487,385,679,13
6488,385,76,14
6489,385,1262,16
6490,385,452,17
6491,386,495,1
6492,386,136,2
6493,386,515,3
6494,386,558,4
6495,386,1282,5
6496,386,175,6
6497,386,1014,7
6498,386,326,8
6499,386,1262,9
6500,386,452,10
6501,386,721,11
6502,386,648,12
6503,386,1054,13
6504,386,907,14
6505,386,357,15
6506,386,207,16
6507,386,935,17
6508,387,495,1
6509,387,175,2
6510,387,326,3
6511,387,515,4
6512,387,357,5
6513,387,558,6
6514,387,136,7
6515,387,1014,8
6516,387,1282,9
6517,387,1262,10
6518,387,452,11
6519,387,1054,12
6520,387,207,13
6521,387,935,14
6522,387,648,15
6523,387,907,16
6524,387,1356,17
6525,387,692,18
6526,387,1157,19
6527,388,558,1
6528,388,175,2
6529,388,326,3
6530,388,515,4
6531,388,136,5
6532,388,495,6
6533,388,1282,7
6534,388,1014,8
6535,388,648,9
6536,388,935,10
6537,388,207,11
6538,388,1262,12
6539,388,452,13
6540,388,907,14
6541,388,357,15
6542,388,1054,16
6543,388,544,17
6544,389,907,1
6545,389,452,2
6546,389,1262,3
6547,389,357,4
6548,389,1282,5
6549,389,558,6
6550,389,1054,7
6551,389,544,8
6552,389,515,9
6553,389,136,10
6554,389,495,11
6555,389,1014,12
6556,389,326,13
6557,389,175,14
6558,390,1054,1
6559,390,558,2
6560,390,326,3
6561,390,136,4
6562,390,175,5
6563,390,1282,6
6564,390,907,7
6565,390,452,8
6566,390,1262,9
6567,390,515,10
6568,390,1014,11
6569,390,495,12
6570,390,357,13
6571,390,544,14
6572,391,1014,1
6573,391,136,2
6574,391,326,3
6575,391,515,4
6576,391,357,5
6577,391,907,6
6578,391,558,7
6579,391,1262,8
6580,391,175,9
6581,391,1282,10
6582,391,495,11
6583,391,452,12
6584,391,1360,13
6585,391,1093,14
6586,391,319,15
6587,391,296,16
6588,391,355,17
6589,391,817,18
6590,392,558,1
6591,392,1282,2
6592,392,587,3
6593,392,175,4
6594,392,780,5
6595,392,1262,6
6596,392,452,7
6597,392,907,8
6598,392,297,9
6599,392,809,10
6600,392,937,11
6601,392,1258,12
6602,392,1323,16
6603,392,1033,17
6604,392,313,18
6605,392,169,19
6606,392,12,20
6607,392,437,21
6608,392,299,22
6609,392,138,23
6610,392,741,24
6611,392,93,25
6612,393,558,1
6613,393,175,2
6614,393,907,3
6615,393,1282,4
6616,393,297,5
6617,393,1262,6
6618,393,452,7
6619,393,435,8
6620,393,780,9
6621,393,587,10
6622,393,138,11
6623,393,1236,12
6624,393,627,13
6625,393,313,14
6626,393,1323,15
6627,393,809,16
6628,393,1258,17
6629,393,789,18
6630,393,357,19
6631,393,937,20
6632,393,326,21
6633,393,136,22
6634,393,1014,23
6635,394,326,1
6636,394,1014,2
6637,394,136,3
6638,394,1054,4
6639,394,544,5
6640,394,175,6
6641,394,1282,7
6642,394,357,8
6643,394,789,9
6644,394,558,10
6645,394,452,11
6646,394,907,12
6647,394,624,13
6648,394,515,14
6649,394,495,15
6650,394,1356,16
6651,394,692,17
6652,394,1157,18
6653,394,435,19
6654,394,1262,20
6655,394,355,21
6656,394,296,22
6657,394,817,23
6658,394,1033,24
6659,394,741,25
6660,394,906,26
6661,394,92,27
6662,394,169,28
6663,394,12,29
6664,394,1086,30
6665,394,1093,31
6666,394,449,32
6667,394,676,33
6668,394,233,34
6669,394,264,35
6670,395,559,1
6671,395,817,2
6672,395,1086,3
6673,395,264,4
6674,395,233,5
6675,395,1262,6
6676,395,676,7
6677,395,449,8
6678,395,1264,9
6679,395,355,10
6680,395,169,11
6681,395,1033,12
6682,395,544,13
6683,395,1054,14
6684,395,326,15
6685,395,515,16
6686,395,495,17
6687,395,1014,18
6688,395,175,19
6689,395,1282,20
6690,395,558,21
6691,395,136,22
6692,395,452,23
6693,395,907,24
6694,395,357,25
6695,395,1093,26
6696,395,906,27
6697,395,741,28
6698,395,92,29
6699,395,313,30
6700,395,809,31
6701,395,138,32
6702,395,1258,33
6703,395,1323,34
6704,395,93,35
6705,395,416,36
6706,395,1051,37
6707,396,1086,1
6708,396,449,2
6709,396,817,3
6710,396,1236,4
6711,396,175,5
6712,396,515,6
6713,396,326,7
6714,396,1014,8
6715,396,907,9
6716,396,452,10
6717,396,1033,11
6718,396,906,12
6719,396,741,13
6720,396,92,14
6721,396,169,15
6722,396,296,16
6723,396,355,17
6724,396,319,18
6725,396,676,19
6726,396,1282,20
6727,396,1262,21
6728,396,357,22
6729,396,558,23
6730,397,558,1
6731,397,1236,2
6732,397,1014,3
6733,397,175,4
6734,397,326,5
6735,397,357,6
6736,397,515,7
6737,397,907,8
6738,397,452,9
6739,397,1262,10
6740,397,1086,11
6741,397,355,12
6742,397,296,13
6743,397,169,14
6744,397,12,15
6745,397,1033,16
6746,397,741,17
6747,397,299,18
6748,397,233,19
6749,397,264,20
6750,397,136,21
6751,397,495,22
6752,397,1282,23
6753,397,437,24
6754,397,906,25
6755,397,92,26
6756,398,1258,1
6757,398,809,2
6758,398,937,3
6759,398,138,5
6760,398,93,6
6761,398,313,7
6762,398,1323,8
6763,398,305,9
6764,398,1292,10
6765,398,1086,11
6766,398,1070,12
6767,398,1033,13
6768,398,906,14
6769,398,741,15
6770,398,92,16
6771,398,169,17
6772,398,357,18
6773,398,558,19
6774,398,136,20
6775,398,515,21
6776,398,326,22
6777,398,175,23
6778,398,452,24
6779,398,907,25
6780,398,1282,26
6781,398,495,27
6782,398,264,28
6783,398,1262,29
6784,398,1014,30
6785,398,449,31
6786,398,676,32
6787,398,296,33
6788,398,12,34
6789,398,437,35
6790,398,233,36
6791,399,169,1
6792,399,558,2
6793,399,1033,3
6794,399,817,4
6795,399,357,5
6796,399,136,6
6797,399,175,7
6798,399,326,8
6799,399,1282,9
6800,399,12,10
6801,399,437,11
6802,399,299,12
6803,399,264,13
6804,399,907,14
6805,399,741,15
6806,399,92,16
6807,399,906,17
6808,399,495,18
6809,399,1014,19
6810,399,1262,20
6811,399,452,21
6812,399,515,22
6813,399,1236,23
6814,399,355,24
6815,399,1054,25
6816,399,544,26
6817,399,406,27
6818,400,435,1
6819,400,1054,2
6820,400,326,3
6821,400,558,4
6822,400,1262,5
6823,400,357,6
6824,400,264,7
6825,400,907,8
6826,400,515,9
6827,400,1014,10
6828,400,452,11
6829,400,175,12
6830,400,136,13
6831,400,495,14
6832,400,1282,15
6833,400,544,16
6834,400,297,17
6835,400,1118,18
6836,400,679,19
6837,400,953,20
6838,400,1362,21
6839,400,1280,22
6840,400,290,23
6841,400,1137,24
6842,400,497,25
6843,400,1292,26
6844,401,1262,1
6845,401,452,2
6846,401,297,3
6847,401,515,4
6848,401,136,5
6849,401,558,6
6850,401,1014,7
6851,401,175,8
6852,401,357,9
6853,401,1282,10
6854,401,326,11
6855,401,495,12
6856,401,264,13
6857,401,177,14
6858,401,796,15
6859,401,246,16
6860,401,861,17
6861,401,1292,18
6862,401,313,19
6863,401,809,20
6864,401,937,21
6865,401,1258,22
6866,401,1323,23
6867,401,741,24
6868,401,906,25
6869,401,92,26
6870,401,12,27
6871,401,437,28
6872,401,299,29
6873,401,169,30
6874,401,817,31
6875,401,1033,32
6876,401,138,35
6877,401,93,36
6878,401,1326,37
6879,401,301,38
6880,402,558,2
6881,402,1014,3
6882,402,136,4
6883,402,1282,5
6884,402,357,6
6885,402,326,7
6886,402,515,8
6887,402,175,9
6888,402,495,10
6889,402,138,11
6890,402,93,12
6891,402,1323,13
6892,402,1292,14
6893,402,313,15
6894,402,301,16
6895,402,1326,17
6896,403,406,1
6897,403,1033,2
6898,403,169,3
6899,403,437,4
6900,403,299,5
6901,403,817,6
6902,403,12,7
6903,403,741,8
6904,403,495,10
6905,403,175,11
6906,403,1014,12
6907,403,326,13
6908,403,558,14
6909,403,515,15
6910,403,1282,16
6911,403,136,17
6912,403,357,18
6913,403,301,19
6914,403,1292,21
6915,404,1033,1
6916,404,741,2
6917,404,906,3
6918,404,169,4
6919,404,817,5
6920,404,299,6
6921,404,437,7
6922,404,406,8
6923,404,12,9
6924,404,92,10
6925,404,301,11
6926,404,558,12
6927,404,1014,14
6928,404,515,15
6929,404,326,16
6930,404,1292,17
6931,404,357,18
6932,404,136,19
6933,404,1282,20
6934,404,175,21
6935,404,495,22
6936,404,264,23
6937,404,1326,24
6938,405,136,1
6939,405,1326,2
6940,405,558,3
6941,405,495,4
6942,405,175,5
6943,405,301,6
6944,405,1292,7
6945,405,264,8
6946,405,515,9
6947,405,1014,10
6948,405,434,11
6949,405,326,12
6950,405,1282,13
6951,405,357,15
6952,405,1160,16
6953,405,102,17
6954,405,64,18
6955,405,1061,19
6956,405,797,20
6957,405,75,21
6958,406,136,1
6959,406,558,3
6960,406,175,4
6961,406,326,5
6962,406,1014,7
6963,406,732,8
6964,406,732,9
6965,406,1054,10
6966,406,544,11
6967,406,371,12
6968,406,656,13
6969,406,881,14
6970,406,1387,15
6971,406,434,16
6972,406,122,17
6973,406,695,18
6974,406,357,19
6975,406,891,20
6976,406,495,21
6977,406,1282,22
6978,406,861,23
6979,406,443,24
6980,406,620,25
6981,406,269,26
6982,406,457,27
6983,406,948,28
6984,406,1143,29
6985,406,81,30
6986,406,208,31
6987,406,427,32
6988,406,376,33
6989,406,493,34
6990,406,1375,35
6991,407,695,1
6992,407,891,2
6993,407,1282,3
6994,407,1014,4
6995,407,136,5
6996,407,558,7
6997,407,175,8
6998,407,326,9
6999,407,732,11
7000,407,732,12
7001,407,357,14
7002,407,881,15
7003,407,1387,16
7004,407,434,17
7005,407,656,18
7006,407,371,19
7007,407,1054,20
7008,407,544,21
7009,407,479,22
7010,407,122,23
7011,407,855,24
7012,407,509,25
7013,407,1240,26
7014,407,441,27
7015,407,199,28
7016,407,948,29
7017,407,1151,30
7018,407,1375,31
7019,407,376,32
7020,407,457,33
7021,407,1262,34
7022,407,907,35
7023,408,1054,1
7024,408,544,2
7025,408,296,3
7026,408,355,4
7027,408,1236,5
7028,408,1262,6
7029,408,452,7
7030,408,907,8
7031,408,297,9
7032,408,558,10
7033,408,1326,11
7034,408,301,12
7035,408,1292,13
7036,408,357,14
7037,408,515,15
7038,408,136,16
7039,408,1282,17
7040,408,326,18
7041,408,1014,19
7042,408,175,20
7043,408,495,21
7044,408,559,22
7045,408,629,23
7046,408,215,24
7047,408,1359,25
7048,408,1313,26
7049,408,743,27
7050,408,501,28
7051,408,960,29
7052,409,453,1
7053,409,421,2
7054,409,215,3
7055,409,501,4
7056,409,629,5
7057,409,1359,6
7058,409,558,7
7059,409,1326,8
7060,409,357,9
7061,409,1282,10
7062,409,136,11
7063,409,326,12
7064,409,1014,13
7065,409,515,14
7066,409,175,15
7067,409,495,16
7068,409,743,17
7069,409,1313,18
7070,409,456,19
7071,409,1305,20
7072,409,334,21
7073,409,1301,22
7074,409,1303,23
7075,410,558,1
7076,410,629,2
7077,410,301,3
7078,410,1292,4
7079,410,357,5
7080,410,1326,6
7081,410,743,7
7082,410,215,8
7083,410,1359,9
7084,410,387,10
7085,410,565,11
7086,410,1309,12
7087,410,1122,13
7088,410,1108,14
7089,410,379,15
7090,410,1305,16
7091,410,515,17
7092,410,136,18
7093,410,1336,19
7094,410,334,20
7095,410,1303,21
7096,410,1301,22
7097,410,416,23
7098,411,1309,1
7099,411,387,2
7100,411,1122,3
7101,411,1108,4
7102,411,379,5
7103,411,1305,6
7104,411,334,7
7105,411,1303,8
7106,411,1301,9
7107,411,960,10
7108,411,1039,11
7109,411,558,12
7110,411,215,13
7111,411,629,14
7112,411,743,15
7113,411,1359,16
7114,411,565,17
7115,411,1336,18
7116,412,1303,1
7117,412,1301,2
7118,412,558,3
7119,412,1305,4
7120,412,1016,5
7121,412,387,6
7122,412,1108,7
7123,412,960,8
7124,412,629,9
7125,412,743,10
7126,412,215,11
7127,412,1359,12
7128,412,136,13
7129,412,1236,14
7130,412,334,15
7131,412,1309,16
7132,412,379,17
7133,412,1122,18
7134,412,501,19
7135,412,1336,20
7136,413,1305,1
7137,413,334,2
7138,413,1303,3
7139,413,1301,4
7140,413,558,5
7141,413,743,6
7142,413,960,7
7143,413,629,8
7144,413,215,9
7145,413,1359,10
7146,413,301,11
7147,413,387,12
7148,413,1108,13
7149,413,501,14
7150,414,558,1
7151,414,743,2
7152,414,501,3
7153,414,1122,4
7154,414,960,5
7155,414,1303,6
7156,414,1301,7
7157,414,629,8
7158,414,1305,9
7159,414,334,10
7160,414,215,11
7161,414,1359,12
7162,415,1301,1
7163,415,558,2
7164,415,1305,3
7165,415,1303,4
7166,415,334,5
7167,415,960,6
7168,415,1108,7
7169,415,501,8
7170,415,387,9
7171,415,743,10
7172,415,1313,11
7173,415,629,12
7174,415,215,13
7175,415,1359,14
7176,415,1122,15
7177,415,379,16
7178,415,907,17
7179,415,1280,18
7180,415,1236,19
7181,415,1024,20
7182,415,1356,21
7183,415,692,22
7184,415,175,23
7185,415,495,24
7186,415,1282,25
7187,415,452,26
7188,415,1262,27
7189,415,515,28
7190,416,1305,1
7191,416,558,2
7192,416,1303,3
7193,416,1301,4
7194,416,960,5
7195,416,334,6
7196,416,215,7
7197,416,629,8
7198,416,1359,9
7199,416,743,10
7200,416,379,11
7201,416,1108,12
7202,416,1122,13
7203,416,387,14
7204,416,1309,15
7205,416,501,16
7206,416,1280,17
7207,416,296,18
7208,416,355,19
7209,416,1236,20
7210,416,623,21
7211,416,416,22
7212,416,357,23
7213,416,515,24
7214,416,136,25
7215,416,326,26
7216,416,175,27
7217,416,509,28
7218,416,612,29
7219,416,495,30
7220,416,1014,31
7221,416,1282,32
7222,416,686,33
7223,416,1292,34
7224,416,337,35
7225,416,1061,36
7226,416,1070,37
7227,416,1326,38
7228,416,984,39
7229,416,807,40
7230,416,1039,41
7231,416,1313,42
7232,417,565,1
7233,417,334,2
7234,417,1301,3
7235,417,1303,4
7236,417,1313,5
7237,417,1305,6
7238,417,960,7
7239,417,558,8
7240,417,1039,9
7241,417,453,10
7242,417,421,11
7243,417,629,12
7244,417,215,13
7245,417,1359,14
7246,417,175,15
7247,417,515,16
7248,417,1014,17
7249,417,136,18
7250,417,495,19
7251,417,357,20
7252,417,326,21
7253,417,1282,22
7254,417,501,23
7255,417,743,24
7256,417,379,25
7257,417,1108,26
7258,417,1122,27
7259,417,387,28
7260,417,1309,29
7261,417,305,30
7262,417,1061,31
7263,417,1326,32
7264,417,1070,33
7265,417,984,34
7266,417,623,35
7267,417,807,36
7268,417,559,37
7269,417,791,38
7270,417,635,39
7271,417,1051,40
7272,417,416,41
7273,418,1326,1
7274,418,357,2
7275,418,1282,3
7276,418,136,4
7277,418,326,5
7278,418,175,6
7279,418,495,7
7280,418,558,8
7281,418,1305,9
7282,418,515,10
7283,418,914,11
7284,418,729,12
7285,418,197,13
7286,418,1014,14
7287,419,1305,1
7288,419,558,2
7289,419,334,3
7290,419,175,4
7291,419,301,5
7292,419,1292,7
7293,419,357,8
7294,419,515,9
7295,419,136,10
7296,419,495,11
7297,419,1014,12
7298,419,1282,13
7299,419,293,14
7300,419,326,15
7301,419,1326,16
7302,420,1305,1
7303,420,558,2
7304,420,495,4
7305,420,136,5
7306,420,357,6
7307,420,515,7
7308,420,326,8
7309,420,175,9
7310,420,1014,10
7311,420,1282,11
7312,420,902,12
7313,421,558,1
7314,421,334,2
7315,421,1305,3
7316,421,495,4
7317,421,515,5
7318,421,232,6
7319,421,434,7
7320,421,1326,8
7321,421,357,9
7322,421,136,10
7323,421,326,11
7324,421,1014,12
7325,421,442,13
7326,421,1282,14
7327,421,213,15
7328,421,1132,16
7329,421,93,18
7330,421,822,19
7331,421,1008,20
7332,421,894,21
7333,421,258,22
7334,421,200,23
7335,421,801,24
7336,421,686,25
7337,421,1292,26
7338,421,238,27
7339,421,158,28
7340,421,1259,29
7341,421,305,30
7342,421,1070,31
7343,421,623,32
7344,421,1061,33
7345,421,984,34
7346,421,416,35
7347,421,559,36
7348,421,1051,37
7349,422,416,1
7350,422,559,2
7351,422,560,3
7352,422,1051,4
7353,422,635,5
7354,422,791,6
7355,422,558,7
7356,422,1305,8
7357,422,565,9
7358,422,566,10
7359,422,382,11
7360,422,1265,12
7361,422,1369,13
7362,422,1280,14
7363,422,454,15
7364,422,588,16
7365,422,467,17
7366,422,1082,18
7367,422,91,19
7368,422,228,20
7369,422,334,21
7370,422,918,22
7371,422,1075,23
7372,422,807,24
7373,422,1120,25
7374,423,1305,1
7375,423,1075,2
7376,423,334,3
7377,423,558,4
7378,423,918,5
7379,423,565,6
7380,423,1280,8
7381,423,816,9
7382,423,416,10
7383,423,807,11
7384,423,1120,12
7385,423,271,13
7386,423,515,14
7387,423,290,15
7388,424,558,2
7389,424,1280,3
7390,424,1369,4
7391,424,416,5
7392,424,457,6
7393,424,566,7
7394,424,382,8
7395,424,1265,9
7396,424,616,10
7397,424,1297,11
7398,424,1305,12
7399,424,334,13
7400,424,1075,14
7401,424,918,15
7402,424,565,16
7403,424,1322,17
7404,424,995,18
7405,425,558,1
7406,425,1280,2
7407,425,1322,3
7408,425,1305,4
7409,425,334,5
7410,425,565,6
7411,425,1075,7
7412,425,918,8
7413,425,646,9
7414,425,136,10
7415,425,995,11
7416,425,1364,12
7417,425,1283,13
7418,425,509,14
7419,425,357,15
7420,425,515,16
7421,425,305,17
7422,425,286,18
7423,426,286,1
7424,426,646,2
7425,426,918,3
7426,426,175,6
7427,426,1282,7
7428,426,136,8
7429,426,558,9
7430,426,326,10
7431,426,357,11
7432,426,495,12
7433,426,515,13
7434,426,1014,14
7435,427,515,1
7436,427,558,2
7437,427,357,4
7438,427,283,5
7439,427,136,8
7440,427,759,9
7441,427,326,12
7442,427,64,13
7443,427,1250,14
7444,427,1014,18
7445,427,1282,19
7446,427,495,20
7447,427,175,21
7448,428,175,1
7449,428,1282,2
7450,428,1014,3
7451,428,495,4
7452,428,136,9
7453,428,515,11
7454,428,357,12
7455,428,326,13
7456,428,558,16
7457,429,326,2
7458,429,357,3
7459,429,558,4
7460,429,515,12
7461,429,136,13
7462,429,1014,14
7463,429,175,15
7464,429,1282,16
7465,429,495,17
7466,429,488,19
7467,429,11,20
7468,429,1356,21
7469,429,286,22
7470,429,847,23
7471,429,316,24
7472,430,1081,1
7473,430,1120,2
7474,430,271,3
7475,430,588,4
7476,430,807,5
7477,430,416,6
7478,430,1322,7
7479,430,995,8
7480,430,558,9
7481,430,1280,10
7482,430,239,11
7483,430,629,12
7484,430,1051,13
7485,431,239,1
7486,431,1280,2
7487,431,995,3
7488,431,558,4
7489,431,305,5
7490,431,559,6
7491,431,495,7
7492,431,136,8
7493,431,246,9
7494,431,175,10
7495,431,326,11
7496,431,515,12
7497,431,357,13
7498,431,1236,14
7499,431,339,15
7500,431,588,17
7501,431,590,18
7502,431,591,19
7503,431,584,20
7504,431,1305,21
7505,431,334,22
7506,431,646,23
7507,431,918,24
7508,431,1075,25
7509,431,565,26
7510,431,15,27
7511,432,1280,1
7512,432,995,2
7513,432,15,3
7514,432,558,4
7515,432,1106,5
7516,432,338,6
7517,432,591,7
7518,432,918,8
7519,432,646,9
7520,432,1080,10
7521,432,807,11
7522,432,416,12
7523,432,1305,13
7524,432,334,14
7525,432,565,15
7526,432,1075,16
7527,432,1120,17
7528,432,239,18
7529,432,357,19
7530,432,136,20
7531,432,175,21
7532,432,894,22
7533,432,326,23
7534,432,515,24
7535,432,339,25
7536,433,558,1
7537,433,15,2
7538,433,1280,4
7539,433,995,5
7540,433,1305,6
7541,433,1075,7
7542,433,334,8
7543,433,565,9
7544,433,646,10
7545,433,918,11
7546,433,339,12
7547,433,338,13
7548,433,590,14
7549,433,591,15
7550,433,588,16
7551,433,1043,17
7552,433,416,18
7553,433,807,19
7554,434,1305,1
7555,434,334,2
7556,434,565,3
7557,434,588,4
7558,434,558,5
7559,434,1280,6
7560,434,995,7
7561,434,15,8
7562,434,584,9
7563,434,1101,10
7564,434,56,11
7565,434,1052,12
7566,434,1292,13
7567,434,686,14
7568,434,337,15
7569,434,1326,16
7570,434,1061,17
7571,434,984,18
7572,434,1070,19
7573,434,623,20
7574,434,918,21
7575,434,646,22
7576,434,338,23
7577,434,591,24
7578,434,590,25
7579,435,558,1
7580,435,646,2
7581,435,15,3
7582,435,1075,4
7583,435,1305,5
7584,435,338,6
7585,435,590,7
7586,435,591,8
7587,435,584,9
7588,435,918,10
7589,435,1101,11
7590,435,1280,12
7591,435,995,13
7592,436,918,1
7593,436,1280,2
7594,436,995,3
7595,436,558,4
7596,436,646,5
7597,436,15,6
7598,436,416,7
7599,436,807,8
7600,436,1305,9
7601,437,646,1
7602,437,778,2
7603,437,558,3
7604,437,15,4
7605,437,918,5
7606,437,995,6
7607,437,1280,7
7608,437,523,8
7609,437,1043,9
7610,437,218,10
7611,437,732,12
7612,437,960,13
7613,437,629,14
7614,437,416,15
7615,438,1280,1
7616,438,995,2
7617,438,15,4
7618,438,558,5
7619,438,732,6
7620,438,854,7
7621,438,918,8
7622,438,515,9
7623,438,646,10
7624,438,339,12
7625,438,338,13
7626,438,591,14
7627,438,590,15
7628,438,584,16
7629,438,1013,17
7630,438,1043,18
7631,438,159,19
7632,438,135,20
7633,439,1043,1
7634,439,135,2
7635,439,159,3
7636,439,15,4
7637,439,1013,5
7638,439,16,6
7639,439,558,7
7640,439,854,8
7641,439,1280,9
7642,439,995,10
7643,439,416,12
7644,440,1043,1
7645,440,15,2
7646,440,135,3
7647,440,159,4
7648,440,16,5
7649,440,558,6
7650,440,239,7
7651,440,271,8
7652,440,646,9
7653,440,1120,10
7654,440,495,11
7655,440,1101,12
7656,440,65,13
7657,440,670,14
7658,440,1341,15
7659,440,1058,16
7660,440,357,17
7661,440,326,18
7662,440,515,19
7663,440,136,20
7664,440,175,21
7665,440,509,22
7666,440,763,23
7667,440,612,24
7668,440,416,25
7669,440,338,26
7670,440,590,27
7671,440,591,28
7672,440,584,29
7673,440,918,30
7674,440,807,31
7675,440,1305,32
7676,440,854,33
7677,440,1075,34
7678,440,457,35
7679,441,854,1
7680,441,1043,2
7681,441,15,3
7682,441,558,4
7683,441,135,5
7684,441,159,6
7685,441,732,7
7686,441,305,8
7687,441,559,9
7688,441,1051,10
7689,441,635,11
7690,441,791,12
7691,441,833,13
7692,441,115,14
7693,441,1344,15
7694,441,290,16
7695,441,560,17
7696,441,918,18
7697,441,995,19
7698,441,1280,20
7699,441,1075,21
7700,441,646,22
7701,441,467,23
7702,441,416,25
7703,441,807,26
7704,441,1081,27
7705,442,558,1
7706,442,1043,2
7707,442,854,3
7708,442,918,4
7709,442,807,5
7710,442,416,6
7711,442,1075,7
7712,442,646,8
7713,442,1280,9
7714,442,995,10
7715,442,239,11
7716,442,338,12
7717,442,339,13
7718,442,590,14
7719,442,591,15
7720,442,588,17
7721,442,467,18
7722,442,357,19
7723,442,515,20
7724,442,136,21
7725,442,326,22
7726,442,175,23
7727,442,509,24
7728,442,612,25
7729,442,1051,26
7730,442,1061,27
7731,442,1326,28
7732,442,1070,29
7733,442,623,30
7734,442,984,31
7735,442,1305,32
7736,442,1292,33
7737,442,686,34
7738,442,337,35
7739,442,15,36
7740,442,560,37
7741,442,1120,38
7742,442,495,39
7743,443,1120,1
7744,443,558,2
7745,443,854,3
7746,443,1043,4
7747,443,509,5
7748,443,807,6
7749,443,271,7
7750,443,918,8
7751,443,338,9
7752,443,591,10
7753,443,339,11
7754,443,135,13
7755,443,15,14
7756,443,159,15
7757,443,416,17
7758,443,646,18
7759,443,1075,19
7760,443,1280,20
7761,443,995,21
7762,443,1101,22
7763,444,995,1
7764,444,1280,2
7765,444,918,3
7766,444,1043,4
7767,444,854,5
7768,444,15,6
7769,444,807,7
7770,444,558,8
7771,444,1120,9
7772,444,1101,10
7773,444,357,11
7774,444,1013,12
7775,444,159,13
7776,444,135,14
7777,444,467,15
7778,444,416,16
7779,444,305,17
7780,444,623,18
7781,444,131,19
7782,444,813,20
7783,444,225,21
7784,444,1079,22
7785,444,673,23
7786,444,1075,24
7787,444,646,25
7788,444,271,26
7789,445,1043,1
7790,445,135,2
7791,445,339,3
7792,445,558,4
7793,445,584,5
7794,445,590,6
7795,445,591,7
7796,445,338,8
7797,445,807,9
7798,445,1120,11
7799,445,1280,12
7800,445,995,13
7801,445,588,14
7802,445,813,15
7803,445,131,16
7804,445,225,17
7805,445,1079,18
7806,445,673,19
7807,445,623,20
7808,445,271,21
7809,445,646,22
7810,445,918,23
7811,445,854,24
7812,445,1101,25
7813,445,15,26
7814,445,159,27
7815,446,854,1
7816,446,918,2
7817,446,558,3
7818,446,646,4
7819,446,135,6
7820,446,1120,7
7821,446,1101,8
7822,446,807,9
7823,446,1043,10
7824,446,338,11
7825,446,15,12
7826,446,1280,13
7827,446,995,14
7828,446,623,15
7829,446,1079,16
7830,446,225,17
7831,446,131,18
7832,446,673,19
7833,446,813,20
7834,446,159,21
7835,446,732,22
7836,446,416,23
7837,446,357,24
7838,446,515,25
7839,446,629,26
7840,446,960,27
7841,447,623,1
7842,447,131,2
7843,447,1079,3
7844,447,225,4
7845,447,673,5
7846,447,558,6
7847,447,807,7
7848,447,15,8
7849,447,1101,9
7850,447,1120,10
7851,447,416,11
7852,447,854,12
7853,447,1043,13
7854,447,918,14
7855,447,338,15
7856,447,588,16
7857,447,584,17
7858,447,591,18
7859,447,590,19
7860,447,646,20
7861,447,271,21
7862,447,1280,22
7863,447,995,23
7864,447,14,24
7865,447,515,25
7866,447,357,26
7867,447,813,27
7868,447,159,28
7869,447,457,29
7870,448,558,1
7871,448,1120,2
7872,448,807,3
7873,448,1101,4
7874,448,15,5
7875,448,646,6
7876,448,1043,7
7877,448,854,8
7878,448,1280,9
7879,448,995,10
7880,448,338,11
7881,448,588,12
7882,448,590,13
7883,448,591,14
7884,448,584,15
7885,449,646,1
7886,449,995,2
7887,449,807,3
7888,449,558,4
7889,449,15,5
7890,449,854,6
7891,449,1043,7
7892,449,1120,8
7893,449,1280,9
7894,449,135,10
7895,449,1101,11
7896,449,1106,12
7897,450,1043,1
7898,450,1120,2
7899,450,1101,3
7900,450,1280,4
7901,450,807,5
7902,450,558,6
7903,450,646,7
7904,450,995,8
7905,450,15,9
7906,450,854,10
7907,450,457,11
7908,451,646,1
7909,451,807,2
7910,451,558,3
7911,451,1043,4
7912,451,1376,5
7913,451,995,6
7914,451,1280,7
7915,451,854,8
7916,451,1120,9
7917,451,15,10
7918,451,1380,11
7919,451,175,12
7920,451,136,13
7921,451,515,14
7922,451,357,15
7923,451,894,16
7924,451,1101,17
7925,451,271,18
7926,451,623,19
7927,451,1079,20
7928,451,131,21
7929,451,673,22
7930,451,813,23
7931,452,271,1
7932,452,813,2
7933,452,131,3
7934,452,673,4
7935,452,1079,5
7936,452,225,6
7937,452,623,7
7938,452,1280,8
7939,452,1043,9
7940,452,854,10
7941,452,159,11
7942,452,135,12
7943,452,995,13
7944,452,558,14
7945,452,15,15
7946,452,807,16
7947,452,1120,17
7948,452,1356,18
7949,452,457,19
7950,452,305,20
7951,452,1292,21
7952,452,686,22
7953,452,337,23
7954,452,1305,24
7955,452,1070,25
7956,452,1326,26
7957,452,1061,27
7958,452,984,28
7959,452,1051,29
7960,452,635,30
7961,452,912,31
7962,452,115,32
7963,452,1344,33
7964,452,1310,34
7965,452,1116,35
7966,452,1312,36
7967,452,791,37
7968,452,514,38
7969,452,833,39
7970,452,1101,40
7971,452,264,41
7972,452,467,42
7973,452,416,43
7974,453,558,1
7975,453,807,2
7976,453,515,3
7977,453,914,4
7978,453,1014,5
7979,453,729,6
7980,453,197,7
7981,453,126,8
7982,453,1326,9
7983,454,558,1
7984,454,807,2
7985,454,1292,3
7986,454,337,4
7987,454,686,5
7988,454,1070,6
7989,454,1061,7
7990,454,1305,8
7991,454,334,9
7992,454,1326,10
7993,454,984,11
7994,454,326,12
7995,454,1043,15
7996,454,175,16
7997,454,293,17
7998,455,495,1
7999,455,357,3
8000,455,1326,4
8001,455,1282,5
8002,455,326,6
8003,455,1014,7
8004,455,515,8
8005,455,175,9
8006,455,1269,10
8007,455,558,11
8008,455,807,12
8009,455,136,13
8010,455,902,14
8011,456,357,1
8012,456,434,2
8013,456,326,4
8014,456,1014,5
8015,456,515,6
8016,456,175,7
8017,456,495,8
8018,456,301,9
8019,456,1292,10
8020,456,136,11
8021,456,1326,12
8022,456,1282,13
8023,456,442,14
8024,456,330,15
8025,456,558,16
8026,456,807,17
8027,456,1120,18
8028,456,416,19
8029,457,558,1
8030,457,807,2
8031,457,416,3
8032,457,1051,4
8033,457,136,5
8034,457,175,6
8035,457,612,7
8036,457,357,8
8037,457,509,9
8038,457,515,10
8039,457,326,11
8040,457,623,12
8041,457,191,13
8042,457,14,14
8043,457,322,15
8044,457,370,16
8045,457,354,17
8046,457,960,18
8047,457,629,19
8048,457,1280,20
8049,457,1120,21
8050,457,813,22
8051,457,673,23
8052,457,131,24
8053,457,1079,25
8054,457,225,26
8055,457,854,27
8056,457,15,28
8057,457,1101,29
8058,457,918,30
8059,457,184,31
8060,458,558,1
8061,458,807,2
8062,458,1280,3
8063,458,1326,4
8064,458,984,5
8065,458,1070,6
8066,458,1061,7
8067,458,1305,8
8068,458,334,9
8069,458,357,10
8070,458,1282,11
8071,458,136,12
8072,458,326,13
8073,458,1014,14
8074,458,515,15
8075,458,175,16
8076,458,495,17
8077,458,75,18
8078,458,797,19
8079,458,479,20
8080,458,565,21
8081,458,1301,22
8082,458,1303,23
8083,458,322,24
8084,458,14,25
8085,458,305,26
8086,458,686,27
8087,458,615,28
8088,458,1292,29
8089,458,301,30
8090,458,264,31
8091,458,337,32
8092,458,416,33
8093,459,416,1
8094,459,378,2
8095,459,655,3
8096,459,677,4
8097,459,559,5
8098,459,305,6
8099,459,1326,7
8100,459,984,8
8101,459,1070,9
8102,459,1061,10
8103,459,1305,11
8104,459,334,12
8105,459,686,13
8106,459,337,14
8107,459,1292,15
8108,459,558,16
8109,459,807,17
8110,459,1280,18
8111,459,1120,19
8112,459,1101,20
8113,459,995,21
8114,459,258,22
8115,459,200,23
8116,459,633,24
8117,459,565,25
8118,459,158,26
8119,459,908,27
8120,459,730,28
8121,459,894,29
8122,459,822,30
8123,459,1008,31
8124,459,414,32
8125,459,953,33
8126,460,416,1
8127,460,677,2
8128,460,655,3
8129,460,200,4
8130,460,258,5
8131,460,1326,6
8132,460,984,7
8133,460,1070,8
8134,460,1061,9
8135,460,1305,10
8136,460,334,11
8137,460,305,12
8138,460,1292,13
8139,460,337,14
8140,460,686,15
8141,460,908,16
8142,460,730,17
8143,460,559,18
8144,460,158,19
8145,460,953,20
8146,460,414,21
8147,460,1117,22
8148,460,1052,23
8149,460,558,24
8150,460,995,25
8151,460,807,26
8152,460,1280,27
8153,460,1043,28
8154,460,1076,29
8155,460,609,30
8156,460,1099,31
8157,460,234,32
8158,460,1045,33
8159,460,392,34
8160,460,1,35
8161,460,1098,36
8162,461,635,1
8163,461,912,2
8164,461,791,3
8165,461,734,4
8166,461,1344,5
8167,461,514,6
8168,461,393,7
8169,461,1312,8
8170,461,115,9
8171,461,1020,10
8172,461,833,11
8173,461,1116,12
8174,461,245,13
8175,461,1310,14
8176,461,416,15
8177,461,305,16
8178,461,686,17
8179,461,337,18
8180,461,1292,19
8181,461,1326,20
8182,461,984,21
8183,461,1070,22
8184,461,1061,23
8185,461,1305,24
8186,461,334,25
8187,461,1052,26
8188,461,559,27
8189,461,158,28
8190,461,655,29
8191,461,677,30
8192,461,730,31
8193,461,908,32
8194,461,1043,33
8195,461,558,34
8196,461,807,35
8197,461,560,36
8198,461,953,37
8199,461,641,38
8200,461,341,39
8201,461,1384,40
8202,461,1031,41
8203,461,184,42
8204,461,82,43
8205,461,13,44
8206,461,290,45
8207,461,653,46
8208,461,618,47
8209,461,261,48
8210,461,602,49
8211,461,715,50
8212,461,988,51
8213,461,1055,52
8214,461,462,53
8215,461,1325,54
8216,461,108,55
8217,461,1335,56
8218,461,703,57
8219,461,1083,58
8220,461,747,59
8221,461,1125,60
8222,461,667,61
8223,461,867,62
8224,461,1076,63
8225,461,623,64
8226,461,1099,65
8227,462,416,1
8228,462,1052,2
8229,462,245,3
8230,462,1116,4
8231,462,833,5
8232,462,1020,6
8233,462,1310,7
8234,462,912,8
8235,462,115,9
8236,462,635,10
8237,462,791,11
8238,462,734,12
8239,462,393,13
8240,462,514,14
8241,462,1344,15
8242,462,1312,16
8243,462,623,17
8244,462,184,18
8245,462,1292,19
8246,462,337,20
8247,462,686,21
8248,462,984,22
8249,462,1070,23
8250,462,1061,24
8251,462,1305,25
8252,462,1120,26
8253,462,1101,27
8254,462,1280,28
8255,462,995,29
8256,462,807,30
8257,462,558,31
8258,462,1043,32
8259,462,854,33
8260,462,159,34
8261,462,135,35
8262,462,305,36
8263,462,894,37
8264,462,822,38
8265,462,1008,39
8266,462,730,40
8267,462,908,41
8268,462,334,42
8269,462,1326,43
8270,462,559,44
8271,462,158,45
8272,462,1132,46
8273,462,1076,47
8274,462,609,48
8275,462,234,49
8276,462,258,50
8277,462,200,51
8278,462,100,52
8279,462,677,53
8280,462,1099,54
8281,462,392,55
8282,462,565,56
8283,462,91,57
8284,462,1082,58
8285,462,1098,59
8286,462,1,60
8287,462,467,61
8288,462,238,62
8289,462,228,63
8290,462,1320,64
8291,462,1103,65
8292,462,59,66
8293,462,839,67
8294,463,1052,1
8295,463,791,2
8296,463,1061,3
8297,463,416,4
8298,463,305,5
8299,463,833,6
8300,463,457,7
8301,463,912,8
8302,463,734,9
8303,463,115,10
8304,463,1344,11
8305,463,514,12
8306,463,1292,13
8307,463,337,14
8308,463,635,15
8309,463,655,16
8310,463,677,17
8311,463,1020,18
8312,463,1312,19
8313,463,730,20
8314,463,908,21
8315,463,558,22
8316,463,659,23
8317,463,1285,24
8318,463,467,25
8319,463,565,26
8320,463,1103,27
8321,463,158,28
8322,463,1082,29
8323,463,1070,30
8324,463,1305,31
8325,463,334,32
8326,463,1326,33
8327,463,984,34
8328,464,238,1
8329,464,1103,2
8330,464,467,3
8331,464,565,4
8332,464,659,5
8333,464,1326,6
8334,464,1061,7
8335,464,1305,8
8336,464,334,9
8337,464,1070,10
8338,464,984,11
8339,464,479,12
8340,464,1014,13
8341,464,326,14
8342,464,357,15
8343,464,136,16
8344,464,175,17
8345,464,495,18
8346,464,515,19
8347,464,677,20
8348,464,655,21
8349,464,416,22
8350,464,305,23
8351,464,1145,24
8352,464,1052,25
8353,464,730,26
8354,464,908,27
8355,465,416,1
8356,465,659,2
8357,465,984,3
8358,465,730,4
8359,465,833,5
8360,465,1052,6
8361,465,655,7
8362,465,305,8
8363,465,1070,9
8364,465,1061,10
8365,465,1145,11
8366,465,791,12
8367,465,393,13
8368,465,1312,14
8369,465,115,15
8370,465,1310,16
8371,465,1020,17
8372,465,1116,18
8373,465,1344,19
8374,465,908,20
8375,465,609,22
8376,465,514,23
8377,465,337,24
8378,465,559,25
8379,465,414,26
8380,465,925,27
8381,465,381,28
8382,465,100,29
8383,465,158,30
8384,465,558,31
8385,465,1280,32
8386,465,995,33
8387,465,1101,34
8388,465,1120,35
8389,465,807,36
8390,465,1043,37
8391,465,1305,38
8392,465,1326,39
8393,465,1292,40
8394,465,686,41
8395,466,558,1
8396,466,1043,2
8397,466,1280,3
8398,466,995,4
8399,466,807,5
8400,466,1120,6
8401,466,1101,7
8402,466,416,8
8403,466,305,9
8404,466,559,10
8405,466,659,11
8406,466,791,12
8407,466,1061,13
8408,466,984,14
8409,466,1008,15
8410,466,822,16
8411,466,1305,17
8412,466,730,18
8413,466,908,19
8414,466,685,20
8415,466,1326,21
8416,466,1291,22
8417,466,635,23
8418,466,1070,24
8419,466,200,25
8420,466,258,26
8421,466,337,27
8422,466,1051,28
8423,466,290,29
8424,467,908,1
8425,467,730,2
8426,467,416,3
8427,467,558,4
8428,467,1052,5
8429,467,1280,6
8430,467,1043,7
8431,467,995,8
8432,467,807,9
8433,467,791,10
8434,467,135,11
8435,467,245,12
8436,467,559,13
8437,467,305,14
8438,467,635,15
8439,467,659,16
8440,467,1292,17
8441,467,1326,18
8442,467,1008,19
8443,467,822,20
8444,467,894,21
8445,467,1099,22
8446,467,609,23
8447,467,234,24
8448,467,337,25
8449,467,984,26
8450,467,1305,27
8451,467,334,28
8452,467,115,29
8453,467,1116,30
8454,467,1061,32
8455,467,1070,33
8456,467,258,34
8457,467,200,35
8458,467,560,36
8459,467,1038,37
8460,467,1365,38
8461,467,762,39
8462,467,733,40
8463,468,558,1
8464,468,305,2
8465,468,416,3
8466,468,559,4
8467,468,1099,5
8468,468,392,6
8469,468,565,7
8470,468,467,8
8471,468,1082,9
8472,468,1052,10
8473,468,635,11
8474,468,1280,12
8475,468,995,13
8476,468,238,14
8477,468,2,15
8478,468,839,16
8479,468,1038,17
8480,468,1315,18
8481,468,100,19
8482,468,762,20
8483,468,1365,21
8484,468,1043,22
8485,468,807,23
8486,468,135,24
8487,468,159,25
8488,468,984,26
8489,468,200,27
8490,468,258,28
8491,468,1326,29
8492,468,560,30
8493,468,1305,31
8494,468,334,32
8495,468,1070,33
8496,469,258,1
8497,469,1305,2
8498,469,558,3
8499,469,200,4
8500,469,334,5
8501,469,629,6
8502,469,501,7
8503,469,1313,8
8504,469,379,9
8505,469,960,10
8506,469,1303,11
8507,469,1301,12
8508,469,743,13
8509,469,1039,14
8510,469,215,15
8511,469,387,16
8512,469,1108,17
8513,469,1359,18
8514,469,1336,19
8515,469,416,20
8516,469,1043,21
8517,469,1070,22
8518,469,1326,23
8519,469,357,24
8520,469,1282,25
8521,469,136,26
8522,469,326,27
8523,469,1014,28
8524,469,515,29
8525,469,175,30
8526,469,495,31
8527,469,1280,32
8528,469,995,33
8529,469,1101,34
8530,469,1120,35
8531,469,1052,36
8532,469,791,37
8533,469,1061,38
8534,470,1061,1
8535,470,558,2
8536,470,1326,3
8537,470,1043,4
8538,470,659,5
8539,470,416,6
8540,470,807,7
8541,470,908,8
8542,470,730,9
8543,470,115,10
8544,470,1280,11
8545,470,995,12
8546,470,1070,13
8547,470,1120,14
8548,470,791,15
8549,470,334,16
8550,470,258,17
8551,470,1305,18
8552,470,215,19
8553,470,453,20
8554,470,1039,21
8555,470,1313,22
8556,470,635,23
8557,470,1101,24
8558,470,1310,25
8559,470,734,26
8560,470,1312,27
8561,470,245,28
8562,470,833,29
8563,470,1020,30
8564,470,1116,31
8565,470,912,32
8566,470,393,33
8567,470,1344,34
8568,470,305,35
8569,470,655,36
8570,470,677,37
8571,470,953,38
8572,470,559,39
8573,470,560,40
8574,470,135,41
8575,470,159,42
8576,470,1013,43
8577,470,854,44
8578,470,15,45
8579,470,646,46
8580,470,1045,47
8581,470,1292,48
8582,470,1052,49
8583,470,686,50
8584,470,337,51
8585,470,107,52
8586,470,1304,53
8587,470,464,54
8588,470,1284,55
8589,470,406,56
8590,470,301,57
8591,471,406,1
8592,471,301,2
8593,471,138,3
8594,471,93,4
8595,471,1323,5
8596,471,1043,6
8597,471,1326,7
8598,471,1076,8
8599,471,609,9
8600,471,1052,10
8601,471,416,11
8602,471,305,12
8603,471,1292,13
8604,471,635,14
8605,471,1061,15
8606,471,115,16
8607,471,659,17
8608,471,558,18
8609,471,807,19
8610,471,833,20
8611,471,1020,21
8612,471,245,22
8613,471,912,23
8614,471,734,24
8615,471,1310,25
8616,471,514,26
8617,471,984,27
8618,471,1116,28
8619,471,200,29
8620,471,258,30
8621,471,1305,31
8622,471,334,32
8623,471,1280,33
8624,471,234,34
8625,471,791,35
8626,471,337,36
8627,472,1052,1
8628,472,234,2
8629,472,416,3
8630,472,635,4
8631,472,791,5
8632,472,115,6
8633,472,1061,7
8634,472,807,8
8635,472,686,9
8636,472,1043,10
8637,472,1292,11
8638,472,301,12
8639,472,1070,13
8640,472,337,14
8641,472,984,15
8642,472,1310,16
8643,472,1020,17
8644,472,833,18
8645,472,1280,19
8646,472,305,20
8647,472,559,21
8648,472,558,22
8649,472,609,23
8650,472,1315,24
8651,472,1,25
8652,472,953,26
8653,472,406,27
8654,472,392,28
8655,472,762,29
8656,472,1099,30
8657,472,464,31
8658,472,1098,32
8659,472,1120,33
8660,472,1101,34
8661,472,2,35
8662,472,1045,36
8663,472,1076,37
8664,473,659,1
8665,473,1052,2
8666,473,305,3
8667,473,234,4
8668,473,635,5
8669,473,1099,6
8670,473,791,7
8671,473,115,8
8672,473,558,9
8673,473,807,10
8674,473,1043,11
8675,473,416,12
8676,473,559,13
8677,473,801,14
8678,473,1070,15
8679,473,730,16
8680,473,908,17
8681,473,1292,18
8682,473,337,19
8683,473,686,20
8684,474,169,1
8685,474,93,2
8686,474,809,3
8687,474,1258,4
8688,474,1323,5
8689,474,138,6
8690,474,313,7
8691,474,1033,8
8692,474,741,9
8693,474,906,10
8694,474,937,11
8695,474,12,12
8696,474,817,13
8697,474,299,14
8698,474,437,15
8699,474,378,16
8700,474,337,17
8701,474,659,18
8702,474,558,19
8703,474,305,20
8704,474,1052,21
8705,474,1043,22
8706,474,416,24
8707,474,559,25
8708,474,730,26
8709,474,908,27
8710,474,984,28
8711,474,1326,29
8712,474,635,30
8713,474,381,31
8714,474,115,32
8715,474,807,33
8716,474,791,34
8717,474,393,35
8718,474,1312,36
8719,474,1292,37
8720,474,686,38
8721,474,234,39
8722,475,558,1
8723,475,686,2
8724,475,337,3
8725,475,1292,4
8726,475,730,5
8727,475,908,6
8728,475,91,7
8729,475,659,8
8730,475,416,9
8731,475,559,10
8732,475,305,11
8733,475,1052,12
8734,475,807,13
8735,475,635,14
8736,475,791,15
8737,475,115,16
8738,475,912,17
8739,475,1020,18
8740,475,833,19
8741,475,1116,20
8742,475,1120,21
8743,475,1070,22
8744,475,1061,23
8745,475,748,24
8746,475,1305,25
8747,475,995,26
8748,475,1280,27
8749,475,228,28
8750,475,158,29
8751,475,1259,30
8752,475,1344,31
8753,475,984,32
8754,475,1326,33
8755,475,334,34
8756,475,565,35
8757,475,1082,36
8758,475,238,37
8759,475,393,38
8760,475,734,39
8761,475,514,40
8762,475,1312,41
8763,475,1310,42
8764,475,245,43
8765,476,1043,1
8766,476,807,2
8767,476,558,3
8768,476,337,4
8769,476,1292,5
8770,476,686,6
8771,476,659,7
8772,476,635,8
8773,476,1052,9
8774,476,791,10
8775,476,416,11
8776,476,559,12
8777,476,305,13
8778,476,730,14
8779,476,908,15
8780,476,326,16
8781,476,175,17
8782,476,565,18
8783,476,1103,19
8784,476,833,20
8785,476,1061,21
8786,476,1305,22
8787,476,334,23
8788,476,984,24
8789,476,393,25
8790,476,1076,26
8791,476,1,27
8792,476,100,28
8793,476,839,29
8794,476,464,30
8795,476,301,31
8796,476,406,32
8797,477,558,1
8798,477,416,2
8799,477,305,3
8800,477,559,4
8801,477,286,5
8802,477,1052,6
8803,477,337,7
8804,477,1020,8
8805,477,1116,9
8806,477,445,11
8807,477,1043,12
8808,477,1117,13
8809,477,807,14
8810,477,912,15
8811,477,1280,16
8812,477,635,17
8813,477,1292,18
8814,477,791,19
8815,477,686,20
8816,477,730,21
8817,477,908,22
8818,477,326,23
8819,477,175,24
8820,477,115,25
8821,477,995,26
8822,478,305,1
8823,478,416,2
8824,478,995,3
8825,478,558,4
8826,478,1043,5
8827,478,730,6
8828,478,908,7
8829,478,326,8
8830,478,175,9
8831,478,357,10
8832,478,1305,12
8833,478,1052,13
8834,478,337,14
8835,478,635,15
8836,478,1292,16
8837,478,467,17
8838,478,791,18
8839,478,686,19
8840,478,807,20
8841,478,559,21
8842,478,1116,22
8843,478,1344,23
8844,478,115,24
8845,478,912,25
8846,478,1020,26
8847,478,833,27
8848,478,734,28
8849,478,1310,29
8850,478,393,30
8851,478,514,31
8852,478,1312,32
8853,478,234,33
8854,479,558,1
8855,479,416,2
8856,479,995,3
8857,479,305,4
8858,479,1052,5
8859,479,245,6
8860,479,1020,7
8861,479,635,8
8862,479,337,9
8863,479,1292,10
8864,479,686,11
8865,479,1061,12
8866,479,559,13
8867,479,1082,14
8868,479,1043,15
8869,479,560,16
8870,479,734,17
8871,479,1310,18
8872,479,115,19
8873,479,833,20
8874,479,1312,21
8875,479,807,22
8876,479,912,23
8877,479,393,24
8878,479,1344,25
8879,479,1116,26
8880,479,514,27
8881,479,238,28
8882,479,565,29
8883,479,1103,30
8884,479,1076,31
8885,479,1099,32
8886,479,609,33
8887,479,1363,34
8888,479,762,35
8889,479,1,36
8890,479,1038,37
8891,479,392,38
8892,479,1098,39
8893,479,1101,40
8894,479,1120,41
8895,479,1305,42
8896,479,334,43
8897,479,301,45
8898,479,1280,46
8899,479,854,47
8900,480,558,1
8901,480,559,2
8902,480,416,3
8903,480,305,4
8904,480,659,5
8905,480,730,6
8906,480,908,7
8907,480,1305,8
8908,480,334,9
8909,480,854,10
8910,480,1043,11
8911,480,807,12
8912,480,1344,13
8913,480,1052,14
8914,480,565,15
8915,480,91,16
8916,480,467,17
8917,480,1292,18
8918,480,228,19
8919,480,995,20
8920,480,1280,21
8921,480,15,22
8922,480,918,23
8923,480,734,24
8924,480,1310,25
8925,481,659,1
8926,481,416,2
8927,481,558,3
8928,481,995,4
8929,481,135,5
8930,481,1043,6
8931,481,1305,7
8932,481,908,8
8933,481,730,9
8934,481,807,10
8935,481,1052,11
8936,481,115,12
8937,481,1344,13
8938,481,912,14
8939,481,686,15
8940,481,1280,16
8941,481,305,17
8942,481,1070,18
8943,481,565,19
8944,481,337,20
8945,481,234,21
8946,481,59,22
8947,481,762,23
8948,481,635,24
8949,481,457,25
8950,481,1116,26
8951,481,1312,27
8952,481,1310,28
8953,481,1020,29
8954,481,833,30
8955,481,245,31
8956,481,734,32
8957,481,514,33
8958,481,393,34
8959,481,953,35
8960,481,264,36
8961,481,286,37
8962,481,559,38
8963,481,290,39
8964,481,184,40
8965,481,791,41
8966,481,1292,42
8967,482,1052,1
8968,482,912,2
8969,482,1310,3
8970,482,1382,4
8971,482,1020,5
8972,482,416,6
8973,482,558,7
8974,482,635,8
8975,482,995,9
8976,482,305,10
8977,482,559,11
8978,482,1280,12
8979,482,791,13
8980,482,1043,14
8981,482,1,15
8982,482,807,16
8983,482,337,17
8984,482,734,18
8985,482,2,19
8986,482,245,20
8987,482,1344,21
8988,482,115,22
8989,482,234,23
8990,482,833,24
8991,482,656,25
8992,482,371,26
8993,482,515,27
8994,482,175,28
8995,483,558,1
8996,483,416,2
8997,483,337,3
8998,483,734,4
8999,483,807,5
9000,483,1310,6
9001,483,791,7
9002,483,1020,8
9003,483,1312,9
9004,483,1116,10
9005,483,635,11
9006,483,686,12
9007,483,1292,13
9008,483,559,14
9009,483,1052,15
9010,483,1280,16
9011,483,995,17
9012,483,305,18
9013,483,115,19
9014,483,1043,20
9015,483,1117,21
9016,483,677,22
9017,483,655,23
9018,483,393,25
9019,483,1344,26
9020,483,245,27
9021,483,912,28
9022,483,833,29
9023,483,514,30
9024,484,558,1
9025,484,416,2
9026,484,337,3
9027,484,559,4
9028,484,953,5
9029,484,414,6
9030,484,1020,7
9031,484,912,8
9032,484,807,9
9033,484,1052,10
9034,484,115,11
9035,484,635,12
9036,484,1043,13
9037,484,1116,14
9038,484,305,15
9039,484,1344,16
9040,484,334,17
9041,484,1305,18
9042,484,623,19
9043,484,327,20
9044,484,1346,21
9045,484,125,22
9046,484,1248,23
9047,484,271,24
9048,484,673,25
9049,484,1079,26
9050,484,225,27
9051,484,813,28
9052,484,131,29
9053,485,659,1
9054,485,1346,2
9055,485,1248,3
9056,485,673,4
9057,485,225,5
9058,485,1079,6
9059,485,623,7
9060,485,125,8
9061,485,813,9
9062,485,271,10
9063,485,131,11
9064,485,305,12
9065,485,327,13
9066,485,1052,14
9067,485,1344,15
9068,485,514,16
9069,485,1116,17
9070,485,115,18
9071,485,1310,19
9072,485,245,20
9073,485,1020,21
9074,485,734,22
9075,485,833,23
9076,485,912,24
9077,485,1312,25
9078,485,393,26
9079,485,635,27
9080,485,416,28
9081,485,234,29
9082,485,953,30
9083,485,807,31
9084,485,1043,32
9085,485,558,33
9086,485,184,34
9087,485,791,35
9088,485,686,36
9089,485,1292,37
9090,485,337,38
9091,485,559,39
9092,485,1045,40
9093,485,609,41
9094,485,1076,42
9095,485,1099,43
9096,486,1052,1
9097,486,264,2
9098,486,623,3
9099,486,635,4
9100,486,115,5
9101,486,131,6
9102,486,813,7
9103,486,1079,8
9104,486,225,9
9105,486,673,10
9106,486,271,11
9107,486,1248,12
9108,486,125,13
9109,486,1346,14
9110,486,659,15
9111,486,559,16
9112,486,305,17
9113,486,1070,18
9114,486,1120,19
9115,486,984,20
9116,486,1061,21
9117,486,1344,22
9118,486,1116,23
9119,486,1310,24
9120,486,912,25
9121,486,1312,26
9122,486,245,27
9123,486,1020,28
9124,486,734,29
9125,486,833,30
9126,486,807,31
9127,486,558,32
9128,486,337,33
9129,486,1280,34
9130,486,238,35
9131,486,514,36
9132,486,416,37
9133,486,159,38
9134,486,334,39
9135,486,1305,40
9136,486,1304,42
9137,486,686,43
9138,486,730,44
9139,486,908,45
9140,486,1043,46
9141,486,854,47
9142,486,327,48
9143,486,762,49
9144,486,393,50
9145,487,623,1
9146,487,1248,2
9147,487,125,3
9148,487,131,4
9149,487,1346,5
9150,487,673,6
9151,487,813,7
9152,487,305,8
9153,487,271,9
9154,487,1079,10
9155,487,225,11
9156,487,467,12
9157,487,1292,13
9158,487,1043,14
9159,487,854,15
9160,487,807,16
9161,487,558,17
9162,487,337,18
9163,487,730,19
9164,487,908,20
9165,487,686,21
9166,487,916,22
9167,487,416,23
9168,487,1120,24
9169,487,1280,25
9170,487,115,26
9171,487,393,27
9172,487,833,28
9173,487,635,29
9174,487,1020,30
9175,487,1116,31
9176,487,1310,32
9177,487,734,33
9178,487,1344,34
9179,487,912,35
9180,487,1363,36
9181,487,169,37
9182,487,12,38
9183,487,817,39
9184,487,437,40
9185,487,299,41
9186,488,1280,1
9187,488,807,2
9188,488,558,3
9189,488,169,4
9190,488,12,5
9191,488,299,6
9192,488,437,7
9193,488,817,8
9194,488,337,9
9195,488,1310,10
9196,488,912,11
9197,488,1312,12
9198,488,115,13
9199,488,1020,14
9200,488,245,15
9201,488,1344,16
9202,488,514,17
9203,488,734,18
9204,488,833,19
9205,488,1116,20
9206,488,393,21
9207,488,635,22
9208,488,305,23
9209,488,623,24
9210,488,730,25
9211,488,908,26
9212,488,813,27
9213,488,559,28
9214,488,1248,29
9215,488,1346,30
9216,488,200,32
9217,488,1082,33
9218,488,258,34
9219,488,1292,35
9220,488,686,36
9221,488,290,37
9222,488,13,38
9223,488,1,39
9224,488,1076,40
9225,488,609,41
9226,489,290,1
9227,489,559,2
9228,489,337,3
9229,489,305,4
9230,489,623,5
9231,489,1079,6
9232,489,225,7
9233,489,813,8
9234,489,125,9
9235,489,464,10
9236,489,1363,11
9237,489,58,12
9238,489,437,13
9239,489,299,14
9240,489,558,15
9241,489,807,16
9242,489,12,17
9243,489,169,18
9244,489,1280,19
9245,489,653,20
9246,489,1293,21
9247,489,82,22
9248,489,641,23
9249,489,654,24
9250,489,686,25
9251,489,817,26
9252,489,1292,27
9253,489,1305,28
9254,489,334,29
9255,489,833,30
9256,489,1310,31
9257,489,912,32
9258,489,1312,33
9259,489,635,34
9260,489,393,35
9261,489,1020,36
9262,489,1061,37
9263,489,13,38
9264,489,663,39
9265,489,556,40
9266,489,1272,41
9267,489,876,42
9268,489,1002,43
9269,489,673,44
9270,489,1248,45
9271,489,271,46
9272,489,131,47
9273,489,1346,48
9274,489,416,49
9275,489,1052,50
9276,489,115,51
9277,489,565,52
9278,489,1320,53
9279,489,228,54
9280,489,158,55
9281,489,1038,56
9282,489,839,57
9283,489,609,58
9284,489,1076,59
9285,489,234,60
9286,489,258,61
9287,489,894,62
9288,489,200,63
9289,489,677,64
9290,489,1070,65
9291,489,908,66
9292,489,730,67
9293,489,659,68
9294,489,984,69
9295,489,301,70
9296,489,1120,72
9297,489,1326,73
9298,489,378,74
9299,489,1082,75
9300,490,93,1
9301,490,1258,2
9302,490,138,3
9303,490,809,4
9304,490,313,5
9305,490,1323,6
9306,490,1033,7
9307,490,1026,8
9308,490,741,9
9309,490,906,10
9310,490,92,11
9311,490,623,12
9312,490,1244,13
9313,490,305,14
9314,490,1285,15
9315,490,1081,16
9316,490,131,17
9317,490,813,18
9318,490,673,19
9319,490,1079,20
9320,490,225,21
9321,490,271,22
9322,490,1080,23
9323,490,1346,24
9324,490,125,25
9325,490,1248,26
9326,490,327,27
9327,490,984,29
9328,490,1070,30
9329,490,12,31
9330,490,437,32
9331,490,299,33
9332,490,334,34
9333,490,1305,35
9334,490,169,36
9335,490,1043,37
9336,490,135,38
9337,490,159,39
9338,490,416,40
9339,490,807,41
9340,490,558,42
9341,491,1244,1
9342,491,558,2
9343,491,1301,3
9344,491,1303,4
9345,491,1309,5
9346,491,501,6
9347,491,379,7
9348,491,387,8
9349,491,1122,9
9350,491,1108,10
9351,491,1305,11
9352,491,334,12
9353,491,1043,13
9354,491,159,14
9355,491,135,15
9356,491,807,16
9357,491,169,17
9358,491,854,18
9359,491,1120,19
9360,491,337,20
9361,491,629,21
9362,491,743,22
9363,491,960,23
9364,491,437,24
9365,491,215,25
9366,491,1359,26
9367,491,12,27
9368,491,416,28
9369,491,996,29
9370,491,299,30
9371,491,817,31
9372,491,559,32
9373,492,558,1
9374,492,357,2
9375,492,136,3
9376,492,326,4
9377,492,175,5
9378,492,1014,6
9379,492,1282,7
9380,492,515,8
9381,492,495,9
9382,493,558,1
9383,493,290,2
9384,493,559,3
9385,493,1117,4
9386,493,1078,5
9387,493,645,6
9388,493,416,7
9389,493,898,9
9390,493,641,10
9391,494,416,1
9392,494,558,2
9393,494,343,3
9394,494,419,4
9395,494,1306,5
9396,495,416,1
9397,495,343,2
9398,495,558,3
9399,495,419,4
9400,495,1306,5
9401,495,1078,6
9402,495,645,8
9403,495,1117,9
9404,496,558,1
9405,496,416,2
9406,496,343,3
9407,496,645,4
9408,496,460,5
9409,496,1091,6
9410,497,1117,1
9411,497,1078,3
9412,497,645,4
9413,497,343,5
9414,497,416,6
9415,497,558,7
9416,497,90,8
9417,497,641,9
9418,497,559,10
9419,497,1306,11
9420,497,419,12
9421,498,416,1
9422,498,343,2
9423,498,558,3
9424,498,290,5
9425,498,654,6
9426,498,460,7
9427,498,1306,8
9428,498,1117,9
9429,498,1078,10
9430,498,645,11
9431,498,824,12
9432,499,416,1
9433,499,343,2
9434,499,558,3
9435,499,953,5
9436,499,1306,6
9437,500,416,1
9438,500,343,2
9439,500,558,3
9440,500,1306,4
9441,500,460,5
9442,500,419,6
9443,500,1091,7
9444,500,230,8
9445,501,343,1
9446,501,416,2
9447,501,558,3
9448,501,1306,4
9449,501,460,5
9450,501,1117,6
9451,501,1078,7
9452,501,560,8
9453,501,1377,10
9454,501,1381,11
9455,502,558,1
9456,502,416,2
9457,502,1306,3
9458,502,1117,4
9459,502,645,5
9460,502,1078,6
9461,502,1043,7
9462,502,560,8
9463,502,1326,9
9464,502,1091,10
9465,502,460,11
9466,502,343,12
9467,502,230,13
9468,502,641,14
9469,502,824,15
9470,503,558,1
9471,503,645,2
9472,503,1078,3
9473,503,343,4
9474,503,824,5
9475,503,460,6
9476,503,1091,7
9477,503,416,8
9478,503,1117,9
9479,503,1306,10
9480,503,559,12
9481,503,953,13
9482,503,419,14
9483,504,283,1
9484,504,357,2
9485,504,560,3
9486,504,1043,4
9487,504,558,5
9488,504,416,6
9489,504,343,7
9490,504,1117,8
9491,504,1078,9
9492,504,645,10
9493,504,641,11
9494,504,559,12
9495,504,90,13
9496,504,938,14
9497,504,654,15
9498,504,290,16
9499,504,807,17
9500,504,337,18
9501,505,559,1
9502,505,1117,2
9503,505,1078,3
9504,505,645,4
9505,505,641,5
9506,505,1154,6
9507,505,558,7
9508,505,416,8
9509,505,90,9
9510,505,59,10
9511,505,1363,11
9512,505,290,12
9513,505,635,13
9514,505,1051,14
9515,505,305,15
9516,505,1082,16
9517,505,337,17
9518,505,1038,18
9519,505,393,19
9520,505,2,20
9521,505,912,21
9522,505,1,22
9523,505,1116,23
9524,505,100,24
9525,505,1365,25
9526,505,514,26
9527,505,953,27
9528,505,1118,28
9529,505,1280,29
9530,505,315,30
9531,505,309,31
9532,505,198,32
9533,505,234,33
9534,505,115,34
9535,505,1099,35
9536,505,609,36
9537,505,762,37
9538,505,839,38
9539,505,833,39
9540,505,392,40
9541,505,1020,41
9542,505,1098,42
9543,505,1312,43
9544,505,1310,44
9545,505,791,45
9546,505,1344,46
9547,505,13,47
9548,505,82,48
9549,505,653,49
9550,505,807,50
9551,505,258,51
9552,505,1061,52
9553,505,301,53
9554,505,1292,55
9555,505,686,56
9556,505,995,57
9557,505,357,58
9558,505,515,59
9559,505,136,60
9560,505,326,61
9561,505,175,62
9562,505,495,63
9563,505,1014,64
9564,505,1282,65
9565,505,509,66
9566,506,357,1
9567,506,434,2
9568,506,1061,3
9569,506,175,4
9570,506,293,5
9571,506,1052,6
9572,506,515,7
9573,506,136,8
9574,506,902,9
9575,506,326,10
9576,506,495,11
9577,506,1269,12
9578,506,1014,14
9579,506,729,15
9580,506,197,16
9581,506,1282,17
9582,506,442,18
9583,506,416,19
9584,506,558,20
9585,507,169,1
9586,507,12,2
9587,507,817,3
9588,507,299,4
9589,507,437,5
9590,507,264,6
9591,507,1262,7
9592,507,296,8
9593,507,1086,9
9594,507,233,10
9595,507,629,11
9596,507,215,12
9597,507,1359,13
9598,507,743,14
9599,507,501,15
9600,507,1309,16
9601,507,387,17
9602,507,1122,18
9603,507,960,19
9604,507,1305,20
9605,507,334,21
9606,507,1303,22
9607,507,1301,23
9608,507,807,24
9609,507,558,25
9610,507,1292,26
9611,507,1326,27
9612,507,297,28
9613,507,515,29
9614,507,326,30
9615,507,1014,31
9616,507,175,33
9617,507,495,34
9618,507,301,35
9619,507,136,36
9620,507,357,37
9621,507,1282,38
9622,507,902,39
9623,507,1052,40
9624,508,558,1
9625,508,264,2
9626,508,807,3
9627,508,1303,4
9628,508,1301,5
9629,508,960,6
9630,508,1305,7
9631,508,334,8
9632,508,914,9
9633,508,515,10
9634,508,136,11
9635,508,729,12
9636,508,1014,13
9637,508,175,14
9638,508,495,15
9639,508,197,16
9640,509,357,1
9641,509,434,2
9642,509,1061,3
9643,509,984,4
9644,509,442,5
9645,509,1282,6
9646,509,330,7
9647,509,558,8
9648,509,264,9
9649,509,960,10
9650,509,1305,11
9651,509,1301,12
9652,509,1303,13
9653,509,807,14
9654,509,136,15
9655,509,326,16
9656,509,1014,17
9657,509,515,18
9658,509,175,19
9659,509,495,20
9660,510,807,1
9661,510,558,2
9662,510,264,3
9663,510,175,4
9664,510,293,5
9665,510,416,6
9666,510,495,7
9667,510,1269,9
9668,510,764,10
9669,510,326,11
9670,510,1043,13
9671,510,854,14
9672,510,159,15
9673,510,1282,16
9674,510,515,17
9675,510,136,18
9676,510,357,19
9677,510,1014,20
9678,510,623,21
9679,510,305,22
9680,510,560,23
9681,510,1326,24
9682,511,1285,1
9683,511,136,2
9684,511,1052,3
9685,511,337,4
9686,511,1292,5
9687,511,686,6
9688,511,558,7
9689,511,807,8
9690,511,264,9
9691,511,90,10
9692,511,821,11
9693,511,632,12
9694,511,173,13
9695,511,1035,14
9696,511,281,15
9697,511,623,16
9698,511,718,17
9699,511,305,18
9700,511,1346,19
9701,511,327,20
9702,511,125,21
9703,511,1248,22
9704,511,730,23
9705,511,1028,24
9706,511,908,25
9707,511,258,26
9708,511,1033,27
9709,511,906,28
9710,511,92,29
9711,511,741,30
9712,511,911,31
9713,511,1258,32
9714,511,1323,33
9715,511,1026,34
9716,511,1244,35
9717,511,138,36
9718,511,767,37
9719,512,566,1
9720,512,1265,2
9721,512,382,3
9722,512,20,4
9723,512,1280,6
9724,512,1369,7
9725,512,560,8
9726,512,559,9
9727,512,995,10
9728,512,1054,12
9729,512,452,14
9730,512,1262,15
9731,512,907,16
9732,512,297,17
9733,512,457,18
9734,512,1326,19
9735,512,855,20
9736,512,441,21
9737,512,1240,22
9738,512,510,23
9739,512,763,24
9740,512,509,25
9741,512,1120,26
9742,512,1101,27
9743,512,641,28
9744,512,90,29
9745,512,284,30
9746,512,759,31
9747,512,493,32
9748,512,427,33
9749,512,208,34
9750,512,978,35
9751,512,488,36
9752,512,1250,37
9753,512,450,38
9754,512,698,39
9755,512,1104,40
9756,512,63,41
9757,512,732,42
9758,512,732,43
9759,512,314,44
9760,512,716,45
9761,512,753,46
9762,512,861,47
9763,512,154,48
9764,512,448,49
9765,512,1117,50
9766,512,645,51
9767,512,1078,52
9768,512,558,53
9769,512,379,54
9770,512,1108,55
9771,512,1309,56
9772,512,387,57
9773,512,1122,58
9774,512,501,59
9775,512,264,60
9776,512,807,61
9777,512,175,62
9778,512,495,63
9779,512,1269,64
9780,512,326,65
9781,512,1043,66
9782,512,136,67
9783,512,902,68
9784,512,515,69
9785,512,914,70
9786,512,729,71
9787,512,1014,72
9788,512,1282,73
9789,512,330,74
9790,512,434,75
9791,512,357,76
9792,513,169,1
9793,513,12,2
9794,513,299,3
9795,513,437,4
9796,513,817,5
9797,513,93,6
9798,513,311,7
9799,513,313,8
9800,513,327,9
9801,513,623,10
9802,513,125,11
9803,513,131,12
9804,513,225,13
9805,513,1079,14
9806,513,271,15
9807,513,1248,16
9808,513,813,17
9809,513,1346,18
9810,513,673,19
9811,513,809,20
9812,513,937,21
9813,513,337,22
9814,513,1070,23
9815,513,984,24
9816,513,293,26
9817,513,175,27
9818,513,889,28
9819,513,558,29
9820,513,136,30
9821,513,357,31
9822,513,301,32
9823,513,1292,34
9824,513,1282,35
9825,513,326,36
9826,513,515,37
9827,514,515,1
9828,514,914,2
9829,514,558,3
9830,514,197,4
9831,514,729,5
9832,514,1014,6
9833,514,947,7
9834,514,175,8
9835,514,357,9
9836,514,495,10
9837,514,1043,11
9838,514,326,12
9839,514,706,15
9840,514,64,16
9841,515,330,1
9842,515,457,2
9843,515,1282,3
9844,515,984,4
9845,515,495,5
9846,515,1269,6
9847,515,825,7
9848,515,246,8
9849,515,772,9
9850,515,828,10
9851,515,702,11
9852,515,369,12
9853,515,905,13
9854,515,776,14
9855,515,1007,15
9856,515,136,16
9857,515,902,17
9858,515,357,18
9859,515,1061,19
9860,515,434,20
9861,515,807,21
9862,515,730,22
9863,515,75,23
9864,515,797,24
9865,515,175,25
9866,515,1014,26
9867,515,326,27
9868,515,515,28
9869,515,558,29
9870,516,807,1
9871,516,558,2
9872,516,264,3
9873,516,387,4
9874,516,1039,5
9875,516,1301,6
9876,516,1303,7
9877,516,1108,8
9878,516,215,9
9879,516,743,10
9880,516,501,11
9881,516,629,12
9882,516,1122,13
9883,516,1313,14
9884,516,1043,15
9885,516,854,16
9886,516,1120,17
9887,516,1305,18
9888,516,379,19
9889,516,960,20
9890,516,1309,21
9891,516,1041,22
9892,516,301,23
9893,516,337,24
9894,516,416,25
9895,516,1292,26
9896,516,258,27
9897,516,686,28
9898,516,1262,29
9899,516,296,30
9900,516,233,31
9901,516,305,32
9902,516,995,33
9903,516,290,34
9904,516,559,35
9905,516,1375,36
9906,516,1359,37
9907,516,343,38
9908,516,357,39
9909,516,326,40
9910,516,136,41
9911,516,515,42
9912,516,175,43
9913,516,495,44
9914,516,1014,45
9915,516,1282,46
9916,516,654,47
9917,517,629,1
9918,517,558,2
9919,517,1305,3
9920,517,960,4
9921,517,1301,5
9922,517,1303,6
9923,517,1309,7
9924,517,215,8
9925,517,501,9
9926,517,743,10
9927,517,387,11
9928,517,297,12
9929,517,264,13
9930,517,357,14
9931,517,515,15
9932,517,866,16
9933,517,1282,21
9934,517,326,23
9935,517,1126,24
9936,517,1253,25
9937,517,136,26
9938,517,495,27
9939,517,457,28
9940,517,1014,29
9941,517,175,30
9942,518,558,1
9943,518,1305,3
9944,518,334,4
9945,518,960,5
9946,518,629,6
9947,518,215,7
9948,518,379,8
9949,518,387,9
9950,518,1108,10
9951,518,1309,11
9952,518,743,12
9953,518,1122,13
9954,518,1359,14
9955,518,1303,15
9956,518,1301,16
9957,518,501,17
9958,518,326,21
9959,518,297,22
9960,518,1282,23
9961,518,264,24
9962,518,1054,25
9963,518,175,27
9964,518,495,32
9965,518,136,33
9966,518,515,34
9967,518,866,35
9968,518,357,37
9969,519,495,1
9970,519,1014,2
9971,519,1282,3
9972,519,175,7
9973,519,558,11
9974,519,136,13
9975,519,515,14
9976,519,301,15
9977,519,1326,18
9978,519,326,19
9979,519,357,20
9980,519,1373,21
9981,519,658,22
9982,519,1253,23
9983,519,1126,24
9984,520,1282,1
9985,520,1373,2
9986,520,658,3
9987,520,1253,4
9988,520,1126,5
9989,520,558,12
9990,520,175,14
9991,520,136,15
9992,520,1014,16
9993,520,495,17
9994,520,515,18
9995,520,264,19
9996,520,297,20
9997,520,357,21
9998,520,326,22
9999,521,264,1
10000,521,515,2
10001,521,136,3
10002,521,495,4
10003,521,175,5
10004,521,1014,6
10005,521,1282,8
10006,521,326,10
10007,521,357,11
10008,521,1373,12
10009,521,658,13
10010,521,1253,14
10011,521,1126,15
10012,521,558,16
10013,521,301,25
10014,522,1305,1
10015,522,357,2
10016,522,326,3
10017,522,264,4
10018,522,558,5
10019,522,434,6
10020,522,136,7
10021,522,515,8
10022,522,495,9
10023,522,1282,11
10024,522,1014,12
10025,522,175,13
10026,522,1249,14
10027,522,1301,15
10028,522,1303,16
10029,522,629,17
10030,522,215,18
10031,522,902,19
10032,522,914,20
10033,523,1253,1
10034,523,1126,2
10035,523,1058,3
10036,523,1096,8
10037,523,301,9
10038,523,558,11
10039,523,326,13
10040,523,357,14
10041,523,264,15
10042,523,297,16
10043,523,953,17
10044,523,495,18
10045,523,1014,19
10046,523,515,20
10047,523,136,21
10048,523,1282,22
10049,523,175,23
10050,523,907,25
10051,523,1054,26
10052,523,1326,27
10053,523,1292,28
10054,523,568,29
10055,524,136,1
10056,524,326,2
10057,524,1014,3
10058,524,1126,4
10059,524,568,5
10060,524,515,6
10061,524,1282,7
10062,524,357,8
10063,524,558,9
10064,524,175,10
10065,524,1253,11
10066,524,495,12
10067,524,721,14
10068,525,558,2
10069,525,136,3
10070,525,175,4
10071,525,515,5
10072,525,1282,6
10073,525,1014,7
10074,525,326,8
10075,525,495,9
10076,525,357,11
10077,525,434,12
10078,525,1061,13
10079,525,1253,14
10080,525,604,15
10081,525,1361,16
10082,525,110,17
10083,525,128,18
10084,526,110,1
10085,526,1361,2
10086,526,515,3
10087,526,136,4
10088,526,175,5
10089,526,495,6
10090,526,1014,7
10091,526,1282,8
10092,526,128,9
10093,526,216,10
10094,526,326,11
10095,526,558,12
10096,526,357,13
10097,526,1253,14
10098,526,926,15
10099,527,216,1
10100,527,926,2
10101,527,863,3
10102,527,766,4
10103,527,558,5
10104,527,136,6
10105,527,175,7
10106,527,1282,8
10107,527,326,9
10108,527,495,10
10109,527,1014,11
10110,527,515,12
10111,527,357,13
10112,527,860,14
10113,527,1262,15
10114,527,452,16
10115,527,837,17
10116,527,651,18
10117,527,1029,19
10118,527,781,20
10119,527,890,21
10120,527,1389,22
10121,527,603,23
10122,527,308,24
10123,527,250,25
10124,527,883,26
10125,528,926,1
10126,528,863,2
10127,528,766,3
10128,528,515,4
10129,528,1014,5
10130,528,495,6
10131,528,326,7
10132,528,837,8
10133,528,308,9
10134,528,603,10
10135,528,250,11
10136,528,1029,12
10137,528,890,13
10138,528,651,14
10139,528,781,15
10140,528,175,16
10141,528,136,17
10142,528,1262,18
10143,528,558,19
10144,528,807,20
10145,528,264,21
10146,528,1303,22
10147,528,1301,23
10148,528,387,24
10149,528,215,25
10150,528,743,26
10151,528,860,27
10152,528,1011,29
10153,528,348,30
10154,528,644,31
10155,528,1389,32
10156,528,357,33
10157,528,1024,34
10158,529,175,1
10159,529,1262,2
10160,529,326,3
10161,529,136,4
10162,529,558,5
10163,529,1029,6
10164,529,837,7
10165,529,236,8
10166,529,863,9
10167,529,646,10
10168,529,766,11
10169,529,926,12
10170,529,603,13
10171,529,781,14
10172,529,250,15
10173,529,308,16
10174,529,1389,17
10175,529,651,18
10176,529,1253,19
10177,529,266,20
10178,529,1282,21
10179,529,452,22
10180,529,128,23
10181,529,644,24
10182,529,1011,25
10183,529,348,26
10184,529,890,27
10185,529,515,28
10186,529,495,29
10187,530,936,1
10188,530,926,2
10189,530,863,3
10190,530,766,4
10191,530,883,5
10192,530,62,6
10193,530,1066,7
10194,530,1100,8
10195,530,856,9
10196,530,136,10
10197,530,1282,11
10198,530,452,12
10199,530,558,13
10200,530,1262,14
10201,530,790,15
10202,530,515,16
10203,530,1236,17
10204,530,907,18
10205,530,882,19
10206,530,502,20
10207,530,604,21
10208,530,326,22
10209,530,175,23
10210,530,236,24
10211,530,495,25
10212,531,837,1
10213,531,1253,2
10214,531,603,3
10215,531,890,5
10216,531,308,6
10217,531,860,7
10218,531,1282,8
10219,531,175,9
10220,531,136,10
10221,531,357,11
10222,531,558,12
10223,531,326,13
10224,531,515,14
10225,531,495,15
10226,531,1014,16
10227,531,1011,17
10228,531,266,18
10229,531,644,19
10230,531,348,20
10231,531,478,21
10232,531,1262,22
10233,531,452,23
10234,531,502,24
10235,531,882,25
10236,531,604,26
10237,531,236,27
10238,531,177,28
10239,531,861,29
10240,531,246,30
10241,531,593,31
10242,531,598,32
10243,531,272,33
10244,532,1361,1
10245,532,110,2
10246,532,128,3
10247,532,272,4
10248,532,558,5
10249,532,593,6
10250,532,136,7
10251,532,515,8
10252,532,1282,9
10253,532,1262,10
10254,532,452,11
10255,532,598,12
10256,532,502,13
10257,532,604,14
10258,532,326,15
10259,532,175,16
10260,532,357,17
10261,532,1253,18
10262,532,266,19
10263,532,856,20
10264,532,883,21
10265,532,1100,22
10266,532,62,23
10267,532,1066,24
10268,533,593,1
10269,533,502,2
10270,533,357,3
10271,533,598,4
10272,533,1282,5
10273,533,136,6
10274,533,515,7
10275,533,558,8
10276,533,272,9
10277,533,604,10
10278,533,1262,11
10279,533,452,12
10280,533,1011,13
10281,533,644,14
10282,533,348,15
10283,533,890,16
10284,533,860,17
10285,533,175,19
10286,533,326,20
10287,534,1014,1
10288,534,1095,2
10289,534,604,3
10290,534,272,4
10291,534,558,5
10292,534,1282,6
10293,534,593,7
10294,534,502,8
10295,534,1011,9
10296,534,348,10
10297,534,644,11
10298,534,598,12
10299,534,110,13
10300,534,856,14
10301,534,883,15
10302,534,1100,16
10303,534,62,17
10304,534,1066,18
10305,534,863,19
10306,534,128,20
10307,534,907,21
10308,534,692,22
10309,534,1157,23
10310,534,568,24
10311,534,1356,25
10312,534,452,26
10313,534,326,27
10314,534,175,28
10315,534,136,30
10316,534,357,31
10317,534,515,32
10318,534,1262,33
10319,534,807,34
10320,535,272,1
10321,535,604,2
10322,535,558,3
10323,535,883,4
10324,535,1100,5
10325,535,62,6
10326,535,1066,7
10327,535,863,8
10328,535,856,9
10329,535,128,10
10330,535,495,11
10331,535,502,13
10332,535,598,14
10333,535,593,15
10334,535,136,16
10335,535,1282,17
10336,535,515,18
10337,535,1262,19
10338,535,452,20
10339,535,357,21
10340,535,1014,22
10341,535,1095,23
10342,535,807,24
10343,536,604,1
10344,536,272,2
10345,536,558,3
10346,536,502,4
10347,536,593,5
10348,536,598,6
10349,536,357,7
10350,536,136,8
10351,536,515,9
10352,536,1282,10
10353,536,1262,11
10354,536,452,12
10355,536,883,13
10356,536,1066,14
10357,536,62,15
10358,536,856,16
10359,536,1100,17
10360,536,1356,18
10361,536,1014,19
10362,536,1095,20
10363,536,495,21
10364,536,907,22
10365,536,175,23
10366,536,326,24
10367,537,128,1
10368,537,272,2
10369,537,604,3
10370,537,558,4
10371,537,907,5
10372,537,326,6
10373,537,175,7
10374,537,236,8
10375,537,457,9
10376,537,110,10
10377,537,883,11
10378,537,357,12
10379,537,1262,13
10380,537,515,14
10381,537,502,15
10382,537,136,16
10383,537,1282,17
10384,538,883,1
10385,538,136,2
10386,538,357,3
10387,538,502,4
10388,538,1282,5
10389,538,598,6
10390,538,593,7
10391,538,882,8
10392,538,1011,10
10393,538,348,11
10394,538,644,12
10395,538,1066,13
10396,538,856,14
10397,538,558,15
10398,538,175,16
10399,538,907,17
10400,538,272,18
10401,538,604,19
10402,538,326,20
10403,538,1014,21
10404,538,807,22
10405,538,854,23
10406,538,1043,24
10407,538,1120,25
10408,538,1101,26
10409,538,15,27
10410,538,416,28
10411,538,337,29
10412,538,1095,30
10413,538,128,31
10414,538,515,32
10415,538,1262,33
10416,538,1356,34
10417,538,1157,35
10418,538,692,36
10419,538,11,37
10420,538,978,38
10421,538,488,39
10422,539,495,1
10423,539,598,2
10424,539,593,3
10425,539,856,4
10426,539,1100,5
10427,539,863,6
10428,539,62,7
10429,539,1066,8
10430,539,1011,9
10431,539,463,10
10432,539,558,11
10433,539,604,12
10434,539,272,13
10435,539,1253,14
10436,539,807,15
10437,539,515,16
10438,539,1262,17
10439,539,907,18
10440,539,175,19
10441,539,326,20
10442,539,75,21
10443,539,11,23
10444,539,488,24
10445,539,1356,25
10446,539,692,26
10447,539,1157,27
10448,539,978,28
10449,539,516,29
10450,539,1095,31
10451,539,1014,32
10452,539,1052,33
10453,539,1236,34
10454,539,355,35
10455,539,1024,36
10456,539,1305,37
10457,539,1301,38
10458,539,1303,39
10459,540,604,1
10460,540,272,2
10461,540,807,3
10462,540,326,4
10463,540,515,5
10464,540,558,6
10465,540,1262,7
10466,540,1014,8
10467,540,1095,9
10468,540,907,10
10469,540,175,11
10470,540,458,12
10471,540,463,13
10472,540,593,14
10473,540,1011,16
10474,540,348,17
10475,540,644,18
10476,540,598,19
10477,540,502,20
10478,540,1024,21
10479,540,207,22
10480,540,935,23
10481,540,648,24
10482,540,1356,25
10483,540,692,26
10484,540,1157,27
10485,540,1305,28
10486,540,1301,29
10487,540,1303,30
10488,540,1374,31
10489,541,907,1
10490,541,175,2
10491,541,1262,3
10492,541,558,4
10493,541,807,5
10494,541,515,6
10495,541,326,7
10496,541,272,8
10497,541,1095,9
10498,541,1014,10
10499,541,502,11
10500,541,463,12
10501,541,1011,13
10502,541,644,14
10503,541,348,15
10504,541,883,16
10505,541,1066,17
10506,541,1100,18
10507,541,62,19
10508,541,856,20
10509,541,1356,21
10510,541,1157,22
10511,541,1024,23
10512,541,935,24
10513,541,207,25
10514,541,1374,26
10515,541,648,27
10516,541,784,28
10517,541,692,29
10518,541,1291,30
10519,541,228,31
10520,541,727,32
10521,542,558,4
10522,542,175,5
10523,542,357,6
10524,542,136,7
10525,542,326,8
10526,542,1014,9
10527,542,1282,10
10528,542,515,11
10529,542,495,12
10530,543,727,1
10531,543,907,2
10532,543,1024,3
10533,543,1356,4
10534,543,1374,5
10535,543,807,6
10536,543,463,7
10537,543,935,8
10538,543,648,9
10539,543,207,10
10540,543,692,11
10541,543,1157,12
10542,543,604,13
10543,543,326,14
10544,543,515,15
10545,543,272,16
10546,543,558,17
10547,543,1262,18
10548,543,228,20
10549,543,502,21
10550,544,272,1
10551,544,604,2
10552,544,807,3
10553,544,907,4
10554,544,1262,5
10555,544,175,6
10556,544,558,7
10557,544,515,8
10558,544,326,9
10559,544,1014,10
10560,544,1095,11
10561,544,1356,12
10562,544,1291,13
10563,544,1374,14
10564,544,692,15
10565,544,648,16
10566,544,1157,17
10567,544,207,18
10568,544,502,19
10569,544,463,20
10570,544,1024,21
10571,544,593,22
10572,544,1011,23
10573,544,644,24
10574,544,348,25
10575,544,598,26
10576,544,228,27
10577,544,883,28
10578,544,426,29
10579,544,935,30
10580,545,807,1
10581,545,1374,2
10582,545,272,3
10583,545,604,4
10584,545,502,5
10585,545,463,6
10586,545,558,7
10587,545,515,8
10588,545,326,9
10589,545,1262,10
10590,545,907,11
10591,545,175,12
10592,545,593,13
10593,545,883,15
10594,545,128,16
10595,545,1011,18
10596,545,348,19
10597,545,644,20
10598,545,1024,21
10599,545,648,22
10600,545,1356,23
10601,545,1014,25
10602,545,1095,26
10603,545,882,27
10604,546,272,1
10605,546,604,2
10606,546,175,3
10607,546,907,4
10608,546,1262,5
10609,546,515,6
10610,546,558,7
10611,546,326,8
10612,546,807,9
10613,546,1011,10
10614,546,348,11
10615,546,644,12
10616,546,128,13
10617,546,463,14
10618,546,598,15
10619,546,593,16
10620,546,502,17
10621,546,882,18
10622,546,1374,19
10623,547,1011,1
10624,547,348,2
10625,547,644,3
10626,547,272,4
10627,547,463,5
10628,547,807,6
10629,547,593,7
10630,547,883,8
10631,547,598,9
10632,547,502,10
10633,547,1374,11
10634,547,604,12
10635,547,515,13
10636,547,326,14
10637,547,558,15
10638,547,1262,16
10639,547,907,17
10640,547,175,18
10641,547,1014,19
10642,547,1095,20
10643,547,1024,21
10644,547,1356,22
10645,547,1157,23
10646,547,1282,25
10647,547,357,26
10648,547,136,27
10649,547,452,28
10650,548,463,1
10651,548,1100,2
10652,548,883,3
10653,548,1014,4
10654,548,1095,5
10655,548,272,6
10656,548,807,7
10657,548,515,8
10658,548,326,9
10659,548,907,10
10660,548,175,11
10661,548,558,12
10662,548,1011,13
10663,548,348,14
10664,548,644,15
10665,548,1066,16
10666,548,604,17
10667,548,1262,18
10668,548,502,19
10669,548,953,20
10670,548,1086,21
10671,548,180,22
10672,548,136,25
10673,548,357,26
10674,548,1282,27
10675,548,495,28
10676,548,128,29
10677,548,416,30
10678,549,136,1
10679,549,1282,2
10680,549,357,3
10681,549,330,4
10682,549,558,5
10683,549,807,6
10684,549,272,7
10685,549,604,8
10686,549,326,9
10687,549,515,10
10688,549,1262,11
10689,549,175,12
10690,549,907,13
10691,549,495,14
10692,549,348,15
10693,549,644,16
10694,549,1011,17
10695,549,1066,18
10696,549,883,20
10697,549,502,21
10698,549,452,22
10699,549,1356,23
10700,549,692,24
10701,549,1157,25
10702,549,1024,26
10703,549,648,27
10704,549,1374,28
10705,549,463,29
10706,549,128,30
10707,549,337,31
10708,550,883,1
10709,550,502,2
10710,550,1100,3
10711,550,463,4
10712,550,62,5
10713,550,1066,6
10714,550,856,7
10715,550,863,8
10716,550,1011,9
10717,550,348,10
10718,550,644,11
10719,550,558,13
10720,550,807,14
10721,550,272,15
10722,550,515,16
10723,550,1262,17
10724,550,175,18
10725,550,907,19
10726,550,598,20
10727,550,593,21
10728,550,1109,22
10729,551,883,1
10730,551,856,2
10731,551,593,3
10732,551,598,4
10733,551,502,5
10734,551,463,6
10735,551,266,7
10736,551,110,8
10737,551,128,9
10738,551,272,10
10739,551,1100,11
10740,551,863,12
10741,551,1066,13
10742,551,62,14
10743,551,604,15
10744,551,807,16
10745,551,1262,17
10746,551,907,18
10747,551,1095,19
10748,551,603,20
10749,551,308,21
10750,551,1011,22
10751,551,348,23
10752,551,644,24
10753,551,1024,25
10754,552,604,1
10755,552,807,2
10756,552,272,3
10757,552,856,4
10758,552,1066,5
10759,552,1100,6
10760,552,62,7
10761,552,644,8
10762,552,348,9
10763,552,1011,10
10764,552,502,11
10765,552,883,12
10766,552,863,13
10767,552,266,14
10768,552,558,15
10769,552,1356,16
10770,552,463,17
10771,552,598,18
10772,552,593,19
10773,552,110,20
10774,552,128,21
10775,553,502,1
10776,553,348,2
10777,553,1011,3
10778,553,644,4
10779,553,272,5
10780,553,604,6
10781,553,883,7
10782,553,856,8
10783,553,1066,9
10784,553,863,10
10785,553,1100,11
10786,553,62,12
10787,553,807,13
10788,553,463,14
10789,553,266,15
10790,553,558,16
10791,553,515,17
10792,553,495,18
10793,553,882,19
10794,553,1014,20
10795,553,457,21
10796,553,175,22
10797,553,136,23
10798,553,326,24
10799,553,1282,25
10800,553,357,26
10801,553,452,27
10802,554,326,1
10803,554,357,2
10804,554,558,3
10805,554,515,4
10806,554,175,5
10807,554,136,6
10808,554,495,7
10809,554,452,8
10810,554,1014,9
10811,554,1282,10
10812,554,272,11
10813,554,807,12
10814,554,856,13
10815,554,1066,14
10816,554,863,15
10817,554,1100,16
10818,554,62,17
10819,554,604,18
10820,554,266,19
10821,554,1262,20
10822,554,907,21
10823,554,463,22
10824,554,883,23
10825,554,1024,24
10826,554,1011,25
10827,554,348,26
10828,554,644,27
10829,555,558,1
10830,555,272,2
10831,555,604,3
10832,555,807,4
10833,555,856,5
10834,555,1066,6
10835,555,883,7
10836,555,863,8
10837,555,1100,9
10838,555,62,10
10839,555,1014,11
10840,555,136,12
10841,555,175,13
10842,555,357,14
10843,555,515,15
10844,555,326,16
10845,555,1282,17
10846,555,495,18
10847,555,1061,19
10848,555,434,20
10849,555,1326,21
10850,555,369,24
10851,555,905,25
10852,556,558,1
10853,556,272,2
10854,556,604,3
10855,556,807,4
10856,556,326,5
10857,556,357,6
10858,556,495,7
10859,556,515,8
10860,556,1014,9
10861,556,136,10
10862,556,175,11
10863,556,452,12
10864,556,1066,13
10865,556,883,14
10866,556,863,15
10867,556,1100,16
10868,556,856,17
10869,556,62,18
10870,556,1282,19
10871,556,266,20
10872,556,216,21
10873,556,110,22
10874,557,1100,1
10875,557,216,2
10876,557,62,3
10877,557,863,4
10878,557,357,5
10879,557,1282,6
10880,557,175,7
10881,557,136,8
10882,557,515,9
10883,557,452,10
10884,557,1014,11
10885,557,457,12
10886,557,558,13
10887,557,495,14
10888,557,914,15
10889,557,902,16
10890,557,1066,17
10891,557,856,18
10892,557,272,19
10893,557,883,20
10894,557,807,21
10895,557,882,22
10896,557,502,23
10897,558,644,1
10898,558,348,2
10899,558,502,3
10900,558,1011,4
10901,558,603,5
10902,558,308,6
10903,558,558,7
10904,558,883,8
10905,558,216,9
10906,558,272,10
10907,558,807,11
10908,558,357,12
10909,558,326,13
10910,558,515,14
10911,558,1014,15
10912,558,1282,16
10913,558,175,17
10914,558,495,18
10915,558,136,19
10916,558,110,20
10917,558,62,21
10918,558,128,22
10919,559,272,1
10920,559,128,2
10921,559,883,3
10922,559,558,4
10923,559,326,5
10924,559,807,6
10925,559,1011,7
10926,559,644,8
10927,559,348,9
10928,559,882,10
10929,559,463,11
10930,560,128,1
10931,560,883,2
10932,560,348,3
10933,560,644,4
10934,560,882,5
10935,560,272,6
10936,560,1011,7
10937,560,558,8
10938,560,110,9
10939,560,216,10
10940,560,136,11
10941,560,175,12
10942,560,62,13
10943,560,807,14
10944,560,515,15
10945,560,326,16
10946,560,495,17
10947,560,863,18
10948,560,357,20
10949,560,1282,21
10950,560,1014,22
10951,560,502,23
10952,560,266,24
10953,560,1262,25
10954,560,907,26
10955,561,272,1
10956,561,1011,2
10957,561,558,3
10958,561,883,4
10959,561,644,5
10960,561,348,6
10961,561,128,7
10962,561,326,8
10963,561,110,9
10964,561,515,10
10965,561,856,11
10966,561,62,12
10967,561,1282,13
10968,561,1014,14
10969,561,175,15
10970,561,1100,16
10971,561,136,17
10972,561,1066,18
10973,561,1058,19
10974,561,1341,20
10975,561,863,21
10976,561,357,22
10977,561,266,23
10978,561,807,24
10979,561,495,25
10980,562,883,1
10981,562,558,2
10982,562,1011,3
10983,562,272,4
10984,562,128,5
10985,562,644,6
10986,562,348,7
10987,562,502,8
10988,562,882,9
10989,563,1011,1
10990,563,110,2
10991,563,326,3
10992,563,807,4
10993,563,502,5
10994,563,598,6
10995,563,593,8
10996,563,216,9
10997,563,1282,10
10998,563,62,11
10999,563,515,12
11000,563,926,13
11001,563,495,14
11002,563,357,15
11003,563,136,16
11004,563,175,17
11005,563,478,18
11006,563,1014,19
11007,563,883,20
11008,563,272,21
11009,563,558,22
11010,563,1100,23
11011,563,1066,24
11012,563,856,25
11013,563,863,26
11014,564,272,2
11015,564,883,3
11016,564,558,4
11017,564,1066,5
11018,564,1109,6
11019,564,856,7
11020,564,62,8
11021,564,1100,9
11022,564,1356,10
11023,564,692,11
11024,564,907,12
11025,564,266,13
11026,564,463,14
11027,564,502,16
11028,564,807,17
11029,564,1374,18
11030,564,598,19
11031,564,593,20
11032,564,1011,21
11033,564,644,22
11034,564,348,23
11035,564,1095,24
11036,564,1262,25
11037,564,860,26
11038,564,110,27
11039,564,515,28
11040,564,326,29
11041,564,175,30
11042,564,1014,31
11043,564,357,32
11044,564,136,33
11045,564,495,34
11046,564,1282,35
11047,564,478,36
11048,564,863,37
11049,565,1282,1
11050,565,62,2
11051,565,136,3
11052,565,357,4
11053,565,452,5
11054,565,1100,6
11055,565,558,7
11056,565,272,8
11057,565,883,9
11058,565,416,10
11059,565,1011,11
11060,565,502,13
11061,565,598,14
11062,565,1066,15
11063,565,266,16
11064,565,175,17
11065,565,1014,18
11066,565,856,19
11067,565,495,20
11068,565,515,21
11069,565,110,22
11070,565,326,23
11071,565,807,24
11072,565,863,25
11073,566,558,1
11074,566,883,2
11075,566,272,3
11076,566,1011,4
11077,566,110,6
11078,566,266,7
11079,566,62,8
11080,566,1282,9
11081,566,175,10
11082,566,1066,11
11083,566,136,12
11084,566,1100,13
11085,566,856,14
11086,566,1014,15
11087,566,863,16
11088,566,357,17
11089,566,326,18
11090,566,807,19
11091,566,495,20
11092,566,515,21
11093,567,175,1
11094,567,357,2
11095,567,807,3
11096,567,495,4
11097,567,515,5
11098,567,136,6
11099,567,1282,7
11100,567,1100,8
11101,567,1066,9
11102,567,863,10
11103,567,856,11
11104,567,593,12
11105,567,62,13
11106,567,1014,14
11107,567,326,15
11108,567,110,16
11109,567,883,18
11110,567,558,19
11111,567,266,20
11112,567,598,21
11113,567,502,22
11114,567,272,23
11115,567,1051,24
11116,567,635,25
11117,567,623,26
11118,567,791,27
11119,567,1011,28
11120,567,452,35
11121,568,558,7
11122,568,272,8
11123,568,1011,9
11124,568,644,10
11125,568,348,11
11126,568,502,13
11127,568,598,14
11128,568,953,15
11129,568,264,16
11130,568,907,17
11131,568,1095,18
11132,568,1262,19
11133,568,837,20
11134,568,1029,21
11135,568,882,22
11136,568,1014,23
11137,568,326,24
11138,568,357,25
11139,568,1282,26
11140,568,515,27
11141,568,495,28
11142,568,136,29
11143,568,175,30
11144,568,604,31
11145,568,216,32
11146,568,883,33
11147,568,128,34
11148,568,62,35
11149,568,1066,36
11150,568,856,37
11151,568,1100,38
11152,568,863,39
11153,568,110,40
11154,568,860,41
11155,568,1236,42
11156,568,1024,43
11157,568,1356,44
11158,568,11,45
11159,568,488,46
11160,568,727,47
11161,568,1157,48
11162,568,692,49
11163,568,463,50
11164,568,593,51
11165,568,1051,52
11166,568,648,53
11167,568,935,54
11168,568,207,55
11169,568,1374,56
11170,568,266,57
11171,569,883,1
11172,569,128,2
11173,569,1066,3
11174,569,62,4
11175,569,593,5
11176,569,598,6
11177,569,502,7
11178,569,110,8
11179,569,1011,9
11180,569,348,10
11181,569,644,11
11182,569,558,12
11183,569,326,13
11184,569,515,14
11185,569,272,15
11186,569,1282,16
11187,569,357,17
11188,569,136,18
11189,569,807,19
11190,569,495,20
11191,569,175,21
11192,569,856,22
11193,569,863,23
11194,569,1100,24
11195,569,216,25
11196,569,1262,26
11197,569,860,27
11198,569,907,28
11199,569,452,29
11200,569,631,30
11201,569,882,31
11202,569,604,32
11203,569,890,35
11204,569,250,36
11205,569,603,37
11206,569,1389,38
11207,569,837,39
11208,569,1029,40
11209,569,463,44
11210,570,603,1
11211,570,502,2
11212,570,495,3
11213,570,272,4
11214,570,1014,5
11215,570,1253,6
11216,570,558,7
11217,570,807,8
11218,570,515,9
11219,570,357,10
11220,570,136,11
11221,570,175,12
11222,570,326,13
11223,570,686,14
11224,570,337,15
11225,570,623,16
11226,570,290,17
11227,570,1196,18
11228,570,783,19
11229,570,1262,20
11230,570,452,21
11231,570,593,22
11232,570,883,23
11233,570,1011,24
11234,570,348,25
11235,570,644,26
11236,570,863,27
11237,570,62,28
11238,570,1066,29
11239,570,1100,30
11240,570,856,31
11241,570,598,32
11242,570,440,33
11243,570,206,34
11244,571,515,1
11245,571,272,2
11246,571,136,3
11247,571,1282,4
11248,571,1014,5
11249,571,175,6
11250,571,495,7
11251,571,452,8
11252,571,1262,9
11253,571,558,10
11254,571,357,11
11255,571,326,12
11256,571,1253,13
11257,571,598,14
11258,571,440,15
11259,571,206,16
11260,571,1196,17
11261,571,1170,18
11262,571,490,19
11263,571,1300,20
11264,571,519,21
11265,571,1033,22
11266,572,593,1
11267,572,272,2
11268,572,136,3
11269,572,175,4
11270,572,1282,5
11271,572,515,6
11272,572,495,7
11273,572,1253,8
11274,572,502,9
11275,572,807,10
11276,572,604,11
11277,572,216,12
11278,572,1196,13
11279,572,558,14
11280,572,357,15
11281,572,326,16
11282,572,206,17
11283,572,440,18
11284,572,1011,19
11285,572,348,20
11286,572,644,21
11287,572,882,22
11288,572,1014,23
11289,572,200,24
11290,572,432,25
11291,572,1294,26
11292,572,258,27
11293,573,266,1
11294,573,1262,2
11295,573,837,3
11296,573,651,4
11297,573,308,5
11298,573,890,6
11299,573,1029,7
11300,573,781,8
11301,573,1389,9
11302,573,603,10
11303,573,250,11
11304,573,860,12
11305,573,593,13
11306,573,598,14
11307,573,502,15
11308,573,348,16
11309,573,1011,17
11310,573,644,18
11311,573,1014,20
11312,573,272,21
11313,573,558,22
11314,573,604,23
11315,573,326,24
11316,573,1282,25
11317,573,357,26
11318,573,136,27
11319,573,175,28
11320,573,495,29
11321,573,515,30
11322,573,1095,31
11323,573,452,32
11324,573,907,33
11325,573,807,34
11326,573,290,35
11327,573,416,36
11328,573,264,37
11329,573,730,38
11330,573,908,39
11331,574,1014,1
11332,574,558,2
11333,574,136,3
11334,574,357,4
11335,574,515,5
11336,574,175,6
11337,574,1282,7
11338,574,326,8
11339,574,495,9
11340,574,679,10
11341,574,1118,11
11342,574,914,12
11343,574,1043,13
11344,574,187,14
11345,574,902,15
11346,574,1269,16
11347,574,1061,17
11348,574,434,18
11349,575,175,3
11350,575,326,4
11351,575,136,5
11352,575,1014,6
11353,575,1282,7
11354,575,495,8
11355,575,357,9
11356,575,515,10
11357,575,558,11
11358,576,175,2
11359,576,1014,3
11360,576,558,4
11361,576,326,6
11362,576,136,7
11363,576,515,8
11364,576,357,9
11365,576,495,10
11366,576,1282,11
11367,576,1062,12
11368,576,1283,13
11369,576,565,14
11370,577,558,4
11371,577,357,5
11372,577,565,6
11373,577,326,7
11374,577,495,9
11375,577,136,10
11376,577,515,11
11377,577,1282,12
11378,577,1014,13
11379,577,175,14
11380,578,558,2
11381,578,515,4
11382,578,175,5
11383,578,1282,6
11384,578,326,7
11385,578,357,8
11386,578,1014,9
11387,578,136,10
11388,578,495,12
11389,578,565,14
11390,579,558,1
11391,579,175,2
11392,579,136,3
11393,579,1282,4
11394,579,1014,5
11395,579,357,6
11396,579,515,7
11397,579,326,8
11398,579,495,9
11399,579,292,10
11400,579,200,11
11401,579,258,12
11402,580,136,1
11403,580,495,2
11404,580,357,3
11405,580,558,4
11406,580,175,5
11407,580,515,6
11408,580,1014,7
11409,580,1282,8
11410,580,326,9
11411,581,136,1
11412,581,495,2
11413,581,357,3
11414,581,558,4
11415,581,515,6
11416,581,175,7
11417,581,1014,8
11418,581,1282,9
11419,581,616,11
11420,581,326,12
11421,582,175,2
11422,582,326,3
11423,582,1014,4
11424,582,515,5
11425,582,1065,6
11426,582,262,7
11427,582,569,8
11428,582,720,9
11429,582,457,10
11430,582,558,11
11431,582,862,12
11432,582,357,13
11433,582,136,14
11434,582,495,15
11435,582,1282,16
11436,582,738,17
11437,582,616,19
11438,582,200,20
11439,582,258,21
11440,582,337,22
11441,582,685,23
11442,583,515,1
11443,583,326,2
11444,583,1014,4
11445,583,175,5
11446,583,569,6
11447,583,262,7
11448,583,720,8
11449,583,1065,9
11450,583,130,10
11451,583,1372,11
11452,583,558,12
11453,583,495,13
11454,583,136,14
11455,583,357,15
11456,583,902,16
11457,583,862,17
11458,583,3,19
11459,583,1282,20
11460,584,258,1
11461,584,200,2
11462,584,558,3
11463,584,495,4
11464,584,357,5
11465,584,136,6
11466,584,1244,7
11467,584,175,8
11468,584,515,9
11469,584,262,10
11470,584,130,11
11471,584,1065,12
11472,584,569,13
11473,584,720,14
11474,584,1014,15
11475,584,326,16
11476,584,1282,18
11477,584,616,19
11478,584,169,20
11479,585,169,1
11480,585,258,2
11481,585,200,3
11482,585,175,4
11483,585,515,5
11484,585,3,6
11485,585,1372,7
11486,585,130,8
11487,585,1065,9
11488,585,262,10
11489,585,616,11
11490,585,569,12
11491,585,326,13
11492,585,1014,14
11493,585,1244,16
11494,585,357,17
11495,585,495,18
11496,585,136,19
11497,585,558,20
11498,585,1282,21
11499,585,1033,22
11500,585,12,23
11501,585,299,24
11502,585,817,25
11503,586,1244,1
11504,586,136,2
11505,586,558,3
11506,586,357,4
11507,586,495,5
11508,586,685,6
11509,586,337,7
11510,586,1282,8
11511,586,169,9
11512,586,200,10
11513,586,258,11
11514,586,175,12
11515,586,1014,13
11516,586,515,14
11517,586,130,15
11518,586,3,16
11519,586,569,17
11520,586,720,18
11521,586,262,19
11522,586,326,20
11523,586,1065,21
11524,587,200,1
11525,587,169,2
11526,587,258,3
11527,587,1244,4
11528,587,558,5
11529,587,1282,6
11530,587,495,7
11531,587,136,8
11532,587,357,9
11533,587,616,10
11534,587,563,11
11535,587,326,12
11536,587,515,13
11537,587,175,14
11538,587,1014,15
11539,587,416,16
11540,587,560,17
11541,587,559,18
11542,587,3,19
11543,587,262,20
11544,587,569,21
11545,588,169,1
11546,588,258,2
11547,588,200,3
11548,588,1244,4
11549,588,558,5
11550,588,495,6
11551,588,357,7
11552,588,136,8
11553,588,1282,9
11554,588,515,10
11555,588,326,11
11556,588,175,12
11557,588,1014,13
11558,588,907,14
11559,588,12,15
11560,588,299,16
11561,588,437,17
11562,588,817,18
11563,588,807,19
11564,588,264,20
11565,588,569,21
11566,588,1065,22
11567,588,262,23
11568,588,720,24
11569,588,1372,25
11570,588,130,27
11571,588,3,28
11572,588,1268,29
11573,589,258,1
11574,589,200,2
11575,589,262,3
11576,589,175,4
11577,589,1014,5
11578,589,326,6
11579,589,569,7
11580,589,1268,8
11581,589,563,9
11582,589,515,10
11583,589,136,11
11584,589,558,12
11585,589,357,13
11586,589,1244,14
11587,589,169,15
11588,589,1033,16
11589,589,741,17
11590,589,1323,18
11591,589,138,19
11592,589,406,20
11593,589,809,21
11594,589,937,22
11595,589,1258,23
11596,589,313,24
11597,589,93,25
11598,589,623,26
11599,589,1282,27
11600,589,495,28
11601,590,1282,8
11602,590,558,9
11603,590,357,11
11604,590,326,12
11605,590,175,13
11606,590,515,14
11607,590,457,16
11608,590,1014,17
11609,590,495,45
11610,590,136,46
11611,591,1014,1
11612,591,175,2
11613,591,1282,3
11614,591,1244,4
11615,591,515,5
11616,591,558,6
11617,591,326,7
11618,591,357,8
11619,591,136,9
11620,591,1065,10
11621,591,130,11
11622,591,262,12
11623,591,742,13
11624,591,569,14
11625,591,720,15
11626,591,495,16
11627,591,3,17
11628,591,1372,18
11629,591,1268,19
11630,591,169,20
11631,591,563,21
11632,591,312,22
11633,592,569,1
11634,592,1065,2
11635,592,262,3
11636,592,720,4
11637,592,130,5
11638,592,515,6
11639,592,136,7
11640,592,1014,8
11641,592,495,9
11642,592,175,10
11643,592,558,11
11644,592,1244,12
11645,592,312,13
11646,592,357,14
11647,592,326,15
11648,592,1282,16
11649,592,1268,17
11650,592,169,18
11651,592,563,19
11652,592,559,20
11653,592,560,21
11654,592,416,22
11655,592,257,23
11656,593,175,1
11657,593,136,2
11658,593,495,3
11659,593,558,4
11660,593,1014,5
11661,593,1244,6
11662,593,1268,7
11663,593,569,8
11664,593,1065,9
11665,593,262,10
11666,593,257,11
11667,593,1032,12
11668,593,1241,13
11669,593,258,14
11670,593,200,15
11671,593,563,16
11672,593,515,17
11673,593,312,18
11674,593,169,19
11675,594,515,1
11676,594,558,2
11677,594,169,3
11678,594,136,4
11679,594,495,5
11680,594,175,6
11681,594,1014,7
11682,594,720,8
11683,594,130,9
11684,594,262,10
11685,594,1065,11
11686,594,3,12
11687,594,569,13
11688,594,1268,14
11689,594,259,15
11690,594,257,16
11691,594,1032,17
11692,594,1241,18
11693,594,200,19
11694,594,258,20
11695,594,1282,21
11696,594,326,22
11697,594,357,23
11698,595,357,1
11699,595,1282,2
11700,595,326,3
11701,595,312,4
11702,595,742,5
11703,595,259,6
11704,595,1268,7
11705,595,563,8
11706,595,262,9
11707,595,720,10
11708,595,130,11
11709,595,1014,12
11710,595,558,13
11711,595,515,14
11712,595,495,15
11713,595,136,16
11714,595,258,17
11715,595,200,18
11716,595,169,19
11717,595,175,20
11718,596,558,1
11719,596,495,2
11720,596,1014,3
11721,596,258,4
11722,596,200,5
11723,596,169,6
11724,596,175,7
11725,596,130,8
11726,596,1065,9
11727,596,262,10
11728,596,720,11
11729,596,569,12
11730,596,515,13
11731,596,136,14
11732,596,1032,15
11733,596,259,16
11734,596,1241,17
11735,596,257,18
11736,596,357,19
11737,596,1282,20
11738,596,326,21
11739,596,742,22
11740,596,1268,23
11741,597,259,1
11742,597,357,2
11743,597,1282,3
11744,597,326,4
11745,597,742,5
11746,597,563,6
11747,597,169,7
11748,597,175,8
11749,597,558,9
11750,597,1268,10
11751,597,1014,11
11752,597,495,12
11753,597,258,13
11754,597,200,14
11755,597,646,15
11756,598,169,1
11757,598,132,2
11758,598,563,3
11759,598,259,4
11760,598,1268,5
11761,598,258,6
11762,598,558,7
11763,598,1014,8
11764,598,495,9
11765,598,200,10
11766,598,742,11
11767,598,1282,12
11768,598,357,13
11769,598,326,14
11770,598,175,15
11771,599,169,1
11772,599,563,2
11773,599,132,3
11774,599,84,4
11775,599,569,5
11776,599,262,6
11777,599,1065,7
11778,599,3,8
11779,599,130,9
11780,599,720,10
11781,599,515,11
11782,599,136,12
11783,599,1372,13
11784,599,1268,14
11785,599,259,15
11786,599,1282,16
11787,599,326,17
11788,599,742,18
11789,599,357,19
11790,599,558,20
11791,599,1014,21
11792,599,495,22
11793,599,258,23
11794,599,200,24
11795,599,1070,25
11796,600,563,1
11797,600,132,2
11798,600,495,3
11799,600,200,4
11800,600,258,5
11801,600,169,6
11802,600,1014,7
11803,600,558,8
11804,600,1070,9
11805,600,1120,10
11806,600,305,11
11807,600,416,12
11808,600,559,13
11809,600,136,14
11810,600,515,15
11811,600,1268,16
11812,600,262,17
11813,600,1065,18
11814,600,569,19
11815,600,720,20
11816,600,130,21
11817,600,3,22
11818,600,1372,23
11819,600,1244,24
11820,600,311,25
11821,600,259,26
11822,600,742,27
11823,600,357,28
11824,600,1282,29
11825,600,326,30
11826,600,175,31
11827,600,440,32
11828,600,206,33
11829,600,1323,34
11830,600,741,35
11831,600,1033,36
11832,601,1268,1
11833,601,3,2
11834,601,720,3
11835,601,262,4
11836,601,1065,5
11837,601,130,6
11838,601,569,7
11839,601,136,8
11840,601,515,9
11841,601,1244,10
11842,601,132,11
11843,601,563,12
11844,601,200,13
11845,601,258,14
11846,601,558,15
11847,601,169,16
11848,601,495,17
11849,601,1014,18
11850,601,259,19
11851,601,742,20
11852,601,357,21
11853,601,326,22
11854,601,1282,23
11855,601,175,25
11856,602,259,1
11857,602,432,2
11858,602,1268,3
11859,602,563,4
11860,602,132,5
11861,602,200,6
11862,602,258,7
11863,602,558,8
11864,602,169,9
11865,602,495,10
11866,602,1014,11
11867,602,1282,12
11868,602,326,13
11869,602,357,14
11870,602,742,15
11871,602,440,16
11872,602,206,17
11873,602,1339,18
11874,602,812,19
11875,602,515,20
11876,602,136,21
11877,602,1244,22
11878,602,175,24
11879,603,169,1
11880,603,558,2
11881,603,495,3
11882,603,200,4
11883,603,258,5
11884,603,440,6
11885,603,206,7
11886,603,741,8
11887,603,1033,9
11888,603,1323,10
11889,603,313,11
11890,603,1014,12
11891,603,1268,13
11892,603,563,14
11893,603,432,15
11894,603,742,17
11895,603,357,18
11896,603,326,19
11897,603,1282,20
11898,603,1244,21
11899,603,515,22
11900,603,136,23
11901,604,1244,1
11902,604,136,2
11903,604,357,3
11904,604,742,4
11905,604,515,5
11906,604,1282,6
11907,604,326,7
11908,604,558,8
11909,604,169,9
11910,604,495,10
11911,604,1268,11
11912,604,563,12
11913,604,132,13
11914,604,258,14
11915,604,200,15
11916,604,1292,16
11917,604,1061,17
11918,605,1268,1
11919,605,357,2
11920,605,136,3
11921,605,558,4
11922,605,258,5
11923,605,169,6
11924,605,132,7
11925,605,563,8
11926,605,175,9
11927,605,1244,10
11928,605,1282,11
11929,605,326,12
11930,605,515,13
11931,605,720,14
11932,605,130,15
11933,605,1065,16
11934,605,742,17
11935,605,440,18
11936,605,206,19
11937,605,351,20
11938,605,200,22
11939,605,495,23
11940,606,495,1
11941,606,1282,2
11942,606,742,3
11943,606,357,4
11944,606,136,5
11945,606,515,6
11946,606,1244,7
11947,606,326,8
11948,606,200,9
11949,606,432,10
11950,606,997,11
11951,606,812,12
11952,606,1339,13
11953,606,132,15
11954,606,258,16
11955,606,558,17
11956,606,569,18
11957,606,175,19
11958,606,1268,20
11959,606,563,21
11960,606,262,22
11961,606,720,23
11962,606,1372,24
11963,607,558,1
11964,607,1268,2
11965,607,563,3
11966,607,258,4
11967,607,169,5
11968,607,1014,6
11969,607,200,7
11970,607,132,8
11971,607,326,9
11972,607,136,10
11973,607,495,11
11974,607,357,12
11975,607,1282,13
11976,607,1244,14
11977,607,515,15
11978,607,742,16
11979,607,1070,17
11980,608,169,1
11981,608,326,2
11982,608,200,3
11983,608,132,4
11984,608,258,5
11985,608,650,6
11986,608,1070,7
11987,608,221,8
11988,608,1338,9
11989,608,961,10
11990,608,964,11
11991,608,672,12
11992,608,563,13
11993,608,558,14
11994,608,1268,15
11995,608,569,16
11996,608,175,17
11997,608,357,19
11998,608,1244,20
11999,608,515,21
12000,608,742,22
12001,608,495,23
12002,608,136,24
12003,608,1282,25
12004,608,262,26
12005,608,720,27
12006,608,3,28
12007,608,967,29
12008,609,132,1
12009,609,169,2
12010,609,558,3
12011,609,563,4
12012,609,357,5
12013,609,326,6
12014,609,515,7
12015,609,1244,8
12016,609,1282,9
12017,609,136,10
12018,609,495,11
12019,609,1014,12
12020,609,175,13
12021,609,262,14
12022,609,1065,15
12023,609,130,16
12024,609,720,17
12025,609,3,18
12026,609,742,19
12027,609,569,20
12028,609,967,21
12029,609,710,22
12030,609,1268,23
12031,609,258,24
12032,610,136,1
12033,610,1282,2
12034,610,515,3
12035,610,175,4
12036,610,357,5
12037,610,742,6
12038,610,495,7
12039,610,3,8
12040,610,1065,9
12041,610,569,10
12042,610,563,11
12043,610,262,12
12044,610,720,13
12045,610,258,14
12046,610,132,15
12047,610,169,16
12048,610,326,17
12049,610,200,18
12050,610,1268,19
12051,610,558,20
12052,610,710,21
12053,610,440,22
12054,610,206,23
12055,610,305,24
12056,610,337,25
12057,610,126,26
12058,611,558,1
12059,611,710,2
12060,611,742,3
12061,611,495,4
12062,611,136,5
12063,611,357,6
12064,611,967,7
12065,611,1268,8
12066,611,1065,9
12067,611,569,10
12068,611,720,11
12069,611,563,12
12070,611,1070,13
12071,611,1282,14
12072,611,258,15
12073,611,132,16
12074,611,169,17
12075,611,200,18
12076,611,326,19
12077,611,262,20
12078,611,130,21
12079,611,515,22
12080,611,175,23
12081,612,357,1
12082,612,563,2
12083,612,495,3
12084,612,175,4
12085,612,515,5
12086,612,262,6
12087,612,720,7
12088,612,130,8
12089,612,569,9
12090,612,1065,10
12091,612,1268,11
12092,612,136,12
12093,612,1372,13
12094,612,3,14
12095,612,710,15
12096,612,558,16
12097,612,326,17
12098,612,742,18
12099,612,1282,19
12100,612,200,20
12101,613,326,1
12102,613,563,2
12103,613,200,3
12104,613,357,4
12105,613,136,5
12106,613,742,6
12107,613,1282,7
12108,613,967,8
12109,613,720,9
12110,613,1065,10
12111,613,569,11
12112,613,495,12
12113,613,515,13
12114,613,175,14
12115,613,710,15
12116,613,558,16
12117,613,1244,17
12118,613,1014,18
12119,613,1268,19
12120,614,262,1
12121,614,3,2
12122,614,1372,3
12123,614,720,4
12124,614,1065,5
12125,614,569,6
12126,614,515,7
12127,614,175,8
12128,614,495,9
12129,614,200,10
12130,614,357,11
12131,614,326,12
12132,614,558,13
12133,614,710,14
12134,615,357,1
12135,615,200,2
12136,615,326,3
12137,615,262,4
12138,615,495,5
12139,615,515,6
12140,615,569,7
12141,615,175,8
12142,615,742,9
12143,615,1282,10
12144,615,1244,11
12145,615,136,12
12146,615,1268,13
12147,615,563,14
12148,615,558,15
12149,615,710,16
12150,615,1014,17
12151,615,720,18
12152,615,259,19
12153,615,132,20
12154,615,1065,21
12155,615,1070,22
12156,616,558,1
12157,616,1244,2
12158,616,710,3
12159,616,1268,4
12160,616,1070,5
12161,616,169,6
12162,616,258,7
12163,616,132,8
12164,616,357,9
12165,616,200,10
12166,616,515,11
12167,616,326,12
12168,616,495,13
12169,616,130,14
12170,616,262,15
12171,616,1065,16
12172,616,175,17
12173,616,569,18
12174,616,742,19
12175,616,1282,20
12176,616,967,21
12177,616,136,22
12178,616,1033,23
12179,616,1323,24
12180,616,313,25
12181,616,337,26
12182,616,685,27
12183,616,1196,28
12184,616,783,29
12185,616,623,30
12186,616,290,31
12187,617,1065,1
12188,617,130,2
12189,617,262,3
12190,617,515,4
12191,617,326,5
12192,617,495,6
12193,617,1372,7
12194,617,720,8
12195,617,3,9
12196,617,357,10
12197,617,200,11
12198,617,169,12
12199,617,132,13
12200,617,258,14
12201,617,175,15
12202,617,569,16
12203,617,1268,17
12204,617,558,18
12205,617,710,19
12206,617,1244,20
12207,617,136,21
12208,618,558,1
12209,618,1268,2
12210,618,710,3
12211,618,1244,4
12212,618,206,5
12213,618,440,6
12214,618,741,7
12215,618,175,8
12216,618,569,9
12217,618,136,10
12218,618,515,11
12219,618,720,12
12220,618,1282,13
12221,618,742,14
12222,618,967,15
12223,618,200,16
12224,618,130,17
12225,618,1372,18
12226,618,326,19
12227,618,1065,20
12228,618,357,21
12229,618,495,22
12230,618,262,23
12231,618,258,24
12232,618,169,25
12233,618,1274,26
12234,618,1338,27
12235,618,1070,28
12236,618,1014,29
12237,619,1014,1
12238,619,1274,2
12239,619,1338,3
12240,619,169,4
12241,619,3,5
12242,619,1065,6
12243,619,258,7
12244,619,200,8
12245,619,558,9
12246,619,495,10
12247,619,326,11
12248,619,515,12
12249,619,357,13
12250,619,1244,14
12251,619,720,15
12252,619,1372,16
12253,619,130,17
12254,619,262,18
12255,619,1268,19
12256,619,563,20
12257,619,710,21
12258,619,1282,22
12259,619,742,23
12260,619,175,24
12261,619,569,25
12262,619,136,26
12263,619,1070,27
12264,619,132,28
12265,620,563,1
12266,620,262,2
12267,620,720,3
12268,620,1244,4
12269,620,558,5
12270,620,357,6
12271,620,130,7
12272,620,1065,8
12273,620,175,9
12274,620,258,10
12275,620,200,11
12276,620,1282,12
12277,620,742,13
12278,620,710,14
12279,620,515,15
12280,620,169,16
12281,620,1014,17
12282,620,1274,18
12283,620,1268,19
12284,620,136,20
12285,620,495,21
12286,620,326,22
12287,620,569,23
12288,620,3,24
12289,620,1070,25
12290,620,1338,26
12291,620,964,28
12292,620,672,29
12293,621,1338,1
12294,621,1014,2
12295,621,1274,3
12296,621,262,4
12297,621,1065,5
12298,621,130,6
12299,621,175,7
12300,621,569,8
12301,621,515,9
12302,621,326,10
12303,621,1282,11
12304,621,742,12
12305,621,710,13
12306,621,558,14
12307,621,169,15
12308,621,136,16
12309,621,1372,17
12310,621,720,18
12311,621,1268,19
12312,621,3,20
12313,621,495,21
12314,621,357,22
12315,621,200,23
12316,621,258,24
12317,621,1241,25
12318,621,1032,26
12319,621,967,27
12320,621,1070,28
12321,622,326,1
12322,622,1282,2
12323,622,258,3
12324,622,558,4
12325,622,1244,5
12326,622,1338,6
12327,622,1274,7
12328,622,1268,8
12329,622,742,9
12330,622,1014,10
12331,622,136,11
12332,622,495,12
12333,622,515,13
12334,622,200,14
12335,622,262,15
12336,622,569,16
12337,622,1065,17
12338,622,720,18
12339,622,175,19
12340,622,169,20
12341,622,710,21
12342,622,3,22
12343,622,1372,23
12344,622,11,24
12345,622,130,25
12346,622,357,26
12347,622,967,27
12348,623,1014,1
12349,623,357,2
12350,623,558,3
12351,623,258,4
12352,623,169,5
12353,623,130,6
12354,623,262,7
12355,623,1065,8
12356,623,569,9
12357,623,515,10
12358,623,290,11
12359,623,623,12
12360,623,1051,13
12361,623,1196,14
12362,623,783,15
12363,623,3,16
12364,623,720,17
12365,623,175,18
12366,623,1282,19
12367,623,136,20
12368,623,1338,21
12369,623,1268,22
12370,623,1274,23
12371,623,200,24
12372,623,326,25
12373,623,495,26
12374,623,132,27
12375,623,1244,28
12376,623,710,29
12377,623,742,30
12378,623,259,31
12379,623,1070,32
12380,624,136,1
12381,624,495,2
12382,624,326,3
12383,624,515,4
12384,624,558,5
12385,624,1268,6
12386,624,175,7
12387,624,1014,8
12388,624,1282,9
12389,624,357,10
12390,624,169,11
12391,624,742,12
12392,624,710,13
12393,624,259,14
12394,624,1244,15
12395,624,258,16
12396,624,1274,17
12397,624,1338,18
12398,624,1070,19
12399,624,132,20
12400,624,206,21
12401,624,440,22
12402,624,685,23
12403,625,685,1
12404,625,1070,2
12405,625,258,3
12406,625,1274,4
12407,625,1338,5
12408,625,1261,6
12409,625,169,7
12410,625,558,8
12411,625,357,9
12412,625,136,10
12413,625,515,11
12414,625,1282,12
12415,625,495,13
12416,625,742,14
12417,625,710,15
12418,625,175,16
12419,625,326,17
12420,625,1268,18
12421,625,1014,19
12422,626,357,1
12423,626,558,2
12424,626,1282,3
12425,626,742,4
12426,626,515,5
12427,626,710,6
12428,626,495,7
12429,626,1268,8
12430,626,169,9
12431,626,136,10
12432,626,175,11
12433,626,1014,12
12434,626,326,14
12435,626,509,15
12436,627,558,1
12437,627,169,2
12438,627,175,4
12439,627,1268,5
12440,628,175,1
12441,628,558,3
12442,628,169,4
12443,628,1268,5
12444,628,1014,6
12445,628,136,7
12446,628,326,8
12447,628,515,9
12448,628,495,10
12449,628,357,11
12450,628,1282,12
12451,628,742,13
12452,628,1070,14
12453,628,710,15
12454,628,12,16
12455,628,1033,17
12456,628,1323,18
12457,628,313,19
12458,628,221,20
12459,629,1070,1
12460,629,809,2
12461,629,807,3
12462,629,1120,4
12463,629,1323,5
12464,629,1033,6
12465,629,313,7
12466,629,741,8
12467,629,169,9
12468,629,558,10
12469,629,136,11
12470,629,515,12
12471,629,495,13
12472,629,326,14
12473,629,175,15
12474,629,710,16
12475,629,742,17
12476,629,1268,18
12477,629,1014,19
12478,629,357,20
12479,629,1282,21
12480,629,12,22
12481,629,967,23
12482,629,433,25
12483,629,1092,26
12484,629,1338,27
12485,629,1285,28
12486,629,1061,29
12487,629,1326,30
12488,629,1305,31
12489,629,334,32
12490,629,1280,33
12491,629,1043,34
12492,629,337,35
12493,629,221,36
12494,629,964,37
12495,629,672,38
12496,629,650,39
12497,629,165,40
12498,629,416,41
12499,630,558,1
12500,630,136,2
12501,630,1014,3
12502,630,495,4
12503,630,175,5
12504,630,357,6
12505,630,169,7
12506,630,710,8
12507,630,515,9
12508,630,326,10
12509,630,1282,11
12510,630,742,12
12511,630,1268,13
12512,630,622,14
12513,630,836,15
12514,631,836,1
12515,631,558,2
12516,631,326,3
12517,631,1014,4
12518,631,357,5
12519,631,742,6
12520,631,683,7
12521,631,987,8
12522,631,416,9
12523,631,995,10
12524,632,987,1
12525,632,340,2
12526,632,1152,3
12527,632,1296,4
12528,632,1298,5
12529,632,1245,6
12530,632,1044,7
12531,632,1111,8
12532,632,220,9
12533,632,1388,10
12534,632,818,11
12535,632,465,12
12536,632,14,13
12537,632,302,14
12538,632,1097,15
12539,632,672,16
12540,632,650,17
12541,632,1092,18
12542,632,836,19
12543,632,1014,20
12544,632,558,21
12545,632,416,22
12546,632,1070,23
12547,632,357,24
12548,632,326,25
12549,632,114,26
12550,632,742,27
12551,632,683,28
12552,633,558,1
12553,633,302,2
12554,633,1097,3
12555,633,672,4
12556,633,650,5
12557,633,1092,6
12558,633,1014,7
12559,633,683,8
12560,633,114,9
12561,633,326,10
12562,633,903,11
12563,633,249,12
12564,633,340,13
12565,633,1296,14
12566,633,1152,15
12567,633,383,16
12568,633,750,17
12569,633,1298,18
12570,633,932,19
12571,633,857,20
12572,633,1111,21
12573,633,1044,22
12574,633,220,23
12575,633,1388,24
12576,633,818,25
12577,633,465,26
12578,633,14,27
12579,633,1245,28
12580,633,1324,29
12581,633,987,30
12582,634,1245,1
12583,634,558,2
12584,634,1051,3
12585,634,685,4
12586,634,337,5
12587,634,1291,6
12588,634,305,7
12589,634,169,8
12590,634,1033,9
12591,634,1323,10
12592,634,313,11
12593,634,741,12
12594,634,809,13
12595,634,93,14
12596,634,1258,15
12597,634,138,16
12598,634,136,17
12599,634,611,18
12600,634,383,19
12601,634,813,20
12602,634,987,21
12603,634,1014,22
12604,634,836,23
12605,634,683,24
12606,634,993,25
12607,634,1324,26
12608,634,14,27
12609,635,14,1
12610,635,558,2
12611,635,557,3
12612,635,357,4
12613,635,1324,5
12614,635,993,6
12615,635,169,7
12616,635,1268,8
12617,635,136,9
12618,635,495,10
12619,635,941,11
12620,635,960,12
12621,635,794,13
12622,635,742,15
12623,635,987,16
12624,635,611,17
12625,635,326,18
12626,635,114,19
12627,635,175,20
12628,635,710,21
12629,635,515,22
12630,635,1282,23
12631,635,1245,25
12632,636,1324,1
12633,636,1245,2
12634,636,558,3
12635,636,1355,4
12636,636,987,5
12637,636,457,6
12638,636,1111,7
12639,636,14,8
12640,636,1044,9
12641,636,1311,10
12642,636,201,11
12643,636,1388,12
12644,636,818,13
12645,636,932,14
12646,636,1152,16
12647,637,1152,1
12648,637,558,2
12649,637,1245,3
12650,637,340,4
12651,637,1296,5
12652,637,987,6
12653,637,932,7
12654,637,1388,9
12655,637,818,10
12656,637,1044,11
12657,637,1111,12
12658,637,201,13
12659,637,1311,14
12660,637,14,15
12661,637,1355,16
12662,637,1324,17
12663,638,1111,1
12664,638,1044,2
12665,638,932,3
12666,638,1324,4
12667,638,558,5
12668,638,987,6
12669,638,14,7
12670,638,1311,8
12671,638,1070,10
12672,638,683,11
12673,638,1014,12
12674,639,1324,1
12675,639,1044,2
12676,639,1311,3
12677,639,558,4
12678,639,14,5
12679,639,495,6
12680,639,1268,7
12681,639,136,8
12682,639,169,9
12683,639,987,10
12684,639,857,11
12685,639,1298,12
12686,639,750,13
12687,639,933,14
12688,639,819,15
12689,639,152,16
12690,639,1152,17
12691,639,340,18
12692,639,1296,19
12693,639,326,20
12694,639,114,21
12695,640,136,1
12696,640,1268,2
12697,640,495,3
12698,640,169,4
12699,640,258,5
12700,640,668,6
12701,640,788,7
12702,640,357,8
12703,640,95,9
12704,640,515,10
12705,640,710,11
12706,640,175,12
12707,640,1282,13
12708,640,1152,14
12709,640,340,15
12710,640,1296,16
12711,640,558,17
12712,640,114,18
12713,640,326,19
12714,640,1014,20
12715,640,742,21
12716,641,114,1
12717,641,326,2
12718,641,1070,3
12719,641,987,4
12720,641,558,5
12721,641,1152,7
12722,641,750,8
12723,641,1298,9
12724,641,340,10
12725,641,1296,11
12726,641,857,12
12727,641,819,13
12728,641,683,14
12729,641,383,15
12730,641,1014,16
12731,641,495,17
12732,641,136,18
12733,641,788,19
12734,641,668,20
12735,641,1294,21
12736,641,390,22
12737,641,1046,23
12738,641,994,24
12739,641,1295,25
12740,641,482,26
12741,641,439,27
12742,641,1023,28
12743,641,169,29
12744,641,1268,30
12745,642,1268,1
12746,642,169,2
12747,642,326,3
12748,642,114,4
12749,642,1070,5
12750,642,941,6
12751,642,794,7
12752,642,960,8
12753,642,836,9
12754,642,337,10
12755,642,495,11
12756,642,987,12
12757,642,340,13
12758,642,750,14
12759,642,819,15
12760,642,933,16
12761,642,1296,17
12762,642,857,18
12763,642,1298,20
12764,642,1152,21
12765,642,558,22
12766,642,1245,23
12767,642,1355,24
12768,642,132,25
12769,642,258,26
12770,643,1070,1
12771,643,169,2
12772,643,1268,3
12773,643,836,4
12774,643,1014,5
12775,643,326,6
12776,643,114,7
12777,643,683,8
12778,643,558,9
12779,643,987,10
12780,643,742,11
12781,643,136,13
12782,643,495,14
12783,643,668,15
12784,643,515,16
12785,643,555,17
12786,643,1023,18
12787,643,994,19
12788,643,482,20
12789,643,788,21
12790,644,1282,1
12791,644,175,2
12792,644,515,3
12793,644,710,4
12794,644,964,5
12795,644,383,7
12796,644,1092,8
12797,644,14,9
12798,644,1324,10
12799,644,1245,11
12800,644,340,12
12801,644,1296,13
12802,644,857,14
12803,644,750,15
12804,644,987,16
12805,644,933,17
12806,644,152,18
12807,644,558,19
12808,644,1355,20
12809,645,558,1
12810,645,933,2
12811,645,152,3
12812,645,987,4
12813,645,1324,5
12814,645,1245,6
12815,645,383,7
12816,645,857,8
12817,645,357,9
12818,645,95,10
12819,645,1070,11
12820,645,836,12
12821,645,169,13
12822,645,1268,14
12823,645,1152,15
12824,645,340,16
12825,645,1296,17
12826,645,819,18
12827,645,750,19
12828,645,1355,20
12829,645,1298,21
12830,646,750,1
12831,646,1296,2
12832,646,340,3
12833,646,857,4
12834,646,1152,5
12835,646,558,6
12836,646,819,7
12837,646,987,8
12838,646,1298,9
12839,646,515,10
12840,646,710,11
12841,646,964,12
12842,646,1282,13
12843,646,175,14
12844,646,1280,15
12845,646,807,16
12846,646,1120,17
12847,646,187,18
12848,646,1043,19
12849,646,271,20
12850,646,1324,21
12851,646,1245,22
12852,646,383,23
12853,646,1092,24
12854,647,558,1
12855,647,1152,2
12856,647,987,3
12857,647,1296,4
12858,647,340,5
12859,647,742,6
12860,647,326,7
12861,647,1320,8
12862,647,683,9
12863,647,1014,10
12864,647,1034,11
12865,647,595,12
12866,647,169,14
12867,647,1070,15
12868,647,836,16
12869,647,668,17
12870,647,945,18
12871,647,136,19
12872,647,495,20
12873,647,636,21
12874,647,1023,22
12875,647,390,23
12876,647,1294,24
12877,647,10,25
12878,648,136,1
12879,648,495,2
12880,648,668,3
12881,648,788,4
12882,648,10,5
12883,648,994,6
12884,648,1014,7
12885,648,683,8
12886,648,849,9
12887,648,1121,10
12888,648,1319,11
12889,648,357,12
12890,648,326,13
12891,648,558,14
12892,648,742,15
12893,648,1152,16
12894,648,95,17
12895,648,1296,18
12896,648,340,19
12897,648,857,20
12898,648,987,21
12899,648,813,22
12900,648,383,23
12901,648,1245,24
12902,648,1324,25
12903,648,169,26
12904,648,1070,27
12905,648,1268,28
12906,648,515,29
12907,648,964,30
12908,648,175,31
12909,648,710,32
12910,648,1282,33
12911,649,558,1
12912,649,1152,2
12913,649,1296,3
12914,649,340,4
12915,649,813,5
12916,649,1245,6
12917,649,383,7
12918,649,1324,8
12919,649,987,9
12920,649,559,10
12921,649,14,11
12922,650,987,1
12923,650,813,2
12924,650,1324,3
12925,650,558,4
12926,650,1245,5
12927,650,1280,6
12928,650,357,7
12929,650,136,8
12930,650,515,9
12931,650,175,10
12932,650,326,11
12933,650,495,12
12934,650,1014,13
12935,650,1152,14
12936,650,340,15
12937,650,1296,16
12938,650,383,17
12939,650,623,18
12940,650,683,20
12941,651,383,1
12942,651,558,2
12943,651,683,3
12944,651,1014,4
12945,651,316,5
12946,651,1092,6
12947,651,1070,7
12948,651,165,8
12949,651,433,9
12950,651,987,10
12951,652,383,1
12952,652,558,2
12953,652,1152,3
12954,652,559,4
12955,652,1027,5
12956,652,1245,6
12957,652,987,7
12958,652,220,8
12959,652,465,9
12960,652,1386,10
12961,652,520,11
12962,652,1383,12
12963,652,358,13
12964,652,1102,14
12965,652,1070,15
12966,652,169,16
12967,652,836,17
12968,652,668,18
12969,652,10,19
12970,652,788,20
12971,652,136,21
12972,652,495,22
12973,652,994,23
12974,652,165,24
12975,652,1092,25
12976,652,433,26
12977,652,683,27
12978,652,1014,28
12979,652,1121,29
12980,652,849,30
12981,652,1319,31
12982,652,482,32
12983,652,390,33
12984,652,1294,34
12985,652,357,35
12986,652,95,36
12987,652,742,37
12988,652,326,38
12989,652,114,39
12990,653,1070,1
12991,653,836,2
12992,653,169,3
12993,653,1282,4
12994,653,515,5
12995,653,964,6
12996,653,175,7
12997,653,710,8
12998,653,357,9
12999,653,742,10
13000,653,95,11
13001,653,326,12
13002,653,1324,13
13003,653,383,14
13004,653,558,15
13005,653,1338,16
13006,653,961,17
13007,653,114,18
13008,654,964,1
13009,654,515,2
13010,654,175,3
13011,654,1282,4
13012,654,710,5
13013,654,169,6
13014,654,987,7
13015,654,220,8
13016,654,465,9
13017,654,358,10
13018,654,1383,11
13019,654,1102,12
13020,654,520,13
13021,654,1386,14
13022,654,1245,15
13023,654,558,17
13024,654,383,18
13025,654,836,19
13026,654,1070,20
13027,654,1120,21
13028,654,905,22
13029,654,369,23
13030,654,984,24
13031,654,1268,25
13032,654,326,26
13033,655,1070,1
13034,655,326,2
13035,655,1282,3
13036,655,710,4
13037,655,515,5
13038,655,175,6
13039,655,964,7
13040,655,169,8
13041,655,1268,9
13042,655,836,10
13043,655,357,11
13044,655,742,12
13045,655,1324,13
13046,655,987,14
13047,655,1245,15
13048,655,383,16
13049,655,1386,17
13050,655,558,18
13051,655,136,19
13052,655,1014,20
13053,655,495,21
13054,656,964,1
13055,656,169,2
13056,656,1070,3
13057,656,175,4
13058,656,515,5
13059,656,1282,6
13060,656,1268,7
13061,656,326,8
13062,656,710,9
13063,656,742,10
13064,656,114,12
13065,656,383,13
13066,656,1324,14
13067,656,357,15
13068,656,220,16
13069,656,465,17
13070,656,1383,18
13071,656,1245,19
13072,656,987,20
13073,656,358,21
13074,656,683,22
13075,656,558,23
13076,657,1324,1
13077,657,136,2
13078,657,326,3
13079,657,515,4
13080,657,175,5
13081,657,495,6
13082,657,1014,7
13083,657,1282,8
13084,657,1296,9
13085,657,340,10
13086,657,750,11
13087,657,857,12
13088,657,152,13
13089,657,933,14
13090,657,1152,15
13091,657,1111,16
13092,657,1044,17
13093,657,1311,18
13094,657,1388,19
13095,657,818,20
13096,657,932,21
13097,657,987,22
13098,657,383,23
13099,657,358,24
13100,657,558,25
13101,657,1102,26
13102,657,683,27
13103,657,1386,28
13104,657,1245,29
13105,658,558,1
13106,658,1324,2
13107,658,750,3
13108,658,857,4
13109,658,340,5
13110,658,1296,6
13111,658,1152,7
13112,658,933,8
13113,658,1311,9
13114,658,375,10
13115,658,1388,11
13116,658,818,12
13117,658,1044,13
13118,658,201,14
13119,658,932,15
13120,658,1111,16
13121,658,1070,17
13122,658,165,19
13123,658,221,20
13124,658,495,21
13125,658,994,22
13126,658,136,23
13127,658,683,24
13128,658,1014,25
13129,658,1121,26
13130,658,668,27
13131,658,849,28
13132,658,390,29
13133,658,326,30
13134,658,357,31
13135,658,742,32
13136,658,433,33
13137,658,1092,34
13138,658,1294,35
13139,658,383,36
13140,658,1386,37
13141,658,316,38
13142,659,1324,1
13143,659,558,2
13144,659,987,3
13145,659,383,4
13146,659,1386,5
13147,659,606,6
13148,659,136,7
13149,659,495,8
13150,659,1014,9
13151,659,683,10
13152,659,994,11
13153,659,1121,12
13154,659,668,13
13155,659,849,14
13156,659,1023,15
13157,659,482,16
13158,659,390,17
13159,659,563,18
13160,659,201,19
13161,659,1070,20
13162,659,375,21
13163,659,165,22
13164,659,1092,23
13165,659,433,24
13166,660,375,1
13167,660,114,2
13168,660,563,3
13169,660,1274,4
13170,660,302,5
13171,660,650,6
13172,660,961,7
13173,660,1338,8
13174,660,964,9
13175,660,672,10
13176,660,1097,11
13177,660,221,12
13178,660,1070,13
13179,660,165,14
13180,660,433,15
13181,660,1092,16
13182,660,383,17
13183,660,683,18
13184,660,136,19
13185,660,1014,20
13186,660,495,21
13187,660,668,22
13188,660,994,23
13189,660,1294,24
13190,660,1121,25
13191,660,390,26
13192,660,849,27
13193,660,201,28
13194,660,1152,29
13195,660,1296,30
13196,660,1388,31
13197,660,818,32
13198,660,558,33
13199,660,742,34
13200,660,357,35
13201,661,558,1
13202,661,357,2
13203,661,742,3
13204,661,14,4
13205,661,1092,5
13206,661,1097,6
13207,661,169,7
13208,661,1070,8
13209,661,1320,9
13210,661,175,10
13211,661,1282,11
13212,661,326,12
13213,661,710,13
13214,661,515,14
13215,661,495,15
13216,661,1014,16
13217,661,136,17
13218,661,1121,18
13219,661,668,19
13220,661,849,20
13221,661,1023,21
13222,661,683,22
13223,661,994,23
13224,661,383,24
13225,661,1268,25
13226,661,482,26
13227,661,10,27
13228,661,390,28
13229,661,1319,29
13230,661,1294,30
13231,661,836,31
13232,662,1070,1
13233,662,169,2
13234,662,742,3
13235,662,357,4
13236,662,558,5
13237,662,495,6
13238,662,1014,7
13239,662,136,8
13240,662,175,9
13241,662,1282,10
13242,662,326,11
13243,662,515,12
13244,662,710,13
13245,662,1320,14
13246,662,836,15
13247,662,1268,16
13248,662,683,17
13249,662,405,18
13250,662,206,19
13251,662,440,20
13252,662,383,21
13253,662,114,22
13254,662,343,23
13255,663,14,1
13256,663,1097,2
13257,663,1070,3
13258,663,1324,4
13259,663,1092,5
13260,663,495,6
13261,663,1014,7
13262,663,136,8
13263,663,683,9
13264,663,994,10
13265,663,1294,11
13266,663,390,12
13267,663,849,13
13268,663,1121,14
13269,663,1023,15
13270,663,836,16
13271,663,482,17
13272,663,668,18
13273,663,221,19
13274,663,165,20
13275,663,558,21
13276,663,343,22
13277,663,742,23
13278,663,357,24
13279,663,727,25
13280,663,326,26
13281,663,515,27
13282,663,175,28
13283,663,1282,29
13284,664,742,1
13285,664,357,2
13286,664,558,3
13287,664,343,4
13288,664,416,5
13289,664,683,6
13290,664,1319,7
13291,664,1121,8
13292,664,849,9
13293,664,668,10
13294,664,221,11
13295,664,1023,12
13296,664,390,13
13297,664,495,14
13298,664,1014,15
13299,664,136,16
13300,664,994,17
13301,664,788,18
13302,664,10,19
13303,664,482,20
13304,664,302,21
13305,664,836,22
13306,664,1070,23
13307,664,1092,24
13308,664,433,25
13309,664,165,26
13310,664,1294,27
13311,664,1110,28
13312,664,114,29
13313,664,964,30
13314,664,672,31
13315,664,650,32
13316,664,1097,33
13317,664,961,34
13318,664,1274,35
13319,664,1338,36
13320,664,132,37
13321,664,563,38
13322,664,383,39
13323,664,1386,40
13324,664,606,41
13325,664,987,42
13326,664,220,43
13327,665,220,1
13328,665,383,2
13329,665,987,3
13330,665,1386,4
13331,665,1383,5
13332,665,465,6
13333,665,1245,7
13334,665,1102,8
13335,665,520,9
13336,665,558,10
13337,665,742,11
13338,665,357,12
13339,665,95,13
13340,665,136,14
13341,665,495,15
13342,665,1294,16
13343,665,668,17
13344,665,1121,18
13345,665,1023,19
13346,665,849,20
13347,665,439,21
13348,665,221,22
13349,665,683,23
13350,665,788,24
13351,665,1110,25
13352,665,390,26
13353,665,1319,27
13354,665,1324,28
13355,665,343,29
13356,666,987,1
13357,666,220,2
13358,666,465,3
13359,666,383,4
13360,666,1102,5
13361,666,1245,6
13362,666,520,7
13363,666,1320,8
13364,666,1324,9
13365,666,343,10
13366,666,813,11
13367,666,302,12
13368,666,1014,13
13369,666,375,14
13370,666,1070,15
13371,666,941,16
13372,666,960,17
13373,666,794,18
13374,666,114,19
13375,666,169,20
13376,666,136,21
13377,666,495,22
13378,666,668,23
13379,666,1294,24
13380,666,558,25
13381,666,357,26
13382,666,95,27
13383,666,742,28
13384,667,987,1
13385,667,1097,2
13386,667,302,3
13387,667,672,4
13388,667,650,5
13389,667,1092,6
13390,667,383,7
13391,667,1245,8
13392,667,1386,9
13393,667,343,10
13394,667,1324,11
13395,667,114,12
13396,667,742,13
13397,667,357,14
13398,667,558,15
13399,667,326,16
13400,667,95,17
13401,667,683,18
13402,667,495,19
13403,667,136,20
13404,667,1014,21
13405,667,1320,22
13406,667,1070,23
13407,667,836,24
13408,667,375,25
13409,667,169,26
13410,667,1291,27
13411,667,337,28
13412,667,1326,29
13413,667,1061,30
13414,667,1305,31
13415,667,1280,32
13416,667,623,33
13417,667,783,34
13418,667,290,35
13419,667,1196,36
13420,667,727,37
13421,668,343,1
13422,668,1324,2
13423,668,987,3
13424,668,813,4
13425,668,383,5
13426,668,1245,6
13427,668,220,7
13428,668,465,8
13429,668,520,9
13430,668,1102,10
13431,668,1092,11
13432,668,742,12
13433,668,357,13
13434,668,558,14
13435,668,114,15
13436,668,95,16
13437,668,1070,17
13438,668,375,18
13439,668,1338,19
13440,668,961,20
13441,669,558,1
13442,669,114,2
13443,669,357,3
13444,669,742,4
13445,669,95,5
13446,669,433,6
13447,669,1014,7
13448,669,650,8
13449,669,302,9
13450,669,1320,10
13451,669,836,11
13452,669,1070,12
13453,669,136,13
13454,669,495,14
13455,669,849,15
13456,669,668,16
13457,669,1294,17
13458,669,1245,18
13459,669,165,19
13460,669,221,20
13461,669,340,21
13462,669,932,22
13463,669,1044,23
13464,669,439,24
13465,669,10,25
13466,669,595,26
13467,669,683,27
13468,670,221,1
13469,670,165,2
13470,670,136,3
13471,670,495,4
13472,670,668,5
13473,670,1121,6
13474,670,849,7
13475,670,1295,8
13476,670,439,9
13477,670,1294,10
13478,670,987,11
13479,670,813,12
13480,670,383,13
13481,670,1324,14
13482,670,343,15
13483,670,1092,16
13484,670,683,17
13485,670,1386,18
13486,670,788,19
13487,670,390,20
13488,670,1319,21
13489,670,1110,22
13490,670,672,23
13491,670,482,24
13492,670,558,25
13493,670,357,26
13494,670,114,27
13495,670,433,28
13496,670,742,29
13497,670,95,30
13498,670,1014,31
13499,670,1320,32
13500,670,302,33
13501,670,650,34
13502,670,1097,35
13503,671,357,1
13504,671,558,2
13505,671,114,3
13506,671,433,4
13507,671,672,5
13508,671,683,6
13509,671,788,7
13510,671,390,8
13511,671,1319,9
13512,671,482,10
13513,671,1110,11
13514,671,1239,12
13515,671,495,13
13516,671,668,14
13517,671,165,15
13518,671,136,16
13519,671,10,17
13520,671,221,18
13521,671,1294,19
13522,671,1023,20
13523,671,849,21
13524,671,1295,22
13525,671,1121,23
13526,671,439,24
13527,671,859,25
13528,671,326,26
13529,671,175,27
13530,671,515,28
13531,671,1014,29
13532,671,1282,30
13533,672,668,1
13534,672,1023,2
13535,672,1295,3
13536,672,1156,4
13537,672,165,5
13538,672,221,6
13539,672,136,7
13540,672,495,8
13541,672,558,9
13542,672,114,10
13543,672,357,11
13544,672,433,12
13545,672,383,13
13546,672,1092,14
13547,672,987,15
13548,672,343,16
13549,672,1324,17
13550,672,813,18
13551,672,316,19
13552,672,683,20
13553,672,1294,21
13554,672,1319,22
13555,672,390,23
13556,672,1110,24
13557,672,788,25
13558,672,482,26
13559,672,672,27
13560,672,1070,28
13561,672,941,29
13562,672,960,30
13563,672,794,31
13564,672,849,32
13565,672,1121,33
13566,673,357,1
13567,673,433,2
13568,673,683,3
13569,673,390,4
13570,673,788,5
13571,673,961,6
13572,673,383,7
13573,673,558,8
13574,673,114,9
13575,673,742,10
13576,673,95,11
13577,673,169,12
13578,673,1338,13
13579,673,1274,15
13580,673,1070,16
13581,673,221,17
13582,673,165,18
13583,673,495,19
13584,673,136,20
13585,673,668,21
13586,674,165,1
13587,674,221,2
13588,674,668,3
13589,674,495,4
13590,674,1014,5
13591,674,1097,6
13592,674,1320,7
13593,674,650,8
13594,674,302,9
13595,674,114,10
13596,674,558,11
13597,674,683,12
13598,674,136,13
13599,674,1295,14
13600,674,10,15
13601,674,439,16
13602,674,849,17
13603,674,1121,18
13604,675,165,1
13605,675,136,2
13606,675,668,3
13607,675,1121,4
13608,675,10,5
13609,675,1294,6
13610,675,221,7
13611,675,495,8
13612,675,169,9
13613,675,1338,10
13614,675,1274,12
13615,675,1070,13
13616,675,114,15
13617,675,558,16
13618,675,987,17
13619,675,316,18
13620,675,383,19
13621,676,682,1
13622,676,383,2
13623,676,316,3
13624,676,1274,4
13625,676,650,5
13626,676,964,6
13627,676,961,7
13628,676,114,8
13629,676,563,9
13630,676,221,10
13631,676,1070,11
13632,676,375,12
13633,676,1092,13
13634,676,558,14
13635,676,742,15
13636,676,813,16
13637,676,343,17
13638,676,1324,18
13639,676,302,19
13640,676,1097,20
13641,676,1014,21
13642,676,1320,22
13643,676,668,23
13644,676,1294,24
13645,676,10,25
13646,676,136,26
13647,676,165,27
13648,676,1245,28
13649,676,933,29
13650,676,1111,30
13651,676,1121,31
13652,676,390,32
13653,676,495,33
13654,677,221,1
13655,677,136,2
13656,677,165,3
13657,677,495,4
13658,677,1296,5
13659,677,1152,6
13660,677,932,7
13661,677,1044,8
13662,677,1111,9
13663,677,818,10
13664,677,220,11
13665,677,857,12
13666,677,340,13
13667,677,1311,14
13668,677,465,15
13669,677,1388,16
13670,677,1245,17
13671,677,933,18
13672,677,750,19
13673,677,1298,20
13674,677,1023,21
13675,677,668,22
13676,677,1294,23
13677,677,10,24
13678,677,1014,25
13679,677,1320,26
13680,677,622,27
13681,677,1070,28
13682,677,1274,29
13683,677,558,30
13684,677,114,31
13685,677,375,32
13686,677,1338,33
13687,677,987,34
13688,677,1324,35
13689,677,813,36
13690,677,383,37
13691,677,1092,38
13692,677,343,39
13693,677,650,40
13694,677,1097,41
13695,677,302,42
13696,677,595,43
13697,677,357,44
13698,677,1295,45
13699,677,390,46
13700,677,836,47
13701,677,169,48
13702,677,316,49
13703,677,682,50
13704,678,1070,1
13705,678,1338,2
13706,678,1274,3
13707,678,169,4
13708,678,558,5
13709,678,114,6
13710,678,682,7
13711,678,375,8
13712,678,987,9
13713,678,1092,10
13714,678,1324,11
13715,678,383,12
13716,678,316,13
13717,678,343,14
13718,678,813,15
13719,678,727,16
13720,678,165,17
13721,678,221,18
13722,678,1023,19
13723,678,495,20
13724,678,136,21
13725,678,668,22
13726,678,933,23
13727,678,1044,24
13728,678,1111,25
13729,678,1388,26
13730,678,818,27
13731,678,1245,28
13732,678,1298,29
13733,678,750,30
13734,678,220,31
13735,678,1311,32
13736,679,343,1
13737,679,383,2
13738,679,727,3
13739,679,933,4
13740,679,165,6
13741,679,495,7
13742,679,221,8
13743,679,813,9
13744,679,1092,10
13745,679,1324,12
13746,679,416,13
13747,679,650,14
13748,679,302,15
13749,679,1097,16
13750,679,836,17
13751,679,1014,18
13752,679,357,19
13753,679,742,20
13754,679,95,21
13755,679,788,22
13756,679,1319,23
13757,679,390,24
13758,679,326,25
13759,679,175,26
13760,679,515,27
13761,679,1282,28
13762,679,682,29
13763,679,1274,30
13764,679,1070,31
13765,679,1338,32
13766,679,558,33
13767,679,114,34
13768,679,169,35
13769,679,961,36
13770,679,375,37
13771,679,433,38
13772,680,1092,1
13773,680,165,2
13774,680,1070,3
13775,680,433,4
13776,680,169,5
13777,680,682,6
13778,680,558,7
13779,680,114,8
13780,680,375,9
13781,680,961,10
13782,680,1338,11
13783,680,1320,12
13784,680,836,13
13785,680,1324,15
13786,680,495,16
13787,680,727,17
13788,680,343,18
13789,680,1111,19
13790,680,750,20
13791,680,1388,21
13792,680,818,22
13793,680,1245,23
13794,681,1070,1
13795,681,836,2
13796,681,1324,3
13797,681,136,4
13798,681,495,5
13799,681,383,6
13800,681,727,7
13801,681,343,9
13802,681,742,10
13803,681,1295,11
13804,681,1121,12
13805,681,10,13
13806,681,1319,14
13807,681,1023,15
13808,681,849,16
13809,681,390,17
13810,681,788,18
13811,681,95,19
13812,681,668,20
13813,681,375,21
13814,681,169,22
13815,681,114,23
13816,681,558,24
13817,681,357,25
13818,681,1111,26
13819,681,1388,27
13820,681,933,28
13821,681,1294,29
13822,681,1097,30
13823,681,650,31
13824,681,302,32
13825,681,1014,33
13826,681,1092,34
13827,681,165,35
13828,681,682,36
13829,681,316,37
13830,682,495,1
13831,682,383,2
13832,682,932,3
13833,682,558,4
13834,682,169,5
13835,682,375,6
13836,682,114,7
13837,682,1023,8
13838,682,668,9
13839,682,482,10
13840,682,1294,11
13841,682,788,12
13842,682,343,13
13843,682,727,14
13844,682,357,15
13845,682,1320,16
13846,682,836,17
13847,682,682,18
13848,682,1296,19
13849,682,1152,20
13850,682,933,21
13851,682,1245,22
13852,682,611,23
13853,682,165,24
13854,682,1338,25
13855,682,672,26
13856,682,221,27
13857,682,1092,28
13858,682,961,29
13859,682,1070,30
13860,682,136,31
13861,682,650,32
13862,682,302,33
13863,682,1097,34
13864,682,1014,35
13865,683,558,1
13866,683,357,2
13867,683,836,3
13868,683,169,4
13869,683,1070,5
13870,683,433,6
13871,683,1338,7
13872,683,495,8
13873,683,383,9
13874,683,668,10
13875,683,1023,11
13876,683,1324,12
13877,683,932,13
13878,683,114,14
13879,683,201,15
13880,684,558,1
13881,684,357,2
13882,684,169,3
13883,684,433,4
13884,684,1245,5
13885,684,1152,6
13886,684,340,7
13887,684,1296,8
13888,684,933,9
13889,684,1044,10
13890,684,152,11
13891,684,1388,12
13892,684,818,13
13893,685,433,1
13894,685,1044,2
13895,685,1152,3
13896,685,152,4
13897,685,558,5
13898,685,1388,6
13899,685,169,7
13900,685,1296,9
13901,685,340,10
13902,685,857,11
13903,685,465,12
13904,685,1311,13
13905,685,220,14
13906,685,933,15
13907,685,1245,16
13908,685,1027,17
13909,685,1111,18
13910,685,836,19
13911,685,1320,20
13912,685,682,21
13913,685,383,22
13914,685,201,23
13915,685,136,24
13916,685,495,25
13917,685,1324,27
13918,686,558,1
13919,686,1388,2
13920,686,818,3
13921,686,169,4
13922,686,1097,5
13923,686,650,6
13924,686,961,7
13925,686,1338,8
13926,686,672,9
13927,686,357,10
13928,686,433,11
13929,686,682,12
13930,686,495,13
13931,686,375,14
13932,686,114,15
13933,686,201,16
13934,686,1324,17
13935,686,668,18
13936,686,383,19
13937,686,788,20
13938,686,1014,21
13939,686,302,22
13940,687,465,1
13941,687,340,2
13942,687,1296,3
13943,687,1245,4
13944,687,1311,5
13945,687,1044,6
13946,687,857,7
13947,687,1111,8
13948,687,1152,9
13949,687,1097,10
13950,687,650,11
13951,687,961,12
13952,687,1338,13
13953,687,220,14
13954,687,672,15
13955,687,558,16
13956,687,818,17
13957,687,1388,18
13958,687,152,19
13959,687,343,21
13960,687,357,22
13961,687,433,23
13962,687,1014,24
13963,687,302,25
13964,687,114,26
13965,687,383,27
13966,687,136,28
13967,687,1324,29
13968,687,495,30
13969,687,682,31
13970,687,1320,32
13971,687,611,33
13972,687,416,34
13973,688,1324,1
13974,688,383,2
13975,688,495,3
13976,688,668,4
13977,688,788,5
13978,688,849,6
13979,688,375,7
13980,688,114,8
13981,688,357,9
13982,688,433,10
13983,688,558,11
13984,688,169,12
13985,688,1388,13
13986,688,818,14
13987,688,750,15
13988,688,1070,16
13989,688,152,17
13990,688,1245,18
13991,689,558,1
13992,689,1070,2
13993,689,169,3
13994,689,152,4
13995,689,1388,5
13996,689,818,6
13997,689,682,7
13998,689,750,8
13999,689,1097,9
14000,689,650,10
14001,689,857,11
14002,689,961,12
14003,689,1338,13
14004,689,672,14
14005,689,1027,15
14006,689,1245,16
14007,689,1152,17
14008,689,1044,18
14009,689,1111,19
14010,689,1311,20
14011,689,933,21
14012,689,836,22
14013,689,343,23
14014,689,849,24
14015,689,1014,25
14016,689,302,26
14017,689,495,27
14018,689,1324,28
14019,689,383,29
14020,689,788,30
14021,689,14,31
14022,689,165,32
14023,689,1092,33
14024,689,433,34
14025,690,14,1
14026,690,1070,2
14027,690,1097,3
14028,690,220,4
14029,690,961,5
14030,690,1152,6
14031,690,1296,7
14032,690,650,8
14033,690,672,9
14034,690,1338,10
14035,690,465,11
14036,690,1111,12
14037,690,375,13
14038,690,136,14
14039,690,10,15
14040,690,1245,16
14041,690,558,17
14042,690,169,18
14043,690,682,19
14044,690,1027,20
14045,691,1245,1
14046,691,1027,2
14047,691,558,3
14048,691,169,4
14049,691,682,5
14050,691,961,6
14051,691,650,7
14052,691,1311,8
14053,691,1044,9
14054,691,933,10
14055,691,857,11
14056,691,340,12
14057,691,1296,13
14058,691,465,14
14059,691,1152,15
14060,691,1111,16
14061,691,1338,17
14062,691,672,18
14063,691,1097,19
14064,691,742,20
14065,691,1070,22
14066,691,932,23
14067,691,727,24
14068,691,1388,25
14069,691,1320,26
14070,691,343,27
14071,691,836,28
14072,691,1014,29
14073,691,302,30
14074,692,558,1
14075,692,682,2
14076,692,1245,3
14077,692,169,4
14078,692,1027,5
14079,692,357,6
14080,692,433,7
14081,692,495,8
14082,692,383,9
14083,692,1324,10
14084,692,668,11
14085,692,788,12
14086,692,619,13
14087,692,680,14
14088,692,1239,15
14089,692,1014,16
14090,692,302,17
14091,693,636,1
14092,693,1014,2
14093,693,1239,3
14094,693,1023,4
14095,693,1319,5
14096,693,1294,6
14097,693,1121,7
14098,693,10,8
14099,693,95,9
14100,693,619,10
14101,693,680,11
14102,693,302,12
14103,693,682,13
14104,693,558,14
14105,693,1245,15
14106,693,1027,16
14107,693,169,17
14108,693,433,18
14109,693,357,19
14110,693,1324,20
14111,693,495,21
14112,693,383,22
14113,693,668,23
14114,693,375,24
14115,693,136,25
14116,693,114,26
14117,693,932,27
14118,693,201,28
14119,693,742,29
14120,694,1324,1
14121,694,495,2
14122,694,383,3
14123,694,668,4
14124,694,340,5
14125,694,1338,6
14126,694,1097,7
14127,694,961,8
14128,694,933,9
14129,694,1152,10
14130,694,672,11
14131,694,788,12
14132,694,558,13
14133,694,114,14
14134,694,849,15
14135,694,316,16
14136,694,1245,17
14137,694,1027,18
14138,694,682,19
14139,694,169,20
14140,694,136,21
14141,694,742,23
14142,694,221,24
14143,694,201,25
14144,694,932,26
14145,694,375,27
14146,694,465,28
14147,695,788,1
14148,695,383,2
14149,695,668,3
14150,695,682,4
14151,695,1092,5
14152,695,961,6
14153,695,558,7
14154,695,1324,8
14155,695,169,9
14156,695,1245,10
14157,695,495,11
14158,695,343,12
14159,695,836,13
14160,695,611,14
14161,695,465,15
14162,695,1152,16
14163,695,672,17
14164,695,1338,18
14165,695,340,19
14166,695,136,21
14167,695,1239,22
14168,695,1014,23
14169,695,302,24
14170,695,680,25
14171,695,357,26
14172,695,433,27
14173,696,558,1
14174,696,169,2
14175,696,383,3
14176,696,1092,4
14177,696,682,5
14178,696,316,6
14179,696,1070,7
14180,696,221,8
14181,696,136,9
14182,696,114,11
14183,697,742,2
14184,697,136,3
14185,697,114,4
14186,697,375,5
14187,697,169,6
14188,697,558,7
14189,697,221,8
14190,697,932,9
14191,697,201,10
14192,697,495,11
14193,697,1324,12
14194,697,1245,13
14195,697,1070,14
14196,697,165,15
14197,698,1324,1
14198,698,1245,2
14199,698,495,3
14200,698,961,4
14201,698,221,5
14202,698,1070,6
14203,698,169,7
14204,698,165,8
14205,698,558,9
14206,698,14,10
14207,698,1092,11
14208,698,1097,12
14209,698,132,13
14210,698,258,14
14211,698,563,15
14212,698,1268,16
14213,698,1320,17
14214,698,1068,18
14215,698,1044,19
14216,698,465,20
14217,698,1152,21
14218,698,672,22
14219,698,857,23
14220,698,933,24
14221,698,650,25
14222,698,1338,26
14223,698,340,27
14224,698,680,28
14225,698,1014,29
14226,698,302,30
14227,698,682,31
14228,698,383,32
14229,699,558,1
14230,699,1070,2
14231,699,165,3
14232,699,169,4
14233,699,14,5
14234,699,343,6
14235,699,836,7
14236,699,727,8
14237,699,136,9
14238,699,114,10
14239,699,932,11
14240,699,742,12
14241,699,201,14
14242,699,375,15
14243,699,1092,16
14244,699,433,17
14245,699,682,18
14246,699,495,19
14247,699,1014,20
14248,699,357,21
14249,699,1069,22
14250,699,1068,23
14251,700,611,1
14252,700,836,2
14253,700,558,3
14254,700,1070,4
14255,700,14,5
14256,700,165,6
14257,700,169,7
14258,700,941,8
14259,700,794,9
14260,700,960,10
14261,700,1092,11
14262,700,1338,12
14263,700,1274,13
14264,701,169,1
14265,701,1068,2
14266,701,1070,3
14267,701,1092,4
14268,701,165,5
14269,701,433,6
14270,701,1097,7
14271,701,650,8
14272,701,964,9
14273,701,1274,10
14274,701,1338,11
14275,701,961,12
14276,701,672,13
14277,701,302,15
14278,702,1070,1
14279,702,1069,2
14280,702,1068,3
14281,702,457,4
14282,702,169,5
14283,702,964,6
14284,702,650,7
14285,702,1338,8
14286,702,1274,9
14287,702,961,11
14288,702,672,12
14289,702,302,13
14290,702,1097,14
14291,702,1092,15
14292,702,165,16
14293,702,433,17
14294,702,96,18
14295,703,169,1
14296,703,1068,2
14297,703,1070,3
14298,703,1069,4
14299,703,1092,5
14300,703,433,6
14301,703,165,7
14302,703,132,8
14303,703,1274,9
14304,703,1338,10
14305,703,953,11
14306,703,825,12
14307,703,961,13
14308,703,672,14
14309,703,1097,15
14310,703,302,16
14311,703,305,17
14312,703,558,18
14313,703,14,19
14314,704,14,1
14315,704,558,2
14316,704,1070,3
14317,704,169,4
14318,704,1068,5
14319,704,1092,6
14320,704,433,7
14321,704,165,8
14322,704,559,9
14323,704,305,10
14324,704,93,11
14325,704,1087,12
14326,705,158,1
14327,705,869,2
14328,705,1068,3
14329,705,169,4
14330,705,93,5
14331,705,1087,6
14332,705,132,7
14333,705,1070,8
14334,705,961,9
14335,705,302,10
14336,705,165,11
14337,705,650,12
14338,705,433,13
14339,705,1274,14
14340,705,1092,15
14341,705,964,16
14342,705,672,17
14343,705,1338,18
14344,706,93,1
14345,706,1070,2
14346,706,1087,3
14347,706,433,4
14348,706,1092,5
14349,706,650,6
14350,706,165,7
14351,706,672,8
14352,706,1274,9
14353,706,1338,10
14354,706,132,11
14355,706,1069,12
14356,706,1068,13
14357,706,961,14
14358,706,169,15
14359,706,305,16
14360,706,302,17
14361,707,169,1
14362,707,1070,2
14363,707,165,3
14364,707,1068,4
14365,707,14,5
14366,707,558,6
14367,707,114,7
14368,707,375,8
14369,707,742,10
14370,707,136,11
14371,707,302,12
14372,707,433,13
14373,707,1092,14
14374,707,682,15
14375,707,383,16
14376,707,961,17
14377,707,1097,18
14378,707,672,19
14379,707,650,20
14380,707,1338,21
14381,707,1014,22
14382,707,357,23
14383,707,1324,24
14384,707,495,25
14385,707,1245,26
14386,707,1044,27
14387,707,857,28
14388,707,933,29
14389,707,340,30
14390,707,1152,31
14391,707,668,32
14392,707,788,33
14393,707,636,34
14394,707,343,35
14395,707,727,36
14396,707,836,37
14397,708,1070,1
14398,708,169,2
14399,708,165,3
14400,708,558,4
14401,708,14,5
14402,708,433,6
14403,708,357,7
14404,708,465,8
14405,708,1068,9
14406,708,132,10
14407,708,375,11
14408,708,1069,12
14409,709,169,1
14410,709,1070,2
14411,709,558,3
14412,709,14,4
14413,709,370,5
14414,709,322,6
14415,709,354,7
14416,709,1092,8
14417,709,165,9
14418,709,901,10
14419,709,1053,11
14420,709,664,12
14421,709,518,13
14422,709,515,14
14423,709,357,15
14424,709,638,16
14425,709,1097,17
14426,709,433,18
14427,709,857,19
14428,709,1338,20
14429,709,340,21
14430,709,933,22
14431,709,650,23
14432,709,136,24
14433,710,14,1
14434,710,558,2
14435,710,433,3
14436,710,357,4
14437,710,1097,5
14438,710,857,6
14439,710,1044,7
14440,710,465,8
14441,710,340,9
14442,710,1338,10
14443,710,1152,11
14444,710,672,12
14445,710,150,13
14446,711,357,1
14447,711,1338,2
14448,711,1152,3
14449,711,340,4
14450,711,433,5
14451,711,1044,6
14452,711,682,7
14453,711,1092,8
14454,711,383,9
14455,711,316,10
14456,711,343,11
14457,711,14,12
14458,711,558,13
14459,711,1070,14
14460,711,165,15
14461,711,515,16
14462,711,169,17
14463,711,961,18
14464,711,1245,19
14465,711,1324,20
14466,712,961,1
14467,712,1324,2
14468,712,1245,3
14469,712,495,4
14470,712,1097,5
14471,712,857,6
14472,712,383,7
14473,712,520,8
14474,712,1102,9
14475,712,220,10
14476,712,465,11
14477,713,1245,1
14478,713,495,2
14479,713,1324,3
14480,713,961,4
14481,713,558,5
14482,713,1014,6
14483,713,326,7
14484,713,357,9
14485,713,515,10
14486,713,136,11
14487,713,1280,12
14488,713,249,13
14489,713,1152,14
14490,713,813,15
14491,713,383,16
14492,713,1092,17
14493,713,682,18
14494,714,495,1
14495,714,682,2
14496,714,383,3
14497,714,1092,4
14498,714,1324,5
14499,714,961,6
14500,714,1097,7
14501,714,964,8
14502,714,636,9
14503,714,114,10
14504,714,375,11
14505,714,302,12
14506,714,680,13
14507,714,1014,14
14508,714,1295,15
14509,714,1294,16
14510,714,1239,17
14511,714,1121,18
14512,714,1023,19
14513,714,849,20
14514,714,619,21
14515,714,482,22
14516,714,439,23
14517,714,390,24
14518,714,95,25
14519,714,668,26
14520,714,788,27
14521,714,650,28
14522,714,221,29
14523,714,672,30
14524,714,933,31
14525,714,1152,32
14526,714,857,33
14527,714,1319,34
14528,714,136,35
14529,714,742,37
14530,714,14,38
14531,714,558,39
14532,715,558,1
14533,715,14,2
14534,715,964,3
14535,715,668,4
14536,715,636,5
14537,715,788,6
14538,715,650,7
14539,715,1014,8
14540,715,302,9
14541,715,1294,10
14542,715,1023,11
14543,715,849,12
14544,715,680,13
14545,715,95,14
14546,715,349,15
14547,715,972,16
14548,715,961,17
14549,716,302,1
14550,716,349,2
14551,716,1092,3
14552,716,165,4
14553,716,961,5
14554,716,672,6
14555,716,972,7
14556,716,1014,8
14557,716,680,9
14558,716,1239,10
14559,716,849,11
14560,716,95,12
14561,716,10,13
14562,716,1294,14
14563,716,1023,15
14564,716,390,16
14565,716,482,17
14566,716,1319,18
14567,716,1295,19
14568,716,558,20
14569,716,495,21
14570,716,383,22
14571,716,682,23
14572,716,201,24
14573,716,114,25
14574,716,375,26
14575,716,316,27
14576,716,987,28
14577,716,249,29
14578,717,682,1
14579,717,1092,2
14580,717,495,3
14581,717,383,4
14582,717,316,5
14583,717,375,6
14584,717,114,7
14585,717,742,9
14586,717,136,10
14587,717,932,11
14588,717,201,12
14589,717,933,13
14590,717,650,14
14591,717,672,15
14592,717,340,16
14593,717,1338,17
14594,717,1097,18
14595,717,1245,19
14596,717,1324,20
14597,717,961,21
14598,717,14,22
14599,717,433,23
14600,717,165,24
14601,717,1070,25
14602,717,836,26
14603,717,357,27
14604,718,558,1
14605,718,14,2
14606,718,433,3
14607,718,682,4
14608,718,383,5
14609,718,1092,6
14610,718,375,7
14611,718,495,8
14612,718,1324,9
14613,718,357,10
14614,718,933,11
14615,718,1338,12
14616,718,340,13
14617,718,1152,14
14618,718,857,15
14619,718,136,16
14620,718,742,18
14621,718,465,19
14622,718,1044,20
14623,718,114,21
14624,719,433,1
14625,719,136,2
14626,719,742,4
14627,719,375,5
14628,719,932,6
14629,719,201,7
14630,719,114,8
14631,719,682,9
14632,719,495,10
14633,719,383,11
14634,719,1324,12
14635,719,1338,13
14636,719,1152,14
14637,719,340,15
14638,719,1044,16
14639,719,357,17
14640,719,465,18
14641,719,1061,19
14642,719,75,20
14643,719,797,21
14644,719,558,22
14645,720,433,1
14646,720,357,2
14647,720,1061,3
14648,720,434,4
14649,720,836,5
14650,720,1044,6
14651,720,1338,7
14652,720,1152,8
14653,720,340,9
14654,720,465,10
14655,720,1324,11
14656,720,682,12
14657,720,495,13
14658,720,383,14
14659,720,1294,15
14660,720,1023,16
14661,720,849,17
14662,720,482,18
14663,720,1239,19
14664,720,1121,20
14665,720,165,21
14666,720,668,22
14667,720,636,23
14668,720,788,24
14669,720,375,25
14670,720,727,26
14671,720,343,27
14672,720,742,28
14673,720,136,30
14674,720,201,31
14675,720,114,32
14676,720,14,33
14677,720,558,34
14678,720,1070,35
14679,720,515,36
14680,720,169,37
14681,721,114,1
14682,721,375,2
14683,721,932,3
14684,721,742,5
14685,721,357,6
14686,721,136,7
14687,721,201,8
14688,721,165,9
14689,721,1070,10
14690,721,169,11
14691,721,1068,12
14692,721,558,13
14693,721,326,14
14694,721,175,15
14695,721,515,16
14696,721,1236,17
14697,721,15,18
14698,721,1120,19
14699,721,1101,20
14700,721,1043,21
14701,721,854,22
14702,721,807,23
14703,721,1038,24
14704,721,609,25
14705,721,1,26
14706,721,1363,27
14707,721,1099,28
14708,721,1076,29
14709,721,1291,30
14710,721,1051,31
14711,722,169,1
14712,722,558,2
14713,722,1070,3
14714,722,165,4
14715,722,932,5
14716,722,742,7
14717,722,357,8
14718,722,136,9
14719,722,114,10
14720,722,375,11
14721,722,1152,12
14722,722,1338,13
14723,722,340,14
14724,722,682,15
14725,722,383,16
14726,722,495,17
14727,722,668,18
14728,722,636,19
14729,722,788,20
14730,722,201,21
14731,722,343,22
14732,722,14,23
14733,722,1068,24
14734,722,1274,25
14735,722,1092,26
14736,723,1070,1
14737,723,169,2
14738,723,558,3
14739,723,165,4
14740,723,1068,5
14741,723,1324,6
14742,723,357,7
14743,723,114,8
14744,723,136,10
14745,723,742,11
14746,723,495,12
14747,723,383,13
14748,723,682,14
14749,723,375,15
14750,723,201,16
14751,723,343,17
14752,723,1069,18
14753,723,132,19
14754,723,1092,20
14755,723,433,21
14756,724,558,1
14757,724,165,2
14758,724,169,3
14759,724,1070,4
14760,724,433,5
14761,724,132,6
14762,724,1092,7
14763,724,1069,8
14764,724,1068,9
14765,724,668,10
14766,724,636,11
14767,724,788,12
14768,724,682,13
14769,724,383,14
14770,724,495,15
14771,724,1014,16
14772,724,849,17
14773,724,1294,18
14774,724,1023,19
14775,724,1121,20
14776,724,114,21
14777,724,742,22
14778,724,136,23
14779,724,357,25
14780,725,1070,1
14781,725,558,2
14782,725,682,3
14783,725,383,4
14784,725,788,5
14785,725,668,6
14786,725,636,7
14787,725,169,8
14788,725,495,9
14789,725,1245,10
14790,725,1324,11
14791,725,165,12
14792,725,1092,13
14793,725,433,14
14794,725,1274,15
14795,725,650,16
14796,725,302,17
14797,725,1338,18
14798,725,1097,19
14799,725,964,20
14800,725,961,21
14801,725,672,22
14802,725,221,23
14803,725,416,24
14804,725,1043,25
14805,725,1280,26
14806,725,995,27
14807,725,807,28
14808,725,1120,29
14809,725,1101,30
14810,725,357,31
14811,725,932,32
14812,725,114,33
14813,725,136,34
14814,725,742,35
14815,725,375,37
14816,725,14,38
14817,725,1014,39
14818,726,1338,1
14819,726,340,2
14820,726,465,3
14821,726,1152,4
14822,726,1044,5
14823,726,1111,6
14824,726,1311,7
14825,726,1296,8
14826,726,220,9
14827,726,933,10
14828,726,857,11
14829,726,114,12
14830,726,932,13
14831,726,136,14
14832,726,357,16
14833,726,742,17
14834,726,169,18
14835,726,1245,19
14836,726,668,20
14837,726,636,21
14838,726,1070,22
14839,726,558,23
14840,726,682,24
14841,726,495,25
14842,726,1324,26
14843,726,383,27
14844,727,558,1
14845,727,1070,2
14846,727,169,3
14847,727,1245,4
14848,727,813,5
14849,727,727,6
14850,727,114,7
14851,727,932,8
14852,727,136,9
14853,727,375,10
14854,727,201,11
14855,727,357,12
14856,727,742,13
14857,727,1014,15
14858,727,849,16
14859,727,1239,17
14860,727,95,18
14861,727,390,19
14862,727,1023,20
14863,727,482,21
14864,727,1121,22
14865,727,1294,23
14866,727,1295,24
14867,727,439,25
14868,727,279,26
14869,727,278,27
14870,727,194,28
14871,727,595,29
14872,727,326,30
14873,727,987,31
14874,727,941,32
14875,727,960,33
14876,727,794,34
14877,727,495,35
14878,727,682,36
14879,727,383,37
14880,727,1324,38
14881,727,933,39
14882,727,340,40
14883,727,1338,41
14884,727,465,42
14885,727,1152,43
14886,727,1044,44
14887,727,836,45
14888,728,1070,1
14889,728,558,2
14890,728,375,3
14891,728,1245,4
14892,728,169,5
14893,728,340,6
14894,728,1338,7
14895,728,1152,8
14896,728,1044,9
14897,728,465,10
14898,728,836,11
14899,728,201,12
14900,728,987,13
14901,728,933,14
14902,728,114,15
14903,728,932,16
14904,728,136,17
14905,728,813,18
14906,728,727,19
14907,729,1070,1
14908,729,558,2
14909,729,987,3
14910,729,520,4
14911,729,606,5
14912,729,358,6
14913,729,1102,7
14914,729,249,8
14915,729,813,9
14916,729,343,10
14917,729,623,11
14918,729,416,12
14919,729,1092,13
14920,729,383,14
14921,730,375,1
14922,730,201,2
14923,730,933,3
14924,730,220,4
14925,730,1111,5
14926,730,1152,6
14927,730,1296,7
14928,730,1311,8
14929,730,465,9
14930,730,495,10
14931,730,682,11
14932,730,1338,12
14933,730,340,13
14934,730,857,14
14935,730,1324,15
14936,730,1044,16
14937,730,668,17
14938,730,357,18
14939,730,742,19
14940,730,1014,21
14941,730,1023,22
14942,730,849,23
14943,730,1294,24
14944,730,439,25
14945,730,1295,26
14946,730,1319,27
14947,730,1121,28
14948,730,95,29
14949,730,114,30
14950,730,932,31
14951,730,136,32
14952,730,1070,33
14953,730,1102,34
14954,730,606,35
14955,730,358,36
14956,730,520,37
14957,730,813,38
14958,730,343,39
14959,730,169,40
14960,730,836,41
14961,730,558,42
14962,730,987,43
14963,730,636,44
14964,730,788,45
14965,731,932,1
14966,731,136,2
14967,731,169,3
14968,731,558,4
14969,731,1070,5
14970,731,358,6
14971,731,114,7
14972,731,383,8
14973,731,1111,9
14974,731,1044,10
14975,731,340,11
14976,731,1338,12
14977,731,1311,13
14978,731,1296,14
14979,731,1388,15
14980,731,1152,16
14981,731,682,17
14982,731,1324,18
14983,731,857,19
14984,731,933,20
14985,731,357,21
14986,731,742,23
14987,731,1014,24
14988,731,1121,25
14989,731,1294,26
14990,731,849,27
14991,731,836,28
14992,731,818,29
14993,731,668,30
14994,731,495,31
14995,731,1023,32
14996,731,987,33
14997,731,375,34
14998,731,201,35
14999,731,1239,36
15000,732,987,1
15001,732,357,2
15002,732,742,4
15003,732,836,5
15004,732,1014,6
15005,732,1044,7
15006,732,1311,8
15007,732,1152,9
15008,732,857,10
15009,732,1324,11
15010,732,933,12
15011,732,495,13
15012,732,1296,14
15013,732,1111,15
15014,732,340,16
15015,732,1338,17
15016,732,788,18
15017,732,636,19
15018,732,1070,20
15019,732,114,21
15020,732,383,22
15021,732,682,23
15022,732,1245,24
15023,732,558,25
15024,732,136,26
15025,732,932,27
15026,732,375,28
15027,732,668,29
15028,732,169,30
15029,733,558,1
15030,733,987,2
15031,733,1324,3
15032,733,495,4
15033,733,136,5
15034,733,932,6
15035,733,357,7
15036,733,836,8
15037,733,1014,9
15038,733,849,10
15039,733,1023,11
15040,733,95,12
15041,733,1121,13
15042,733,1295,14
15043,733,169,15
15044,733,114,16
15045,733,383,17
15046,733,1070,18
15047,733,818,19
15048,733,1388,20
15049,733,340,21
15050,733,1044,22
15051,733,1152,23
15052,733,264,24
15053,733,742,26
15054,733,668,27
15055,733,14,28
15056,733,375,29
15057,733,1068,30
15058,734,1070,1
15059,734,558,2
15060,734,383,3
15061,734,114,4
15062,734,563,5
15063,734,136,6
15064,734,1014,7
15065,734,302,8
15066,734,357,9
15067,734,495,10
15068,734,169,11
15069,734,987,12
15070,734,1034,13
15071,734,1044,14
15072,734,465,15
15073,734,340,16
15074,734,818,17
15075,734,1388,18
15076,734,1152,19
15077,734,1324,20
15078,734,668,21
15079,734,1338,22
15080,734,836,23
15081,734,742,24
15082,734,1023,26
15083,734,849,27
15084,734,1294,28
15085,734,1121,29
15086,734,619,30
15087,734,375,31
15088,734,201,32
15089,734,1110,33
15090,734,439,34
15091,734,95,35
15092,734,1239,36
15093,734,932,37
15094,734,433,38
15095,734,221,39
15096,734,165,40
15097,734,672,41
15098,734,961,42
15099,734,1092,43
15100,734,650,44
15101,734,857,45
15102,734,220,46
15103,734,1311,47
15104,734,1296,48
15105,734,933,49
15106,734,788,50
15107,734,636,51
15108,734,682,52
15109,734,482,53
15110,734,1319,54
15111,734,390,55
15112,734,10,56
15113,734,316,57
15114,735,987,1
15115,735,343,2
15116,735,813,3
15117,735,416,4
15118,735,727,5
15119,735,932,6
15120,735,1274,7
15121,735,964,8
15122,735,650,9
15123,735,221,10
15124,735,1097,11
15125,735,672,12
15126,735,961,13
15127,735,302,14
15128,735,433,15
15129,735,1092,16
15130,735,165,17
15131,735,1070,18
15132,735,340,19
15133,735,1152,20
15134,735,1338,21
15135,735,611,22
15136,735,836,23
15137,735,375,24
15138,735,201,25
15139,735,1044,26
15140,735,114,27
15141,735,383,28
15142,735,169,29
15143,735,558,30
15144,736,375,1
15145,736,836,2
15146,736,1044,3
15147,736,201,4
15148,736,558,5
15149,736,114,6
15150,736,383,7
15151,736,169,8
15152,736,136,9
15153,736,495,10
15154,736,1324,11
15155,736,357,12
15156,736,742,14
15157,736,1014,15
15158,736,682,16
15159,736,668,17
15160,736,1294,18
15161,736,636,19
15162,736,788,20
15163,736,994,21
15164,736,1319,22
15165,736,619,23
15166,736,10,24
15167,736,849,25
15168,736,1121,26
15169,736,95,27
15170,736,337,28
15171,736,821,29
15172,736,632,30
15173,736,173,31
15174,736,1035,32
15175,736,281,33
15176,736,685,34
15177,736,1033,35
15178,736,138,36
15179,736,93,37
15180,736,1291,38
15181,736,1323,39
15182,736,623,40
15183,736,131,41
15184,736,1346,42
15185,736,1248,43
15186,736,673,44
15187,736,813,45
15188,736,1079,46
15189,736,271,47
15190,736,125,48
15191,736,809,49
15192,736,783,50
15193,736,1258,51
15194,736,741,52
15195,736,313,53
15196,736,311,54
15197,736,1070,55
15198,736,1087,56
15199,736,258,57
15200,736,200,58
15201,736,1120,59
15202,736,1372,60
15203,737,558,1
15204,737,682,2
15205,737,1014,3
15206,737,14,4
15207,737,136,5
15208,737,495,6
15209,737,357,7
15210,737,169,8
15211,737,742,10
15212,737,343,11
15213,737,941,12
15214,737,794,13
15215,737,960,14
15216,737,727,15
15217,737,932,16
15218,737,416,17
15219,737,559,18
15220,737,560,19
15221,737,824,20
15222,737,1043,21
15223,737,854,22
15224,737,1326,23
15225,737,1111,24
15226,737,1152,25
15227,737,201,26
15228,737,1296,27
15229,737,1338,28
15230,737,340,29
15231,737,1044,30
15232,737,1324,31
15233,737,1311,32
15234,737,1245,33
15235,737,857,34
15236,737,220,35
15237,737,465,36
15238,737,1388,37
15239,737,933,38
15240,737,645,39
15241,737,1078,40
15242,737,641,41
15243,737,90,42
15244,737,654,43
15245,738,343,1
15246,738,558,2
15247,738,416,3
15248,738,727,4
15249,738,764,5
15250,738,560,6
15251,738,932,7
15252,738,136,8
15253,738,682,9
15254,738,14,10
15255,738,495,11
15256,738,1014,12
15257,738,357,13
15258,738,742,14
15259,738,1324,16
15260,738,326,17
15261,738,509,18
15262,738,175,19
15263,738,515,20
15264,738,612,21
15265,738,1269,22
15266,738,836,23
15267,738,611,24
15268,738,1338,25
15269,738,340,26
15270,738,857,27
15271,738,1152,29
15272,738,1311,30
15273,738,933,31
15274,738,818,32
15275,738,383,33
15276,738,375,34
15277,739,136,1
15278,739,169,2
15279,739,357,3
15280,739,495,4
15281,739,558,5
15282,739,1014,6
15283,739,682,7
15284,739,383,8
15285,739,175,9
15286,739,515,10
15287,739,326,11
15288,739,1282,12
15289,739,1268,13
15290,739,964,14
15291,739,710,15
15292,739,288,16
15293,739,965,17
15294,739,164,18
15295,739,313,19
15296,739,1033,20
15297,739,1323,21
15298,739,741,22
15299,739,138,23
15300,739,783,24
15301,740,158,1
15302,740,869,2
15303,740,305,3
15304,740,836,4
15305,740,636,5
15306,740,1294,6
15307,740,619,7
15308,740,390,8
15309,740,114,9
15310,740,383,10
15311,740,375,11
15312,740,987,12
15313,740,278,13
15314,740,279,14
15315,740,194,15
15316,740,1044,16
15317,740,1245,17
15318,740,316,18
15319,740,742,20
15320,740,682,21
15321,740,558,22
15322,740,136,23
15323,740,14,24
15324,740,357,25
15325,740,169,26
15326,740,1014,27
15327,740,495,28
15328,740,1324,29
15329,740,668,30
15330,741,1320,1
15331,741,836,2
15332,741,682,3
15333,741,136,4
15334,741,495,5
15335,741,742,6
15336,741,849,8
15337,741,668,9
15338,741,1324,10
15339,741,357,11
15340,741,169,12
15341,741,558,13
15342,741,1014,14
15343,741,340,15
15344,741,933,16
15345,741,220,17
15346,741,1245,18
15347,741,14,19
15348,741,375,20
15349,741,201,21
15350,741,383,22
15351,741,114,23
15352,741,158,24
15353,741,869,25
15354,741,1388,26
15355,741,818,27
15356,741,857,28
15357,741,1311,29
15358,741,1338,30
15359,741,987,31
15360,741,611,32
15361,741,305,33
15362,741,151,34
15363,742,558,1
15364,742,383,2
15365,742,316,3
15366,742,682,4
15367,742,375,5
15368,742,114,6
15369,742,933,7
15370,742,465,8
15371,742,1152,9
15372,742,1324,10
15373,742,818,11
15374,742,857,12
15375,742,836,13
15376,742,357,14
15377,742,136,15
15378,742,742,16
15379,742,495,18
15380,742,1014,19
15381,742,1320,20
15382,742,1245,21
15383,742,1311,22
15384,742,1388,23
15385,742,220,24
15386,742,340,25
15387,742,1296,26
15388,742,95,27
15389,742,1121,28
15390,742,849,29
15391,742,1239,30
15392,742,1110,31
15393,742,1295,32
15394,742,668,33
15395,742,390,34
15396,742,1294,35
15397,742,1319,36
15398,742,788,37
15399,742,619,38
15400,742,636,39
15401,742,1338,40
15402,742,305,41
15403,742,169,42
15404,742,1068,43
15405,743,169,1
15406,743,305,2
15407,743,151,3
15408,743,1068,4
15409,743,836,5
15410,743,357,6
15411,743,136,7
15412,743,495,8
15413,743,742,10
15414,743,1014,11
15415,743,933,12
15416,743,465,13
15417,743,1324,14
15418,743,220,15
15419,743,1152,16
15420,743,818,17
15421,743,1245,18
15422,743,1388,19
15423,743,14,20
15424,743,857,21
15425,743,340,22
15426,743,1311,23
15427,743,987,24
15428,743,1319,25
15429,743,390,26
15430,743,1294,27
15431,743,668,28
15432,743,1239,29
15433,743,375,30
15434,743,114,31
15435,743,201,32
15436,743,383,33
15437,743,682,34
15438,743,158,35
15439,743,869,36
15440,743,1320,37
15441,743,558,38
15442,743,1291,39
15443,743,326,40
15444,743,1326,41
15445,743,515,42
15446,743,175,43
15447,743,1282,44
15448,744,558,1
15449,744,1245,2
15450,744,933,3
15451,744,357,4
15452,744,1324,5
15453,744,818,6
15454,744,1388,7
15455,744,136,8
15456,744,465,9
15457,744,340,10
15458,744,1338,11
15459,744,220,12
15460,744,1152,13
15461,744,1311,14
15462,744,836,15
15463,744,169,16
15464,744,857,17
15465,744,742,18
15466,744,495,20
15467,744,1014,21
15468,744,987,22
15469,744,375,23
15470,744,114,24
15471,744,201,25
15472,744,383,26
15473,744,682,27
15474,744,316,28
15475,744,668,29
15476,744,1320,30
15477,744,788,31
15478,744,1296,32
15479,745,465,1
15480,745,1324,2
15481,745,933,3
15482,745,857,4
15483,745,1245,5
15484,745,340,6
15485,745,668,7
15486,745,558,8
15487,745,357,9
15488,745,136,10
15489,745,742,11
15490,745,169,13
15491,745,495,14
15492,745,1014,15
15493,745,1311,16
15494,745,1296,17
15495,745,818,18
15496,745,1388,19
15497,745,14,20
15498,745,788,21
15499,745,1338,22
15500,745,1152,23
15501,745,220,24
15502,745,836,25
15503,745,1320,26
15504,745,151,27
15505,745,305,28
15506,745,10,29
15507,745,439,30
15508,745,482,31
15509,745,95,32
15510,745,1294,33
15511,745,1295,34
15512,745,1121,35
15513,745,1023,36
15514,745,326,37
15515,745,987,38
15516,745,383,39
15517,745,152,40
15518,745,813,41
15519,745,1070,42
15520,745,343,43
15521,745,114,44
15522,745,433,45
15523,745,682,46
15524,745,1319,47
15525,745,1239,48
15526,745,1110,49
15527,745,390,50
15528,745,994,51
15529,746,558,1
15530,746,857,2
15531,746,1014,3
15532,746,340,4
15533,746,933,5
15534,746,818,6
15535,746,1324,7
15536,746,742,8
15537,746,465,9
15538,746,788,11
15539,746,10,12
15540,746,495,13
15541,746,1311,14
15542,746,1338,15
15543,746,668,16
15544,746,1152,17
15545,746,357,18
15546,746,136,19
15547,746,95,20
15548,746,169,21
15549,746,776,22
15550,746,369,23
15551,746,246,24
15552,746,905,25
15553,746,987,26
15554,746,114,27
15555,746,375,28
15556,746,201,29
15557,746,994,30
15558,746,636,31
15559,746,383,32
15560,746,849,33
15561,746,1121,34
15562,746,1239,35
15563,746,1023,36
15564,746,836,37
15565,746,305,38
15566,746,158,39
15567,746,1070,40
15568,746,1196,41
15569,746,290,42
15570,746,623,43
15571,746,783,44
15572,746,1305,45
15573,746,1061,46
15574,746,1280,47
15575,746,1326,48
15576,746,1050,49
15577,746,1033,50
15578,746,313,51
15579,746,809,52
15580,746,138,53
15581,746,93,54
15582,746,1258,55
15583,746,1323,56
15584,746,741,57
15585,746,337,58
15586,746,1291,59
15587,746,1359,60
15588,746,560,61
15589,746,1043,62
15590,746,343,63
15591,746,953,64
15592,746,1051,65
15593,746,830,66
15594,746,993,67
15595,746,14,68
15596,746,1388,69
15597,746,1245,70
15598,746,220,71
15599,747,558,1
15600,747,1014,2
15601,747,136,3
15602,747,357,4
15603,747,1324,5
15604,747,742,6
15605,747,169,7
15606,747,993,9
15607,747,495,10
15608,748,1324,1
15609,748,558,2
15610,749,558,1
15611,749,1324,2
15612,749,169,5
15613,749,742,6
15614,749,357,7
15615,749,1014,9
15616,749,993,10
15617,749,136,11
15618,749,495,12
15619,750,558,1
15620,750,1324,3
15621,750,1014,9
15622,750,136,10
15623,750,357,11
15624,750,742,12
15625,750,169,13
15626,750,993,14
15627,750,495,16
15628,750,727,17
15629,750,932,18
15630,751,654,1
15631,751,558,2
15632,751,290,3
15633,751,82,4
15634,751,653,5
15635,751,13,6
15636,751,641,7
15637,751,90,8
15638,751,1324,9
15639,751,993,10
15640,751,357,11
15641,751,550,12
15642,751,730,13
15643,751,908,14
15644,751,377,15
15645,751,376,16
15646,751,515,17
15647,751,1157,18
15648,751,1356,19
15649,751,692,20
15650,751,75,21
15651,751,797,22
15652,751,516,23
15653,751,136,24
15654,751,326,25
15655,751,488,26
15656,751,978,27
15657,751,493,28
15658,751,208,29
15659,751,427,30
15660,751,694,31
15661,751,759,32
15662,751,607,33
15663,751,971,34
15664,751,444,35
15665,751,64,36
15666,751,175,37
15667,751,889,38
15668,751,698,39
15669,751,102,40
15670,751,509,41
15671,751,763,42
15672,751,495,43
15673,751,732,44
15674,751,1014,45
15675,751,732,46
15676,751,1007,47
15677,751,776,48
15678,751,905,49
15679,751,369,50
15680,751,828,51
15681,751,702,52
15682,751,772,53
15683,751,246,54
15684,751,1282,55
15685,751,1291,56
15686,751,1045,57
15687,751,100,58
15688,751,1,59
15689,751,464,60
15690,751,1050,61
15691,751,742,62
15692,751,169,63
15693,751,57,65
15694,751,710,66
15695,752,558,1
15696,752,1324,2
15697,752,993,3
15698,752,169,4
15699,752,57,5
15700,752,357,6
15701,752,136,7
15702,752,495,8
15703,752,1014,9
15704,752,742,11
15705,752,560,12
15706,752,727,13
15707,752,343,14
15708,752,673,15
15709,752,271,16
15710,752,813,17
15711,752,1050,18
15712,752,1051,20
15713,752,791,21
15714,752,833,22
15715,752,1310,23
15716,752,1312,24
15717,752,635,25
15718,752,115,26
15719,752,1070,27
15720,752,1280,28
15721,752,566,29
15722,752,995,30
15723,752,1369,31
15724,752,1265,32
15725,752,382,33
15726,752,347,34
15727,753,57,1
15728,753,347,2
15729,753,558,3
15730,753,357,4
15731,753,136,5
15732,753,495,6
15733,753,169,7
15734,753,1014,8
15735,753,742,9
15736,753,1327,11
15737,753,1252,12
15738,753,106,13
15739,753,105,14
15740,753,515,15
15741,754,558,1
15742,754,447,2
15743,754,1252,3
15744,754,357,4
15745,754,1014,5
15746,754,136,6
15747,754,495,7
15748,754,169,8
15749,754,106,9
15750,754,105,10
15751,754,5,11
15752,754,364,12
15753,754,12,13
15754,754,299,14
15755,754,437,15
15756,754,817,16
15757,755,817,1
15758,755,437,2
15759,755,299,3
15760,755,12,4
15761,755,558,5
15762,755,105,6
15763,755,1252,7
15764,755,106,8
15765,755,1014,9
15766,755,169,10
15767,755,357,11
15768,755,495,12
15769,755,136,13
15770,755,57,14
15771,755,742,17
15772,755,1327,18
15773,755,830,19
15774,755,844,20
15775,755,77,21
15776,755,515,22
15777,755,175,23
15778,756,57,1
15779,756,1327,3
15780,756,742,4
15781,756,1014,5
15782,756,77,6
15783,756,515,7
15784,756,495,8
15785,756,558,9
15786,756,136,10
15787,756,105,11
15788,756,562,12
15789,756,357,13
15790,756,175,14
15791,756,1252,15
15792,756,1282,16
15793,756,169,17
15794,756,106,18
15795,756,326,19
15796,756,710,20
15797,756,440,21
15798,756,206,22
15799,756,1258,23
15800,756,1268,24
15801,756,576,25
15802,756,164,26
15803,756,844,27
15804,756,504,28
15805,757,169,1
15806,757,851,2
15807,757,12,3
15808,757,299,4
15809,757,437,5
15810,757,817,6
15811,757,1146,7
15812,757,929,8
15813,757,143,9
15814,757,105,10
15815,757,136,11
15816,757,515,12
15817,757,357,13
15818,757,1014,14
15819,757,1282,15
15820,757,558,16
15821,757,495,17
15822,757,562,18
15823,757,1327,19
15824,757,830,20
15825,757,288,21
15826,757,965,22
15827,757,597,23
15828,757,457,24
15829,757,57,25
15830,758,136,1
15831,758,105,2
15832,758,515,3
15833,758,558,4
15834,758,357,5
15835,758,495,6
15836,758,1282,7
15837,758,1014,8
15838,758,270,9
15839,758,164,10
15840,758,576,11
15841,758,175,12
15842,758,844,13
15843,758,504,14
15844,758,830,15
15845,758,288,16
15846,758,1252,17
15847,758,962,18
15848,758,1130,19
15849,759,965,1
15850,759,288,2
15851,759,105,3
15852,759,1252,4
15853,759,1130,5
15854,759,962,6
15855,759,830,7
15856,759,106,8
15857,759,844,9
15858,759,270,10
15859,759,1282,11
15860,759,558,12
15861,759,495,13
15862,759,136,14
15863,759,515,15
15864,759,175,16
15865,759,1014,17
15866,759,357,18
15867,759,57,19
15868,759,504,20
15869,759,447,21
15870,759,751,22
15871,759,12,23
15872,759,437,24
15873,759,299,25
15874,759,817,26
15875,759,929,27
15876,759,1146,28
15877,759,143,29
15878,759,851,30
15879,760,270,1
15880,760,1014,2
15881,760,844,3
15882,760,515,4
15883,760,558,5
15884,760,105,6
15885,760,175,7
15886,760,136,8
15887,760,1282,9
15888,760,357,10
15889,760,576,11
15890,760,504,12
15891,760,830,13
15892,760,447,14
15893,760,12,15
15894,760,364,16
15895,760,929,17
15896,760,1146,18
15897,760,1130,19
15898,760,962,20
15899,760,57,21
15900,760,299,22
15901,760,437,23
15902,760,495,24
15903,760,5,25
15904,760,326,26
15905,760,710,27
15906,760,1268,28
15907,760,164,29
15908,760,288,30
15909,760,965,31
15910,761,175,1
15911,761,270,2
15912,761,1268,3
15913,761,558,4
15914,761,136,5
15915,761,1282,6
15916,761,844,7
15917,761,495,8
15918,761,1014,9
15919,761,515,10
15920,761,105,11
15921,761,576,12
15922,761,164,13
15923,761,326,14
15924,761,57,15
15925,761,710,16
15926,761,288,17
15927,761,965,18
15928,761,504,19
15929,761,447,20
15930,761,357,21
15931,761,1252,22
15932,761,12,23
15933,761,437,24
15934,761,299,25
15935,761,817,26
15936,761,5,27
15937,761,364,28
15938,761,751,29
15939,761,851,30
15940,761,562,31
15941,762,105,1
15942,762,515,2
15943,762,106,3
15944,762,558,4
15945,762,1282,5
15946,762,1252,6
15947,762,495,7
15948,762,136,8
15949,762,1014,9
15950,762,175,10
15951,762,357,11
15952,762,57,12
15953,762,440,13
15954,762,206,14
15955,762,1258,15
15956,762,326,16
15957,762,164,17
15958,762,576,18
15959,762,710,19
15960,762,1268,20
15961,762,452,21
15962,762,1262,22
15963,762,272,23
15964,763,1258,1
15965,763,326,2
15966,763,1282,3
15967,763,440,4
15968,763,515,5
15969,763,112,6
15970,763,175,7
15971,763,1268,8
15972,763,558,9
15973,763,106,10
15974,763,105,11
15975,763,357,12
15976,763,495,13
15977,763,1014,14
15978,763,136,15
15979,764,1258,1
15980,764,326,2
15981,764,515,3
15982,764,1196,4
15983,764,519,5
15984,764,175,6
15985,764,1282,7
15986,764,112,8
15987,764,1268,9
15988,764,504,10
15989,764,440,11
15990,764,105,12
15991,764,1252,13
15992,764,5,14
15993,764,364,15
15994,764,106,16
15995,764,558,17
15996,764,136,18
15997,764,495,19
15998,764,1014,20
15999,764,357,21
16000,764,1070,22
16001,764,783,23
16002,764,830,24
16003,765,106,1
16004,765,357,2
16005,765,1282,3
16006,765,558,4
16007,765,105,5
16008,765,515,6
16009,765,1014,7
16010,765,175,8
16011,765,1258,9
16012,765,440,10
16013,765,1252,11
16014,765,136,12
16015,765,495,13
16016,765,504,14
16017,765,5,15
16018,765,364,16
16019,765,447,17
16020,765,597,18
16021,765,326,19
16022,765,1268,20
16023,766,440,1
16024,766,515,2
16025,766,558,3
16026,766,1252,4
16027,766,105,5
16028,766,447,6
16029,766,1014,7
16030,766,1282,8
16031,766,175,9
16032,766,357,10
16033,766,495,11
16034,766,136,12
16035,766,64,13
16036,766,450,14
16037,766,112,15
16038,766,326,16
16039,766,597,17
16040,766,504,18
16041,766,169,19
16042,766,817,20
16043,766,437,21
16044,766,1146,22
16045,766,299,23
16046,766,851,24
16047,766,143,25
16048,766,12,26
16049,766,457,27
16050,766,929,28
16051,766,364,29
16052,766,5,30
16053,766,562,31
16054,766,57,32
16055,766,830,33
16056,766,844,34
16057,766,742,36
16058,766,1327,38
16059,767,1014,1
16060,767,495,2
16061,767,1282,3
16062,767,347,4
16063,767,1327,6
16064,767,106,7
16065,767,844,8
16066,767,270,9
16067,767,105,10
16068,767,1252,11
16069,767,504,12
16070,767,447,13
16071,767,364,14
16072,767,5,15
16073,767,558,16
16074,767,136,17
16075,767,175,18
16076,767,357,19
16077,767,515,20
16078,767,742,22
16079,767,710,23
16080,767,1130,24
16081,767,962,25
16082,767,576,26
16083,767,164,27
16084,767,562,28
16085,767,830,29
16086,767,77,30
16087,768,830,1
16088,768,57,2
16089,768,844,3
16090,768,742,4
16091,768,709,5
16092,768,504,7
16093,768,1252,8
16094,768,105,9
16095,768,562,10
16096,768,447,11
16097,768,5,12
16098,768,270,13
16099,768,1130,14
16100,768,962,15
16101,768,558,16
16102,768,136,17
16103,768,515,18
16104,768,1282,19
16105,768,1014,20
16106,768,495,21
16107,768,357,22
16108,768,175,23
16109,768,364,24
16110,768,576,25
16111,768,164,26
16112,768,77,27
16113,768,169,28
16114,768,396,29
16115,769,396,1
16116,769,504,2
16117,769,1014,3
16118,769,558,4
16119,769,175,5
16120,769,136,6
16121,769,357,7
16122,769,169,8
16123,769,742,9
16124,769,709,10
16125,769,495,12
16126,769,515,13
16127,769,1282,14
16128,769,844,15
16129,769,1137,16
16130,769,367,17
16131,769,373,18
16132,769,1266,19
16133,769,70,20
16134,769,1118,21
16135,770,495,1
16136,770,504,2
16137,770,558,3
16138,770,515,4
16139,770,136,5
16140,770,1282,6
16141,770,357,7
16142,770,844,8
16143,770,175,9
16144,770,1014,10
16145,770,169,11
16146,770,1137,12
16147,770,367,13
16148,770,953,14
16149,770,1196,15
16150,770,783,16
16151,770,742,18
16152,770,246,19
16153,770,828,20
16154,770,369,21
16155,770,702,22
16156,770,776,23
16157,770,825,24
16158,770,830,25
16159,770,305,26
16160,770,836,27
16161,770,158,28
16162,770,869,29
16163,770,1070,30
16164,770,288,31
16165,770,965,32
16166,770,396,33
16167,770,709,34
16168,771,709,1
16169,771,558,2
16170,771,396,3
16171,771,136,4
16172,771,515,5
16173,771,357,6
16174,771,175,7
16175,771,1282,8
16176,771,1014,9
16177,771,742,10
16178,771,495,12
16179,771,169,13
16180,771,504,14
16181,771,264,15
16182,771,821,16
16183,771,632,17
16184,771,173,18
16185,771,281,19
16186,771,1035,20
16187,771,1137,21
16188,771,367,22
16189,771,70,23
16190,771,244,24
16191,771,844,25
16192,771,830,26
16193,771,783,27
16194,772,105,1
16195,772,1252,2
16196,772,844,3
16197,772,504,4
16198,772,447,5
16199,772,5,6
16200,772,558,7
16201,772,709,8
16202,772,396,9
16203,772,742,10
16204,772,169,12
16205,772,175,13
16206,772,136,14
16207,772,515,15
16208,772,357,16
16209,772,1014,17
16210,772,1282,18
16211,772,326,19
16212,772,1258,20
16213,772,112,21
16214,772,440,22
16215,772,57,23
16216,772,830,24
16217,772,288,25
16218,772,965,26
16219,772,495,27
16220,772,1051,28
16221,772,246,29
16222,772,177,30
16223,772,796,31
16224,772,679,32
16225,772,1118,33
16226,772,953,34
16227,772,635,35
16228,773,558,1
16229,773,504,2
16230,773,495,3
16231,773,515,4
16232,773,136,5
16233,773,169,6
16234,773,357,7
16235,773,742,8
16236,773,1014,9
16237,773,175,10
16238,773,396,11
16239,773,1282,12
16240,773,844,13
16241,773,709,15
16242,773,635,16
16243,773,685,17
16244,773,791,18
16245,773,115,19
16246,773,833,20
16247,773,813,21
16248,773,1248,22
16249,773,623,23
16250,773,673,24
16251,773,131,25
16252,773,271,26
16253,773,225,27
16254,773,1079,28
16255,773,125,29
16256,773,1346,30
16257,773,327,31
16258,773,337,32
16259,773,807,33
16260,773,1252,34
16261,773,105,35
16262,773,270,36
16263,773,12,37
16264,773,447,38
16265,773,5,39
16266,773,164,40
16267,773,364,41
16268,773,597,42
16269,773,57,43
16270,773,562,44
16271,773,1327,45
16272,773,440,46
16273,773,1130,47
16274,773,437,48
16275,773,851,49
16276,773,1146,50
16277,773,929,51
16278,773,143,52
16279,773,830,53
16280,773,965,54
16281,774,709,1
16282,774,558,2
16283,774,136,3
16284,774,515,4
16285,774,504,5
16286,774,844,6
16287,774,1014,7
16288,774,396,8
16289,774,447,9
16290,774,495,10
16291,774,1282,11
16292,774,175,12
16293,774,169,13
16294,774,357,14
16295,774,576,15
16296,774,164,16
16297,774,105,17
16298,774,1252,18
16299,774,742,19
16300,774,830,21
16301,774,57,22
16302,774,270,23
16303,774,1130,24
16304,774,364,25
16305,774,5,26
16306,774,751,27
16307,774,962,28
16308,774,299,29
16309,774,12,30
16310,774,562,31
16311,774,965,32
16312,774,1327,33
16313,774,1146,34
16314,774,597,35
16315,774,1033,36
16316,774,783,37
16317,774,313,38
16318,775,57,1
16319,775,504,3
16320,775,844,4
16321,775,1252,6
16322,775,558,7
16323,775,742,8
16324,775,175,9
16325,775,136,10
16326,775,357,11
16327,775,576,12
16328,775,164,13
16329,775,169,14
16330,775,1014,15
16331,775,1282,16
16332,775,495,17
16333,775,515,18
16334,775,270,19
16335,775,105,20
16336,775,77,21
16337,775,447,22
16338,775,106,23
16339,775,396,24
16340,775,5,25
16341,775,364,26
16342,775,1327,27
16343,776,57,1
16344,776,576,2
16345,776,175,3
16346,776,742,4
16347,776,709,5
16348,776,396,6
16349,776,844,8
16350,776,504,9
16351,776,635,10
16352,776,270,11
16353,776,1130,12
16354,776,962,13
16355,776,326,14
16356,776,440,15
16357,776,558,16
16358,776,515,17
16359,776,1282,18
16360,776,169,19
16361,776,1014,20
16362,776,357,21
16363,776,495,22
16364,776,136,23
16365,776,447,24
16366,776,851,25
16367,776,437,26
16368,776,817,27
16369,776,105,28
16370,776,164,29
16371,776,5,30
16372,776,364,31
16373,776,77,32
16374,776,299,33
16375,776,12,34
16376,776,1327,35
16377,776,597,36
16378,776,509,37
16379,776,763,38
16380,776,1240,39
16381,777,509,1
16382,777,170,2
16383,777,714,3
16384,777,894,4
16385,777,822,5
16386,777,1008,6
16387,777,855,7
16388,777,763,8
16389,777,326,9
16390,777,515,10
16391,777,558,11
16392,777,136,12
16393,777,175,13
16394,777,357,14
16395,777,612,15
16396,777,1120,16
16397,777,441,17
16398,777,1240,18
16399,777,510,19
16400,777,230,20
16401,777,323,21
16402,777,1246,22
16403,777,1238,23
16404,777,1317,24
16405,777,832,25
16406,777,930,26
16407,777,195,27
16408,777,1334,28
16409,777,389,29
16410,777,272,30
16411,777,604,31
16412,777,598,32
16413,777,593,33
16414,777,1011,34
16415,777,644,35
16416,777,348,36
16417,777,502,37
16418,777,1282,38
16419,777,495,39
16420,777,463,40
16421,777,440,41
16422,777,447,42
16423,777,1252,43
16424,778,1252,1
16425,778,515,2
16426,778,1282,3
16427,778,558,4
16428,778,175,5
16429,778,440,6
16430,778,447,7
16431,778,1104,8
16432,778,698,9
16433,778,889,10
16434,778,102,11
16435,778,372,12
16436,778,1160,13
16437,778,357,14
16438,778,509,15
16439,778,136,16
16440,778,931,17
16441,778,682,20
16442,778,1070,21
16443,778,383,22
16444,778,636,23
16445,778,114,24
16446,778,375,25
16447,778,316,26
16448,778,1044,27
16449,778,560,28
16450,778,343,29
16451,778,727,30
16452,779,558,1
16453,779,440,2
16454,779,175,3
16455,779,447,4
16456,779,1282,5
16457,779,1252,6
16458,779,515,7
16459,779,560,8
16460,779,343,9
16461,779,559,10
16462,779,326,11
16463,779,721,12
16464,779,623,13
16465,779,813,14
16466,779,987,15
16467,779,57,16
16468,779,844,17
16469,779,1327,18
16470,779,105,19
16471,779,830,20
16472,779,783,21
16473,779,169,22
16474,779,1033,23
16475,780,1252,1
16476,780,515,2
16477,780,558,3
16478,780,1282,4
16479,780,175,5
16480,780,447,6
16481,780,105,7
16482,780,440,8
16483,780,559,11
16484,780,730,12
16485,781,1252,1
16486,781,558,2
16487,781,515,6
16488,781,175,7
16489,781,1282,8
16490,782,558,2
16491,782,1252,3
16492,782,175,4
16493,782,515,5
16494,782,1282,6
16495,782,685,10
16496,782,440,11
16497,782,447,12
16498,783,440,1
16499,783,175,2
16500,783,1282,3
16501,783,1252,4
16502,783,447,5
16503,783,515,6
16504,783,558,7
16505,783,405,8
16506,783,326,9
16507,783,206,10
16508,783,64,11
16509,783,1014,12
16510,783,357,13
16511,783,495,14
16512,783,136,15
16513,783,1258,16
16514,783,112,17
16515,783,1170,18
16516,783,116,20
16517,783,117,21
16518,783,943,23
16519,783,1268,24
16520,783,1222,25
16521,784,1282,1
16522,784,447,2
16523,784,175,3
16524,784,558,4
16525,784,440,5
16526,784,515,6
16527,784,1252,7
16528,784,116,8
16529,784,117,9
16530,785,117,1
16531,785,440,2
16532,785,1252,3
16533,785,1282,4
16534,785,558,5
16535,785,175,6
16536,785,515,7
16537,785,116,8
16538,785,447,9
16539,785,1054,10
16540,785,326,11
16541,785,1374,12
16542,786,558,1
16543,786,175,2
16544,786,440,3
16545,786,515,4
16546,786,1252,5
16547,786,1282,6
16548,786,447,7
16549,786,1147,8
16550,786,398,9
16551,786,1170,10
16552,786,490,11
16553,786,1089,13
16554,786,388,14
16555,786,1196,15
16556,786,415,16
16557,786,60,17
16558,786,519,18
16559,787,1170,1
16560,787,1282,2
16561,787,175,3
16562,787,447,4
16563,787,515,5
16564,787,558,6
16565,787,1252,7
16566,787,398,8
16567,787,490,9
16568,787,326,10
16569,787,1258,11
16570,787,112,12
16571,787,121,13
16572,787,119,14
16573,788,121,1
16574,788,119,2
16575,788,1170,3
16576,788,515,4
16577,788,558,5
16578,788,175,6
16579,788,1282,7
16580,788,447,8
16581,788,1252,9
16582,788,60,10
16583,788,415,11
16584,788,1196,12
16585,788,519,13
16586,788,206,14
16587,788,1183,15
16588,789,1196,1
16589,789,519,2
16590,789,206,3
16591,789,1183,4
16592,789,1186,5
16593,789,1205,6
16594,789,1176,7
16595,789,807,8
16596,789,558,9
16597,789,515,10
16598,789,1252,11
16599,789,1282,12
16600,789,447,13
16601,789,175,14
16602,789,416,15
16603,789,995,16
16604,789,337,17
16605,789,272,18
16606,789,136,19
16607,789,495,20
16608,789,326,21
16609,789,357,22
16610,789,604,23
16611,789,216,24
16612,789,1014,25
16613,790,1183,1
16614,790,1186,2
16615,790,1205,3
16616,790,1176,4
16617,790,1196,5
16618,790,807,6
16619,790,110,7
16620,790,1374,8
16621,790,416,9
16622,790,558,10
16623,790,1171,11
16624,790,519,12
16625,790,175,13
16626,790,1282,14
16627,790,515,15
16628,790,447,16
16629,790,1252,17
16630,790,844,18
16631,790,504,19
16632,790,169,20
16633,790,357,21
16634,790,136,22
16635,790,1014,23
16636,790,396,24
16637,790,742,26
16638,790,495,27
16639,790,709,28
16640,790,953,29
16641,790,326,30
16642,791,515,1
16643,791,175,2
16644,791,1252,3
16645,791,1282,4
16646,791,447,5
16647,791,558,6
16648,791,326,7
16649,791,1268,8
16650,791,489,9
16651,791,1226,10
16652,792,515,1
16653,792,1252,2
16654,792,175,3
16655,792,412,4
16656,792,388,5
16657,792,326,6
16658,792,116,7
16659,792,121,8
16660,792,119,9
16661,792,558,10
16662,792,1226,11
16663,793,326,1
16664,793,117,2
16665,793,123,3
16666,793,558,4
16667,793,116,5
16668,793,121,6
16669,793,119,7
16670,794,123,1
16671,794,326,2
16672,794,117,3
16673,794,558,4
16674,794,1282,5
16675,794,447,6
16676,794,807,7
16677,794,412,8
16678,794,175,9
16679,794,355,10
16680,794,817,11
16681,794,296,12
16682,794,121,13
16683,794,116,14
16684,794,119,15
16685,794,515,16
16686,794,1252,17
16687,794,1170,18
16688,794,64,19
16689,795,807,1
16690,795,447,2
16691,795,1282,3
16692,795,272,4
16693,795,558,5
16694,795,357,6
16695,795,175,7
16696,795,495,8
16697,795,604,9
16698,795,326,10
16699,795,515,11
16700,795,136,12
16701,795,216,13
16702,795,1170,14
16703,795,206,15
16704,795,1252,16
16705,795,1258,17
16706,795,112,18
16707,795,943,19
16708,795,1254,20
16709,795,1222,21
16710,795,440,22
16711,795,1196,23
16712,795,1268,24
16713,795,1372,25
16714,795,130,26
16715,795,1065,27
16716,795,569,28
16717,795,262,29
16718,795,1070,30
16719,795,132,31
16720,795,169,32
16721,795,258,33
16722,795,1174,34
16723,795,412,35
16724,796,412,1
16725,796,326,2
16726,796,1252,3
16727,796,175,4
16728,796,1170,5
16729,796,515,6
16730,796,558,7
16731,796,1226,8
16732,796,388,9
16733,796,1196,10
16734,796,1216,11
16735,796,489,12
16736,797,1216,1
16737,797,515,2
16738,797,175,3
16739,797,1252,4
16740,797,326,5
16741,797,558,6
16742,797,412,7
16743,797,1170,8
16744,797,1196,9
16745,797,656,10
16746,797,136,11
16747,797,388,14
16748,797,1226,15
16749,797,735,16
16750,797,123,17
16751,797,121,18
16752,797,119,19
16753,797,116,20
16754,797,117,21
16755,798,1216,1
16756,798,558,2
16757,798,515,3
16758,798,412,4
16759,798,388,5
16760,798,1226,6
16761,798,175,7
16762,798,735,8
16763,798,1033,9
16764,798,313,10
16765,798,1258,11
16766,798,138,12
16767,798,1196,14
16768,799,326,1
16769,799,117,2
16770,799,121,3
16771,799,119,4
16772,799,116,5
16773,799,123,6
16774,799,558,7
16775,799,1216,8
16776,799,1282,9
16777,799,447,10
16778,799,1252,11
16779,799,175,12
16780,799,515,13
16781,799,388,14
16782,799,735,15
16783,799,412,16
16784,800,558,1
16785,800,1216,2
16786,800,735,3
16787,800,515,4
16788,800,412,5
16789,800,1196,6
16790,800,1252,7
16791,800,175,8
16792,800,1282,9
16793,800,447,10
16794,800,519,11
16795,800,116,12
16796,800,123,13
16797,800,117,14
16798,800,326,15
16799,800,121,16
16800,800,119,17
16801,800,1123,18
16802,801,558,1
16803,801,1216,2
16804,801,123,3
16805,801,119,4
16806,801,326,5
16807,801,1123,6
16808,801,116,7
16809,801,117,8
16810,801,121,9
16811,801,64,10
16812,801,206,11
16813,802,558,1
16814,802,735,2
16815,802,515,3
16816,802,1216,4
16817,802,1226,5
16818,802,175,6
16819,802,1252,7
16820,802,1196,8
16821,802,519,9
16822,802,1170,10
16823,802,1123,11
16824,802,326,12
16825,802,119,13
16826,802,116,14
16827,802,123,15
16828,802,121,16
16829,803,515,1
16830,803,735,2
16831,803,1216,3
16832,803,558,4
16833,803,326,5
16834,803,828,6
16835,803,1070,7
16836,803,709,8
16837,803,175,9
16838,803,1282,10
16839,803,119,11
16840,803,116,12
16841,803,121,13
16842,803,64,14
16843,803,1123,15
16844,803,123,16
16845,803,117,17
16846,803,555,18
16847,804,123,1
16848,804,119,2
16849,804,116,3
16850,804,121,4
16851,804,117,5
16852,804,326,6
16853,804,118,7
16854,804,1037,8
16855,805,326,1
16856,805,119,2
16857,805,116,3
16858,805,121,4
16859,805,117,5
16860,805,123,6
16861,805,515,7
16862,805,558,8
16863,805,735,9
16864,805,1216,10
16865,805,1226,11
16866,805,175,12
16867,805,1252,13
16868,805,1123,14
16869,805,64,15
16870,805,1250,16
16871,805,450,17
16872,806,326,1
16873,806,117,2
16874,806,558,3
16875,806,1216,4
16876,806,735,5
16877,806,515,6
16878,806,1196,7
16879,806,1186,8
16880,806,1205,9
16881,806,1176,10
16882,806,412,11
16883,806,60,12
16884,806,415,13
16885,806,1170,14
16886,806,440,15
16887,806,175,16
16888,806,1252,17
16889,806,1226,18
16890,806,116,19
16891,806,119,20
16892,806,121,21
16893,806,123,22
16894,806,480,23
16895,806,1014,24
16896,806,136,25
16897,806,357,26
16898,806,495,27
16899,806,1282,28
16900,807,971,1
16901,807,326,2
16902,807,558,3
16903,807,707,4
16904,807,64,5
16905,807,735,6
16906,807,515,7
16907,807,175,8
16908,807,1252,9
16909,807,1226,10
16910,807,388,11
16911,807,489,12
16912,807,1258,13
16913,807,1282,14
16914,807,1268,15
16915,807,1216,16
16916,807,116,17
16917,807,123,18
16918,807,119,19
16919,807,121,20
16920,807,117,21
16921,807,1250,22
16922,807,450,23
16923,807,355,24
16924,807,296,25
16925,807,817,26
16926,807,1093,27
16927,808,64,2
16928,808,123,3
16929,808,117,4
16930,808,558,5
16931,808,116,6
16932,808,119,7
16933,808,735,8
16934,808,515,9
16935,808,121,10
16936,808,357,11
16937,808,495,12
16938,808,175,13
16939,808,136,14
16940,808,1014,15
16941,808,1282,16
16942,808,112,17
16943,808,509,18
16944,808,763,19
16945,808,118,20
16946,808,1216,21
16947,808,1326,22
16948,808,1387,23
16949,809,1196,1
16950,809,519,2
16951,809,1216,3
16952,809,60,4
16953,809,415,5
16954,809,558,6
16955,809,515,7
16956,809,735,8
16957,809,116,9
16958,809,119,10
16959,809,326,11
16960,809,123,12
16961,809,1215,13
16962,809,1225,14
16963,809,1191,15
16964,809,1204,16
16965,809,1300,17
16966,809,1205,18
16967,809,1235,19
16968,809,1237,20
16969,809,1176,21
16970,809,1186,22
16971,809,1168,23
16972,809,1182,24
16973,809,1224,25
16974,809,117,26
16975,809,206,27
16976,809,121,28
16977,809,1163,29
16978,809,1214,30
16979,809,1232,31
16980,809,1210,32
16981,809,1230,33
16982,809,1162,34
16983,809,1180,35
16984,809,1170,36
16985,809,490,37
16986,810,515,1
16987,810,735,2
16988,810,558,3
16989,810,1205,4
16990,810,1186,5
16991,810,1168,6
16992,810,1182,7
16993,810,1300,8
16994,810,1204,9
16995,810,1191,10
16996,810,1225,11
16997,810,1224,12
16998,810,1215,13
16999,810,1176,14
17000,810,1237,15
17001,810,1170,16
17002,810,326,17
17003,810,398,18
17004,810,490,19
17005,810,119,20
17006,810,116,21
17007,810,121,22
17008,810,123,23
17009,810,1196,24
17010,810,1252,25
17011,810,175,26
17012,810,1226,27
17013,810,388,28
17014,811,558,1
17015,811,1191,2
17016,811,1204,3
17017,811,1300,4
17018,811,515,5
17019,811,735,6
17020,811,1205,7
17021,811,1186,9
17022,811,1176,10
17023,811,388,11
17024,811,175,12
17025,811,1252,13
17026,811,1226,14
17027,811,489,15
17028,811,1089,16
17029,811,1168,17
17030,811,1215,18
17031,811,1224,19
17032,811,326,20
17033,811,1196,21
17034,811,1225,22
17035,811,1235,23
17036,811,1182,24
17037,812,326,1
17038,812,515,2
17039,812,558,3
17040,812,1300,4
17041,812,1237,5
17042,812,1186,6
17043,812,1205,7
17044,812,1176,8
17045,812,1204,9
17046,812,1191,10
17047,812,1182,11
17048,812,1215,12
17049,812,1225,13
17050,812,1224,14
17051,812,175,15
17052,812,1252,16
17053,812,489,17
17054,812,1089,18
17055,812,388,19
17056,812,1226,20
17057,812,1282,21
17058,812,457,22
17059,812,206,23
17060,812,1167,24
17061,812,807,25
17062,812,110,26
17063,812,447,27
17064,812,623,28
17065,812,1196,29
17066,812,783,30
17067,812,290,31
17068,812,123,32
17069,812,119,33
17070,812,121,34
17071,812,116,35
17072,812,117,36
17073,812,1174,37
17074,813,1176,1
17075,813,1205,2
17076,813,1182,3
17077,813,1186,4
17078,813,1174,5
17079,813,558,6
17080,813,515,7
17081,813,1300,8
17082,813,1196,9
17083,813,60,10
17084,813,519,11
17085,813,656,12
17086,813,175,13
17087,813,1196,14
17088,813,136,15
17089,813,1387,16
17090,813,326,17
17091,813,206,18
17092,813,1167,19
17093,813,447,20
17094,813,1170,21
17095,813,1230,22
17096,813,1282,23
17097,814,447,1
17098,814,206,2
17099,814,1167,3
17100,814,1282,4
17101,814,1047,5
17102,814,326,6
17103,814,1170,7
17104,814,1226,8
17105,814,1252,9
17106,814,1089,10
17107,814,175,11
17108,814,489,12
17109,814,388,13
17110,814,558,14
17111,814,1176,15
17112,814,515,16
17113,815,558,1
17114,815,515,2
17115,815,1170,3
17116,815,1176,4
17117,815,116,5
17118,815,121,6
17119,815,123,7
17120,815,119,8
17121,815,326,9
17122,815,1047,10
17123,815,1196,11
17124,815,519,12
17125,815,1226,13
17126,815,1252,14
17127,815,388,15
17128,815,175,16
17129,815,489,17
17130,815,1089,18
17131,815,1282,19
17132,815,1167,20
17133,815,117,21
17134,815,447,22
17135,815,206,23
17136,816,175,1
17137,816,1252,2
17138,816,1089,3
17139,816,1226,4
17140,816,1196,5
17141,816,1176,6
17142,816,558,7
17143,816,515,8
17144,816,117,9
17145,816,1170,10
17146,816,519,11
17147,816,1282,12
17148,816,60,13
17149,816,415,14
17150,816,447,15
17151,816,206,16
17152,816,61,17
17153,816,440,18
17154,816,326,19
17155,816,710,20
17156,816,270,21
17157,816,12,22
17158,816,437,23
17159,816,299,24
17160,816,844,25
17161,816,504,26
17162,816,164,27
17163,816,576,28
17164,817,558,1
17165,817,515,2
17166,817,1176,3
17167,817,326,4
17168,817,1170,5
17169,817,1047,6
17170,817,490,7
17171,817,117,8
17172,817,398,9
17173,817,123,10
17174,817,121,11
17175,817,116,12
17176,817,119,13
17177,818,326,1
17178,818,117,2
17179,818,490,3
17180,818,1170,4
17181,818,398,5
17182,818,1196,6
17183,818,519,7
17184,818,123,8
17185,818,1282,9
17186,818,415,10
17187,818,60,11
17188,818,1089,12
17189,818,175,13
17190,818,1226,14
17191,818,1252,15
17192,818,1176,16
17193,818,558,17
17194,818,515,18
17195,818,807,19
17196,819,117,1
17197,819,326,2
17198,819,515,3
17199,819,558,4
17200,819,807,5
17201,819,1176,6
17202,819,735,7
17203,819,1170,8
17204,819,123,9
17205,819,118,10
17206,819,121,11
17207,819,116,12
17208,819,119,13
17209,819,1037,14
17210,820,558,1
17211,820,326,2
17212,820,1224,3
17213,820,1215,4
17214,820,117,5
17215,820,64,6
17216,820,447,7
17217,820,1282,9
17218,820,1196,10
17219,820,519,11
17220,820,415,12
17221,820,60,13
17222,820,1167,14
17223,820,1170,15
17224,820,490,16
17225,821,206,1
17226,821,447,2
17227,821,1252,3
17228,821,175,4
17229,821,1226,5
17230,821,1089,6
17231,821,558,7
17232,821,326,8
17233,821,515,9
17234,821,1282,10
17235,821,1225,11
17236,821,1224,12
17237,821,117,13
17238,821,357,14
17239,821,495,15
17240,821,136,16
17241,821,1014,17
17242,821,807,18
17243,821,116,19
17244,821,121,20
17245,821,64,21
17246,821,123,22
17247,821,1196,23
17248,821,1170,24
17249,821,490,25
17250,822,558,1
17251,822,807,2
17252,822,515,3
17253,822,1226,4
17254,822,447,5
17255,822,175,6
17256,822,1252,7
17257,822,1089,8
17258,822,1196,9
17259,822,1282,10
17260,822,415,11
17261,822,519,12
17262,822,60,13
17263,822,1170,14
17264,822,490,15
17265,822,121,16
17266,822,119,17
17267,822,116,18
17268,822,117,19
17269,822,123,20
17270,822,326,21
17271,822,1047,22
17272,822,1212,23
17273,822,1198,24
17274,822,1182,25
17275,822,1235,26
17276,822,1177,27
17277,822,1186,28
17278,822,1205,29
17279,822,1187,30
17280,822,1237,31
17281,822,1176,32
17282,822,206,33
17283,822,136,34
17284,822,495,35
17285,822,357,36
17286,822,1014,37
17287,822,1300,38
17288,823,1300,1
17289,823,326,2
17290,823,807,3
17291,823,1226,4
17292,823,447,5
17293,823,175,6
17294,823,515,7
17295,823,1252,8
17296,823,1089,9
17297,823,1282,10
17298,823,1196,11
17299,823,60,12
17300,823,519,13
17301,823,415,14
17302,823,558,15
17303,823,1215,16
17304,824,326,1
17305,824,558,2
17306,824,1215,3
17307,824,735,4
17308,824,1300,5
17309,824,112,6
17310,824,1282,7
17311,824,515,8
17312,824,447,9
17313,824,175,10
17314,824,1252,11
17315,824,807,12
17316,824,1089,13
17317,824,1226,14
17318,824,206,15
17319,824,60,16
17320,824,1196,17
17321,824,415,18
17322,824,519,19
17323,824,1167,20
17324,824,440,21
17325,824,1258,22
17326,824,1222,23
17327,824,123,24
17328,824,121,25
17329,824,116,26
17330,824,119,27
17331,824,1186,28
17332,824,117,29
17333,824,1205,30
17334,824,1176,31
17335,824,1225,32
17336,824,1224,33
17337,825,558,1
17338,825,1215,2
17339,825,735,3
17340,825,326,4
17341,825,450,5
17342,825,1250,6
17343,825,64,7
17344,825,116,8
17345,825,119,9
17346,825,121,10
17347,825,117,11
17348,825,123,12
17349,825,1170,13
17350,825,1196,14
17351,825,357,15
17352,825,515,16
17353,825,1282,17
17354,825,495,18
17355,825,136,19
17356,825,175,20
17357,825,1014,21
17358,825,1200,22
17359,826,735,1
17360,826,558,2
17361,826,326,3
17362,826,515,4
17363,826,1282,5
17364,826,447,6
17365,826,807,7
17366,826,1252,8
17367,826,1226,9
17368,826,175,10
17369,826,1089,11
17370,826,117,12
17371,826,1196,13
17372,826,519,14
17373,826,415,15
17374,826,60,16
17375,826,1200,17
17376,826,1167,18
17377,826,1174,19
17378,826,1218,20
17379,826,1211,21
17380,826,1175,22
17381,826,1258,23
17382,826,504,24
17383,826,1222,26
17384,826,1254,27
17385,826,440,28
17386,826,1374,29
17387,826,112,30
17388,826,943,31
17389,826,1268,32
17390,827,515,1
17391,827,447,2
17392,827,1252,3
17393,827,1282,4
17394,827,175,5
17395,827,807,6
17396,827,558,7
17397,827,326,8
17398,827,735,9
17399,827,1226,10
17400,827,1089,11
17401,827,1258,12
17402,827,112,13
17403,827,943,14
17404,827,227,16
17405,827,440,17
17406,827,1171,18
17407,827,1374,19
17408,827,1222,20
17409,827,1254,21
17410,827,1195,22
17411,827,657,23
17412,827,1196,24
17413,827,519,25
17414,827,1175,26
17415,828,807,1
17416,828,1252,2
17417,828,515,3
17418,828,558,4
17419,828,175,5
17420,828,326,6
17421,828,447,7
17422,828,943,8
17423,828,1258,9
17424,828,112,10
17425,828,1222,11
17426,828,1268,12
17427,828,652,13
17428,828,549,14
17429,828,1056,15
17430,828,976,16
17431,828,145,17
17432,828,224,18
17433,828,1196,19
17434,828,519,20
17435,828,415,21
17436,828,1167,22
17437,828,1200,23
17438,828,1220,24
17439,828,1221,25
17440,828,1172,26
17441,828,1227,27
17442,828,1193,29
17443,828,1173,30
17444,828,1181,31
17445,828,1159,32
17446,828,1203,33
17447,828,1219,34
17448,828,1217,35
17449,828,1184,36
17450,828,1190,37
17451,828,1234,38
17452,828,1254,39
17453,828,1251,40
17454,829,1222,1
17455,829,1254,2
17456,829,175,3
17457,829,558,4
17458,829,515,5
17459,829,326,6
17460,829,447,7
17461,829,1282,8
17462,829,1252,9
17463,829,1268,10
17464,829,807,11
17465,829,112,12
17466,829,1258,13
17467,829,943,14
17468,829,1170,15
17469,829,1196,16
17470,829,519,17
17471,829,1226,18
17472,829,1300,19
17473,829,1186,20
17474,829,1205,21
17475,829,1047,22
17476,829,457,23
17477,829,119,24
17478,829,123,25
17479,829,121,26
17480,829,415,27
17481,829,60,28
17482,829,1171,29
17483,829,440,30
17484,829,1374,31
17485,829,110,32
17486,829,1011,33
17487,829,644,34
17488,829,348,35
17489,829,502,36
17490,829,272,37
17491,829,116,38
17492,829,117,39
17493,829,490,40
17494,829,398,41
17495,830,1170,1
17496,830,326,2
17497,830,943,3
17498,830,117,4
17499,830,119,5
17500,830,121,6
17501,830,116,7
17502,830,123,8
17503,830,1258,9
17504,830,112,10
17505,830,1252,11
17506,830,175,12
17507,830,1282,13
17508,830,447,14
17509,830,807,15
17510,830,558,16
17511,830,515,17
17512,830,1196,18
17513,830,652,19
17514,830,224,20
17515,830,1056,21
17516,830,549,22
17517,830,976,23
17518,830,145,24
17519,830,1174,25
17520,830,1200,26
17521,830,1191,27
17522,830,1204,28
17523,830,1167,29
17524,830,808,30
17525,830,1175,35
17526,830,1211,36
17527,830,415,37
17528,830,60,38
17529,830,519,39
17530,830,1221,40
17531,830,1172,41
17532,830,1234,42
17533,830,1218,43
17534,830,1231,44
17535,830,1205,45
17536,830,1186,47
17537,830,1235,48
17538,831,1170,1
17539,831,326,2
17540,831,1258,3
17541,831,558,4
17542,831,515,5
17543,831,112,6
17544,831,1174,7
17545,831,1218,8
17546,831,1200,9
17547,831,1167,10
17548,831,1211,11
17549,831,1175,12
17550,831,1190,13
17551,831,1187,14
17552,831,1184,15
17553,831,1227,16
17554,831,1213,17
17555,831,1207,18
17556,831,1196,19
17557,831,519,20
17558,831,943,21
17559,831,1251,23
17560,831,224,24
17561,831,549,25
17562,831,145,26
17563,831,652,27
17564,831,976,28
17565,831,1268,29
17566,831,175,30
17567,831,1282,31
17568,831,447,32
17569,831,1252,33
17570,831,1226,34
17571,831,1089,35
17572,831,807,36
17573,831,119,37
17574,831,116,38
17575,831,121,39
17576,831,1056,40
17577,831,117,41
17578,831,1221,42
17579,831,227,43
17580,831,123,44
17581,831,1172,45
17582,831,415,46
17583,831,60,47
17584,831,1234,48
17585,832,1258,1
17586,832,807,2
17587,832,1268,3
17588,832,1226,4
17589,832,558,5
17590,832,1089,6
17591,832,515,7
17592,832,1252,8
17593,832,447,9
17594,832,175,10
17595,832,1282,11
17596,832,60,12
17597,832,1056,13
17598,832,457,14
17599,832,145,15
17600,832,1170,16
17601,832,326,17
17602,832,121,18
17603,832,123,19
17604,832,116,20
17605,832,119,21
17606,832,1200,22
17607,832,1167,23
17608,832,117,24
17609,832,1205,25
17610,832,1237,26
17611,832,1211,27
17612,832,227,28
17613,832,1196,29
17614,832,519,30
17615,832,976,31
17616,832,549,32
17617,832,652,33
17618,832,224,34
17619,832,1131,35
17620,832,1173,36
17621,832,1189,37
17622,832,1181,38
17623,832,1186,39
17624,832,1175,40
17625,832,1172,41
17626,832,1221,42
17627,832,1212,43
17628,832,1231,44
17629,832,1233,45
17630,832,1174,47
17631,832,112,48
17632,832,943,49
17633,832,1208,50
17634,832,1218,51
17635,832,1213,53
17636,832,1198,55
17637,832,1227,56
17638,832,1184,57
17639,832,1177,58
17640,833,558,1
17641,833,1258,2
17642,833,175,3
17643,833,1226,4
17644,833,1196,5
17645,833,519,6
17646,833,652,7
17647,833,549,8
17648,833,1282,9
17649,833,145,10
17650,833,1056,11
17651,833,326,12
17652,833,1170,13
17653,833,1211,14
17654,833,1175,15
17655,833,117,16
17656,833,121,17
17657,833,1172,18
17658,833,1186,19
17659,833,1167,20
17660,833,1177,21
17661,833,1235,22
17662,833,1182,23
17663,833,1198,24
17664,833,1212,25
17665,833,1205,26
17666,833,1237,27
17667,833,1176,28
17668,833,206,29
17669,833,227,30
17670,833,1268,31
17671,833,1252,32
17672,833,515,33
17673,833,447,34
17674,833,807,35
17675,833,112,36
17676,833,943,37
17677,833,116,38
17678,833,119,39
17679,833,123,40
17680,833,60,41
17681,833,415,42
17682,833,1200,43
17683,833,1203,44
17684,833,1188,45
17685,833,1181,46
17686,833,1173,47
17687,833,1174,48
17688,833,1218,49
17689,833,1221,50
17690,833,1220,51
17691,833,1251,52
17692,834,1196,1
17693,834,519,2
17694,834,415,3
17695,834,807,4
17696,834,558,5
17697,834,1251,6
17698,834,1282,7
17699,834,1056,8
17700,834,652,9
17701,834,145,10
17702,834,1174,11
17703,834,1191,12
17704,834,1204,13
17705,834,549,14
17706,834,1167,15
17707,834,1186,16
17708,834,175,17
17709,834,515,18
17710,834,1252,19
17711,834,1258,20
17712,834,60,21
17713,834,112,22
17714,834,943,23
17715,834,1193,24
17716,834,1227,25
17717,834,1208,26
17718,834,976,27
17719,834,1189,29
17720,834,1131,30
17721,834,123,31
17722,834,119,32
17723,834,121,33
17724,834,116,34
17725,834,117,35
17726,834,1170,36
17727,834,326,37
17728,834,1211,38
17729,834,1226,39
17730,834,1268,40
17731,834,1172,43
17732,834,1175,44
17733,834,447,45
17734,834,206,46
17735,834,440,47
17736,834,61,48
17737,834,1181,49
17738,834,1212,50
17739,834,1173,51
17740,834,1221,52
17741,834,1207,53
17742,834,1231,55
17743,834,1200,56
17744,834,1190,57
17745,835,1221,1
17746,835,1173,2
17747,835,123,3
17748,835,1186,4
17749,835,121,5
17750,835,1207,6
17751,835,1212,8
17752,835,119,9
17753,835,1190,10
17754,835,1205,11
17755,835,1231,12
17756,835,117,13
17757,835,1181,14
17758,835,116,15
17759,835,1174,16
17760,835,326,17
17761,835,1177,18
17762,835,1208,20
17763,835,1211,21
17764,835,1268,22
17765,835,1226,23
17766,835,1196,24
17767,835,519,25
17768,835,558,26
17769,835,1251,27
17770,835,1258,28
17771,835,1282,29
17772,835,1200,30
17773,835,1198,32
17774,835,1193,33
17775,835,1213,35
17776,835,447,36
17777,835,807,37
17778,835,1167,38
17779,835,1227,39
17780,835,1220,40
17781,835,1189,41
17782,835,1172,42
17783,835,1234,43
17784,835,1175,44
17785,835,976,45
17786,835,118,46
17787,835,1252,47
17788,835,515,48
17789,835,175,49
17790,835,549,50
17791,835,224,51
17792,835,112,52
17793,835,943,53
17794,836,558,1
17795,836,1196,2
17796,836,519,3
17797,836,1251,4
17798,836,1283,5
17799,836,1062,6
17800,836,975,7
17801,836,933,8
17802,836,761,9
17803,836,473,10
17804,836,254,11
17805,836,951,12
17806,836,136,13
17807,836,401,14
17808,836,340,15
17809,836,152,16
17810,836,1027,17
17811,836,818,18
17812,836,1245,19
17813,836,357,20
17814,836,1296,21
17815,836,465,22
17816,836,1044,23
17817,836,1152,24
17818,836,1311,25
17819,836,857,26
17820,836,650,27
17821,836,1324,28
17822,836,668,29
17823,836,169,30
17824,836,1014,31
17825,836,495,32
17826,836,1295,33
17827,836,10,34
17828,836,788,35
17829,836,1338,36
17830,836,742,37
17831,836,220,39
17832,836,798,40
17833,836,820,41
17834,836,952,42
17835,836,368,43
17836,837,798,1
17837,837,1196,2
17838,837,975,3
17839,837,1251,4
17840,837,933,5
17841,837,761,6
17842,837,473,7
17843,837,455,8
17844,837,820,9
17845,837,401,10
17846,837,519,11
17847,837,1175,12
17848,837,1200,13
17849,837,1167,14
17850,837,943,15
17851,837,112,16
17852,837,1258,17
17853,837,558,18
17854,837,447,19
17855,838,1196,1
17856,838,519,2
17857,838,943,3
17858,838,112,4
17859,838,1258,5
17860,838,558,6
17861,838,515,7
17862,838,1252,8
17863,838,121,9
17864,838,123,11
17865,838,175,12
17866,838,117,13
17867,838,119,14
17868,838,447,15
17869,838,807,16
17870,838,1282,17
17871,838,1170,18
17872,838,549,19
17873,838,224,20
17874,838,652,21
17875,838,1056,22
17876,838,976,23
17877,838,1268,24
17878,838,1226,25
17879,838,1200,26
17880,838,1175,27
17881,838,1167,28
17882,838,1198,29
17883,838,1172,30
17884,838,1212,31
17885,838,1211,32
17886,838,401,33
17887,838,933,34
17888,838,820,35
17889,838,227,36
17890,838,1251,37
17891,838,1174,38
17892,838,1186,39
17893,838,1205,40
17894,838,1231,41
17895,838,415,42
17896,838,60,43
17897,838,457,44
17898,838,1221,45
17899,838,1181,46
17900,838,1207,47
17901,838,1187,48
17902,838,1218,49
17903,838,1189,50
17904,838,1213,51
17905,838,1184,52
17906,838,1237,53
17907,838,1220,56
17908,838,1173,57
17909,839,1258,1
17910,839,558,2
17911,839,807,3
17912,839,1282,4
17913,839,447,5
17914,839,1200,6
17915,839,1167,7
17916,839,1175,8
17917,839,1211,9
17918,839,1196,10
17919,839,519,11
17920,839,1208,12
17921,839,1186,13
17922,839,1199,14
17923,839,1220,15
17924,839,943,16
17925,839,112,17
17926,839,1205,18
17927,839,1177,19
17928,839,1198,20
17929,839,515,21
17930,839,175,22
17931,839,1252,23
17932,839,652,24
17933,839,549,25
17934,839,224,26
17935,839,1268,27
17936,839,1226,28
17937,839,1221,29
17938,839,1203,30
17939,839,1173,31
17940,839,1172,32
17941,839,1193,33
17942,839,1212,34
17943,839,1159,35
17944,839,1197,36
17945,839,1191,37
17946,839,1204,38
17947,839,1227,39
17948,839,1237,40
17949,839,1231,41
17950,839,1188,43
17951,839,1184,44
17952,839,1187,45
17953,839,1218,46
17954,839,1190,47
17955,839,117,48
17956,839,116,49
17957,839,121,50
17958,839,119,51
17959,839,123,52
17960,839,1207,53
17961,839,1181,54
17962,839,1164,55
17963,839,1174,56
17964,839,1235,57
17965,839,1170,58
17966,839,1222,59
17967,840,1196,1
17968,840,519,2
17969,840,1200,3
17970,840,1175,4
17971,840,1167,5
17972,840,1211,6
17973,840,457,7
17974,840,1174,8
17975,840,1226,9
17976,840,1177,10
17977,840,1220,11
17978,840,1186,12
17979,840,1237,13
17980,840,1231,14
17981,840,1258,15
17982,840,1222,16
17983,840,1254,17
17984,840,175,18
17985,840,558,19
17986,840,1252,20
17987,840,515,21
17988,840,447,22
17989,840,807,23
17990,840,1282,24
17991,840,121,25
17992,840,119,26
17993,840,123,27
17994,840,116,28
17995,840,117,29
17996,840,112,30
17997,840,1268,31
17998,840,943,32
17999,840,326,33
18000,840,1190,34
18001,840,1205,35
18002,840,1213,36
18003,840,1164,37
18004,840,64,38
18005,841,1196,1
18006,841,519,2
18007,841,1237,3
18008,841,1218,4
18009,841,1177,5
18010,841,121,6
18011,841,1203,7
18012,841,119,8
18013,841,1184,9
18014,841,1193,10
18015,841,117,11
18016,841,1268,12
18017,841,123,13
18018,841,1258,14
18019,841,116,15
18020,841,1172,16
18021,841,1190,17
18022,841,1205,18
18023,841,1208,19
18024,841,1167,20
18025,841,1186,21
18026,841,1234,22
18027,841,1173,23
18028,841,1175,24
18029,841,1200,25
18030,841,1174,26
18031,841,1181,27
18032,841,1159,28
18033,841,1197,29
18034,841,1212,30
18035,841,1198,31
18036,841,1220,32
18037,841,1221,33
18038,841,1235,34
18039,841,415,35
18040,841,1204,36
18041,841,1191,37
18042,841,175,38
18043,841,558,39
18044,841,326,40
18045,841,515,41
18046,841,1282,42
18047,841,60,43
18048,841,1213,44
18049,841,1219,45
18050,841,1188,46
18051,841,1164,47
18052,841,1207,48
18053,841,1227,49
18054,841,1199,50
18055,841,1217,51
18056,841,112,52
18057,841,943,53
18058,841,652,54
18059,841,224,55
18060,841,549,56
18061,841,783,57
18062,842,123,1
18063,842,117,2
18064,842,1196,3
18065,842,519,4
18066,842,326,5
18067,842,60,6
18068,842,415,7
18069,842,1258,8
18070,842,1268,9
18071,842,116,10
18072,842,119,11
18073,842,1200,12
18074,842,1190,13
18075,842,1227,14
18076,842,1177,15
18077,842,1212,16
18078,842,1207,17
18079,842,121,18
18080,842,1234,19
18081,842,1186,20
18082,842,1208,21
18083,842,515,22
18084,842,175,23
18085,842,112,24
18086,842,943,25
18087,842,558,26
18088,842,1211,27
18089,842,1167,28
18090,842,1175,29
18091,842,1172,30
18092,842,1197,31
18093,842,1203,32
18094,842,1164,33
18095,842,1282,34
18096,842,807,35
18097,842,1252,36
18098,842,1187,37
18099,842,1235,38
18100,842,1221,39
18101,842,1231,40
18102,842,1220,41
18103,842,1226,42
18104,842,1205,43
18105,842,447,44
18106,842,1219,45
18107,842,1159,46
18108,842,1237,47
18109,842,1188,48
18110,842,1222,49
18111,842,1254,50
18112,842,224,51
18113,842,549,52
18114,842,883,53
18115,842,502,54
18116,842,593,55
18117,842,1014,56
18118,842,495,57
18119,842,1182,58
18120,842,1214,59
18121,842,206,60
18122,842,1213,61
18123,842,1198,62
18124,842,1184,63
18125,842,1174,64
18126,842,1173,65
18127,842,1181,66
18128,843,1205,1
18129,843,1175,2
18130,843,1211,3
18131,843,326,4
18132,843,558,5
18133,843,1196,6
18134,843,519,7
18135,843,1226,8
18136,843,1200,9
18137,843,549,10
18138,843,224,11
18139,843,1218,12
18140,843,1174,13
18141,843,1198,14
18142,843,1186,15
18143,843,1268,16
18144,843,1258,17
18145,843,175,18
18146,843,515,19
18147,843,807,20
18148,843,1282,21
18149,843,1252,22
18150,843,117,23
18151,843,121,24
18152,843,116,25
18153,843,123,26
18154,843,119,27
18155,843,227,28
18156,843,60,29
18157,843,1212,30
18158,843,1237,31
18159,843,1208,32
18160,843,1167,33
18161,843,447,34
18162,843,112,35
18163,843,145,36
18164,843,1222,37
18165,843,1254,38
18166,843,1189,39
18167,843,1176,41
18168,843,1177,42
18169,843,1231,43
18170,843,206,44
18171,843,440,45
18172,843,1089,46
18173,844,1196,1
18174,844,519,2
18175,844,1211,3
18176,844,1175,4
18177,844,1176,5
18178,844,1186,6
18179,844,1167,7
18180,844,1200,8
18181,844,1174,9
18182,844,440,10
18183,844,558,11
18184,844,515,12
18185,844,447,13
18186,844,1252,14
18187,844,807,15
18188,844,326,16
18189,844,227,17
18190,844,1218,18
18191,844,206,19
18192,844,1226,20
18193,844,60,21
18194,844,415,22
18195,844,1237,23
18196,844,1089,24
18197,844,388,25
18198,844,398,26
18199,844,1170,27
18200,844,490,28
18201,844,1222,29
18202,844,675,30
18203,844,735,31
18204,844,1198,32
18205,844,1197,33
18206,844,1164,34
18207,844,1188,35
18208,844,1203,36
18209,844,1177,37
18210,844,1231,38
18211,844,1208,39
18212,844,121,40
18213,844,119,41
18214,844,117,42
18215,844,116,43
18216,845,326,1
18217,845,515,2
18218,845,735,3
18219,845,558,4
18220,845,447,5
18221,845,1252,6
18222,845,807,7
18223,845,60,8
18224,845,1196,9
18225,845,519,10
18226,845,1062,11
18227,845,1283,12
18228,845,675,13
18229,845,415,14
18230,845,1177,15
18231,845,119,16
18232,845,116,17
18233,845,1231,18
18234,845,121,19
18235,845,1208,20
18236,845,1174,21
18237,845,1211,22
18238,845,1226,23
18239,845,1227,24
18240,845,1186,25
18241,845,206,26
18242,845,1200,27
18243,845,1258,28
18244,845,398,29
18245,845,1170,30
18246,845,490,31
18247,845,943,32
18248,845,112,33
18249,845,1222,34
18250,845,1254,35
18251,846,558,1
18252,846,515,2
18253,846,326,3
18254,846,447,4
18255,846,807,5
18256,846,1252,6
18257,846,1196,7
18258,846,519,8
18259,846,1056,9
18260,846,549,10
18261,846,976,11
18262,846,489,12
18263,846,175,13
18264,846,1282,14
18265,846,1164,15
18266,846,1219,16
18267,846,1197,17
18268,846,1188,18
18269,846,1203,19
18270,846,60,20
18271,846,415,21
18272,846,1198,22
18273,846,61,23
18274,847,1282,1
18275,847,175,2
18276,847,1174,3
18277,847,1200,4
18278,847,60,5
18279,847,807,6
18280,847,558,7
18281,847,515,8
18282,847,326,9
18283,847,1252,10
18284,847,447,11
18285,847,1197,12
18286,847,1196,13
18287,847,519,14
18288,847,398,15
18289,847,490,16
18290,847,1170,17
18291,847,1222,18
18292,847,1258,19
18293,847,943,20
18294,847,112,21
18295,847,1254,22
18296,848,1196,1
18297,848,326,2
18298,848,519,3
18299,848,398,4
18300,848,1170,5
18301,848,1222,6
18302,848,490,7
18303,848,515,8
18304,848,807,9
18305,848,1252,10
18306,848,558,11
18307,848,447,12
18308,848,175,13
18309,848,1282,14
18310,848,1200,15
18311,848,1174,16
18312,848,60,17
18313,848,415,18
18314,849,1174,1
18315,849,807,2
18316,849,558,3
18317,849,447,4
18318,849,515,5
18319,849,1252,6
18320,849,1200,7
18321,849,504,8
18322,849,1196,9
18323,849,519,10
18324,849,953,11
18325,849,175,12
18326,849,1282,13
18327,849,1186,14
18328,849,206,15
18329,849,1193,16
18330,849,1237,17
18331,849,57,18
18332,849,264,19
18333,849,105,20
18334,849,1070,21
18335,849,1061,22
18336,849,1120,23
18337,849,984,24
18338,849,1280,25
18339,849,290,26
18340,849,560,27
18341,849,1051,28
18342,850,515,1
18343,850,1252,2
18344,850,558,3
18345,850,1200,4
18346,850,1196,5
18347,850,519,6
18348,850,175,7
18349,850,1282,8
18350,850,807,9
18351,850,270,10
18352,850,447,11
18353,850,1237,12
18354,850,1014,13
18355,850,1226,14
18356,850,1174,15
18357,851,1200,1
18358,851,558,2
18359,851,1226,3
18360,851,1056,4
18361,851,549,5
18362,851,976,6
18363,851,1196,7
18364,851,519,8
18365,851,1282,9
18366,851,175,10
18367,851,515,11
18368,851,1252,12
18369,851,807,13
18370,851,1174,14
18371,851,447,15
18372,851,206,16
18373,851,415,17
18374,851,60,18
18375,851,1222,19
18376,851,398,20
18377,851,326,21
18378,851,1170,22
18379,851,490,23
18380,851,656,24
18381,851,412,25
18382,852,558,1
18383,852,1200,2
18384,852,1170,3
18385,852,1222,4
18386,852,398,5
18387,852,326,6
18388,852,1147,7
18389,852,1196,8
18390,852,519,9
18391,852,1278,10
18392,852,1174,11
18393,852,1252,12
18394,852,1282,13
18395,852,175,14
18396,852,807,15
18397,852,515,16
18398,852,29,17
18399,852,1167,18
18400,852,1175,19
18401,852,1186,20
18402,852,447,21
18403,852,1226,22
18404,852,1191,23
18405,852,1204,24
18406,853,1191,1
18407,853,1204,2
18408,853,1226,3
18409,853,558,4
18410,853,1200,5
18411,853,1196,6
18412,853,519,7
18413,853,1174,8
18414,853,175,9
18415,853,1252,10
18416,853,515,11
18417,853,807,12
18418,853,1282,13
18419,853,1237,14
18420,853,1170,15
18421,853,1222,16
18422,853,29,17
18423,853,326,18
18424,853,889,19
18425,854,558,1
18426,854,1200,2
18427,854,1191,3
18428,854,1204,4
18429,854,1226,5
18430,854,515,6
18431,854,1252,7
18432,854,175,8
18433,854,1282,9
18434,854,807,10
18435,854,1186,11
18436,854,206,12
18437,854,1196,13
18438,854,519,14
18439,854,1231,15
18440,854,116,16
18441,854,1174,17
18442,854,1170,18
18443,854,490,19
18444,855,558,1
18445,855,1200,2
18446,855,1070,3
18447,855,440,4
18448,855,1186,5
18449,855,206,6
18450,855,1193,7
18451,855,447,8
18452,855,1174,9
18453,855,1258,10
18454,855,1213,11
18455,855,112,12
18456,855,1208,13
18457,855,121,14
18458,855,119,15
18459,855,1177,16
18460,855,1231,17
18461,855,117,18
18462,855,116,19
18463,855,457,20
18464,856,1200,1
18465,856,558,2
18466,856,1176,3
18467,856,326,4
18468,856,29,5
18469,856,1170,6
18470,856,1222,7
18471,856,1175,8
18472,856,1226,9
18473,857,1200,1
18474,857,558,2
18475,857,264,3
18476,857,337,4
18477,857,258,5
18478,857,685,6
18479,857,1226,7
18480,857,1216,8
18481,857,1147,9
18482,857,412,10
18483,857,1278,11
18484,857,326,12
18485,857,1222,13
18486,857,1170,14
18487,857,656,15
18488,857,1196,16
18489,857,515,17
18490,857,175,18
18491,857,1252,19
18492,857,807,20
18493,857,1282,21
18494,857,519,22
18495,857,1174,23
18496,857,1175,24
18497,858,558,1
18498,858,1200,2
18499,858,1170,3
18500,858,326,4
18501,858,1278,5
18502,858,1237,6
18503,858,1207,7
18504,858,1187,8
18505,858,1196,9
18506,858,519,10
18507,858,1174,11
18508,858,1186,12
18509,858,440,13
18510,858,206,14
18511,858,1213,15
18512,858,1258,16
18513,858,943,17
18514,858,112,18
18515,858,1171,19
18516,858,175,20
18517,858,1252,21
18518,858,1282,22
18519,858,807,23
18520,858,515,24
18521,858,1374,25
18522,858,1226,26
18523,858,405,27
18524,858,1211,28
18525,858,1173,29
18526,858,1218,30
18527,858,1183,31
18528,858,1205,32
18529,858,1167,33
18530,858,1222,34
18531,859,1196,1
18532,859,519,2
18533,859,558,3
18534,859,1226,4
18535,859,1237,5
18536,859,1187,6
18537,859,1207,7
18538,859,1174,8
18539,859,326,9
18540,859,1222,10
18541,859,1170,11
18542,859,1278,12
18543,859,412,13
18544,859,1175,14
18545,859,549,15
18546,859,1212,17
18547,859,123,18
18548,859,121,19
18549,859,119,20
18550,859,1282,21
18551,859,1251,22
18552,859,1258,23
18553,859,943,24
18554,859,112,25
18555,859,1200,26
18556,859,1167,27
18557,859,1254,28
18558,860,1196,1
18559,860,519,2
18560,860,1174,3
18561,860,558,4
18562,860,1226,5
18563,860,1200,6
18564,860,1175,7
18565,860,1222,8
18566,860,1170,9
18567,860,326,10
18568,860,1254,11
18569,860,1258,12
18570,860,112,13
18571,860,943,14
18572,860,175,15
18573,860,515,16
18574,860,807,17
18575,860,1282,18
18576,860,1252,19
18577,860,1278,20
18578,860,206,21
18579,860,1193,22
18580,860,1186,23
18581,860,264,24
18582,861,1200,1
18583,861,558,2
18584,861,1258,3
18585,861,326,4
18586,861,1222,5
18587,861,1170,6
18588,861,943,7
18589,861,112,8
18590,861,1175,9
18591,861,1254,10
18592,861,412,11
18593,861,1196,12
18594,861,1195,13
18595,861,519,14
18596,861,1174,15
18597,861,1282,16
18598,861,515,17
18599,861,175,18
18600,861,1252,19
18601,861,807,20
18602,861,1229,21
18603,862,558,1
18604,862,1200,2
18605,862,1196,3
18606,862,519,4
18607,862,1174,5
18608,862,807,6
18609,862,175,7
18610,862,1252,8
18611,862,1282,9
18612,862,515,10
18613,862,1211,11
18614,862,1229,12
18615,862,1167,13
18616,862,1221,14
18617,862,1220,15
18618,862,447,16
18619,862,1014,17
18620,862,357,18
18621,862,136,19
18622,862,495,20
18623,862,844,21
18624,862,504,22
18625,862,709,23
18626,862,742,24
18627,862,396,26
18628,862,264,27
18629,863,558,1
18630,863,1200,2
18631,863,1196,3
18632,863,519,4
18633,863,1174,5
18634,863,807,6
18635,863,1167,7
18636,863,1220,8
18637,863,1229,9
18638,863,326,10
18639,863,1258,11
18640,863,112,12
18641,863,943,13
18642,863,1170,14
18643,863,1222,15
18644,863,29,16
18645,863,60,17
18646,863,415,18
18647,863,175,19
18648,863,515,20
18649,863,1252,21
18650,863,1282,22
18651,863,1211,23
18652,863,447,24
18653,863,270,25
18654,863,264,26
18655,864,1200,1
18656,864,558,2
18657,864,1174,3
18658,864,60,4
18659,864,1252,5
18660,864,1196,6
18661,864,1282,7
18662,864,415,8
18663,864,519,9
18664,864,807,10
18665,864,175,11
18666,864,515,12
18667,864,1211,13
18668,864,1167,14
18669,865,1200,1
18670,865,558,2
18671,865,206,3
18672,865,1186,4
18673,865,224,5
18674,865,549,6
18675,865,1196,7
18676,865,519,8
18677,865,1206,9
18678,865,1174,10
18679,865,1176,11
18680,865,1198,12
18681,865,1175,13
18682,865,1235,14
18683,865,1177,15
18684,865,1191,16
18685,865,1211,17
18686,865,1173,18
18687,865,1203,19
18688,865,1159,20
18689,865,1219,21
18690,865,1181,22
18691,865,1232,23
18692,865,1170,24
18693,865,1204,25
18694,865,1207,26
18695,865,1187,27
18696,865,1234,28
18697,865,1184,29
18698,865,1213,30
18699,865,1205,31
18700,865,1172,32
18701,865,1193,33
18702,865,1182,34
18703,865,415,35
18704,865,60,36
18705,865,1229,37
18706,865,515,38
18707,865,175,39
18708,865,1282,40
18709,865,807,41
18710,865,264,42
18711,866,1200,1
18712,866,558,2
18713,866,326,3
18714,866,1170,4
18715,866,1222,5
18716,866,1278,6
18717,866,112,7
18718,866,1258,8
18719,866,1254,9
18720,866,943,10
18721,866,415,11
18722,866,1196,12
18723,866,519,13
18724,866,515,14
18725,866,807,15
18726,866,1282,16
18727,866,175,17
18728,866,1174,18
18729,866,1252,19
18730,866,1229,20
18731,866,1167,21
18732,866,1221,22
18733,866,1220,23
18734,866,398,24
18735,866,490,25
18736,866,1206,26
18737,867,1206,1
18738,867,558,2
18739,867,1200,3
18740,867,1186,4
18741,867,206,5
18742,867,549,6
18743,867,224,7
18744,867,1193,8
18745,867,1174,9
18746,867,1229,10
18747,867,1258,11
18748,867,1167,12
18749,867,415,13
18750,867,519,14
18751,867,1196,15
18752,867,1220,16
18753,867,1221,17
18754,867,515,18
18755,867,175,19
18756,867,807,20
18757,867,326,21
18758,867,1282,22
18759,867,1222,23
18760,867,112,24
18761,867,943,25
18762,867,1254,26
18763,867,1170,27
18764,867,1175,28
18765,867,264,29
18766,868,558,1
18767,868,1200,2
18768,868,1206,3
18769,868,415,4
18770,868,1258,5
18771,868,112,6
18772,868,1222,7
18773,868,943,8
18774,868,1254,9
18775,868,1196,10
18776,868,519,11
18777,868,326,12
18778,868,398,13
18779,868,490,14
18780,868,1170,15
18781,868,175,16
18782,868,515,17
18783,868,1282,18
18784,868,807,19
18785,868,1252,20
18786,868,1167,21
18787,868,1221,22
18788,868,1220,23
18789,869,558,1
18790,869,1200,2
18791,869,264,3
18792,869,326,4
18793,869,1170,5
18794,869,490,6
18795,869,398,7
18796,869,1228,8
18797,869,1165,9
18798,869,1201,10
18799,869,1235,11
18800,869,1175,12
18801,869,1223,13
18802,869,1168,14
18803,869,1161,15
18804,869,1182,16
18805,869,1192,17
18806,869,1178,18
18807,870,1200,1
18808,870,558,2
18809,870,264,3
18810,870,398,4
18811,870,1170,5
18812,870,490,6
18813,870,326,7
18814,870,1175,8
18815,870,1235,9
18816,870,1223,10
18817,870,1168,11
18818,870,1161,12
18819,870,1182,13
18820,870,1178,14
18821,870,1192,15
18822,870,297,16
18823,870,953,17
18824,871,1200,1
18825,871,558,2
18826,871,1226,3
18827,871,1235,4
18828,871,1175,5
18829,871,1161,6
18830,871,1168,7
18831,871,1178,8
18832,871,1223,9
18833,871,326,10
18834,871,398,11
18835,871,1170,12
18836,871,490,13
18837,871,60,14
18838,871,549,15
18839,871,206,16
18840,871,1186,17
18841,871,224,18
18842,871,1196,19
18843,871,415,20
18844,871,519,21
18845,871,1258,22
18846,871,112,23
18847,871,943,24
18848,871,1222,25
18849,871,1254,26
18850,871,1282,27
18851,871,1252,28
18852,871,1167,29
18853,871,1220,30
18854,871,1221,31
18855,871,807,32
18856,871,515,33
18857,871,175,34
18858,871,440,35
18859,871,1169,36
18860,872,1182,1
18861,872,1223,2
18862,872,1168,3
18863,872,1161,4
18864,872,1235,5
18865,872,1175,6
18866,872,457,7
18867,872,1169,8
18868,872,1178,9
18869,872,1228,10
18870,872,1201,11
18871,872,1165,12
18872,872,175,13
18873,872,515,14
18874,872,1282,15
18875,872,807,16
18876,872,1221,17
18877,872,1167,18
18878,872,1220,19
18879,872,1252,20
18880,872,1186,21
18881,872,326,22
18882,872,440,23
18883,872,1226,24
18884,872,558,25
18885,872,447,26
18886,872,1192,27
18887,872,121,28
18888,872,119,29
18889,872,117,30
18890,872,116,31
18891,872,123,32
18892,873,326,1
18893,873,558,2
18894,873,121,3
18895,873,116,4
18896,873,119,5
18897,873,117,6
18898,873,1235,7
18899,873,1223,8
18900,873,1175,9
18901,873,1186,10
18902,873,206,11
18903,873,1231,12
18904,873,1208,13
18905,873,1177,14
18906,873,1228,15
18907,873,123,16
18908,873,1167,17
18909,873,1221,18
18910,873,1220,19
18911,873,1211,20
18912,873,807,21
18913,873,515,22
18914,873,1282,23
18915,873,175,24
18916,873,1252,25
18917,873,1226,26
18918,873,1200,27
18919,873,1185,28
18920,873,1182,29
18921,873,1178,30
18922,873,1161,31
18923,873,118,32
18924,874,326,1
18925,874,558,2
18926,874,1252,3
18927,874,515,4
18928,874,175,5
18929,874,1282,6
18930,874,807,7
18931,874,1167,8
18932,874,1221,9
18933,874,1237,10
18934,874,415,11
18935,874,1196,12
18936,874,1258,13
18937,874,519,14
18938,874,1222,15
18939,874,1254,16
18940,874,112,17
18941,874,943,18
18942,874,206,19
18943,874,1186,20
18944,874,1174,21
18945,874,1229,22
18946,874,1211,23
18947,874,1220,24
18948,874,123,25
18949,874,118,26
18950,874,121,27
18951,874,117,28
18952,874,119,29
18953,874,116,30
18954,874,1123,31
18955,874,1170,32
18956,874,110,33
18957,874,1374,34
18958,874,1171,35
18959,875,415,1
18960,875,1196,2
18961,875,519,3
18962,875,1222,4
18963,875,1258,5
18964,875,1174,6
18965,875,1229,7
18966,875,206,8
18967,875,1186,9
18968,875,326,10
18969,875,1170,11
18970,875,110,12
18971,875,1171,13
18972,875,1374,14
18973,875,807,15
18974,875,515,16
18975,875,175,17
18976,875,1282,18
18977,875,1167,19
18978,875,1211,20
18979,875,558,21
18980,875,1165,22
18981,875,1168,23
18982,875,119,24
18983,875,121,25
18984,875,1235,26
18985,875,117,27
18986,875,116,28
18987,875,1175,29
18988,875,1226,30
18989,875,123,31
18990,875,1252,32
18991,875,405,33
18992,875,1178,34
18993,875,1251,35
18994,876,405,1
18995,876,1167,2
18996,876,1211,3
18997,876,1220,4
18998,876,1218,5
18999,876,1227,6
19000,876,1183,7
19001,876,1186,8
19002,876,206,9
19003,876,1193,10
19004,876,1237,11
19005,876,1196,12
19006,876,1174,13
19007,876,1229,14
19008,876,519,15
19009,876,415,16
19010,876,1217,17
19011,876,1190,18
19012,876,1205,19
19013,876,1221,20
19014,876,1374,21
19015,876,110,22
19016,876,515,23
19017,876,326,24
19018,876,175,25
19019,876,558,26
19020,876,807,27
19021,876,1252,28
19022,876,1282,29
19023,876,1175,30
19024,876,1171,31
19025,876,1258,32
19026,876,943,33
19027,876,112,34
19028,876,1222,35
19029,876,1254,36
19030,876,549,37
19031,876,224,38
19032,876,169,39
19033,876,1323,40
19034,876,93,41
19035,876,313,42
19036,876,809,43
19037,876,138,44
19038,876,1033,45
19039,876,741,46
19040,876,623,47
19041,877,515,1
19042,877,1282,2
19043,877,326,3
19044,877,1252,4
19045,877,1268,5
19046,877,447,6
19047,877,844,7
19048,877,504,8
19049,877,175,9
19050,877,558,10
19051,877,1196,11
19052,877,519,12
19053,877,1174,13
19054,877,123,14
19055,877,1170,15
19056,877,405,16
19057,877,807,17
19058,877,398,18
19059,877,490,19
19060,877,415,20
19061,877,60,21
19062,877,1186,22
19063,877,206,23
19064,877,1167,24
19065,877,1211,25
19066,877,1175,26
19067,877,121,27
19068,877,116,28
19069,877,1235,29
19070,877,119,30
19071,877,117,31
19072,877,1226,32
19073,877,1200,33
19074,877,1374,34
19075,877,1228,35
19076,877,1171,36
19077,877,450,37
19078,877,1250,38
19079,877,64,39
19080,877,996,40
19081,878,290,1
19082,878,652,2
19083,878,1268,3
19084,878,558,4
19085,878,82,5
19086,878,641,6
19087,878,653,7
19088,878,898,8
19089,878,13,9
19090,878,90,10
19091,878,654,11
19092,878,807,13
19093,878,175,14
19094,878,116,15
19095,878,117,16
19096,878,119,17
19097,878,121,18
19098,878,123,19
19099,878,326,20
19100,878,1282,21
19101,878,515,22
19102,878,60,23
19103,878,1252,24
19104,878,569,25
19105,878,809,26
19106,878,1196,27
19107,878,519,28
19108,878,1258,29
19109,878,1050,30
19110,878,357,31
19111,878,502,32
19112,878,1011,33
19113,878,644,34
19114,878,348,35
19115,878,882,36
19116,878,272,37
19117,878,604,38
19118,878,1120,39
19119,878,1245,40
19120,878,1104,41
19121,878,698,42
19122,878,1324,43
19123,878,441,44
19124,878,509,45
19125,878,1240,46
19126,878,763,47
19127,878,855,48
19128,878,1222,49
19129,878,1254,50
19130,878,337,51
19131,879,326,1
19132,879,1282,2
19133,879,1252,3
19134,879,558,4
19135,879,175,5
19136,879,515,6
19137,879,337,7
19138,879,1268,8
19139,879,123,9
19140,879,1258,10
19141,879,1050,11
19142,879,1044,12
19143,879,375,13
19144,879,383,14
19145,879,668,15
19146,879,788,16
19147,879,10,17
19148,879,1196,18
19149,879,519,19
19150,879,807,20
19151,879,114,21
19152,879,717,22
19153,879,730,23
19154,879,908,24
19155,879,682,25
19156,879,652,26
19157,879,569,27
19158,879,636,28
19159,879,422,29
19160,879,436,30
19161,879,1369,31
19162,879,357,32
19163,879,377,33
19164,879,362,34
19165,879,376,35
19166,879,783,36
19167,879,1186,37
19168,879,1079,38
19169,879,1248,39
19170,879,131,40
19171,879,623,41
19172,879,1346,42
19173,879,813,43
19174,879,290,44
19175,880,446,1
19176,880,567,2
19177,880,1314,3
19178,880,548,4
19179,880,662,5
19180,880,764,6
19181,880,1282,7
19182,880,326,8
19183,880,175,9
19184,880,558,10
19185,880,1252,11
19186,880,515,12
19187,880,652,13
19188,880,1268,14
19189,880,369,15
19190,880,224,16
19191,880,776,17
19192,880,960,18
19193,880,337,19
19194,880,1291,20
19195,880,836,21
19196,880,560,22
19197,880,416,23
19198,880,343,24
19199,880,807,25
19200,880,1196,26
19201,880,519,27
19202,880,727,28
19203,880,1043,29
19204,880,1258,30
19205,880,123,31
19206,880,854,32
19207,880,932,33
19208,881,558,1
19209,881,337,2
19210,881,1291,3
19211,881,213,4
19212,881,836,5
19213,881,305,6
19214,881,953,7
19215,881,416,8
19216,881,1051,9
19217,881,807,10
19218,881,1043,11
19219,881,131,12
19220,881,813,13
19221,881,1346,14
19222,881,125,15
19223,881,673,16
19224,881,225,17
19225,881,623,18
19226,881,1079,19
19227,881,1248,20
19228,881,959,21
19229,881,1305,22
19230,881,1075,23
19231,881,918,24
19232,881,1280,25
19233,881,995,26
19234,881,15,27
19235,881,646,28
19236,881,457,29
19237,881,854,30
19238,881,1120,31
19239,881,1101,32
19240,881,1013,33
19241,881,135,34
19242,881,159,35
19243,881,655,36
19244,881,677,37
19245,881,1326,38
19246,881,984,39
19247,881,1070,40
19248,881,1061,41
19249,881,334,42
19250,881,685,43
19251,881,559,44
19252,881,115,45
19253,881,393,46
19254,881,1020,47
19255,881,258,48
19256,881,200,49
19257,881,514,50
19258,881,791,51
19259,881,635,52
19260,881,912,53
19261,881,1312,54
19262,882,558,1
19263,882,807,2
19264,882,1258,3
19265,882,123,4
19266,882,519,5
19267,882,1291,6
19268,882,337,7
19269,882,652,8
19270,882,569,9
19271,882,1268,10
19272,882,685,11
19273,882,305,12
19274,882,1280,13
19275,882,995,14
19276,882,1101,15
19277,882,1120,16
19278,882,1043,17
19279,882,416,18
19280,882,559,19
19281,882,1051,20
19282,882,635,21
19283,882,791,22
19284,882,115,23
19285,882,1116,24
19286,882,1312,25
19287,882,393,26
19288,882,854,27
19289,882,659,28
19290,882,734,29
19291,882,1305,30
19292,882,1310,31
19293,882,833,32
19294,882,1020,33
19295,882,623,34
19296,882,813,35
19297,882,125,36
19298,882,131,37
19299,882,1079,38
19300,882,673,39
19301,882,271,40
19302,882,1346,41
19303,882,1248,42
19304,882,290,43
19305,882,912,44
19306,882,1082,45
19307,882,1317,46
19308,882,614,47
19309,882,546,48
19310,882,212,49
19311,882,930,50
19312,882,882,51
19313,882,502,52
19314,882,1011,53
19315,882,644,54
19316,882,348,55
19317,882,272,56
19318,882,836,57
19319,882,1359,58
19320,883,559,1
19321,883,272,2
19322,883,644,3
19323,883,1011,4
19324,883,348,5
19325,883,502,6
19326,883,1343,7
19327,883,549,8
19328,883,230,9
19329,883,323,10
19330,883,662,11
19331,883,343,12
19332,883,1091,13
19333,883,460,14
19334,883,416,15
19335,883,558,16
19336,883,1306,17
19337,883,560,18
19338,883,824,19
19339,883,1252,20
19340,883,515,21
19341,883,1282,22
19342,883,326,23
19343,883,175,24
19344,883,614,25
19345,883,1317,26
19346,883,930,27
19347,883,212,28
19348,883,546,29
19349,883,463,30
19350,883,1314,31
19351,883,727,32
19352,883,140,33
19353,883,991,34
19354,883,1379,35
19355,883,548,36
19356,883,764,37
19357,884,644,1
19358,884,1011,2
19359,884,502,3
19360,884,272,4
19361,884,348,5
19362,884,343,6
19363,884,230,7
19364,884,546,8
19365,884,930,9
19366,884,212,10
19367,884,1317,11
19368,884,614,12
19369,884,323,13
19370,884,1236,14
19371,884,512,15
19372,884,634,16
19373,884,317,17
19374,884,506,18
19375,884,1119,19
19376,884,551,20
19377,884,674,21
19378,884,815,22
19379,884,103,23
19380,884,1004,24
19381,884,163,25
19382,884,509,26
19383,884,763,27
19384,884,668,28
19385,884,383,29
19386,884,788,30
19387,884,636,31
19388,884,10,32
19389,884,558,33
19390,884,515,34
19391,884,136,35
19392,884,175,36
19393,884,326,37
19394,884,357,38
19395,884,1340,39
19396,884,1057,40
19397,884,15,41
19398,884,65,42
19399,884,1101,43
19400,884,1120,44
19401,884,612,45
19402,884,752,46
19403,884,441,47
19404,884,258,48
19405,884,894,49
19406,884,855,50
19407,885,272,1
19408,885,383,2
19409,885,509,3
19410,885,763,4
19411,885,1011,5
19412,885,114,6
19413,885,855,7
19414,885,340,8
19415,885,668,9
19416,885,102,10
19417,885,931,11
19418,885,736,12
19419,885,1104,13
19420,885,698,14
19421,885,515,15
19422,885,558,16
19423,885,136,17
19424,885,357,18
19425,885,326,19
19426,885,691,20
19427,885,1166,21
19428,885,372,22
19429,885,889,23
19430,885,175,24
19431,885,1160,25
19432,885,636,26
19433,885,495,27
19434,885,1282,28
19435,885,1014,29
19436,885,604,30
19437,885,216,31
19438,885,807,32
19439,885,1252,33
19440,885,1324,34
19441,885,933,35
19442,885,1245,36
19443,885,465,37
19444,885,857,38
19445,885,1311,39
19446,885,1388,40
19447,885,818,41
19448,885,952,42
19449,885,368,44
19450,885,233,45
19451,885,975,46
19452,885,220,47
19453,885,1027,48
19454,885,788,49
19455,885,10,50
19456,885,1070,51
19457,885,853,52
19458,886,644,1
19459,886,1011,2
19460,886,272,3
19461,886,348,4
19462,886,502,5
19463,886,463,6
19464,886,230,7
19465,886,281,8
19466,886,1035,9
19467,886,821,10
19468,886,632,11
19469,886,173,12
19470,886,1236,13
19471,886,509,14
19472,886,383,15
19473,886,340,16
19474,886,102,17
19475,886,668,18
19476,886,788,19
19477,886,369,20
19478,886,905,21
19479,886,224,22
19480,886,776,23
19481,886,960,24
19482,886,515,25
19483,886,357,26
19484,886,558,27
19485,886,136,28
19486,886,326,29
19487,886,175,30
19488,886,495,31
19489,886,246,32
19490,886,1307,33
19491,886,598,34
19492,886,1067,35
19493,886,457,36
19494,886,1317,37
19495,886,883,38
19496,887,783,1
19497,887,1196,2
19498,887,519,3
19499,887,415,4
19500,887,1070,5
19501,887,1014,6
19502,887,849,7
19503,887,1239,8
19504,887,390,9
19505,887,95,10
19506,887,1319,11
19507,887,1294,12
19508,887,10,13
19509,887,1023,14
19510,887,1295,15
19511,887,482,16
19512,887,1033,17
19513,887,84,18
19514,887,1249,19
19515,887,565,20
19516,887,1082,21
19517,887,1291,22
19518,887,337,23
19519,887,963,24
19520,887,559,25
19521,887,677,26
19522,887,228,27
19523,887,179,28
19524,887,894,29
19525,887,822,30
19526,887,1008,31
19527,887,558,32
19528,887,807,33
19529,887,264,34
19530,887,741,35
19531,887,175,36
19532,887,495,37
19533,887,326,38
19534,887,1043,39
19535,887,902,40
19536,887,136,41
19537,887,515,42
19538,887,1282,43
19539,887,434,44
19540,887,357,45
19541,887,568,46
19542,887,216,47
19543,887,644,48
19544,887,1011,49
19545,887,502,50
19546,887,348,51
19547,887,883,52
19548,887,62,53
19549,887,1100,54
19550,887,1066,55
19551,887,856,56
19552,887,863,57
19553,887,604,58
19554,887,272,59
19555,887,110,60
19556,887,452,61
19557,887,1262,62
19558,887,311,63
19559,887,169,64
19560,887,290,65
19561,887,623,66
19562,887,1051,67
19563,887,258,68
19564,887,200,69
19565,887,1059,70
19566,887,742,71
19567,887,709,72
19568,887,1268,73
19569,887,262,74
19570,887,130,75
19571,887,1065,76
19572,887,3,77
19573,887,569,78
19574,887,932,79
19575,887,836,80
19576,887,375,81
19577,887,201,82
19578,887,821,83
19579,887,632,84
19580,887,173,85
19581,887,1035,86
19582,887,281,87
19583,887,1324,88
19584,887,933,89
19585,887,465,90
19586,887,857,91
19587,887,1245,92
19588,887,340,93
19589,887,668,94
19590,887,993,96
19591,887,57,97
19592,887,504,98
19593,887,396,99
19594,887,844,100
19595,887,447,101
19596,887,60,102
19597,887,1167,103
19598,887,1252,104
19599,887,1175,105
19600,887,1211,106
19601,887,735,107
19602,887,1174,108
19603,887,1200,109
19604,887,121,110
19605,887,116,111
19606,887,117,112
19607,887,1374,113
19608,887,405,114
19609,888,343,1
19610,888,1011,2
19611,888,1104,3
19612,888,502,4
19613,888,855,5
19614,888,340,6
19615,888,348,7
19616,888,1067,8
19617,888,644,9
19618,888,272,10
19619,888,763,11
19620,888,509,12
19621,888,698,13
19622,888,383,14
19623,888,114,15
19624,888,636,16
19625,888,668,17
19626,888,441,18
19627,888,764,19
19628,888,809,20
19629,888,1236,21
19630,888,1326,22
19631,888,355,23
19632,888,357,24
19633,888,1282,25
19634,888,175,26
19635,888,136,27
19636,888,326,28
19637,888,515,29
19638,888,495,30
19639,888,1014,31
19640,888,558,32
19641,888,301,34
19642,888,1291,35
19643,888,264,36
19644,888,1043,37
19645,888,1070,38
19646,888,548,39
19647,888,662,40
19648,889,853,1
19649,889,558,2
19650,889,1326,3
19651,889,764,4
19652,889,355,5
19653,889,1236,6
19654,889,548,7
19655,889,662,8
19656,889,343,9
19657,889,357,10
19658,889,136,11
19659,889,1282,12
19660,889,1291,13
19661,889,495,14
19662,889,301,15
19663,889,326,16
19664,889,406,17
19665,889,1014,18
19666,889,515,19
19667,889,175,20
19668,889,264,21
19669,889,914,22
19670,889,729,23
19671,889,187,24
19672,889,902,25
19673,889,293,26
19674,889,434,27
19675,889,416,28
19676,889,807,29
19677,889,1305,30
19678,889,1301,31
19679,889,959,32
19680,889,1303,33
19681,889,1309,34
19682,889,215,35
19683,889,501,36
19684,889,1108,37
19685,889,743,38
19686,889,387,39
19687,889,540,40
19688,889,155,41
19689,889,866,42
19690,889,637,43
19691,889,1058,44
19692,889,1135,45
19693,889,486,46
19694,889,330,47
19695,889,1252,48
19696,889,307,49
19697,889,674,50
19698,889,230,51
19699,889,502,52
19700,889,510,53
19701,889,1044,54
19702,889,546,55
19703,889,1104,56
19704,889,815,57
19705,889,375,58
19706,889,389,59
19707,889,1317,60
19708,889,417,61
19709,889,102,62
19710,889,332,63
19711,889,551,64
19712,889,1004,65
19713,889,930,66
19714,889,832,67
19715,889,195,68
19716,889,1334,69
19717,889,272,70
19718,889,383,71
19719,889,636,72
19720,889,509,73
19721,889,212,74
19722,889,281,75
19723,889,173,76
19724,889,632,77
19725,889,1035,78
19726,889,821,79
19727,889,623,80
19728,890,1051,1
19729,890,364,2
19730,890,5,3
19731,890,635,4
19732,890,475,5
19733,890,209,6
19734,890,504,7
19735,890,655,8
19736,890,677,9
19737,890,416,10
19738,890,1291,11
19739,890,734,12
19740,890,514,13
19741,890,393,14
19742,890,1312,15
19743,890,1344,16
19744,890,791,17
19745,890,115,18
19746,890,912,19
19747,890,833,20
19748,890,245,21
19749,890,1020,22
19750,890,1116,23
19751,890,1310,24
19752,890,234,25
19753,890,337,26
19754,890,558,27
19755,890,305,28
19756,890,995,29
19757,890,813,30
19758,890,623,31
19759,890,673,32
19760,890,1248,33
19761,890,225,34
19762,890,271,35
19763,890,131,36
19764,890,1079,37
19765,890,1346,38
19766,890,125,39
19767,890,327,40
19768,890,184,41
19769,890,762,42
19770,890,290,43
19771,890,1050,44
19772,890,783,46
19773,891,1252,1
19774,891,175,2
19775,891,783,3
19776,891,1196,4
19777,891,519,5
19778,891,515,6
19779,891,558,7
19780,891,1282,8
19781,891,326,9
19782,891,509,10
19783,891,763,11
19784,891,114,12
19785,891,102,13
19786,891,1104,14
19787,891,383,15
19788,891,340,16
19789,891,698,17
19790,891,742,19
19791,891,504,20
19792,891,844,21
19793,891,136,22
19794,891,495,23
19795,891,357,24
19796,891,1014,25
19797,891,709,26
19798,891,396,27
19799,891,169,28
19800,892,558,1
19801,892,712,2
19802,892,357,3
19803,892,594,4
19804,892,1014,5
19805,892,742,6
19806,892,992,7
19807,892,136,8
19808,892,495,9
19809,892,168,10
19810,892,167,11
19811,892,969,12
19812,892,688,14
19813,892,396,15
19814,892,292,16
19815,892,722,17
19816,892,896,18
19817,893,558,1
19818,893,722,2
19819,893,896,3
19820,893,515,4
19821,893,175,5
19822,893,1252,6
19823,893,1282,7
19824,893,326,8
19825,893,167,9
19826,893,357,10
19827,893,209,11
19828,893,617,12
19829,893,708,13
19830,893,705,14
19831,893,709,15
19832,893,711,16
19833,893,1323,17
19834,893,1014,18
19835,893,594,19
19836,893,495,20
19837,893,992,21
19838,893,136,22
19839,894,722,1
19840,894,558,2
19841,894,209,3
19842,894,896,4
19843,894,617,5
19844,894,1270,6
19845,894,708,7
19846,894,783,8
19847,894,416,9
19848,894,93,10
19849,894,1384,11
19850,894,1055,12
19851,894,1323,13
19852,895,1014,2
19853,895,175,3
19854,895,515,4
19855,895,558,5
19856,895,1282,6
19857,895,326,7
19858,895,495,8
19859,895,136,9
19860,895,357,10
19861,895,1305,16
19862,895,1301,17
19863,895,1303,18
19864,895,959,19
19865,895,334,20
19866,895,1324,21
19867,895,1245,22
19868,895,1258,23
19869,895,138,24
19870,895,1369,25
19871,895,1280,26
19872,895,1016,27
19873,895,93,28
19874,895,313,29
19875,895,1120,30
19876,895,995,31
19877,895,809,32
19878,895,169,33
19879,895,1033,34
19880,895,741,35
19881,895,1323,36
19882,895,1061,37
19883,895,623,38
19884,896,558,2
19885,896,1305,3
19886,896,357,4
19887,896,326,5
19888,896,175,6
19889,896,1282,7
19890,896,515,8
19891,896,1014,9
19892,896,136,10
19893,896,1301,13
19894,896,1303,14
19895,896,959,17
19896,896,809,19
19897,896,169,20
19898,896,741,21
19899,896,495,22
19900,896,313,23
19901,896,1323,24
19902,896,138,25
19903,896,93,26
19904,896,1258,27
19905,896,1033,28
19906,897,209,1
19907,897,708,2
19908,897,416,3
19909,897,558,4
19910,897,722,5
19911,897,1384,6
19912,897,602,7
19913,897,357,8
19914,897,157,9
19915,897,1323,10
19916,898,357,1
19917,898,558,2
19918,898,1323,3
19919,898,722,4
19920,898,209,5
19921,898,416,6
19922,899,1323,1
19923,899,558,2
19924,899,209,3
19925,899,357,4
19926,899,722,5
19927,899,158,6
19928,899,744,7
19929,899,142,8
19930,899,299,9
19931,899,437,10
19932,899,12,11
19933,899,169,12
19934,899,783,13
19935,900,722,1
19936,900,209,2
19937,900,558,3
19938,900,158,4
19939,900,357,5
19940,900,747,6
19941,900,142,7
19942,900,708,8
19943,900,783,9
19944,900,1318,10
19945,900,688,11
19946,900,985,12
19947,901,558,1
19948,901,985,2
19949,901,158,3
19950,901,747,4
19951,901,357,5
19952,901,722,6
19953,901,209,7
19954,901,1318,8
19955,901,1323,9
19956,901,770,10
19957,901,241,11
19958,901,142,12
19959,901,542,13
19960,901,888,14
19961,901,109,15
19962,901,336,16
19963,901,879,17
19964,901,896,18
19965,901,708,19
19966,901,12,20
19967,901,299,21
19968,901,437,22
19969,901,169,23
19970,902,722,1
19971,902,558,2
19972,902,747,3
19973,902,357,4
19974,902,142,5
19975,902,851,6
19976,902,83,7
19977,902,1345,8
19978,903,747,1
19979,903,142,2
19980,903,558,3
19981,903,357,4
19982,903,722,5
19983,903,879,6
19984,903,209,7
19985,903,770,8
19986,903,851,9
19987,903,12,10
19988,903,169,11
19989,903,299,12
19990,903,437,13
19991,904,558,1
19992,904,357,2
19993,904,747,3
19994,904,1323,4
19995,904,400,5
19996,904,256,6
19997,904,142,7
19998,904,209,8
19999,904,158,9
20000,904,740,10
20001,904,87,11
20002,904,879,12
20003,904,770,13
20004,904,241,14
20005,904,843,15
20006,904,722,16
20007,904,299,18
20008,904,437,19
20009,904,12,20
20010,904,169,21
20011,905,879,1
20012,905,747,2
20013,905,770,3
20014,905,357,4
20015,905,558,5
20016,905,209,6
20017,905,722,7
20018,905,896,8
20019,905,142,10
20020,905,783,11
20021,905,830,12
20022,905,57,13
20023,905,241,14
20024,905,1323,15
20025,905,169,16
20026,905,416,17
20027,906,209,1
20028,906,558,2
20029,906,879,3
20030,906,770,4
20031,906,241,5
20032,906,722,6
20033,906,357,7
20034,906,747,8
20035,906,416,9
20036,906,1323,10
20037,906,169,11
20038,906,783,12
20039,907,558,1
20040,908,357,1
20041,908,169,2
20042,908,747,3
20043,908,722,4
20044,908,209,5
20045,908,241,6
20046,908,558,7
20047,908,1318,8
20048,908,256,9
20049,908,400,10
20050,908,158,11
20051,908,87,12
20052,908,740,13
20053,908,879,14
20054,908,770,15
20055,908,1323,16
20056,908,416,17
20057,909,722,1
20058,909,558,2
20059,909,357,3
20060,909,747,4
20061,909,169,5
20062,909,785,6
20063,909,325,7
20064,909,968,8
20065,909,1150,9
20066,909,742,10
20067,909,504,11
20068,909,758,12
20069,909,1350,13
20070,909,396,15
20071,909,844,16
20072,909,87,17
20073,909,740,18
20074,909,688,19
20075,909,1095,20
20076,909,915,21
20077,909,495,22
20078,909,168,23
20079,909,705,24
20080,909,709,25
20081,909,1252,26
20082,909,175,27
20083,909,326,28
20084,909,1282,29
20085,909,515,30
20086,909,437,31
20087,909,299,32
20088,909,12,33
20089,910,705,1
20090,910,742,2
20091,910,1282,3
20092,910,515,4
20093,910,558,5
20094,910,709,6
20095,910,175,7
20096,910,326,8
20097,910,1252,9
20098,910,747,10
20099,910,169,11
20100,910,708,12
20101,910,1350,13
20102,910,844,14
20103,910,270,15
20104,910,962,16
20105,910,1130,17
20106,910,504,18
20107,910,783,19
20108,910,688,20
20109,910,357,21
20110,910,396,22
20111,910,737,24
20112,910,403,25
20113,910,830,26
20114,910,711,27
20115,910,758,28
20116,910,437,29
20117,910,299,30
20118,910,12,31
20119,910,722,32
20120,911,742,1
20121,911,722,2
20122,911,747,3
20123,911,326,4
20124,911,175,5
20125,911,558,6
20126,911,515,7
20127,911,709,8
20128,911,1252,9
20129,911,1282,10
20130,911,396,11
20131,911,688,13
20132,911,783,14
20133,911,805,15
20134,911,785,16
20135,911,690,17
20136,911,214,18
20137,911,705,19
20138,911,504,20
20139,911,758,21
20140,911,1094,22
20141,911,1350,23
20142,911,844,24
20143,911,57,25
20144,911,1070,26
20145,911,1268,27
20146,911,169,28
20147,911,1059,29
20148,911,495,30
20149,911,357,31
20150,911,136,32
20151,911,299,33
20152,911,437,34
20153,911,12,35
20154,911,1014,36
20155,911,105,37
20156,911,270,38
20157,911,5,39
20158,911,597,40
20159,911,364,41
20160,911,594,43
20161,911,168,44
20162,911,275,45
20163,912,136,1
20164,912,992,2
20165,912,1014,3
20166,912,495,4
20167,912,594,5
20168,912,747,7
20169,912,742,8
20170,912,558,9
20171,912,1282,10
20172,912,275,11
20173,912,515,12
20174,912,175,13
20175,912,326,14
20176,912,709,15
20177,912,169,16
20178,912,758,17
20179,912,1094,18
20180,912,877,19
20181,912,1153,20
20182,912,830,21
20183,912,783,22
20184,912,708,23
20185,912,1323,24
20186,912,879,25
20187,912,770,26
20188,912,12,27
20189,912,437,28
20190,912,299,29
20191,912,722,30
20192,912,1252,31
20193,913,783,1
20194,913,326,2
20195,913,515,3
20196,913,742,4
20197,913,558,5
20198,913,1282,6
20199,913,275,7
20200,913,169,8
20201,913,709,9
20202,913,722,10
20203,913,12,11
20204,913,437,12
20205,913,299,13
20206,913,1252,14
20207,913,175,15
20208,913,747,16
20209,913,879,17
20210,913,770,18
20211,913,1323,19
20212,913,158,20
20213,913,830,21
20214,913,403,22
20215,913,737,23
20216,913,1070,24
20217,913,1268,25
20218,913,132,26
20219,913,258,27
20220,913,357,28
20221,913,209,29
20222,913,877,30
20223,914,558,1
20224,914,169,2
20225,914,877,4
20226,914,830,5
20227,914,1323,6
20228,914,783,7
20229,914,241,8
20230,914,742,9
20231,914,747,10
20232,914,175,11
20233,914,515,12
20234,914,326,13
20235,914,209,14
20236,915,558,1
20237,915,783,2
20238,915,169,3
20239,915,1323,4
20240,915,830,5
20241,915,877,6
20242,916,783,1
20243,916,558,2
20244,916,1350,3
20245,916,708,4
20246,916,169,5
20247,916,1323,6
20248,916,437,7
20249,916,12,8
20250,916,299,9
20251,916,158,10
20252,916,941,11
20253,916,742,12
20254,916,747,13
20255,916,175,14
20256,916,722,15
20257,916,1282,16
20258,916,709,17
20259,916,1252,18
20260,916,326,19
20261,916,275,20
20262,916,515,21
20263,916,209,22
20264,916,844,23
20265,916,962,24
20266,916,105,25
20267,916,270,26
20268,916,1130,27
20269,916,1014,28
20270,916,495,29
20271,916,168,30
20272,916,136,31
20273,916,992,32
20274,916,357,33
20275,916,758,35
20276,916,409,36
20277,916,1033,37
20278,916,712,38
20279,917,357,1
20280,917,434,2
20281,917,1061,3
20282,917,695,4
20283,917,984,5
20284,917,406,6
20285,917,1070,7
20286,917,1387,8
20287,917,881,9
20288,917,1326,10
20289,917,502,11
20290,917,1044,12
20291,917,510,13
20292,917,930,14
20293,917,551,15
20294,917,1317,16
20295,917,375,17
20296,917,1334,18
20297,917,195,19
20298,917,230,20
20299,917,102,21
20300,917,417,22
20301,917,307,23
20302,917,815,24
20303,917,1104,25
20304,917,546,26
20305,917,212,27
20306,917,332,28
20307,917,674,29
20308,917,623,30
20309,917,343,31
20310,917,640,32
20311,917,1346,33
20312,917,1248,34
20313,917,271,35
20314,917,172,36
20315,917,745,37
20316,917,548,38
20317,917,764,39
20318,917,662,40
20319,917,355,41
20320,917,836,42
20321,917,1359,43
20322,917,783,44
20323,917,558,45
20324,917,1033,46
20325,917,93,47
20326,917,1323,48
20327,917,169,49
20328,917,1196,50
20329,917,519,51
20330,918,712,1
20331,918,844,2
20332,918,1350,3
20333,918,747,4
20334,918,742,5
20335,918,709,6
20336,918,1252,7
20337,918,105,8
20338,918,270,9
20339,918,962,10
20340,918,1130,11
20341,918,708,12
20342,918,504,13
20343,918,396,15
20344,918,209,16
20345,918,708,17
20346,918,576,18
20347,918,175,19
20348,918,164,20
20349,918,77,21
20350,918,722,22
20351,918,241,23
20352,918,558,24
20353,918,783,25
20354,918,1033,26
20355,918,326,27
20356,918,495,28
20357,918,1014,29
20358,918,771,30
20359,918,148,33
20360,918,136,34
20361,918,299,35
20362,918,437,36
20363,918,12,37
20364,918,793,38
20365,918,897,39
20366,918,561,40
20367,918,774,41
20368,918,723,42
20369,918,1060,43
20370,918,1378,44
20371,918,99,45
20372,918,515,46
20373,918,275,47
20374,918,830,48
20375,918,737,49
20376,918,403,50
20377,919,99,1
20378,919,1378,2
20379,919,515,3
20380,919,275,4
20381,919,326,5
20382,919,697,6
20383,919,219,7
20384,919,776,8
20385,919,865,10
20386,919,558,11
20387,919,1033,12
20388,919,1071,13
20389,919,1085,14
20390,919,1253,15
20391,919,758,16
20392,920,326,1
20393,920,136,2
20394,920,1014,3
20395,920,495,4
20396,920,992,5
20397,920,776,6
20398,920,697,7
20399,920,219,8
20400,920,178,9
20401,920,688,10
20402,920,1095,11
20403,920,915,12
20404,920,168,13
20405,920,712,14
20406,920,558,15
20407,920,396,17
20408,921,211,1
20409,921,712,2
20410,921,333,3
20411,921,178,4
20412,921,8,5
20413,921,1292,6
20414,921,1273,7
20415,921,558,8
20416,921,1253,9
20417,921,515,10
20418,921,1126,11
20419,921,1014,12
20420,921,175,13
20421,921,357,14
20422,921,837,15
20423,921,1029,16
20424,921,272,17
20425,921,326,18
20426,921,440,19
20427,921,807,20
20428,921,84,21
20429,921,1000,23
20430,921,311,25
20431,921,93,26
20432,921,1095,27
20433,921,776,28
20434,921,688,29
20435,921,136,30
20436,921,992,31
20437,922,357,1
20438,922,275,3
20439,922,515,4
20440,922,742,5
20441,922,1252,6
20442,922,105,7
20443,922,1014,8
20444,922,594,9
20445,922,919,10
20446,922,701,11
20447,922,725,12
20448,922,728,13
20449,922,181,14
20450,922,395,15
20451,922,844,17
20452,922,270,18
20453,922,643,19
20454,922,794,20
20455,922,941,21
20456,922,688,22
20457,922,1070,23
20458,922,783,24
20459,922,495,25
20460,922,712,26
20461,922,209,27
20462,922,709,28
20463,922,705,29
20464,923,357,1
20465,923,688,3
20466,923,724,4
20467,923,495,5
20468,923,712,6
20469,923,326,7
20470,923,169,8
20471,923,459,9
20472,923,93,10
20473,923,1323,11
20474,923,1095,12
20475,923,558,13
20476,923,1253,14
20477,923,1033,15
20478,923,290,16
20479,923,515,17
20480,923,275,18
20481,923,1282,19
20482,923,783,20
20483,923,405,21
20484,923,1174,22
20485,923,1211,23
20486,923,1167,24
20487,923,1207,25
20488,923,1227,26
20489,923,1237,27
20490,923,1218,28
20491,923,1205,29
20492,923,1186,30
20493,923,1168,31
20494,923,1177,32
20495,923,1208,33
20496,923,1231,34
20497,923,1164,35
20498,923,1188,36
20499,923,1206,37
20500,923,1196,38
20501,923,519,39
20502,923,1165,40
20503,923,1198,41
20504,923,1213,42
20505,923,1234,43
20506,923,1217,44
20507,924,688,1
20508,924,712,2
20509,924,405,3
20510,924,1211,4
20511,924,1237,5
20512,924,1218,6
20513,924,1205,7
20514,924,1186,8
20515,924,1196,9
20516,924,519,10
20517,924,783,11
20518,924,1167,12
20519,924,403,13
20520,924,737,14
20521,924,1095,15
20522,924,1231,16
20523,924,558,17
20524,924,396,18
20525,924,209,19
20526,924,241,20
20527,924,1168,21
20528,924,1177,22
20529,924,1208,23
20530,924,1164,24
20531,924,1188,25
20532,924,1206,26
20533,924,1174,27
20534,924,1172,28
20535,924,459,29
20536,924,136,30
20537,924,1014,31
20538,924,992,32
20539,924,219,33
20540,924,93,34
20541,924,1323,35
20542,924,169,36
20543,924,326,37
20544,924,742,38
20545,924,747,39
20546,924,709,40
20547,924,1351,41
20548,924,776,42
20549,924,697,43
20550,925,169,1
20551,925,1014,2
20552,925,136,3
20553,925,459,4
20554,925,326,5
20555,925,992,6
20556,925,166,7
20557,925,250,8
20558,925,121,9
20559,925,119,10
20560,925,116,11
20561,925,123,12
20562,925,117,13
20563,925,1387,14
20564,925,495,15
20565,925,515,16
20566,925,747,17
20567,925,1252,18
20568,925,175,19
20569,925,357,20
20570,925,1282,21
20571,925,558,22
20572,925,688,23
20573,925,712,24
20574,925,1105,25
20575,925,1010,26
20576,925,79,27
20577,925,399,28
20578,925,320,29
20579,925,757,30
20580,925,1142,31
20581,925,921,32
20582,925,4,33
20583,925,806,34
20584,925,222,35
20585,925,1006,36
20586,926,405,1
20587,926,1174,2
20588,926,1167,3
20589,926,1211,4
20590,926,1206,5
20591,926,1164,6
20592,926,1186,7
20593,926,1196,8
20594,926,519,9
20595,926,558,10
20596,926,712,11
20597,926,688,12
20598,926,178,13
20599,926,1006,14
20600,926,495,15
20601,926,320,16
20602,926,1105,17
20603,926,806,18
20604,926,1010,19
20605,926,222,20
20606,926,757,21
20607,926,1142,22
20608,926,399,23
20609,926,921,24
20610,926,79,25
20611,926,4,26
20612,926,747,28
20613,926,175,29
20614,926,209,30
20615,926,709,31
20616,926,515,32
20617,926,275,33
20618,926,1282,34
20619,926,8,35
20620,926,1292,36
20621,926,1273,37
20622,926,848,38
20623,926,1095,39
20624,927,175,1
20625,927,747,2
20626,927,209,3
20627,927,1196,4
20628,927,519,5
20629,927,709,6
20630,927,515,7
20631,927,60,8
20632,927,415,9
20633,927,807,10
20634,927,1282,11
20635,927,688,12
20636,927,1095,13
20637,927,495,14
20638,927,712,15
20639,927,742,16
20640,927,396,18
20641,927,178,19
20642,927,326,20
20643,927,357,21
20644,927,697,22
20645,927,708,23
20646,927,705,24
20647,927,1105,25
20648,927,1142,26
20649,927,757,27
20650,927,4,28
20651,927,1010,29
20652,927,399,30
20653,927,222,31
20654,928,688,1
20655,928,712,2
20656,928,1095,3
20657,928,1105,4
20658,928,4,5
20659,928,757,6
20660,928,495,7
20661,928,178,8
20662,928,1142,9
20663,928,1282,10
20664,928,399,11
20665,928,1010,12
20666,928,222,13
20667,928,806,14
20668,928,320,15
20669,928,515,16
20670,928,275,17
20671,928,921,18
20672,928,457,19
20673,928,60,20
20674,928,160,21
20675,928,558,22
20676,928,1107,24
20677,928,158,25
20678,928,1196,26
20679,928,519,27
20680,928,175,28
20681,928,709,29
20682,928,747,30
20683,928,209,31
20684,929,515,2
20685,929,275,3
20686,929,1282,4
20687,929,495,5
20688,929,865,6
20689,929,1095,7
20690,929,688,8
20691,929,783,9
20692,929,712,10
20693,929,326,11
20694,929,169,12
20695,929,136,13
20696,929,992,14
20697,929,1014,15
20698,929,1033,16
20699,929,1174,17
20700,929,405,18
20701,929,1211,19
20702,929,1206,20
20703,929,1167,21
20704,929,1164,22
20705,929,1227,23
20706,929,737,24
20707,929,1196,25
20708,929,519,26
20709,929,175,27
20710,929,709,28
20711,929,209,29
20712,929,747,30
20713,929,708,31
20714,929,722,32
20715,929,896,33
20716,929,1270,34
20717,929,357,35
20718,929,558,36
20719,929,142,37
20720,929,158,38
20721,929,1350,39
20722,929,1367,41
20723,929,865,42
20724,929,1107,43
20725,930,396,1
20726,930,865,2
20727,930,1107,3
20728,930,558,4
20729,930,255,5
20730,930,403,6
20731,930,1341,7
20732,930,712,8
20733,931,558,1
20734,931,865,2
20735,931,403,3
20736,931,1341,4
20737,931,396,5
20738,931,1107,6
20739,931,169,8
20740,931,1014,9
20741,931,136,10
20742,931,992,11
20743,931,357,12
20744,931,326,13
20745,931,515,14
20746,931,495,15
20747,931,275,16
20748,931,594,17
20749,931,688,19
20750,931,921,20
20751,931,758,21
20752,931,255,22
20753,932,558,1
20754,932,865,2
20755,932,403,3
20756,932,133,4
20757,932,494,5
20758,932,1107,6
20759,932,1341,7
20760,932,758,8
20761,932,515,9
20762,932,275,10
20763,932,495,11
20764,932,93,12
20765,932,1323,13
20766,932,326,14
20767,932,437,15
20768,932,12,16
20769,932,299,17
20770,932,783,18
20771,932,264,19
20772,932,357,21
20773,933,709,1
20774,933,1196,2
20775,933,519,3
20776,933,747,4
20777,933,175,5
20778,933,209,6
20779,933,558,7
20780,933,357,8
20781,933,403,10
20782,933,865,11
20783,933,1341,12
20784,933,758,13
20785,933,783,14
20786,933,494,15
20787,933,264,16
20788,933,1107,17
20789,933,1318,18
20790,933,985,19
20791,933,292,21
20792,933,1282,22
20793,933,711,23
20794,933,178,24
20795,934,357,3
20796,934,985,4
20797,934,1318,5
20798,934,558,6
20799,934,865,7
20800,934,1341,8
20801,934,403,9
20802,934,1107,10
20803,934,742,12
20804,934,844,13
20805,934,1252,14
20806,934,77,15
20807,934,105,16
20808,934,723,17
20809,934,93,18
20810,934,1323,19
20811,934,326,20
20812,934,495,21
20813,934,515,22
20814,934,275,23
20815,934,1095,25
20816,934,712,26
20817,934,688,27
20818,934,169,28
20819,934,1014,29
20820,934,136,30
20821,934,992,31
20822,934,747,33
20823,934,396,34
20824,934,758,35
20825,934,708,36
20826,934,711,37
20827,934,178,38
20828,935,558,1
20829,935,865,2
20830,935,403,3
20831,935,758,4
20832,935,1367,5
20833,935,647,6
20834,935,1006,7
20835,935,774,8
20836,935,214,9
20837,935,723,10
20838,935,688,11
20839,935,897,12
20840,935,793,13
20841,935,437,14
20842,935,12,15
20843,935,299,16
20844,935,783,17
20845,935,357,18
20846,935,711,19
20847,935,178,20
20848,936,357,1
20849,936,711,2
20850,936,178,3
20851,936,742,4
20852,936,396,5
20853,936,746,7
20854,936,709,8
20855,936,705,9
20856,936,708,10
20857,936,758,11
20858,936,844,12
20859,936,504,13
20860,936,1094,14
20861,936,1350,15
20862,936,793,16
20863,936,897,17
20864,936,561,18
20865,936,774,19
20866,936,214,20
20867,936,865,21
20868,936,558,22
20869,936,647,23
20870,936,1367,24
20871,936,264,25
20872,936,301,26
20873,936,169,27
20874,936,275,28
20875,936,280,29
20876,936,495,30
20877,936,515,31
20878,936,1014,32
20879,936,136,33
20880,936,992,34
20881,936,326,35
20882,936,1273,36
20883,936,1292,37
20884,936,1342,38
20885,936,8,39
20886,936,968,40
20887,936,1150,41
20888,936,325,42
20889,936,594,43
20890,936,403,44
20891,937,1367,1
20892,937,558,2
20893,937,865,3
20894,937,647,4
20895,937,403,5
20896,937,1341,6
20897,937,1107,7
20898,937,1112,8
20899,937,1196,9
20900,937,175,10
20901,937,209,11
20902,937,709,12
20903,937,519,13
20904,937,746,14
20905,937,1273,15
20906,937,495,16
20907,937,280,17
20908,937,326,18
20909,937,1014,19
20910,937,275,21
20911,937,688,22
20912,937,1006,23
20913,937,774,24
20914,937,214,25
20915,937,793,26
20916,937,897,27
20917,937,136,28
20918,937,515,29
20919,937,992,30
20920,937,1342,31
20921,937,981,32
20922,937,484,33
20923,937,335,34
20924,937,924,35
20925,937,178,36
20926,937,783,37
20927,937,1253,38
20928,937,396,39
20929,937,742,40
20930,937,1350,41
20931,937,844,42
20932,937,561,43
20933,937,1148,44
20934,937,80,45
20935,937,161,46
20936,937,468,47
20937,937,758,48
20938,938,1006,2
20939,938,1282,3
20940,938,688,4
20941,938,1095,5
20942,938,712,6
20943,938,403,7
20944,938,783,8
20945,938,558,9
20946,938,865,10
20947,938,396,11
20948,938,1253,12
20949,938,1350,13
20950,938,879,14
20951,938,770,15
20952,938,105,16
20953,938,1252,17
20954,938,844,18
20955,938,742,19
20956,938,270,20
20957,938,357,21
20958,938,178,22
20959,938,711,23
20960,938,723,24
20961,939,178,1
20962,939,688,2
20963,939,403,3
20964,939,558,4
20965,939,865,5
20966,939,1105,6
20967,939,280,7
20968,939,708,8
20969,939,1014,9
20970,939,136,10
20971,939,515,11
20972,939,495,12
20973,939,326,13
20974,939,275,15
20975,939,992,16
20976,939,879,17
20977,939,770,18
20978,939,844,19
20979,939,742,20
20980,939,723,21
20981,939,357,22
20982,939,1282,23
20983,939,711,24
20984,939,93,25
20985,939,1323,26
20986,939,981,27
20987,939,1342,28
20988,939,758,30
20989,940,1105,1
20990,940,280,2
20991,940,558,3
20992,940,865,4
20993,940,877,5
20994,940,1350,6
20995,940,742,7
20996,940,844,8
20997,940,688,10
20998,940,275,11
20999,940,136,13
21000,940,992,14
21001,940,515,15
21002,940,495,16
21003,940,1014,17
21004,940,783,18
21005,940,396,19
21006,940,746,20
21007,940,709,21
21008,940,561,22
21009,940,214,23
21010,940,774,24
21011,940,793,25
21012,940,897,26
21013,940,723,27
21014,940,708,28
21015,940,178,29
21016,940,357,30
21017,940,711,31
21018,940,1282,32
21019,940,1196,33
21020,940,519,34
21021,940,209,35
21022,940,175,36
21023,940,758,37
21024,940,504,38
21025,940,833,39
21026,940,1094,40
21027,940,981,42
21028,940,1342,43
21029,941,280,1
21030,941,178,2
21031,941,711,3
21032,941,357,4
21033,941,1282,5
21034,941,1105,6
21035,941,275,7
21036,941,136,9
21037,941,515,10
21038,941,1014,11
21039,941,495,12
21040,941,992,13
21041,941,326,14
21042,941,783,15
21043,941,403,16
21044,941,558,17
21045,941,865,18
21046,941,396,19
21047,941,879,20
21048,941,770,21
21049,941,1350,22
21050,941,844,23
21051,941,742,24
21052,941,1268,25
21053,941,325,26
21054,941,457,27
21055,941,985,28
21056,941,1318,29
21057,941,255,30
21058,941,1107,31
21059,941,1341,32
21060,941,1070,33
21061,941,688,34
21062,941,1342,35
21063,941,1323,37
21064,941,93,38
21065,942,280,1
21066,942,326,2
21067,942,357,3
21068,942,178,4
21069,942,1105,5
21070,942,688,6
21071,942,136,7
21072,942,1014,8
21073,942,495,9
21074,942,992,10
21075,942,515,11
21076,942,275,12
21077,942,558,14
21078,942,865,15
21079,942,711,16
21080,942,1282,17
21081,942,93,18
21082,942,1323,19
21083,942,1095,21
21084,942,697,22
21085,942,776,23
21086,942,219,24
21087,942,214,25
21088,942,774,26
21089,942,723,27
21090,942,403,28
21091,942,1341,29
21092,942,741,30
21093,942,1033,31
21094,942,169,32
21095,942,906,33
21096,943,93,1
21097,943,326,2
21098,943,178,3
21099,943,136,4
21100,943,992,5
21101,943,357,6
21102,943,1095,7
21103,943,219,8
21104,943,776,9
21105,943,697,10
21106,943,806,11
21107,943,1006,12
21108,943,1142,13
21109,943,79,14
21110,943,4,15
21111,943,757,16
21112,943,399,17
21113,943,1010,18
21114,943,222,19
21115,943,1105,20
21116,943,320,21
21117,943,921,22
21118,943,515,23
21119,943,495,24
21120,943,1282,25
21121,943,175,26
21122,943,558,27
21123,943,711,28
21124,943,741,29
21125,943,1033,30
21126,943,865,31
21127,943,403,32
21128,943,169,33
21129,943,1323,34
21130,943,437,35
21131,943,299,36
21132,943,12,37
21133,943,459,38
21134,943,1196,39
21135,943,519,40
21136,944,1350,1
21137,944,844,2
21138,944,742,3
21139,944,1252,4
21140,944,105,5
21141,944,270,6
21142,944,879,7
21143,944,770,8
21144,944,280,9
21145,944,558,10
21146,944,403,11
21147,944,865,12
21148,944,1196,13
21149,944,519,14
21150,944,175,15
21151,944,709,16
21152,944,209,17
21153,944,746,18
21154,944,1341,19
21155,944,1107,20
21156,944,737,21
21157,944,405,22
21158,944,741,23
21159,944,1033,24
21160,945,1196,1
21161,945,519,2
21162,945,403,3
21163,945,175,4
21164,945,746,5
21165,945,558,6
21166,945,865,7
21167,945,1107,8
21168,945,1341,9
21169,945,1033,10
21170,945,741,11
21171,945,758,12
21172,945,1253,13
21173,945,396,14
21174,945,60,15
21175,945,415,16
21176,945,158,17
21177,945,709,18
21178,945,209,19
21179,946,1196,1
21180,946,519,2
21181,946,558,3
21182,946,865,4
21183,946,1341,5
21184,946,1107,6
21185,946,1282,7
21186,946,495,8
21187,946,907,9
21188,946,452,10
21189,946,175,11
21190,946,357,12
21191,946,326,13
21192,946,136,14
21193,946,437,15
21194,946,169,16
21195,946,515,17
21196,946,12,18
21197,946,299,19
21198,946,1033,20
21199,946,741,21
21200,946,906,22
21201,946,92,23
21202,946,296,24
21203,946,264,25
21204,946,1262,26
21205,946,746,27
21206,946,403,28
21207,946,161,29
21208,946,468,30
21209,946,1148,31
21210,946,80,32
21211,946,758,33
21212,946,415,34
21213,946,60,35
21214,946,1174,36
21215,946,1211,37
21216,946,1167,38
21217,946,1170,39
21218,946,1205,40
21219,946,1206,41
21220,946,1186,42
21221,947,1196,1
21222,947,519,2
21223,947,403,3
21224,947,1205,4
21225,947,60,5
21226,947,1170,6
21227,947,1167,7
21228,947,1174,8
21229,947,1211,9
21230,947,1206,10
21231,947,1186,11
21232,947,415,12
21233,947,405,13
21234,947,1231,14
21235,947,1218,15
21236,947,1165,16
21237,947,1168,17
21238,947,1164,18
21239,947,1198,19
21240,947,1213,20
21241,947,1234,21
21242,947,1217,22
21243,947,737,23
21244,947,746,24
21245,947,209,25
21246,947,709,26
21247,947,175,27
21248,947,158,28
21249,947,1341,29
21250,947,1107,30
21251,947,255,31
21252,947,558,32
21253,947,865,33
21254,947,758,34
21255,947,919,36
21256,947,688,38
21257,947,783,39
21258,947,280,40
21259,948,396,1
21260,948,255,2
21261,948,758,3
21262,948,746,4
21263,948,1341,5
21264,948,1107,6
21265,948,919,7
21266,948,558,8
21267,948,175,11
21268,948,865,12
21269,948,357,13
21270,948,711,14
21271,948,1196,15
21272,948,519,16
21273,948,403,17
21274,948,1033,18
21275,948,741,19
21276,949,1107,1
21277,949,558,2
21278,949,396,3
21279,949,255,4
21280,949,746,5
21281,949,175,6
21282,949,865,7
21283,949,758,8
21284,949,1033,9
21285,949,741,10
21286,949,1341,11
21287,949,919,13
21288,949,783,15
21289,949,403,16
21290,949,742,17
21291,949,1282,18
21292,949,209,20
21293,949,709,21
21294,949,708,22
21295,950,865,1
21296,950,558,2
21297,950,175,3
21298,950,741,4
21299,950,1033,5
21300,950,783,6
21301,950,1323,7
21302,950,313,8
21303,950,1350,9
21304,950,742,10
21305,950,844,11
21306,950,708,12
21307,950,396,13
21308,950,758,14
21309,950,746,15
21310,950,209,16
21311,950,709,17
21312,950,688,18
21313,950,1070,20
21314,950,515,21
21315,950,169,22
21316,950,357,23
21317,950,495,24
21318,950,1014,25
21319,950,136,26
21320,950,1282,27
21321,950,711,28
21322,950,705,29
21323,951,711,1
21324,951,357,2
21325,951,1010,3
21326,951,688,7
21327,951,280,8
21328,951,178,9
21329,951,708,10
21330,951,705,11
21331,951,1006,12
21332,951,169,13
21333,951,873,14
21334,951,326,19
21335,951,275,20
21336,951,12,23
21337,951,437,24
21338,951,1014,25
21339,951,515,26
21340,951,495,27
21341,951,136,28
21342,951,992,29
21343,951,558,30
21344,951,175,31
21345,951,709,32
21346,951,865,33
21347,951,209,34
21348,951,746,35
21349,951,299,36
21350,951,457,37
21351,951,143,38
21352,951,817,39
21353,951,1146,40
21354,951,851,41
21355,951,929,42
21356,951,1323,43
21357,951,93,44
21358,952,515,1
21359,952,1342,3
21360,952,280,4
21361,952,981,5
21362,952,1105,6
21363,952,688,7
21364,952,708,8
21365,952,1014,9
21366,952,136,11
21367,952,992,12
21368,952,495,13
21369,952,437,14
21370,952,299,15
21371,952,275,16
21372,952,12,17
21373,952,326,18
21374,952,1282,19
21375,952,178,20
21376,952,877,21
21377,952,844,22
21378,952,742,23
21379,952,1350,24
21380,952,558,25
21381,952,175,26
21382,952,865,27
21383,952,758,28
21384,952,357,30
21385,952,711,31
21386,952,292,32
21387,952,1196,33
21388,952,830,34
21389,952,519,35
21390,952,403,36
21391,952,737,37
21392,952,783,38
21393,953,1196,1
21394,953,783,2
21395,953,519,3
21396,953,403,4
21397,953,1341,5
21398,953,209,6
21399,953,396,7
21400,953,746,8
21401,953,558,9
21402,953,865,10
21403,953,241,11
21404,953,1253,12
21405,953,175,13
21406,953,468,14
21407,953,1148,15
21408,953,80,16
21409,953,161,17
21410,953,742,18
21411,953,844,19
21412,953,1350,20
21413,953,877,21
21414,953,181,22
21415,953,1014,23
21416,953,395,24
21417,953,357,25
21418,953,711,27
21419,953,758,28
21420,953,469,29
21421,954,357,1
21422,954,469,2
21423,954,758,3
21424,954,711,4
21425,954,287,5
21426,954,1350,6
21427,954,396,8
21428,954,742,9
21429,954,705,10
21430,954,709,11
21431,954,783,12
21432,954,403,13
21433,954,830,14
21434,954,98,15
21435,954,328,16
21436,954,459,17
21437,954,737,18
21438,954,1273,19
21439,954,1292,20
21440,954,8,21
21441,954,558,22
21442,954,255,24
21443,954,1107,25
21444,954,865,26
21445,954,708,27
21446,955,357,1
21447,955,469,2
21448,955,292,3
21449,955,711,4
21450,955,758,5
21451,955,708,6
21452,955,783,7
21453,955,709,8
21454,955,984,9
21455,955,495,10
21456,955,136,11
21457,955,992,12
21458,955,1014,13
21459,955,437,14
21460,955,515,15
21461,955,723,16
21462,955,280,17
21463,955,793,18
21464,955,688,19
21465,955,1323,20
21466,955,169,21
21467,955,93,22
21468,955,1033,23
21469,955,313,24
21470,955,741,25
21471,955,1196,26
21472,955,623,27
21473,955,290,28
21474,955,558,29
21475,955,865,30
21476,955,175,31
21477,955,1148,33
21478,955,80,34
21479,955,742,35
21480,955,1282,36
21481,955,844,37
21482,955,1350,38
21483,955,275,40
21484,955,708,41
21485,955,396,42
21486,955,178,43
21487,955,326,44
21488,955,746,45
21489,955,1094,46
21490,955,850,49
21491,955,954,50
21492,955,823,51
21493,955,737,52
21494,955,403,53
21495,955,519,54
21496,956,709,1
21497,956,396,2
21498,956,742,3
21499,956,746,5
21500,956,1350,6
21501,956,844,7
21502,956,758,8
21503,956,708,9
21504,956,711,10
21505,956,357,11
21506,956,515,12
21507,956,1282,13
21508,956,326,14
21509,956,178,15
21510,956,495,16
21511,956,558,17
21512,956,209,18
21513,956,708,19
21514,956,865,20
21515,956,1014,21
21516,956,175,22
21517,956,275,23
21518,956,1148,24
21519,956,161,25
21520,956,468,26
21521,956,80,27
21522,956,723,28
21523,956,793,29
21524,956,276,30
21525,956,1252,31
21526,956,722,32
21527,956,896,33
21528,956,105,34
21529,956,270,35
21530,956,688,36
21531,956,1341,37
21532,956,783,38
21533,956,136,39
21534,956,992,40
21535,956,169,41
21536,956,1033,42
21537,956,741,43
21538,957,836,1
21539,957,1070,2
21540,957,1359,3
21541,957,389,4
21542,957,1317,5
21543,957,551,6
21544,957,832,7
21545,957,928,8
21546,957,1044,9
21547,957,502,10
21548,957,102,11
21549,957,230,12
21550,957,510,13
21551,957,375,14
21552,957,195,15
21553,957,1334,16
21554,957,272,17
21555,957,559,18
21556,957,1011,19
21557,957,644,20
21558,957,348,21
21559,957,1004,22
21560,957,546,23
21561,957,1238,24
21562,957,549,25
21563,957,1343,26
21564,957,736,28
21565,957,931,29
21566,957,1043,31
21567,957,560,32
21568,957,727,33
21569,957,854,34
21570,957,1314,35
21571,957,1269,36
21572,957,323,37
21573,957,641,39
21574,957,1117,40
21575,957,645,41
21576,957,1078,42
21577,957,623,43
21578,957,1346,44
21579,957,271,45
21580,957,1248,46
21581,957,93,47
21582,957,730,48
21583,957,783,49
21584,957,1196,50
21585,957,519,51
21586,957,629,52
21587,957,743,54
21588,957,1359,55
21589,957,215,56
21590,957,1305,57
21591,957,334,58
21592,957,1280,59
21593,957,1050,60
21594,957,1061,61
21595,957,1326,62
21596,957,984,63
21597,957,169,64
21598,957,807,65
21599,957,1120,66
21600,957,509,67
21601,957,558,68
21602,957,441,69
21603,957,1051,70
21604,957,479,71
21605,957,199,72
21606,957,695,73
21607,957,122,74
21608,957,881,75
21609,957,656,76
21610,957,292,77
21611,957,434,78
21612,957,1387,79
21613,957,221,80
21614,957,1097,81
21615,957,964,82
21616,957,961,83
21617,957,672,84
21618,957,302,85
21619,957,650,86
21620,957,1274,87
21621,957,1338,88
21622,957,165,89
21623,957,1092,90
21624,957,433,91
21625,957,175,92
21626,957,136,93
21627,957,357,94
21628,957,326,95
21629,957,495,96
21630,957,515,97
21631,957,1282,98
21632,957,1014,99
21633,957,290,100
21634,957,337,101
21635,957,1291,102
21636,957,714,103
21637,957,114,104
21638,957,383,105
21639,957,683,106
21640,957,316,107
21641,957,238,108
21642,957,382,109
21643,957,995,110
21644,957,566,111
21645,957,1369,112
21646,957,1265,113
21647,957,959,115
21648,957,501,116
21649,957,379,117
21650,957,1309,118
21651,957,1108,119
21652,957,387,120
21653,957,1122,121
21654,957,1039,122
21655,957,1301,123
21656,957,1303,124
21657,958,337,1
21658,958,836,2
21659,958,1120,3
21660,958,984,4
21661,958,1070,5
21662,958,1285,6
21663,958,305,7
21664,958,366,8
21665,958,1051,9
21666,958,1196,10
21667,958,783,11
21668,958,559,12
21669,958,953,13
21670,958,1346,14
21671,958,1248,15
21672,958,673,16
21673,958,225,17
21674,958,1079,18
21675,958,623,19
21676,958,125,20
21677,958,813,21
21678,958,271,22
21679,958,131,23
21680,958,327,24
21681,958,290,25
21682,958,730,26
21683,958,13,27
21684,958,653,28
21685,958,82,29
21686,958,876,30
21687,958,1272,31
21688,958,1293,32
21689,958,556,33
21690,958,663,34
21691,958,798,36
21692,958,1200,37
21693,958,1216,38
21694,958,1174,39
21695,958,1167,40
21696,958,1211,41
21697,958,1175,42
21698,958,519,43
21699,958,60,44
21700,958,415,45
21701,958,123,46
21702,958,549,47
21703,958,121,48
21704,958,145,49
21705,958,1172,50
21706,958,652,51
21707,958,1234,52
21708,958,1218,53
21709,958,976,54
21710,958,1231,55
21711,958,1206,56
21712,958,1165,57
21713,958,1168,58
21714,958,1186,59
21715,958,1188,60
21716,958,1205,61
21717,958,1198,62
21718,958,1213,63
21719,958,1217,64
21720,958,1305,65
21721,958,334,66
21722,958,1050,67
21723,958,1061,68
21724,958,1280,69
21725,958,1326,70
21726,958,169,71
21727,958,1033,72
21728,958,708,73
21729,958,558,74
21730,959,1040,1
21731,959,198,2
21732,959,1302,3
21733,959,309,4
21734,959,1244,5
21735,959,1328,6
21736,959,438,7
21737,959,1063,8
21738,959,1280,9
21739,959,290,10
21740,959,953,11
21741,959,1118,12
21742,959,708,13
21743,959,217,14
21744,959,240,15
21745,959,353,16
21746,959,1072,17
21747,959,596,18
21748,959,264,19
21749,959,315,20
21750,959,711,21
21751,959,688,22
21752,959,1006,23
21753,959,921,24
21754,959,873,26
21755,959,1105,28
21756,959,783,29
21757,959,742,31
21758,959,844,33
21759,959,396,34
21760,959,746,35
21761,959,1350,36
21762,959,758,37
21763,959,709,38
21764,959,275,39
21765,959,705,40
21766,959,161,41
21767,959,1148,42
21768,959,136,43
21769,959,992,44
21770,959,1014,45
21771,959,865,46
21772,959,805,47
21773,959,785,48
21774,959,690,49
21775,959,468,50
21776,959,597,51
21777,959,77,52
21778,959,80,53
21779,959,558,54
21780,959,708,55
21781,959,175,56
21782,959,1282,57
21783,959,495,58
21784,959,209,59
21785,959,722,60
21786,959,1252,61
21787,959,326,62
21788,959,357,63
21789,959,515,64
21790,959,105,65
21791,959,1130,66
21792,959,270,67
21793,959,962,68
21794,959,807,69
21795,959,770,70
21796,959,879,71
21797,959,158,72
21798,960,688,1
21799,960,708,2
21800,960,1148,6
21801,960,746,7
21802,960,742,9
21803,960,396,10
21804,960,758,11
21805,960,280,12
21806,960,1350,13
21807,960,844,14
21808,960,275,15
21809,960,709,16
21810,960,157,17
21811,960,710,22
21812,960,756,23
21813,960,1329,25
21814,960,545,27
21815,960,865,28
21816,960,1094,29
21817,961,158,1
21818,961,545,5
21819,961,742,6
21820,961,710,7
21821,961,708,8
21822,961,1094,10
21823,961,865,11
21824,961,1329,12
21825,961,688,13
21826,961,280,14
21827,961,1350,15
21828,961,833,16
21829,961,746,17
21830,961,396,19
21831,962,708,1
21832,962,1350,2
21833,962,396,4
21834,962,833,5
21835,962,1094,6
21836,962,742,7
21837,962,746,8
21838,962,1329,9
21839,962,287,11
21840,962,469,12
21841,962,280,13
21842,962,158,14
21843,962,1051,15
21844,962,783,16
21845,962,1196,17
21846,962,286,18
21847,962,758,19
21848,962,844,20
21849,962,504,21
21850,962,57,22
21851,962,688,24
21852,962,734,25
21853,962,1344,26
21854,962,1310,27
21855,962,1363,28
21856,962,1038,29
21857,962,115,30
21858,962,791,31
21859,962,100,32
21860,962,393,33
21861,962,635,34
21862,963,708,1
21863,963,57,2
21864,963,1051,3
21865,963,100,5
21866,963,635,6
21867,963,742,7
21868,963,833,8
21869,963,791,9
21870,963,393,10
21871,963,1363,11
21872,963,1344,12
21873,963,396,13
21874,963,1094,14
21875,963,115,15
21876,963,1020,16
21877,963,734,17
21878,963,1310,18
21879,963,1038,19
21880,963,504,20
21881,963,844,21
21882,963,746,22
21883,963,1350,23
21884,964,708,1
21885,964,100,3
21886,964,635,4
21887,964,1344,5
21888,964,1363,6
21889,964,1038,7
21890,964,115,8
21891,964,791,9
21892,964,734,10
21893,964,1051,11
21894,964,393,12
21895,964,833,13
21896,964,1020,14
21897,964,762,15
21898,964,504,16
21899,964,844,17
21900,964,733,18
21901,964,709,20
21902,964,280,22
21903,964,688,23
21904,964,623,24
21905,964,290,25
21906,964,1280,26
21907,964,953,27
21908,965,687,1
21909,965,280,2
21910,965,688,3
21911,965,683,4
21912,965,708,6
21913,965,1094,7
21914,965,709,8
21915,965,711,9
21916,965,705,10
21917,965,833,11
21918,965,1051,12
21919,965,393,13
21920,965,1020,14
21921,965,635,15
21922,965,100,16
21923,965,1344,17
21924,965,791,18
21925,965,734,19
21926,965,115,20
21927,965,953,21
21928,965,1280,22
21929,965,1118,23
21930,965,264,24
21931,965,290,25
21932,965,315,26
21933,965,217,27
21934,966,1051,1
21935,966,953,2
21936,966,1020,3
21937,966,635,4
21938,966,100,5
21939,966,115,6
21940,966,393,7
21941,966,1363,8
21942,966,791,9
21943,966,623,10
21944,966,264,11
21945,966,315,12
21946,966,309,13
21947,966,217,14
21948,966,1280,15
21949,966,290,16
21950,966,708,17
21951,966,1038,18
21952,966,734,19
21953,966,1344,20
21954,966,1310,21
21955,966,198,22
21956,966,596,23
21957,966,1063,24
21958,966,1244,25
21959,966,240,26
21960,966,1328,27
21961,966,1302,28
21962,966,438,29
21963,966,1072,30
21964,966,71,31
21965,966,86,32
21966,966,1040,33
21967,966,526,34
21968,966,821,36
21969,966,632,37
21970,966,173,38
21971,966,1035,39
21972,966,281,40
21973,966,833,41
21974,966,844,42
21975,966,504,43
21976,966,1118,44
21977,966,711,45
21978,966,709,46
21979,966,705,47
21980,966,521,48
21981,966,457,49
21982,967,1302,1
21983,967,315,2
21984,967,1118,3
21985,967,1072,4
21986,967,504,5
21987,967,844,6
21988,967,217,7
21989,967,438,8
21990,967,1328,9
21991,967,1280,10
21992,967,290,11
21993,967,198,12
21994,967,240,13
21995,967,1040,14
21996,967,596,15
21997,967,1063,16
21998,967,1244,17
21999,967,953,18
22000,967,264,19
22001,967,708,20
22002,967,309,21
22003,967,705,22
22004,967,990,23
22005,967,429,24
22006,967,610,25
22007,967,485,26
22008,967,1196,27
22009,967,519,28
22010,967,177,29
22011,967,861,30
22012,967,721,31
22013,967,1014,32
22014,967,711,33
22015,967,709,34
22016,967,502,39
22017,967,266,40
22018,967,526,41
22019,968,708,1
22020,968,953,2
22021,968,264,3
22022,968,315,4
22023,968,290,5
22024,968,1280,6
22025,968,705,7
22026,968,1118,8
22027,968,1302,9
22028,968,711,10
22029,968,709,11
22030,968,504,12
22031,968,844,13
22032,968,742,14
22033,968,396,15
22034,968,758,16
22035,968,746,17
22036,968,309,19
22037,968,688,20
22038,968,687,21
22039,968,57,22
22040,968,887,23
22041,968,217,24
22042,968,1244,25
22043,968,988,26
22044,968,198,27
22045,968,240,28
22046,968,1063,29
22047,968,1072,30
22048,968,1040,31
22049,968,447,32
22050,968,353,33
22051,968,1328,34
22052,968,596,35
22053,968,526,36
22054,968,1051,37
22055,968,521,38
22056,968,826,39
22057,968,438,40
22058,969,708,1
22059,969,1118,2
22060,969,1072,3
22061,969,315,4
22062,969,1244,5
22063,969,240,6
22064,969,1040,7
22065,969,217,8
22066,969,264,9
22067,969,953,10
22068,969,1280,11
22069,969,290,12
22070,969,309,13
22071,969,438,14
22072,969,596,15
22073,969,1063,16
22074,969,559,17
22075,969,286,18
22076,969,198,19
22077,969,1328,20
22078,969,552,21
22079,969,266,22
22080,969,1302,23
22081,969,833,24
22082,969,705,25
22083,969,709,26
22084,969,711,27
22085,969,742,28
22086,969,758,29
22087,969,504,30
22088,969,396,31
22089,969,844,33
22090,969,457,34
22091,969,746,35
22092,969,688,36
22093,969,783,37
22094,970,708,1
22095,970,742,2
22096,970,705,3
22097,970,396,4
22098,970,688,5
22099,970,709,6
22100,970,683,7
22101,970,687,8
22102,970,783,10
22103,970,275,11
22104,970,844,12
22105,970,746,13
22106,970,953,14
22107,970,1051,15
22108,970,1070,16
22109,970,1280,17
22110,970,290,18
22111,970,1061,19
22112,970,1120,20
22113,970,984,21
22114,970,560,22
22115,970,258,23
22116,971,984,1
22117,971,783,2
22118,971,708,3
22119,971,280,4
22120,971,758,5
22121,971,504,6
22122,971,844,7
22123,971,746,8
22124,971,396,9
22125,971,742,10
22126,971,711,11
22127,971,709,12
22128,971,705,13
22129,971,865,15
22130,971,1010,16
22131,971,399,17
22132,971,757,18
22133,971,1006,19
22134,971,921,20
22135,971,688,21
22136,971,683,22
22137,971,687,23
22138,971,1094,24
22139,971,1350,26
22140,971,168,27
22141,971,1051,28
22142,971,953,29
22143,972,708,1
22144,972,742,2
22145,972,1094,3
22146,972,746,4
22147,972,275,5
22148,972,1006,6
22149,972,320,7
22150,972,1105,8
22151,972,921,9
22152,972,688,10
22153,972,396,11
22154,972,705,12
22155,972,711,13
22156,972,280,14
22157,972,709,15
22158,972,783,16
22159,972,403,17
22160,972,737,18
22161,972,504,19
22162,972,844,20
22163,972,758,21
22164,972,1350,22
22165,972,833,23
22166,972,457,25
22167,972,687,26
22168,972,158,27
22169,972,1329,28
22170,972,88,30
22171,973,705,1
22172,973,711,2
22173,973,783,3
22174,973,708,4
22175,973,688,5
22176,973,396,6
22177,973,746,7
22178,973,1094,8
22179,973,758,9
22180,973,742,10
22181,973,844,12
22182,973,504,13
22183,973,1350,14
22184,973,275,15
22185,973,1006,16
22186,973,921,17
22187,973,320,18
22188,973,1105,19
22189,973,687,20
22190,973,683,21
22191,973,923,22
22192,973,709,23
22193,974,708,1
22194,974,1350,2
22195,974,746,4
22196,974,758,5
22197,974,844,6
22198,974,742,7
22199,974,396,8
22200,974,1094,9
22201,974,504,10
22202,974,783,11
22203,974,688,12
22204,974,275,13
22205,974,1006,14
22206,974,1105,15
22207,974,320,16
22208,974,921,17
22209,974,923,18
22210,974,280,19
22211,974,1051,20
22212,974,1363,21
22213,974,791,22
22214,974,635,23
22215,974,1038,24
22216,974,115,25
22217,974,953,26
22218,974,457,27
22219,974,1072,28
22220,974,309,29
22221,974,240,30
22222,974,217,31
22223,974,521,32
22224,974,1063,33
22225,974,596,34
22226,974,1040,35
22227,974,1244,36
22228,974,315,37
22229,974,264,38
22230,974,1118,39
22231,974,198,40
22232,974,290,41
22233,974,1280,42
22234,974,1328,43
22235,974,438,44
22236,974,57,45
22237,974,1302,46
22238,974,710,47
22239,974,833,48
22240,974,687,49
22241,974,705,50
22242,974,709,51
22243,974,711,52
22244,975,688,1
22245,975,783,2
22246,975,320,3
22247,975,1006,4
22248,975,921,5
22249,975,1105,6
22250,975,709,7
22251,975,711,8
22252,975,1329,9
22253,975,705,10
22254,975,708,11
22255,975,396,12
22256,975,758,13
22257,975,746,14
22258,975,1094,15
22259,975,504,16
22260,975,1350,17
22261,975,844,19
22262,975,742,20
22263,975,275,21
22264,975,823,22
22265,975,737,23
22266,975,264,24
22267,975,217,25
22268,975,953,26
22269,975,290,27
22270,975,1063,28
22271,976,688,1
22272,976,1350,2
22273,976,758,3
22274,976,1094,4
22275,976,742,6
22276,976,396,7
22277,976,746,8
22278,976,504,9
22279,976,844,10
22280,976,705,11
22281,976,711,12
22282,976,708,13
22283,976,783,14
22284,976,687,15
22285,976,683,16
22286,976,709,17
22287,976,57,18
22288,976,1070,19
22289,976,169,20
22290,976,262,21
22291,976,569,22
22292,976,720,23
22293,976,357,24
22294,976,1282,25
22295,976,326,26
22296,976,259,27
22297,976,558,28
22298,976,136,29
22299,976,515,30
22300,976,1014,31
22301,976,175,32
22302,976,495,33
22303,976,668,34
22304,976,447,35
22305,976,5,36
22306,976,270,37
22307,976,209,38
22308,976,280,39
22309,976,275,40
22310,976,992,41
22311,976,1196,42
22312,976,178,43
22313,976,79,44
22314,976,1142,45
22315,976,4,46
22316,976,320,47
22317,976,865,48
22318,976,1148,49
22319,976,468,50
22320,976,80,51
22321,976,161,52
22322,976,919,55
22323,977,275,1
22324,977,709,2
22325,977,1350,3
22326,977,746,4
22327,977,758,5
22328,977,742,6
22329,977,396,7
22330,977,689,8
22331,977,844,9
22332,977,705,10
22333,977,280,11
22334,977,326,12
22335,977,178,13
22336,977,93,14
22337,977,1014,15
22338,977,495,16
22339,977,357,17
22340,977,558,18
22341,977,865,19
22342,977,175,20
22343,977,515,21
22344,977,783,22
22345,977,708,23
22346,977,1094,24
22347,977,504,25
22348,977,688,26
22349,977,687,27
22350,977,683,28
22351,977,12,29
22352,977,299,30
22353,977,437,31
22354,977,830,32
22355,977,965,33
22356,977,288,34
22357,977,270,35
22358,977,105,36
22359,977,962,37
22360,977,1130,38
22361,977,1252,39
22362,977,169,40
22363,977,1033,41
22364,978,1252,1
22365,978,105,2
22366,978,270,3
22367,978,1130,4
22368,978,962,5
22369,978,515,6
22370,978,1014,7
22371,978,1282,8
22372,978,175,9
22373,978,495,10
22374,978,136,11
22375,978,326,12
22376,978,357,13
22377,978,558,14
22378,978,742,15
22379,978,844,16
22380,978,746,17
22381,978,299,18
22382,978,437,19
22383,978,12,20
22384,978,817,21
22385,978,1146,22
22386,978,457,23
22387,978,143,24
22388,978,929,25
22389,978,169,26
22390,978,396,27
22391,978,741,28
22392,978,92,29
22393,978,906,30
22394,978,1033,31
22395,978,275,32
22396,978,689,33
22397,978,709,34
22398,978,688,35
22399,978,80,39
22400,978,161,40
22401,978,1148,41
22402,978,468,42
22403,978,992,43
22404,978,758,44
22405,978,1350,45
22406,978,60,46
22407,978,783,47
22408,978,1196,48
22409,978,519,49
22410,978,1095,50
22411,979,1094,1
22412,979,689,2
22413,979,709,3
22414,979,742,4
22415,979,1350,5
22416,979,396,6
22417,979,844,7
22418,979,758,8
22419,979,746,9
22420,979,12,10
22421,979,437,11
22422,979,299,12
22423,979,817,13
22424,979,326,14
22425,979,515,15
22426,979,357,16
22427,979,1282,17
22428,979,1014,18
22429,979,495,19
22430,979,1033,20
22431,979,169,21
22432,979,558,22
22433,979,545,23
22434,979,708,24
22435,979,710,25
22436,979,723,26
22437,979,214,27
22438,979,175,28
22439,979,1252,29
22440,979,688,30
22441,979,468,31
22442,979,80,32
22443,979,865,33
22444,979,1148,34
22445,979,161,35
22446,980,689,1
22447,980,709,2
22448,980,758,3
22449,980,742,4
22450,980,161,5
22451,980,275,6
22452,980,326,7
22453,980,495,8
22454,980,175,9
22455,980,558,10
22456,980,169,11
22457,980,1014,12
22458,980,136,13
22459,980,468,14
22460,980,1252,15
22461,980,357,16
22462,980,515,17
22463,980,708,18
22464,980,844,19
22465,980,1350,20
22466,980,396,21
22467,980,746,22
22468,980,504,23
22469,980,1094,24
22470,980,711,25
22471,980,705,26
22472,980,783,27
22473,980,1282,28
22474,980,12,29
22475,980,299,30
22476,980,437,31
22477,980,817,32
22478,980,1033,33
22479,980,92,34
22480,980,807,35
22481,980,60,36
22482,981,807,1
22483,981,558,2
22484,981,1014,3
22485,981,1282,4
22486,981,136,5
22487,981,495,6
22488,981,515,7
22489,981,1252,8
22490,981,175,9
22491,981,326,10
22492,981,357,11
22493,981,169,12
22494,981,1033,13
22495,981,405,14
22496,981,1043,15
22497,981,854,16
22498,981,337,17
22499,981,272,18
22500,981,604,19
22501,981,216,20
22502,981,1196,21
22503,981,416,22
22504,981,742,23
22505,981,746,24
22506,981,396,25
22507,981,1350,26
22508,981,1094,27
22509,981,844,28
22510,981,758,29
22511,981,12,30
22512,981,437,31
22513,981,299,32
22514,981,817,33
22515,981,270,34
22516,981,865,35
22517,981,161,36
22518,981,80,37
22519,981,1148,38
22520,981,468,39
22521,981,783,40
22522,982,169,1
22523,982,1094,2
22524,982,844,3
22525,982,270,4
22526,982,746,5
22527,982,865,6
22528,982,742,7
22529,982,396,8
22530,982,758,9
22531,982,1350,10
22532,982,161,11
22533,982,468,12
22534,982,558,13
22535,982,357,14
22536,982,326,15
22537,982,1282,16
22538,982,495,17
22539,982,807,18
22540,982,1014,19
22541,982,1148,20
22542,982,136,21
22543,982,515,22
22544,982,175,23
22545,982,723,24
22546,982,787,25
22547,982,688,26
22548,982,1006,27
22549,982,1142,28
22550,982,403,29
22551,982,88,30
22552,982,783,31
22553,982,1196,32
22554,982,147,33
22555,982,328,34
22556,982,93,35
22557,982,459,36
22558,982,6,37
22559,982,98,38
22560,982,313,39
22561,982,737,40
22562,982,424,41
22563,982,950,42
22564,982,575,43
22565,982,1018,44
22566,982,927,45
22567,982,1286,46
22568,982,954,49
22569,982,823,50
22570,982,80,51
22571,982,708,52
22572,983,558,1
22573,983,357,2
22574,983,515,3
22575,983,807,4
22576,983,175,5
22577,983,1252,6
22578,983,136,7
22579,983,495,8
22580,983,1014,9
22581,983,1282,10
22582,983,326,11
22583,983,1033,12
22584,983,741,13
22585,983,906,14
22586,983,92,15
22587,983,742,16
22588,983,1094,17
22589,983,396,18
22590,983,865,19
22591,983,746,20
22592,983,1350,21
22593,983,169,22
22594,983,758,23
22595,983,844,24
22596,983,12,25
22597,983,437,26
22598,983,299,27
22599,983,817,28
22600,983,1130,29
22601,983,919,32
22602,983,897,33
22603,983,723,34
22604,983,214,35
22605,984,688,1
22606,984,689,2
22607,984,746,3
22608,984,1350,4
22609,984,396,5
22610,984,844,6
22611,984,758,7
22612,984,742,8
22613,984,558,9
22614,984,1252,10
22615,984,275,11
22616,984,175,12
22617,984,357,13
22618,984,495,14
22619,984,515,15
22620,984,326,16
22621,984,136,17
22622,984,807,18
22623,984,1282,19
22624,984,1014,20
22625,984,1033,21
22626,984,906,22
22627,984,741,23
22628,984,92,24
22629,984,865,25
22630,984,1148,26
22631,984,161,27
22632,984,468,28
22633,984,80,29
22634,984,962,30
22635,984,270,31
22636,984,1130,32
22637,984,1094,33
22638,984,723,34
22639,984,504,35
22640,984,708,36
22641,984,705,37
22642,984,709,38
22643,984,169,39
22644,984,299,40
22645,984,437,41
22646,984,12,42
22647,984,817,43
22648,984,783,44
22649,984,313,45
22650,984,88,46
22651,984,147,47
22652,984,459,48
22653,984,98,49
22654,984,6,50
22655,984,93,51
22656,984,328,52
22657,984,724,53
22658,984,280,54
22659,984,403,55
22660,984,708,56
22661,984,209,57
22662,985,357,1
22663,985,98,2
22664,985,6,3
22665,985,328,4
22666,985,147,5
22667,985,459,6
22668,985,93,7
22669,985,783,8
22670,985,830,9
22671,985,1196,10
22672,985,519,11
22673,985,737,12
22674,985,1331,13
22675,985,88,14
22676,985,558,15
22677,985,209,16
22678,985,906,17
22679,985,92,18
22680,985,741,19
22681,985,1033,20
22682,985,87,21
22683,985,740,22
22684,986,209,1
22685,986,357,2
22686,986,558,3
22687,986,403,4
22688,986,92,5
22689,986,906,6
22690,986,741,7
22691,986,1033,8
22692,986,313,9
22693,986,1341,10
22694,986,147,11
22695,986,459,12
22696,986,6,13
22697,986,93,14
22698,986,328,15
22699,986,98,16
22700,986,190,17
22701,986,1323,19
22702,986,783,20
22703,986,909,21
22704,986,575,22
22705,986,950,23
22706,987,1033,1
22707,987,313,2
22708,987,357,3
22709,987,558,4
22710,987,403,5
22711,987,741,6
22712,987,1323,7
22713,987,92,8
22714,987,906,9
22715,987,457,10
22716,987,909,11
22717,987,1196,12
22718,987,405,13
22719,987,1174,14
22720,987,742,15
22721,987,175,16
22722,987,515,17
22723,987,1252,18
22724,987,275,19
22725,987,783,20
22726,987,688,21
22727,987,136,22
22728,987,214,23
22729,987,690,24
22730,987,1148,25
22731,987,805,26
22732,987,270,27
22733,987,1130,28
22734,987,962,29
22735,987,169,30
22736,987,396,31
22737,987,437,32
22738,987,758,33
22739,987,299,34
22740,987,746,35
22741,987,844,36
22742,987,1350,37
22743,987,929,38
22744,987,817,39
22745,987,12,40
22746,987,143,41
22747,987,1094,42
22748,987,468,43
22749,987,865,44
22750,987,723,45
22751,987,495,46
22752,987,807,47
22753,987,1014,48
22754,987,1282,49
22755,987,326,50
22756,987,709,51
22757,987,689,52
22758,987,98,53
22759,987,93,54
22760,987,459,55
22761,987,147,56
22762,987,6,57
22763,987,328,58
22764,988,1033,1
22765,988,558,2
22766,988,741,3
22767,988,357,4
22768,988,326,5
22769,988,742,6
22770,988,270,7
22771,988,515,8
22772,988,1148,9
22773,988,1130,10
22774,988,962,11
22775,988,805,12
22776,988,214,13
22777,988,275,14
22778,988,1252,15
22779,988,175,16
22780,988,785,17
22781,988,136,18
22782,988,1196,19
22783,988,519,20
22784,988,1174,21
22785,988,1167,22
22786,988,1211,23
22787,988,737,24
22788,988,405,25
22789,988,1205,26
22790,988,1231,27
22791,988,1164,28
22792,988,1188,29
22793,988,1207,30
22794,988,1186,31
22795,988,1206,32
22796,988,635,33
22797,988,504,34
22798,988,833,35
22799,988,416,36
22800,988,337,37
22801,988,115,38
22802,988,1020,39
22803,988,1310,40
22804,988,912,41
22805,988,734,42
22806,988,1344,43
22807,988,1116,44
22808,988,623,45
22809,988,791,46
22810,988,514,47
22811,988,393,48
22812,988,245,49
22813,988,1312,50
22814,988,783,51
22815,988,6,52
22816,988,688,53
22817,988,708,54
22818,988,758,55
22819,988,396,56
22820,988,1350,57
22821,988,689,58
22822,988,1094,59
22823,988,746,60
22824,988,844,61
22825,988,709,62
22826,988,12,63
22827,988,437,64
22828,988,169,65
22829,988,299,66
22830,988,929,67
22831,988,364,68
22832,988,5,69
22833,988,851,70
22834,988,143,71
22835,988,817,72
22836,988,147,73
22837,988,459,74
22838,989,175,1
22839,989,1196,2
22840,989,519,3
22841,989,136,4
22842,989,117,5
22843,989,1282,6
22844,989,415,7
22845,989,515,8
22846,989,275,9
22847,989,1252,10
22848,989,742,11
22849,989,689,12
22850,989,709,13
22851,989,688,14
22852,989,783,15
22853,989,6,16
22854,989,844,17
22855,989,1350,18
22856,989,758,19
22857,989,1094,20
22858,989,396,21
22859,989,504,22
22860,989,746,23
22861,989,708,24
22862,989,1006,25
22863,989,558,26
22864,989,1033,27
22865,989,169,28
22866,989,357,29
22867,989,741,30
22868,989,313,31
22869,989,403,32
22870,989,190,33
22871,989,1286,34
22872,989,424,35
22873,989,927,36
22874,989,1018,37
22875,989,575,38
22876,989,950,39
22877,989,1142,40
22878,989,79,41
22879,989,757,42
22880,989,1105,43
22881,989,806,44
22882,989,921,45
22883,989,320,46
22884,989,4,47
22885,989,1010,48
22886,989,399,49
22887,989,873,54
22888,989,328,55
22889,989,98,56
22890,989,147,57
22891,989,93,58
22892,989,459,59
22893,989,830,60
22894,989,737,61
22895,989,833,62
22896,989,635,63
22897,989,1363,64
22898,989,734,65
22899,989,791,66
22900,989,1038,67
22901,989,115,68
22902,989,1051,69
22903,989,865,70
22904,989,80,71
22905,989,161,72
22906,989,723,73
22907,989,919,76
22908,989,1014,77
22909,989,270,78
22910,990,708,1
22911,990,88,2
22912,990,1033,3
22913,990,396,4
22914,990,437,5
22915,990,299,6
22916,990,169,7
22917,990,758,8
22918,990,746,9
22919,990,844,10
22920,990,1350,11
22921,990,817,12
22922,990,12,13
22923,990,143,14
22924,990,929,15
22925,990,147,16
22926,990,459,17
22927,990,558,18
22928,990,741,19
22929,990,906,20
22930,990,92,21
22931,990,783,22
22932,991,1174,1
22933,991,737,2
22934,991,405,3
22935,991,635,4
22936,991,1167,5
22937,991,1211,6
22938,991,1196,7
22939,991,519,8
22940,991,175,9
22941,991,136,10
22942,991,415,11
22943,991,515,12
22944,991,275,13
22945,991,1252,14
22946,991,60,15
22947,991,326,16
22948,991,962,17
22949,991,742,18
22950,991,1130,19
22951,991,495,20
22952,991,807,21
22953,991,865,22
22954,991,709,23
22955,991,403,24
22956,991,688,25
22957,991,783,26
22958,991,357,27
22959,991,88,31
22960,991,558,32
22961,991,147,33
22962,991,459,34
22963,991,416,35
22964,992,558,1
22965,992,88,2
22966,992,459,3
22967,992,709,4
22968,992,495,5
22969,992,807,6
22970,992,865,7
22971,992,468,8
22972,992,688,9
22973,992,403,10
22974,992,708,11
22975,992,705,12
22976,992,774,13
22977,992,214,14
22978,992,169,15
22979,992,299,16
22980,992,12,17
22981,992,929,18
22982,992,844,19
22983,992,1350,20
22984,992,396,21
22985,992,817,22
22986,992,437,23
22987,992,746,24
22988,992,1146,25
22989,992,504,26
22990,992,635,27
22991,992,833,28
22992,992,1094,29
22993,992,783,30
22994,992,1331,31
22995,992,737,32
22996,992,830,33
22997,992,1006,34
22998,992,689,35
22999,992,1051,36
23000,992,1020,37
23001,992,1038,38
23002,992,734,39
23003,992,1363,40
23004,992,115,41
23005,992,1344,42
23006,992,100,43
23007,992,393,44
23008,992,953,45
23009,992,457,46
23010,992,1072,47
23011,992,309,48
23012,992,217,49
23013,992,240,50
23014,992,521,51
23015,992,990,52
23016,992,429,53
23017,992,177,54
23018,992,1280,55
23019,992,502,56
23020,992,198,57
23021,992,264,58
23022,992,315,59
23023,992,887,60
23024,992,290,61
23025,992,1118,62
23026,992,1063,63
23027,992,1040,64
23028,992,1328,65
23029,992,438,66
23030,992,416,67
23031,993,495,1
23032,993,807,2
23033,993,865,3
23034,993,88,4
23035,993,558,5
23036,993,416,6
23037,993,1350,7
23038,993,844,8
23039,993,504,9
23040,993,746,10
23041,993,758,11
23042,993,396,12
23043,993,833,13
23044,993,169,14
23045,993,437,15
23046,993,299,16
23047,993,12,17
23048,993,689,18
23049,993,742,19
23050,993,1094,20
23051,993,708,21
23052,993,400,22
23053,993,709,23
23054,993,783,24
23055,993,737,25
23056,993,830,26
23057,993,723,27
23058,993,468,28
23059,993,270,29
23060,993,1148,30
23061,993,415,31
23062,993,275,32
23063,993,515,33
23064,993,1252,34
23065,993,60,35
23066,993,1196,36
23067,993,519,37
23068,994,519,1
23069,994,1196,2
23070,994,495,3
23071,994,807,4
23072,994,60,5
23073,994,1252,6
23074,994,515,7
23075,994,865,8
23076,994,783,9
23077,994,558,10
23078,994,88,11
23079,994,403,12
23080,994,737,13
23081,994,830,14
23082,994,688,15
23083,994,709,16
23084,994,1006,17
23085,994,711,18
23086,994,705,19
23087,994,746,20
23088,994,689,21
23089,994,1350,22
23090,994,833,23
23091,994,758,24
23092,994,844,25
23093,994,504,26
23094,994,708,27
23095,994,396,28
23096,994,742,29
23097,994,1094,30
23098,994,1130,31
23099,994,270,32
23100,994,962,33
23101,994,873,34
23102,995,708,1
23103,995,783,2
23104,995,403,3
23105,995,709,4
23106,995,737,5
23107,995,830,6
23108,995,688,7
23109,995,806,8
23110,995,1006,9
23111,995,4,10
23112,995,921,11
23113,995,757,12
23114,995,873,17
23115,995,1196,18
23116,995,519,19
23117,995,865,20
23118,995,723,21
23119,995,80,22
23120,995,689,23
23121,995,742,24
23122,995,396,25
23123,995,844,26
23124,995,504,27
23125,995,1094,28
23126,995,758,29
23127,995,1350,30
23128,995,746,31
23129,995,833,32
23130,995,515,33
23131,995,1252,34
23132,995,275,35
23133,995,495,36
23134,995,807,37
23135,995,88,38
23136,995,558,39
23137,995,98,40
23138,995,147,41
23139,995,787,42
23140,995,175,43
23141,995,136,44
23142,995,823,45
23143,995,954,46
23144,995,635,47
23145,995,1174,48
23146,995,705,49
23147,996,844,1
23148,996,746,2
23149,996,396,3
23150,996,1094,4
23151,996,742,5
23152,996,1350,6
23153,996,504,7
23154,996,758,8
23155,996,833,9
23156,996,783,10
23157,996,708,11
23158,996,88,12
23159,996,558,13
23160,996,1196,14
23161,996,519,15
23162,996,807,16
23163,996,495,17
23164,996,515,18
23165,996,1252,19
23166,996,830,20
23167,996,737,21
23168,996,403,22
23169,996,709,23
23170,996,865,24
23171,996,80,25
23172,996,723,26
23173,996,147,27
23174,996,169,28
23175,996,437,29
23176,996,299,30
23177,996,12,31
23178,996,98,32
23179,996,459,33
23180,996,275,34
23181,996,60,35
23182,996,705,36
23183,996,689,37
23184,997,558,1
23185,997,1196,2
23186,997,519,3
23187,997,88,4
23188,997,865,5
23189,997,80,6
23190,997,723,7
23191,997,783,8
23192,997,504,9
23193,997,844,10
23194,997,1350,11
23195,997,396,12
23196,997,742,13
23197,997,833,14
23198,997,1094,15
23199,997,746,16
23200,997,758,17
23201,997,403,18
23202,997,357,19
23203,997,690,20
23204,997,785,21
23205,997,214,22
23206,997,741,23
23207,997,1033,24
23208,997,1148,25
23209,997,169,26
23210,997,635,27
23211,997,1174,28
23212,997,709,29
23213,997,275,30
23214,997,830,31
23215,997,737,32
23216,997,774,33
23217,997,708,34
23218,997,270,35
23219,997,1130,36
23220,997,962,37
23221,997,364,38
23222,997,5,39
23223,997,513,40
23224,997,105,41
23225,997,57,42
23226,998,1196,1
23227,998,519,2
23228,998,88,3
23229,998,558,4
23230,998,709,5
23231,998,403,6
23232,998,737,7
23233,998,275,8
23234,998,495,9
23235,998,807,10
23236,998,865,11
23237,998,1148,12
23238,998,161,13
23239,998,723,14
23240,998,147,15
23241,998,515,16
23242,998,830,17
23243,998,364,18
23244,998,5,19
23245,998,270,20
23246,998,1130,21
23247,998,962,22
23248,998,1252,23
23249,998,326,24
23250,998,60,25
23251,998,783,26
23252,998,415,27
23253,998,1258,28
23254,998,1188,29
23255,998,1251,30
23256,998,1282,31
23257,998,328,32
23258,998,1014,33
23259,999,1196,1
23260,999,519,2
23261,999,1282,3
23262,999,1014,4
23263,999,515,5
23264,999,1252,6
23265,999,865,7
23266,999,723,8
23267,999,80,9
23268,999,495,10
23269,999,807,11
23270,999,558,12
23271,999,136,13
23272,999,175,14
23273,999,823,15
23274,999,954,16
23275,999,787,17
23276,999,88,18
23277,999,147,19
23278,999,709,20
23279,999,275,21
23280,999,708,22
23281,999,1148,23
23282,999,479,24
23283,999,326,25
23284,999,357,26
23285,999,396,27
23286,999,742,28
23287,999,833,29
23288,999,1094,30
23289,999,1350,31
23290,999,746,32
23291,999,758,33
23292,999,783,34
23293,1000,1196,1
23294,1000,1174,2
23295,1000,635,3
23296,1000,328,4
23297,1000,519,5
23298,1000,1094,6
23299,1000,783,7
23300,1000,513,8
23301,1000,830,9
23302,1000,1350,10
23303,1000,746,11
23304,1000,758,12
23305,1000,833,13
23306,1000,742,14
23307,1000,396,15
23308,1000,1130,16
23309,1000,270,17
23310,1000,5,18
23311,1000,364,19
23312,1000,962,20
23313,1000,844,21
23314,1000,504,22
23315,1000,77,23
23316,1000,558,24
23317,1000,823,25
23318,1000,787,26
23319,1000,403,27
23320,1000,357,28
23321,1000,737,29
23322,1000,723,30
23323,1000,865,31
23324,1000,161,32
23325,1000,1148,33
23326,1000,80,34
23327,1000,468,35
23328,1000,919,38
23329,1000,1014,39
23330,1000,136,40
23331,1000,175,41
23332,1000,326,42
23333,1000,774,43
23334,1000,954,44
23335,1000,290,45
23336,1000,1356,46
23337,1000,1120,47
23338,1000,369,48
23339,1000,559,49
23340,1000,416,50
23341,1000,337,51
23342,1000,1061,52
23343,1000,75,53
23344,1000,797,54
23345,1000,1101,55
23346,1000,292,56
23347,1000,493,57
23348,1000,427,58
23349,1000,208,59
23350,1000,515,60
23351,1000,434,61
23352,1000,933,62
23353,1000,889,63
23354,1000,509,64
23355,1000,702,65
23356,1000,495,66
23357,1000,246,67
23358,1000,1007,68
23359,1000,1282,69
23360,1000,679,70
23361,1000,457,71
23362,1000,772,72
23363,1000,1196,73
23364,1000,914,74
23365,1000,64,75
23366,1000,15,76
23367,1000,807,77
23368,1000,731,78
23369,1000,302,79
23370,1000,763,80
23371,1000,948,81
23372,1000,1151,82
23373,1000,721,83
23374,1000,272,84
23375,1000,452,85
23376,1000,6,86
23377,1000,98,87
23378,1000,147,88
23379,1001,93,1
23380,1001,723,2
23381,1001,1323,3
23382,1001,730,4
23383,1001,558,5
23384,1001,357,6
23385,1001,136,7
23386,1001,326,8
23387,1001,175,9
23388,1001,495,10
23389,1001,1282,11
23390,1001,807,12
23391,1001,515,13
23392,1001,403,14
23393,1001,737,15
23394,1001,783,16
23395,1001,1196,17
23396,1001,519,18
23397,1001,80,19
23398,1001,865,20
23399,1001,468,21
23400,1001,1148,22
23401,1001,1341,23
23402,1001,1033,24
23403,1001,313,25
23404,1001,741,26
23405,1001,328,27
23406,1001,98,28
23407,1001,6,29
23408,1001,459,30
23409,1001,147,31
23410,1001,954,32
23411,1001,787,33
23412,1001,774,34
23413,1001,1142,35
23414,1001,757,36
23415,1001,1105,37
23416,1001,921,39
23417,1001,873,40
23418,1001,1006,41
23419,1001,1331,42
23420,1001,169,43
23421,1001,479,44
23422,1001,1014,45
23423,1002,787,1
23424,1002,954,2
23425,1002,93,3
23426,1002,558,4
23427,1002,865,5
23428,1002,136,6
23429,1002,495,7
23430,1002,175,8
23431,1002,326,9
23432,1002,1282,10
23433,1002,515,11
23434,1002,275,12
23435,1002,1014,13
23436,1002,807,14
23437,1002,357,15
23438,1002,161,16
23439,1002,459,17
23440,1002,147,18
23441,1002,730,19
23442,1002,80,20
23443,1002,313,21
23444,1002,823,22
23445,1002,909,23
23446,1002,403,24
23447,1003,403,1
23448,1003,357,2
23449,1003,93,3
23450,1003,80,4
23451,1003,88,5
23452,1003,275,6
23453,1003,709,7
23454,1003,708,8
23455,1003,783,9
23456,1003,742,10
23457,1003,1130,11
23458,1003,270,12
23459,1003,5,13
23460,1003,962,14
23461,1003,364,15
23462,1003,830,16
23463,1003,513,17
23464,1003,396,18
23465,1003,504,19
23466,1003,844,20
23467,1003,77,21
23468,1003,1094,22
23469,1003,1350,23
23470,1003,746,24
23471,1003,833,25
23472,1003,758,26
23473,1003,105,27
23474,1003,1252,28
23475,1003,447,29
23476,1003,1174,30
23477,1003,1196,31
23478,1003,519,32
23479,1003,635,33
23480,1003,6,34
23481,1003,1051,35
23482,1003,558,36
23483,1003,807,37
23484,1003,515,38
23485,1003,326,39
23486,1004,558,1
23487,1004,326,2
23488,1004,403,3
23489,1004,357,4
23490,1004,93,5
23491,1004,737,6
23492,1004,1331,7
23493,1004,88,8
23494,1004,275,9
23495,1004,709,10
23496,1004,6,11
23497,1004,783,12
23498,1004,504,13
23499,1004,1094,14
23500,1004,746,15
23501,1004,758,16
23502,1004,742,17
23503,1004,396,18
23504,1004,833,19
23505,1004,1350,20
23506,1004,844,21
23507,1004,689,22
23508,1004,708,23
23509,1005,783,1
23510,1005,1350,2
23511,1005,742,3
23512,1005,1094,4
23513,1005,844,5
23514,1005,758,6
23515,1005,833,7
23516,1005,396,8
23517,1005,504,9
23518,1005,746,10
23519,1005,93,11
23520,1005,357,12
23521,1005,403,13
23522,1005,175,14
23523,1005,1282,15
23524,1005,495,16
23525,1005,1107,17
23526,1005,558,18
23527,1005,326,19
23528,1005,1286,20
23529,1005,807,21
23530,1005,708,22
23531,1005,594,23
23532,1005,1342,24
23533,1005,99,25
23534,1005,395,26
23535,1005,701,27
23536,1005,728,28
23537,1005,181,29
23538,1005,725,30
23539,1005,687,31
23540,1006,275,1
23541,1006,709,2
23542,1006,88,3
23543,1006,737,4
23544,1006,1331,5
23545,1006,746,6
23546,1006,98,10
23547,1006,328,11
23548,1006,459,12
23549,1006,515,13
23550,1006,136,14
23551,1006,147,15
23552,1006,558,16
23553,1006,280,23
23554,1006,844,24
23555,1006,504,25
23556,1006,175,26
23557,1006,742,27
23558,1006,689,28
23559,1006,758,29
23560,1006,396,30
23561,1006,705,31
23562,1006,403,32
23563,1006,1105,33
23564,1006,806,34
23565,1006,921,37
23566,1006,873,38
23567,1006,357,39
23568,1006,495,40
23569,1006,1282,41
23570,1006,80,42
23571,1006,161,43
23572,1006,865,44
23573,1006,468,45
23574,1006,1148,46
23575,1006,326,47
23576,1006,807,48
23577,1006,1018,49
23578,1006,927,50
23579,1006,783,51
23580,1006,1350,52
23581,1006,833,53
23582,1006,1094,54
23583,1006,270,55
23584,1006,953,56
23585,1006,1051,57
23586,1006,708,58
23587,1007,175,1
23588,1007,403,2
23589,1007,468,3
23590,1007,865,4
23591,1007,558,5
23592,1007,161,6
23593,1007,313,7
23594,1007,357,8
23595,1007,495,9
23596,1007,1282,10
23597,1007,873,11
23598,1007,723,12
23599,1007,806,14
23600,1007,93,15
23601,1007,783,16
23602,1007,833,17
23603,1007,746,18
23604,1007,844,19
23605,1007,742,20
23606,1007,758,21
23607,1007,1350,22
23608,1007,1094,23
23609,1007,396,24
23610,1007,504,25
23611,1007,88,26
23612,1007,275,27
23613,1007,709,28
23614,1007,328,34
23615,1007,708,35
23616,1007,689,36
23617,1007,923,37
23618,1008,1196,1
23619,1008,635,2
23620,1008,519,3
23621,1008,60,4
23622,1008,415,5
23623,1008,1174,6
23624,1008,313,7
23625,1008,93,8
23626,1008,357,9
23627,1008,403,10
23628,1008,326,11
23629,1008,117,12
23630,1008,121,13
23631,1008,116,14
23632,1008,119,15
23633,1008,123,16
23634,1008,136,17
23635,1008,515,18
23636,1008,147,19
23637,1008,459,20
23638,1008,1282,21
23639,1008,175,22
23640,1008,495,23
23641,1008,558,24
23642,1008,722,25
23643,1008,209,26
23644,1009,1196,1
23645,1009,519,2
23646,1009,635,3
23647,1009,60,4
23648,1009,1174,5
23649,1009,1252,6
23650,1009,105,7
23651,1009,447,8
23652,1009,558,9
23653,1009,807,10
23654,1009,515,11
23655,1009,415,12
23656,1009,459,13
23657,1009,722,14
23658,1009,147,15
23659,1009,209,16
23660,1009,136,17
23661,1009,896,18
23662,1009,88,19
23663,1009,328,22
23664,1009,709,24
23665,1009,275,25
23666,1009,708,26
23667,1009,1014,27
23668,1009,909,28
23669,1010,169,1
23670,1010,1068,2
23671,1010,1092,3
23672,1010,302,4
23673,1010,650,5
23674,1010,1070,6
23675,1010,672,7
23676,1010,433,8
23677,1010,495,9
23678,1010,1282,10
23679,1010,515,11
23680,1010,844,12
23681,1010,504,13
23682,1010,742,14
23683,1010,689,15
23684,1010,357,16
23685,1010,1014,17
23686,1010,396,18
23687,1010,136,19
23688,1010,558,20
23689,1010,1196,21
23690,1010,519,22
23691,1010,783,23
23692,1010,290,24
23693,1010,623,25
23694,1010,166,26
23695,1010,403,27
23696,1010,313,28
23697,1010,93,29
23698,1010,175,30
23699,1010,60,31
23700,1010,415,32
23701,1010,1033,33
23702,1010,741,34
23703,1010,424,35
23704,1010,758,36
23705,1010,1350,37
23706,1010,1094,38
23707,1010,746,39
23708,1010,833,40
23709,1010,708,41
23710,1010,468,42
23711,1010,865,43
23712,1010,326,44
23713,1010,807,45
23714,1010,325,46
23715,1011,325,1
23716,1011,326,2
23717,1011,558,3
23718,1011,807,4
23719,1011,6,5
23720,1011,190,6
23721,1011,1331,7
23722,1011,737,8
23723,1011,424,9
23724,1011,950,10
23725,1011,575,11
23726,1011,865,12
23727,1011,1033,13
23728,1011,783,14
23729,1011,742,15
23730,1011,1282,16
23731,1011,175,17
23732,1011,468,18
23733,1011,403,19
23734,1011,313,20
23735,1011,357,21
23736,1011,495,22
23737,1011,722,23
23738,1011,515,24
23739,1011,209,25
23740,1011,136,26
23741,1011,741,27
23742,1011,299,28
23743,1011,437,29
23744,1011,817,30
23745,1011,1146,31
23746,1011,12,32
23747,1011,88,33
23748,1011,275,34
23749,1011,709,35
23750,1011,746,36
23751,1011,1196,37
23752,1011,60,38
23753,1011,415,39
23754,1011,635,40
23755,1011,758,41
23756,1011,844,42
23757,1011,833,43
23758,1012,88,1
23759,1012,275,2
23760,1012,709,3
23761,1012,783,4
23762,1012,175,5
23763,1012,357,6
23764,1012,495,7
23765,1012,1282,8
23766,1012,403,9
23767,1012,635,10
23768,1012,468,11
23769,1012,865,12
23770,1012,576,13
23771,1012,164,14
23772,1012,80,15
23773,1012,1148,16
23774,1012,161,17
23775,1012,313,18
23776,1012,93,19
23777,1012,807,20
23778,1012,558,21
23779,1012,326,22
23780,1012,6,23
23781,1012,325,24
23782,1012,190,25
23783,1012,98,26
23784,1012,1014,27
23785,1012,328,28
23786,1012,459,29
23787,1012,147,30
23788,1012,515,31
23789,1012,896,32
23790,1012,209,33
23791,1012,722,34
23792,1012,136,35
23793,1012,416,36
23794,1013,326,1
23795,1013,6,2
23796,1013,325,3
23797,1013,190,4
23798,1013,487,5
23799,1013,558,8
23800,1013,98,9
23801,1013,807,10
23802,1013,88,11
23803,1013,275,12
23804,1013,709,13
23805,1013,416,14
23806,1013,667,15
23807,1013,618,16
23808,1013,715,17
23809,1013,261,18
23810,1013,1125,19
23811,1013,602,20
23812,1013,1335,21
23813,1013,1325,22
23814,1013,1384,23
23815,1013,1031,24
23816,1013,747,25
23817,1013,703,26
23818,1013,1083,27
23819,1013,1055,28
23820,1013,867,29
23821,1013,341,30
23822,1013,462,31
23823,1013,988,32
23824,1013,108,33
23825,1013,783,34
23826,1013,953,35
23827,1013,559,36
23828,1013,1051,37
23829,1013,708,38
23830,1013,635,39
23831,1013,1038,40
23832,1013,115,41
23833,1013,100,42
23834,1013,1344,43
23835,1013,1363,44
23836,1013,393,45
23837,1013,457,46
23838,1013,1072,47
23839,1013,309,48
23840,1013,521,49
23841,1013,240,50
23842,1013,217,51
23843,1013,742,52
23844,1013,758,53
23845,1013,1094,54
23846,1013,689,55
23847,1013,504,56
23848,1013,396,57
23849,1013,746,58
23850,1013,844,59
23851,1013,1350,60
23852,1013,1245,61
23853,1013,1033,62
23854,1013,1258,63
23855,1013,169,64
23856,1013,515,65
23857,1013,722,66
23858,1013,209,67
23859,1013,136,68
23860,1014,403,1
23861,1014,468,2
23862,1014,161,3
23863,1014,1148,4
23864,1014,80,5
23865,1014,175,6
23866,1014,865,7
23867,1014,723,8
23868,1014,164,9
23869,1014,576,10
23870,1014,635,11
23871,1014,357,12
23872,1014,1282,13
23873,1014,495,14
23874,1014,416,15
23875,1014,1051,16
23876,1014,791,17
23877,1014,833,18
23878,1014,393,19
23879,1014,623,20
23880,1014,209,21
23881,1014,88,22
23882,1014,722,23
23883,1014,515,24
23884,1014,136,25
23885,1014,558,26
23886,1014,602,27
23887,1014,1384,28
23888,1014,509,29
23889,1014,807,30
23890,1014,709,31
23891,1014,275,32
23892,1014,519,33
23893,1014,1196,34
23894,1014,415,35
23895,1014,60,36
23896,1014,737,37
23897,1014,783,38
23898,1014,396,39
23899,1014,746,40
23900,1014,1094,41
23901,1014,844,42
23902,1014,758,43
23903,1014,1350,44
23904,1014,504,45
23905,1014,742,46
23906,1014,364,47
23907,1014,270,48
23908,1014,1130,49
23909,1014,962,50
23910,1014,5,51
23911,1015,88,1
23912,1015,416,2
23913,1015,709,3
23914,1015,275,4
23915,1015,343,5
23916,1015,953,6
23917,1015,708,7
23918,1015,1051,8
23919,1015,558,9
23920,1015,783,10
23921,1015,169,11
23922,1015,1033,12
23923,1015,741,13
23924,1015,357,14
23925,1015,1196,15
23926,1015,519,16
23927,1015,415,17
23928,1015,60,18
23929,1015,742,19
23930,1015,1350,20
23931,1015,1094,21
23932,1015,758,22
23933,1015,504,23
23934,1015,844,24
23935,1015,746,25
23936,1015,833,26
23937,1015,396,27
23938,1015,865,28
23939,1015,689,29
23940,1015,515,30
23941,1015,1252,31
23942,1015,175,32
23943,1015,1282,33
23944,1015,326,34
23945,1015,1014,35
23946,1015,495,36
23947,1015,136,37
23948,1015,447,38
23949,1015,178,39
23950,1015,280,40
23951,1015,403,41
23952,1015,209,42
23953,1015,723,43
23954,1015,1148,44
23955,1015,161,45
23956,1015,80,46
23957,1015,468,47
23958,1015,635,48
23959,1015,164,49
23960,1015,576,50
23961,1015,270,51
23962,1015,962,52
23963,1015,1130,53
23964,1015,722,54
23965,1015,105,55
23966,1016,1196,1
23967,1016,1033,2
23968,1016,741,3
23969,1016,169,4
23970,1016,357,5
23971,1016,558,6
23972,1016,783,7
23973,1016,60,8
23974,1016,519,9
23975,1016,865,10
23976,1016,953,11
23977,1016,1051,12
23978,1016,708,13
23979,1016,366,14
23980,1016,290,15
23981,1016,415,16
23982,1016,326,17
23983,1016,325,18
23984,1016,190,19
23985,1016,487,20
23986,1016,6,21
23987,1017,783,1
23988,1017,558,2
23989,1017,1033,3
23990,1017,169,4
23991,1017,741,5
23992,1017,357,6
23993,1017,1196,7
23994,1017,1051,8
23995,1017,366,9
23996,1017,953,10
23997,1017,559,11
23998,1017,708,12
23999,1017,60,13
24000,1017,519,14
24001,1017,415,15
24002,1017,515,16
24003,1017,136,17
24004,1017,326,18
24005,1017,175,19
24006,1017,495,20
24007,1017,1014,21
24008,1017,1282,22
24009,1017,807,23
24010,1017,758,24
24011,1017,742,25
24012,1017,1350,26
24013,1017,746,27
24014,1017,396,28
24015,1017,833,29
24016,1017,1094,30
24017,1018,558,1
24018,1018,783,2
24019,1018,1033,3
24020,1018,169,4
24021,1018,60,5
24022,1018,519,6
24023,1018,1196,7
24024,1018,357,8
24025,1018,741,9
24026,1018,722,10
24027,1018,136,11
24028,1018,209,12
24029,1018,515,13
24030,1018,88,14
24031,1018,709,15
24032,1018,275,16
24033,1018,6,17
24034,1018,326,18
24035,1018,865,19
24036,1018,80,20
24037,1018,1014,21
24038,1018,328,22
24039,1018,807,23
24040,1018,495,24
24041,1018,1282,25
24042,1018,708,26
24043,1018,941,27
24044,1018,161,28
24045,1018,723,29
24046,1018,688,30
24047,1018,643,31
24048,1018,794,32
24049,1018,1070,33
24050,1018,1148,34
24051,1018,299,35
24052,1018,437,36
24053,1018,12,37
24054,1018,147,38
24055,1019,209,1
24056,1019,241,2
24057,1019,1286,3
24058,1019,722,4
24059,1019,896,5
24060,1019,985,6
24061,1019,1107,7
24062,1019,424,8
24063,1019,927,9
24064,1019,515,10
24065,1019,136,11
24066,1019,175,12
24067,1019,403,13
24068,1019,313,14
24069,1019,865,15
24070,1019,80,16
24071,1019,468,17
24072,1019,161,18
24073,1019,1148,19
24074,1019,1105,20
24075,1019,873,21
24076,1019,93,22
24077,1019,723,23
24078,1019,1014,24
24079,1019,328,25
24080,1019,147,30
24081,1019,459,31
24082,1020,326,1
24083,1020,190,2
24084,1020,325,3
24085,1020,487,4
24086,1020,6,7
24087,1020,1263,8
24088,1020,1331,9
24089,1020,558,10
24090,1020,742,11
24091,1020,1350,12
24092,1020,758,13
24093,1020,504,14
24094,1020,746,15
24095,1020,833,16
24096,1020,396,17
24097,1020,844,18
24098,1020,1094,19
24099,1020,783,20
24100,1020,169,21
24101,1020,635,22
24102,1020,737,23
24103,1020,105,24
24104,1020,1252,25
24105,1020,1174,26
24106,1020,447,27
24107,1020,175,28
24108,1020,576,29
24109,1020,164,30
24110,1020,865,31
24111,1020,80,32
24112,1020,1148,33
24113,1020,873,34
24114,1020,495,38
24115,1020,136,39
24116,1020,515,40
24117,1020,357,41
24118,1020,1014,42
24119,1020,93,43
24120,1020,313,44
24121,1020,92,45
24122,1020,906,46
24123,1020,12,47
24124,1020,299,48
24125,1020,437,49
24126,1020,807,50
24127,1020,98,51
24128,1020,328,52
24129,1020,722,53
24130,1021,6,1
24131,1021,326,2
24132,1021,495,3
24133,1021,190,4
24134,1021,487,5
24135,1021,1263,7
24136,1021,1282,8
24137,1021,325,10
24138,1021,88,11
24139,1021,275,12
24140,1021,709,13
24141,1021,1331,14
24142,1021,1174,15
24143,1021,1252,16
24144,1021,105,17
24145,1021,447,18
24146,1021,558,19
24147,1021,807,20
24148,1021,515,21
24149,1021,1196,22
24150,1021,519,23
24151,1021,60,24
24152,1021,415,25
24153,1021,169,26
24154,1021,741,27
24155,1021,1033,28
24156,1021,357,29
24157,1021,783,30
24158,1021,830,31
24159,1021,504,32
24160,1021,396,33
24161,1021,742,34
24162,1021,844,35
24163,1021,758,36
24164,1021,746,37
24165,1021,1350,38
24166,1021,1094,39
24167,1021,833,40
24168,1021,104,41
24169,1022,175,1
24170,1022,164,2
24171,1022,576,3
24172,1022,723,4
24173,1022,1060,5
24174,1022,865,6
24175,1022,313,7
24176,1022,1142,8
24177,1022,757,9
24178,1022,806,10
24179,1022,4,11
24180,1022,1105,12
24181,1022,921,13
24182,1022,403,14
24183,1022,93,15
24184,1022,1148,16
24185,1022,80,17
24186,1022,161,18
24187,1022,468,19
24188,1022,873,20
24189,1022,558,25
24190,1022,954,26
24191,1022,1033,27
24192,1022,741,28
24193,1022,357,29
24194,1022,169,30
24195,1022,783,31
24196,1022,1196,32
24197,1022,519,33
24198,1022,415,34
24199,1022,60,35
24200,1022,79,36
24201,1022,320,37
24202,1022,635,38
24203,1022,737,39
24204,1022,1174,40
24205,1022,708,41
24206,1023,175,1
24207,1023,576,2
24208,1023,164,3
24209,1023,635,4
24210,1023,403,5
24211,1023,737,6
24212,1023,1105,7
24213,1023,757,8
24214,1023,873,9
24215,1023,313,10
24216,1023,921,11
24217,1023,4,12
24218,1023,865,17
24219,1023,93,18
24220,1023,80,19
24221,1023,1148,20
24222,1023,468,21
24223,1023,161,22
24224,1023,558,23
24225,1023,783,24
24226,1023,1033,25
24227,1023,169,26
24228,1023,741,27
24229,1023,357,28
24230,1023,742,29
24231,1023,746,30
24232,1023,504,31
24233,1023,396,32
24234,1023,758,33
24235,1023,708,34
24236,1023,1350,35
24237,1023,1094,36
24238,1023,833,37
24239,1023,844,38
24240,1024,88,1
24241,1024,275,2
24242,1024,709,3
24243,1024,1331,4
24244,1024,783,5
24245,1024,941,6
24246,1024,643,7
24247,1024,794,8
24248,1024,742,9
24249,1024,708,10
24250,1024,758,11
24251,1024,396,12
24252,1024,1094,13
24253,1024,1350,14
24254,1024,746,15
24255,1024,833,16
24256,1024,504,17
24257,1024,844,18
24258,1024,689,19
24259,1024,711,20
24260,1024,705,21
24261,1024,558,22
24262,1024,357,23
24263,1024,1033,24
24264,1024,741,25
24265,1024,169,26
24266,1024,1196,27
24267,1024,415,28
24268,1024,519,29
24269,1024,60,30
24270,1025,1094,1
24271,1025,708,2
24272,1025,1350,3
24273,1025,833,4
24274,1025,746,5
24275,1025,742,6
24276,1025,396,7
24277,1025,844,8
24278,1025,758,9
24279,1025,504,10
24280,1025,689,11
24281,1025,688,12
24282,1025,830,13
24283,1025,962,14
24284,1025,364,15
24285,1025,89,16
24286,1025,175,17
24287,1025,635,18
24288,1025,403,19
24289,1025,468,20
24290,1025,161,21
24291,1025,1148,22
24292,1025,865,23
24293,1025,80,24
24294,1025,783,25
24295,1025,1006,26
24296,1025,1033,27
24297,1025,741,28
24298,1025,169,29
24299,1025,558,30
24300,1025,357,31
24301,1025,415,32
24302,1025,1196,33
24303,1025,519,34
24304,1025,60,35
24305,1026,688,1
24306,1026,1006,2
24307,1026,742,3
24308,1026,1094,4
24309,1026,746,5
24310,1026,833,6
24311,1026,396,7
24312,1026,504,8
24313,1026,758,9
24314,1026,708,10
24315,1026,1350,11
24316,1026,844,12
24317,1026,558,13
24318,1026,783,14
24319,1026,357,15
24320,1026,169,16
24321,1026,1033,17
24322,1026,741,18
24323,1026,1196,19
24324,1026,519,20
24325,1026,415,21
24326,1026,60,22
24327,1027,1196,1
24328,1027,60,2
24329,1027,1033,3
24330,1027,169,4
24331,1027,415,5
24332,1027,357,6
24333,1027,783,7
24334,1027,519,8
24335,1027,741,9
24336,1027,558,10
24337,1027,903,11
24338,1027,817,12
24339,1027,851,13
24340,1027,1146,14
24341,1027,143,15
24342,1027,708,16
24343,1028,558,1
24344,1028,783,2
24345,1028,1196,3
24346,1028,519,4
24347,1028,415,5
24348,1028,1033,6
24349,1028,741,7
24350,1028,903,8
24351,1028,136,9
24352,1028,515,10
24353,1028,722,11
24354,1028,209,12
24355,1028,459,13
24356,1028,1323,14
24357,1028,313,15
24358,1028,169,16
24359,1028,357,17
24360,1028,865,18
24361,1028,742,19
24362,1028,1120,20
24363,1029,558,1
24364,1029,136,2
24365,1029,807,3
24366,1029,175,4
24367,1029,495,5
24368,1029,1282,6
24369,1029,357,7
24370,1029,1014,8
24371,1029,134,9
24372,1029,876,10
24373,1029,653,11
24374,1029,82,12
24375,1029,1293,13
24376,1029,290,14
24377,1029,90,15
24378,1029,559,16
24379,1029,663,17
24380,1029,1272,18
24381,1029,13,20
24382,1029,641,21
24383,1030,134,1
24384,1030,290,2
24385,1030,558,3
24386,1030,641,4
24387,1030,654,5
24388,1030,653,6
24389,1030,82,7
24390,1030,13,8
24391,1030,663,9
24392,1030,1293,11
24393,1030,357,12
24394,1030,283,13
24395,1030,284,14
24396,1030,136,15
24397,1030,607,16
24398,1030,326,17
24399,1030,64,18
24400,1030,450,19
24401,1030,1250,20
24402,1030,515,21
24403,1030,978,22
24404,1030,11,23
24405,1030,488,24
24406,1030,305,25
24407,1030,559,26
24408,1030,876,28
24409,1030,556,29
24410,1030,1272,30
24411,1030,632,31
24412,1030,821,32
24413,1030,1035,33
24414,1030,173,34
24415,1030,281,35
24416,1030,495,36
24417,1030,1282,37
24418,1030,1014,38
24419,1030,175,39
24420,1030,807,40
24421,1031,558,1
24422,1031,783,2
24423,1031,169,3
24424,1031,709,4
24425,1031,275,5
24426,1031,742,6
24427,1031,689,7
24428,1031,88,8
24429,1031,136,9
24430,1031,459,10
24431,1031,515,11
24432,1031,722,12
24433,1031,209,13
24434,1031,241,14
24435,1031,985,15
24436,1031,1107,16
24437,1031,1286,17
24438,1031,424,18
24439,1031,1196,19
24440,1031,519,20
24441,1031,1033,21
24442,1031,415,22
24443,1031,879,23
24444,1031,770,24
24445,1031,157,25
24446,1031,175,26
24447,1031,746,27
24448,1031,60,28
24449,1031,147,29
24450,1032,1094,1
24451,1032,742,2
24452,1032,746,3
24453,1032,833,4
24454,1032,504,5
24455,1032,758,6
24456,1032,1350,7
24457,1032,1051,8
24458,1032,708,9
24459,1032,115,10
24460,1032,1363,11
24461,1032,100,12
24462,1032,1020,13
24463,1032,393,14
24464,1032,1344,15
24465,1032,1038,16
24466,1032,689,17
24467,1032,1327,18
24468,1032,270,19
24469,1032,447,20
24470,1032,1174,21
24471,1032,709,22
24472,1032,275,23
24473,1032,88,24
24474,1032,558,25
24475,1032,783,26
24476,1032,357,27
24477,1032,326,28
24478,1032,403,29
24479,1032,175,30
24480,1032,468,31
24481,1032,865,32
24482,1032,80,33
24483,1032,1148,34
24484,1032,161,35
24485,1032,147,36
24486,1032,1196,37
24487,1032,519,38
24488,1032,459,39
24489,1032,136,40
24490,1032,515,41
24491,1032,722,42
24492,1032,209,43
24493,1033,326,1
24494,1033,357,2
24495,1033,1033,3
24496,1033,60,4
24497,1033,169,5
24498,1033,758,6
24499,1033,833,7
24500,1033,558,8
24501,1033,783,9
24502,1033,147,10
24503,1033,515,11
24504,1033,722,12
24505,1033,1196,13
24506,1033,519,14
24507,1033,136,15
24508,1033,209,16
24509,1033,415,17
24510,1033,903,18
24511,1034,558,1
24512,1034,783,2
24513,1034,515,3
24514,1034,136,4
24515,1034,209,5
24516,1034,1196,6
24517,1034,519,7
24518,1034,415,8
24519,1034,903,9
24520,1034,60,10
24521,1034,403,11
24522,1034,175,12
24523,1034,1174,13
24524,1034,468,14
24525,1034,865,15
24526,1034,161,16
24527,1034,1148,17
24528,1034,80,18
24529,1034,88,19
24530,1034,275,20
24531,1034,709,21
24532,1034,708,22
24533,1034,100,23
24534,1034,1344,24
24535,1034,115,25
24536,1034,635,26
24537,1034,1038,27
24538,1034,734,28
24539,1034,1020,29
24540,1034,1363,30
24541,1034,393,31
24542,1034,1051,32
24543,1034,705,33
24544,1034,791,34
24545,1034,953,35
24546,1034,833,36
24547,1034,264,37
24548,1034,1118,38
24549,1034,309,39
24550,1034,217,40
24551,1034,1072,41
24552,1034,1063,42
24553,1034,596,43
24554,1034,240,44
24555,1034,1040,45
24556,1034,1244,46
24557,1034,315,47
24558,1034,198,48
24559,1034,290,49
24560,1034,1280,50
24561,1034,1328,51
24562,1034,438,52
24563,1034,177,53
24564,1034,861,54
24565,1034,526,55
24566,1034,502,56
24567,1034,1302,57
24568,1034,521,58
24569,1034,826,59
24570,1034,1331,60
24571,1034,1033,61
24572,1035,709,1
24573,1035,275,2
24574,1035,742,3
24575,1035,746,4
24576,1035,175,5
24577,1035,403,6
24578,1035,1174,7
24579,1035,865,8
24580,1035,80,9
24581,1035,1268,10
24582,1035,558,11
24583,1035,357,12
24584,1035,807,13
24585,1035,326,14
24586,1035,136,15
24587,1035,495,16
24588,1035,515,17
24589,1035,1282,18
24590,1035,1014,19
24591,1035,1331,20
24592,1035,737,21
24593,1035,635,22
24594,1035,328,23
24595,1035,98,24
24596,1035,1196,25
24597,1035,1033,26
24598,1035,209,27
24599,1035,783,28
24600,1035,6,29
24601,1035,833,30
24602,1035,758,31
24603,1035,169,32
24604,1035,689,33
24605,1035,708,34
24606,1035,1350,35
24607,1035,1094,36
24608,1035,844,37
24609,1035,1327,38
24610,1035,347,39
24611,1035,57,40
24612,1036,558,1
24613,1036,175,2
24614,1036,403,3
24615,1036,5,4
24616,1036,364,5
24617,1036,774,6
24618,1036,1331,7
24619,1036,865,8
24620,1036,161,9
24621,1036,1148,10
24622,1036,468,11
24623,1036,80,12
24624,1036,136,13
24625,1036,209,14
24626,1036,515,15
24627,1036,1341,16
24628,1036,1286,17
24629,1036,241,18
24630,1036,1033,19
24631,1036,169,20
24632,1036,783,21
24633,1036,833,22
24634,1036,758,23
24635,1036,326,24
24636,1036,357,25
24637,1036,1174,26
24638,1036,148,27
24639,1036,635,28
24640,1036,742,29
24641,1036,709,30
24642,1036,275,31
24643,1036,746,32
24644,1036,689,33
24645,1036,396,34
24646,1036,844,35
24647,1036,1094,36
24648,1036,1350,37
24649,1036,504,38
24650,1036,708,39
24651,1036,737,40
24652,1036,88,41
24653,1036,1282,42
24654,1036,495,43
24655,1036,6,44
24656,1036,328,45
24657,1036,1014,46
24658,1036,1006,47
24659,1036,807,48
24660,1036,98,49
24661,1036,1196,50
24662,1036,519,51
24663,1037,709,1
24664,1037,275,2
24665,1037,558,3
24666,1037,783,4
24667,1037,175,5
24668,1037,357,6
24669,1037,326,7
24670,1037,468,8
24671,1037,80,9
24672,1037,865,10
24673,1037,161,11
24674,1037,1148,12
24675,1037,148,13
24676,1037,403,14
24677,1037,737,15
24678,1037,635,16
24679,1037,328,17
24680,1037,1014,18
24681,1037,807,19
24682,1037,98,20
24683,1037,169,21
24684,1037,6,22
24685,1037,1282,23
24686,1037,495,24
24687,1037,1196,25
24688,1037,1033,26
24689,1037,519,27
24690,1037,515,28
24691,1037,209,29
24692,1037,136,30
24693,1037,1323,31
24694,1037,741,32
24695,1037,844,33
24696,1037,830,34
24697,1037,88,35
24698,1037,1331,36
24699,1037,60,38
24700,1037,178,39
24701,1037,708,40
24702,1037,280,41
24703,1037,941,42
24704,1037,643,43
24705,1037,794,44
24706,1037,903,45
24707,1037,415,46
24708,1037,147,47
24709,1037,851,48
24710,1037,817,49
24711,1037,929,50
24712,1037,143,51
24713,1038,817,1
24714,1038,558,2
24715,1038,1146,3
24716,1038,851,4
24717,1038,929,5
24718,1038,143,6
24719,1038,275,7
24720,1038,709,8
24721,1038,742,9
24722,1038,746,10
24723,1038,783,11
24724,1038,147,12
24725,1038,209,13
24726,1038,515,14
24727,1038,60,15
24728,1038,136,16
24729,1038,1331,17
24730,1038,459,19
24731,1038,403,20
24732,1038,328,21
24733,1038,1014,22
24734,1038,6,23
24735,1038,98,24
24736,1038,1286,25
24737,1038,326,26
24738,1038,175,27
24739,1038,241,28
24740,1038,985,29
24741,1038,1107,30
24742,1038,807,31
24743,1038,844,32
24744,1038,830,33
24745,1038,927,34
24746,1038,575,35
24747,1038,950,36
24748,1038,164,38
24749,1038,357,39
24750,1038,576,40
24751,1038,1282,41
24752,1038,495,42
24753,1038,487,43
24754,1038,1263,44
24755,1038,325,45
24756,1038,190,46
24757,1038,424,47
24758,1038,88,48
24759,1039,830,1
24760,1039,844,2
24761,1039,927,3
24762,1039,136,4
24763,1039,515,5
24764,1039,209,6
24765,1039,807,7
24766,1039,98,8
24767,1039,424,9
24768,1039,941,10
24769,1039,1014,11
24770,1039,328,12
24771,1039,403,13
24772,1039,326,14
24773,1039,80,15
24774,1039,1148,16
24775,1039,865,17
24776,1039,468,18
24777,1039,175,19
24778,1039,576,20
24779,1039,357,21
24780,1039,164,22
24781,1039,1268,23
24782,1039,635,24
24783,1039,643,25
24784,1039,794,26
24785,1039,1107,27
24786,1039,241,28
24787,1039,985,29
24788,1039,147,30
24789,1039,722,31
24790,1039,558,32
24791,1039,290,33
24792,1040,241,1
24793,1040,209,2
24794,1040,515,3
24795,1040,136,4
24796,1040,985,5
24797,1040,1107,6
24798,1040,60,7
24799,1040,1196,8
24800,1040,519,9
24801,1040,415,10
24802,1040,575,11
24803,1040,1286,12
24804,1040,950,13
24805,1040,941,14
24806,1040,643,15
24807,1040,794,16
24808,1040,98,17
24809,1040,807,18
24810,1040,290,19
24811,1040,558,20
24812,1040,1146,21
24813,1040,851,22
24814,1040,143,23
24815,1040,817,24
24816,1040,929,25
24817,1040,1043,26
24818,1040,854,27
24819,1040,416,28
24820,1040,272,29
24821,1040,175,30
24822,1040,495,31
24823,1040,326,32
24824,1040,1282,33
24825,1040,357,34
24826,1040,604,35
24827,1040,216,36
24828,1040,405,37
24829,1040,1252,38
24830,1040,492,39
24831,1040,1024,40
24832,1041,783,1
24833,1041,88,2
24834,1041,558,3
24835,1041,403,4
24836,1041,326,5
24837,1041,576,6
24838,1041,357,7
24839,1041,175,8
24840,1041,164,9
24841,1041,1014,10
24842,1041,328,14
24843,1041,209,15
24844,1041,1286,16
24845,1041,424,18
24846,1041,575,19
24847,1041,950,20
24848,1041,927,21
24849,1041,1107,22
24850,1041,985,23
24851,1041,241,24
24852,1041,851,27
24853,1041,1146,28
24854,1041,143,29
24855,1041,817,30
24856,1042,88,1
24857,1042,783,2
24858,1042,328,3
24859,1042,1014,4
24860,1042,1282,5
24861,1042,495,6
24862,1042,497,7
24863,1042,1137,8
24864,1042,825,9
24865,1042,70,10
24866,1042,367,11
24867,1042,1266,12
24868,1042,942,13
24869,1042,932,14
24870,1042,373,15
24871,1042,671,16
24872,1042,244,17
24873,1042,6,18
24874,1042,487,19
24875,1042,696,20
24876,1042,190,21
24877,1042,558,22
24878,1043,495,1
24879,1043,696,2
24880,1043,487,3
24881,1043,190,4
24882,1043,1282,5
24883,1043,104,6
24884,1043,6,7
24885,1043,76,8
24886,1043,679,9
24887,1043,558,12
24888,1043,136,13
24889,1043,326,14
24890,1043,1195,15
24891,1043,515,16
24892,1043,175,17
24893,1043,1014,18
24894,1043,357,19
24895,1043,235,20
24896,1043,325,21
24897,1043,709,22
24898,1043,275,23
24899,1043,851,24
24900,1043,817,25
24901,1043,929,26
24902,1043,1146,27
24903,1043,143,28
24904,1043,689,29
24905,1043,746,30
24906,1043,742,31
24907,1043,783,32
24908,1043,1253,33
24909,1044,6,1
24910,1044,495,2
24911,1044,1120,3
24912,1044,783,4
24913,1044,671,5
24914,1044,244,6
24915,1044,1137,7
24916,1044,497,8
24917,1044,825,9
24918,1044,1282,10
24919,1044,325,12
24920,1044,190,13
24921,1044,487,14
24922,1044,515,15
24923,1044,357,16
24924,1044,558,17
24925,1044,136,18
24926,1044,326,19
24927,1044,175,20
24928,1044,727,21
24929,1044,343,22
24930,1044,932,23
24931,1044,563,24
24932,1044,1014,25
24933,1044,807,26
24934,1044,696,27
24935,1044,1263,29
24936,1044,1253,30
24937,1044,817,31
24938,1044,143,32
24939,1044,1146,33
24940,1044,929,34
24941,1044,709,35
24942,1044,275,36
24943,1044,742,37
24944,1044,705,38
24945,1045,495,1
24946,1045,6,2
24947,1045,643,3
24948,1045,794,4
24949,1045,941,5
24950,1045,209,6
24951,1045,515,7
24952,1045,147,8
24953,1045,98,9
24954,1045,807,10
24955,1045,1014,11
24956,1045,328,12
24957,1045,459,13
24958,1045,558,14
24959,1045,1146,15
24960,1045,851,16
24961,1045,817,17
24962,1045,1253,18
24963,1045,143,19
24964,1045,929,20
24965,1045,1006,21
24966,1045,396,22
24967,1045,708,23
24968,1045,742,24
24969,1045,746,25
24970,1045,689,26
24971,1045,1094,27
24972,1045,758,28
24973,1045,844,29
24974,1045,504,30
24975,1045,1350,31
24976,1045,833,32
24977,1045,830,33
24978,1045,709,34
24979,1045,275,35
24980,1045,741,36
24981,1045,1323,37
24982,1045,1033,38
24983,1045,519,39
24984,1045,1196,40
24985,1045,169,41
24986,1045,403,42
24987,1045,326,43
24988,1045,737,44
24989,1045,635,45
24990,1045,865,46
24991,1045,357,47
24992,1045,175,48
24993,1045,164,49
24994,1045,576,50
24995,1045,1174,51
24996,1045,60,52
24997,1045,1170,53
24998,1045,1167,54
24999,1045,1175,55
25000,1045,1234,56
25001,1045,1186,57
25002,1045,549,58
25003,1045,652,59
25004,1045,145,60
25005,1045,1056,61
25006,1045,270,62
25007,1046,737,1
25008,1046,357,2
25009,1046,326,3
25010,1046,403,4
25011,1046,175,5
25012,1046,164,6
25013,1046,576,7
25014,1046,635,8
25015,1046,865,9
25016,1046,161,10
25017,1046,1148,11
25018,1046,80,12
25019,1046,468,13
25020,1046,287,14
25021,1046,469,15
25022,1046,758,16
25023,1046,1051,17
25024,1046,833,18
25025,1046,830,19
25026,1046,783,20
25027,1046,117,21
25028,1046,123,22
25029,1046,121,23
25030,1046,119,24
25031,1046,116,25
25032,1046,708,26
25033,1046,708,27
25034,1046,711,28
25035,1046,292,29
25036,1046,1146,30
25037,1046,143,31
25038,1046,558,32
25039,1046,275,33
25040,1046,709,34
25041,1047,865,1
25042,1047,758,2
25043,1047,326,3
25044,1047,403,4
25045,1047,357,5
25046,1047,737,6
25047,1047,328,7
25048,1047,1014,8
25049,1047,12,9
25050,1047,437,10
25051,1047,299,11
25052,1047,60,12
25053,1047,241,13
25054,1047,515,14
25055,1047,136,15
25056,1047,209,16
25057,1047,169,17
25058,1047,1033,18
25059,1047,519,19
25060,1047,1196,20
25061,1047,147,21
25062,1047,459,22
25063,1047,709,23
25064,1047,1282,24
25065,1047,495,25
25066,1047,6,26
25067,1047,104,27
25068,1047,906,28
25069,1047,807,29
25070,1047,88,30
25071,1047,783,31
25072,1047,830,32
25073,1047,844,33
25074,1047,1350,34
25075,1047,833,35
25076,1047,396,36
25077,1047,742,37
25078,1047,746,38
25079,1047,1094,39
25080,1047,504,40
25081,1047,1174,41
25082,1047,1252,42
25083,1047,270,43
25084,1047,105,44
25085,1047,1327,45
25086,1047,447,46
25087,1047,1006,47
25088,1047,689,48
25089,1047,708,49
25090,1047,143,50
25091,1047,929,51
25092,1047,851,52
25093,1047,1146,53
25094,1047,1253,54
25095,1047,817,55
25096,1047,558,56
25097,1047,275,57
25098,1048,558,1
25099,1048,709,2
25100,1048,275,3
25101,1048,929,4
25102,1048,1146,5
25103,1048,851,6
25104,1048,143,7
25105,1048,817,8
25106,1048,88,9
25107,1048,783,10
25108,1048,708,11
25109,1048,287,12
25110,1048,129,13
25111,1048,1012,14
25112,1048,953,15
25113,1048,1051,16
25114,1048,264,17
25115,1048,217,18
25116,1048,309,19
25117,1048,1072,20
25118,1048,1063,21
25119,1048,596,22
25120,1048,240,23
25121,1048,1040,24
25122,1048,1244,25
25123,1048,315,26
25124,1048,1118,27
25125,1048,198,28
25126,1048,1328,29
25127,1048,438,30
25128,1048,1280,31
25129,1048,290,32
25130,1049,558,1
25131,1049,709,2
25132,1049,817,3
25133,1049,275,4
25134,1049,929,5
25135,1049,1146,6
25136,1049,851,7
25137,1049,143,8
25138,1049,88,9
25139,1049,783,10
25140,1049,416,11
25141,1049,129,12
25142,1049,1012,13
25143,1049,287,14
25144,1049,742,15
25145,1049,737,16
25146,1049,357,17
25147,1049,833,18
25148,1049,635,19
25149,1049,865,20
25150,1049,758,21
25151,1049,403,22
25152,1049,326,23
25153,1049,164,24
25154,1049,576,25
25155,1049,175,26
25156,1049,1033,27
25157,1049,169,28
25158,1049,1196,29
25159,1049,519,30
25160,1050,558,1
25161,1050,709,2
25162,1050,88,3
25163,1050,783,4
25164,1050,178,5
25165,1050,708,6
25166,1050,280,7
25167,1050,209,8
25168,1050,241,9
25169,1050,985,10
25170,1050,1107,11
25171,1050,403,13
25172,1050,326,14
25173,1050,357,15
25174,1050,737,16
25175,1050,175,17
25176,1050,164,18
25177,1050,515,19
25178,1050,136,20
25179,1050,1014,21
25180,1050,1282,22
25181,1050,495,23
25182,1050,807,24
25183,1050,830,25
25184,1050,844,26
25185,1050,1174,27
25186,1050,504,28
25187,1050,270,29
25188,1050,1327,30
25189,1050,1252,31
25190,1050,105,32
25191,1050,711,33
25192,1050,705,34
25193,1050,708,35
25194,1050,80,36
25195,1050,161,37
25196,1050,468,38
25197,1050,1148,39
25198,1050,865,40
25199,1051,558,1
25200,1051,709,2
25201,1051,88,3
25202,1051,783,4
25203,1051,468,5
25204,1051,80,6
25205,1051,865,7
25206,1051,758,8
25207,1051,175,9
25208,1051,164,10
25209,1051,576,11
25210,1051,1014,12
25211,1051,519,13
25212,1051,1196,14
25213,1051,1033,15
25214,1051,169,16
25215,1051,241,17
25216,1051,136,18
25217,1051,209,19
25218,1051,515,20
25219,1051,1282,21
25220,1051,495,22
25221,1051,807,23
25222,1051,326,24
25223,1051,403,25
25224,1051,357,26
25225,1051,737,27
25226,1051,1051,29
25227,1051,953,30
25228,1051,844,31
25229,1051,830,32
25230,1051,1174,33
25231,1051,504,34
25232,1051,742,35
25233,1051,746,36
25234,1051,1252,37
25235,1051,105,38
25236,1051,270,39
25237,1051,1327,40
25238,1051,688,41
25239,1051,178,42
25240,1051,708,43
25241,1052,709,1
25242,1052,88,2
25243,1052,558,3
25244,1052,783,4
25245,1052,468,5
25246,1052,80,6
25247,1052,865,7
25248,1052,758,8
25249,1052,178,9
25250,1052,708,10
25251,1052,737,11
25252,1052,357,12
25253,1052,403,13
25254,1052,326,14
25255,1052,175,15
25256,1052,164,16
25257,1052,576,17
25258,1052,1014,18
25259,1053,709,1
25260,1053,88,2
25261,1053,708,3
25262,1053,369,4
25263,1053,941,5
25264,1053,643,6
25265,1053,794,7
25266,1053,776,8
25267,1053,905,9
25268,1053,783,10
25269,1053,558,11
25270,1053,224,12
25271,1053,495,13
25272,1053,1282,14
25273,1053,1146,15
25274,1053,929,16
25275,1053,817,17
25276,1053,403,18
25277,1053,326,19
25278,1053,161,20
25279,1053,1148,21
25280,1053,468,22
25281,1053,865,23
25282,1053,80,24
25283,1053,175,25
25284,1053,164,26
25285,1053,833,27
25286,1053,635,28
25287,1053,576,29
25288,1053,121,30
25289,1053,119,31
25290,1053,116,32
25291,1053,123,33
25292,1053,117,34
25293,1054,741,1
25294,1054,1033,2
25295,1054,1323,3
25296,1054,688,4
25297,1054,430,5
25298,1054,153,6
25299,1054,1279,7
25300,1054,1196,8
25301,1054,519,9
25302,1054,169,10
25303,1054,415,11
25304,1054,903,12
25305,1054,783,13
25306,1054,313,14
25307,1055,175,1
25308,1055,403,2
25309,1055,326,3
25310,1055,164,4
25311,1055,576,5
25312,1055,123,6
25313,1055,119,7
25314,1055,1123,8
25315,1055,116,9
25316,1055,459,10
25317,1055,1014,11
25318,1055,169,12
25319,1055,136,13
25320,1055,737,14
25321,1055,709,15
25322,1055,93,16
25323,1055,313,17
25324,1055,66,18
25325,1055,1015,19
25326,1055,850,20
25327,1055,209,21
25328,1055,241,22
25329,1055,515,23
25330,1055,985,24
25331,1055,927,25
25332,1055,722,26
25333,1055,1107,27
25334,1055,742,28
25335,1055,746,29
25336,1055,689,30
25337,1055,495,31
25338,1055,1282,32
25339,1055,941,33
25340,1055,643,34
25341,1055,783,35
25342,1055,688,36
25343,1055,1094,37
25344,1055,683,38
25345,1055,687,39
25346,1055,754,40
25347,1055,833,41
25348,1055,635,42
25349,1055,758,43
25350,1055,357,44
25351,1055,558,45
25352,1056,88,1
25353,1056,709,2
25354,1056,169,3
25355,1056,1033,4
25356,1056,1196,5
25357,1056,519,6
25358,1056,415,7
25359,1056,903,8
25360,1056,688,9
25361,1056,754,10
25362,1056,396,11
25363,1056,1006,12
25364,1056,80,13
25365,1056,1148,14
25366,1056,865,15
25367,1056,468,16
25368,1056,635,17
25369,1056,833,18
25370,1056,758,19
25371,1056,164,20
25372,1056,175,21
25373,1056,558,22
25374,1057,313,1
25375,1057,93,2
25376,1057,1015,3
25377,1057,850,4
25378,1057,66,5
25379,1057,88,6
25380,1057,643,7
25381,1057,941,8
25382,1057,1282,9
25383,1057,495,10
25384,1057,794,11
25385,1057,326,12
25386,1057,403,13
25387,1057,576,14
25388,1057,164,15
25389,1057,253,16
25390,1057,121,17
25391,1057,123,18
25392,1057,119,19
25393,1057,116,20
25394,1057,1123,21
25395,1057,558,22
25396,1057,737,23
25397,1057,357,24
25398,1058,1033,1
25399,1058,1196,2
25400,1058,519,3
25401,1058,169,4
25402,1058,903,5
25403,1058,415,6
25404,1058,635,7
25405,1058,833,8
25406,1058,754,9
25407,1058,1282,10
25408,1058,495,11
25409,1058,88,12
25410,1058,313,13
25411,1058,93,14
25412,1058,1015,15
25413,1058,941,16
25414,1058,643,17
25415,1058,688,18
25416,1058,711,19
25417,1058,709,20
25418,1058,737,21
25419,1058,357,22
25420,1058,783,23
25421,1058,403,24
25422,1058,1094,25
25423,1059,754,1
25424,1059,88,2
25425,1059,1015,3
25426,1059,1282,4
25427,1059,495,5
25428,1059,941,6
25429,1059,643,7
25430,1059,313,8
25431,1059,93,9
25432,1059,709,10
25433,1059,711,11
25434,1059,688,12
25435,1059,357,13
25436,1059,737,14
25437,1059,403,15
25438,1059,326,16
25439,1059,200,17
25440,1059,842,18
25441,1059,708,19
25442,1059,283,20
25443,1059,284,21
25444,1060,357,1
25445,1060,737,2
25446,1060,709,4
25447,1060,708,5
25448,1060,283,6
25449,1060,93,7
25450,1060,643,8
25451,1060,941,9
25452,1060,313,10
25453,1060,850,11
25454,1060,66,12
25455,1060,200,13
25456,1060,842,14
25457,1060,711,15
25458,1060,284,16
25459,1060,708,17
25460,1060,558,18
25461,1060,550,19
25462,1061,123,1
25463,1061,326,2
25464,1061,403,3
25465,1061,121,4
25466,1061,119,5
25467,1061,117,6
25468,1061,116,7
25469,1061,1175,8
25470,1061,253,9
25471,1061,1139,10
25472,1061,1161,11
25473,1061,64,12
25474,1061,1014,13
25475,1061,495,14
25476,1061,175,15
25477,1061,136,16
25478,1061,558,17
25479,1061,807,18
25480,1061,357,19
25481,1061,515,20
25482,1061,1282,21
25483,1061,555,22
25484,1061,118,23
25485,1062,737,1
25486,1062,357,2
25487,1062,558,3
25488,1062,783,4
25489,1062,1061,5
25490,1063,357,1
25491,1063,737,2
25492,1063,794,3
25493,1063,558,4
25494,1063,783,5
25495,1063,519,6
25496,1063,1196,7
25497,1063,169,8
25498,1063,1033,9
25499,1063,178,10
25500,1063,708,11
25501,1063,709,12
25502,1063,754,13
25503,1063,88,14
25504,1063,359,15
25505,1063,1015,16
25506,1063,742,17
25507,1063,927,18
25508,1063,136,19
25509,1063,746,20
25510,1063,668,21
25511,1063,221,22
25512,1063,933,23
25513,1063,833,24
25514,1063,1006,25
25515,1063,396,26
25516,1063,711,27
25517,1063,688,28
25518,1063,93,29
25519,1063,941,30
25520,1063,313,31
25521,1063,643,32
25522,1063,66,33
25523,1063,850,34
25524,1063,326,35
25525,1063,253,36
25526,1063,741,37
25527,1063,817,38
25528,1063,1146,39
25529,1063,299,40
25530,1063,12,41
25531,1064,558,1
25532,1064,783,2
25533,1064,709,3
25534,1064,701,4
25535,1064,178,5
25536,1064,708,6
25537,1064,280,7
25538,1064,821,8
25539,1064,281,9
25540,1064,173,10
25541,1064,1035,11
25542,1064,632,12
25543,1064,57,13
25544,1065,396,1
25545,1065,1006,2
25546,1065,807,3
25547,1065,1196,4
25548,1065,519,5
25549,1065,164,6
25550,1065,175,7
25551,1065,576,8
25552,1065,403,9
25553,1065,635,10
25554,1065,357,11
25555,1065,1014,12
25556,1065,833,13
25557,1065,643,14
25558,1065,941,15
25559,1065,88,16
25560,1065,754,17
25561,1065,169,18
25562,1065,1033,19
25563,1065,903,20
25564,1065,1288,21
25565,1065,547,22
25566,1065,386,23
25567,1065,893,24
25568,1065,851,25
25569,1065,817,26
25570,1065,143,27
25571,1066,1033,1
25572,1066,906,2
25573,1066,92,3
25574,1066,741,4
25575,1066,558,5
25576,1066,169,6
25577,1066,911,7
25578,1066,313,8
25579,1066,1323,9
25580,1066,783,10
25581,1066,754,11
25582,1066,88,12
25583,1066,709,13
25584,1066,844,14
25585,1066,1094,15
25586,1066,742,16
25587,1066,396,17
25588,1066,1350,18
25589,1066,758,19
25590,1066,746,20
25591,1066,833,21
25592,1066,504,22
25593,1066,275,23
25594,1066,708,24
25595,1066,711,25
25596,1066,705,26
25597,1066,57,27
25598,1066,1196,28
25599,1066,451,29
25600,1066,402,30
25601,1066,547,31
25602,1066,893,32
25603,1066,1131,33
25604,1066,817,34
25605,1066,519,35
25606,1066,415,36
25607,1066,903,37
25608,1066,585,38
25609,1066,1288,39
25610,1066,929,40
25611,1066,1146,41
25612,1067,1196,1
25613,1067,709,2
25614,1067,1033,3
25615,1067,585,4
25616,1067,1131,5
25617,1067,1288,6
25618,1067,547,7
25619,1067,402,8
25620,1067,872,9
25621,1067,817,10
25622,1067,1146,11
25623,1067,169,12
25624,1067,893,13
25625,1067,143,14
25626,1067,386,15
25627,1067,929,16
25628,1067,1068,17
25629,1067,851,18
25630,1067,88,19
25631,1067,754,20
25632,1067,953,21
25633,1067,1070,22
25634,1067,1280,23
25635,1067,290,24
25636,1067,1061,25
25637,1067,1120,26
25638,1067,984,27
25639,1067,560,28
25640,1067,1362,29
25641,1067,865,30
25642,1067,80,31
25643,1067,164,32
25644,1067,175,33
25645,1067,495,34
25646,1067,1282,35
25647,1067,558,36
25648,1067,357,37
25649,1067,741,38
25650,1067,1006,39
25651,1067,396,40
25652,1067,711,41
25653,1067,688,42
25654,1067,178,43
25655,1067,708,44
25656,1067,1251,45
25657,1067,519,46
25658,1067,515,47
25659,1067,1252,48
25660,1067,807,49
25661,1067,447,50
25662,1067,783,51
25663,1067,415,52
25664,1067,60,53
25665,1067,157,54
25666,1067,829,55
25667,1067,973,56
25668,1067,57,57
25669,1068,57,1
25670,1068,709,2
25671,1068,88,3
25672,1068,708,4
25673,1068,953,5
25674,1068,1252,6
25675,1068,504,7
25676,1068,105,8
25677,1068,1014,9
25678,1068,357,10
25679,1068,927,11
25680,1068,746,12
25681,1068,742,13
25682,1068,136,14
25683,1068,833,15
25684,1068,643,16
25685,1068,941,17
25686,1068,794,18
25687,1068,722,19
25688,1068,896,20
25689,1068,209,21
25690,1068,241,22
25691,1068,60,23
25692,1068,515,24
25693,1068,635,25
25694,1068,1288,26
25695,1068,829,27
25696,1068,1131,28
25697,1068,893,29
25698,1068,1146,30
25699,1068,143,31
25700,1068,1033,32
25701,1068,169,33
25702,1068,929,34
25703,1068,851,35
25704,1068,547,36
25705,1068,93,37
25706,1068,688,38
25707,1068,711,39
25708,1068,558,40
25709,1068,783,41
25710,1068,1196,42
25711,1068,705,43
25712,1069,396,1
25713,1069,1006,2
25714,1069,708,3
25715,1069,689,4
25716,1069,758,5
25717,1069,742,6
25718,1069,1094,7
25719,1069,807,8
25720,1069,941,9
25721,1069,643,10
25722,1069,833,11
25723,1069,93,12
25724,1069,178,13
25725,1069,708,14
25726,1069,558,15
25727,1069,783,16
25728,1069,175,17
25729,1069,161,18
25730,1069,865,19
25731,1069,1148,20
25732,1069,88,21
25733,1069,709,22
25734,1069,209,23
25735,1069,722,24
25736,1069,87,25
25737,1069,740,26
25738,1069,280,27
25739,1069,1012,28
25740,1069,129,29
25741,1069,287,30
25742,1069,687,31
25743,1070,783,1
25744,1070,558,2
25745,1070,60,3
25746,1070,209,4
25747,1070,515,5
25748,1070,722,6
25749,1070,896,7
25750,1070,635,8
25751,1070,136,9
25752,1070,746,10
25753,1070,742,11
25754,1070,927,12
25755,1070,326,13
25756,1070,253,14
25757,1070,495,15
25758,1070,1282,16
25759,1070,175,17
25760,1070,396,18
25761,1070,807,19
25762,1070,1014,20
25763,1070,357,21
25764,1070,709,22
25765,1070,941,23
25766,1070,794,24
25767,1070,758,25
25768,1070,1148,26
25769,1070,468,27
25770,1070,865,28
25771,1070,161,29
25772,1070,80,30
25773,1070,169,31
25774,1070,1033,32
25775,1070,1288,33
25776,1070,817,34
25777,1070,504,35
25778,1070,1252,36
25779,1070,88,37
25780,1070,57,38
25781,1071,558,1
25782,1071,57,2
25783,1071,783,3
25784,1071,865,4
25785,1071,1033,5
25786,1071,169,6
25787,1071,515,7
25788,1071,684,8
25789,1071,635,9
25790,1071,175,10
25791,1071,164,11
25792,1071,576,12
25793,1071,326,13
25794,1071,253,14
25795,1071,709,15
25796,1071,88,16
25797,1071,468,17
25798,1071,632,18
25799,1071,821,19
25800,1071,173,20
25801,1071,1035,21
25802,1071,281,22
25803,1071,711,23
25804,1071,688,24
25805,1071,708,25
25806,1071,754,26
25807,1071,550,27
25808,1071,369,28
25809,1071,654,29
25810,1071,1303,30
25811,1071,1301,31
25812,1071,1280,32
25813,1071,995,33
25814,1071,1200,34
25815,1071,694,35
25816,1071,258,36
25817,1071,706,37
25818,1071,883,38
25819,1071,1356,40
25820,1071,1268,42
25821,1071,1120,43
25822,1071,941,44
25823,1071,687,45
25824,1072,783,1
25825,1072,558,2
25826,1072,1070,3
25827,1072,1200,4
25828,1072,737,5
25829,1072,403,6
25830,1072,830,7
25831,1072,328,8
25832,1072,459,9
25833,1072,6,10
25834,1072,147,11
25835,1072,98,12
25836,1072,88,13
25837,1072,709,14
25838,1072,451,15
25839,1072,386,16
25840,1072,143,17
25841,1072,1033,18
25842,1072,169,19
25843,1072,504,20
25844,1072,1252,21
25845,1072,865,22
25846,1072,161,23
25847,1072,175,24
25848,1072,635,25
25849,1072,515,26
25850,1072,209,27
25851,1072,829,28
25852,1072,851,29
25853,1072,893,30
25854,1072,742,31
25855,1072,689,32
25856,1072,1059,33
25857,1072,136,34
25858,1072,927,35
25859,1072,447,36
25860,1072,57,37
25861,1073,558,1
25862,1073,783,2
25863,1073,830,3
25864,1073,844,4
25865,1073,326,5
25866,1073,403,6
25867,1073,357,7
25868,1073,737,8
25869,1073,175,9
25870,1073,515,10
25871,1073,60,11
25872,1073,209,12
25873,1073,1286,13
25874,1073,12,15
25875,1073,437,16
25876,1073,299,17
25877,1073,1282,18
25878,1073,495,19
25879,1073,807,20
25880,1073,396,21
25881,1073,253,22
25882,1073,313,23
25883,1073,850,24
25884,1073,927,25
25885,1073,136,26
25886,1073,746,27
25887,1073,742,28
25888,1073,1014,29
25889,1073,364,33
25890,1073,5,34
25891,1073,758,35
25892,1073,689,36
25893,1073,57,37
25894,1073,741,38
25895,1073,153,39
25896,1073,1279,40
25897,1073,430,41
25898,1073,88,42
25899,1073,709,43
25900,1074,709,1
25901,1074,88,2
25902,1074,705,3
25903,1074,711,4
25904,1074,396,5
25905,1074,742,6
25906,1074,689,7
25907,1074,758,8
25908,1074,746,9
25909,1074,558,10
25910,1074,783,11
25911,1074,168,12
25912,1074,178,13
25913,1074,708,14
25914,1074,708,15
25915,1074,688,16
25916,1074,865,17
25917,1074,468,18
25918,1074,161,19
25919,1074,80,20
25920,1074,1148,21
25921,1074,774,22
25922,1074,1033,23
25923,1074,169,24
25924,1074,136,25
25925,1074,927,26
25926,1074,209,27
25927,1075,783,1
25928,1075,709,2
25929,1075,88,3
25930,1075,558,4
25931,1075,865,5
25932,1075,136,6
25933,1075,758,7
25934,1075,708,8
25935,1075,689,9
25936,1075,1350,10
25937,1075,746,11
25938,1075,742,12
25939,1075,1094,13
25940,1075,396,14
25941,1075,844,15
25942,1075,504,16
25943,1075,688,17
25944,1075,287,18
25945,1075,129,19
25946,1075,1012,20
25947,1075,280,21
25948,1075,705,22
25949,1075,711,23
25950,1075,178,24
25951,1075,833,25
25952,1076,558,1
25953,1076,783,2
25954,1076,709,3
25955,1076,88,4
25956,1076,865,5
25957,1076,758,6
25958,1076,515,7
25959,1076,175,8
25960,1076,209,9
25961,1076,1033,10
25962,1076,794,11
25963,1076,136,12
25964,1076,927,13
25965,1076,742,14
25966,1076,746,15
25967,1076,1014,16
25968,1076,357,17
25969,1076,326,18
25970,1076,253,19
25971,1076,1282,20
25972,1076,495,21
25973,1076,1051,22
25974,1076,1196,23
25975,1076,687,24
25976,1076,737,25
25977,1076,833,26
25978,1076,1350,27
25979,1076,1094,28
25980,1076,711,29
25981,1076,688,30
25982,1076,12,31
25983,1076,299,32
25984,1076,437,33
25985,1076,169,34
25986,1076,817,35
25987,1076,396,36
25988,1076,807,37
25989,1076,364,38
25990,1076,5,39
25991,1076,850,40
25992,1076,313,41
25993,1076,1139,45
25994,1076,87,46
25995,1076,740,47
25996,1076,774,48
25997,1076,214,49
25998,1076,879,50
25999,1076,770,51
26000,1076,708,52
26001,1076,723,53
26002,1076,80,54
26003,1076,1148,55
26004,1076,161,56
26005,1076,844,57
26006,1077,558,1
26007,1077,783,2
26008,1077,1196,3
26009,1077,88,4
26010,1077,709,5
26011,1077,504,6
26012,1077,708,7
26013,1077,1350,8
26014,1077,689,9
26015,1077,758,10
26016,1077,746,11
26017,1077,844,12
26018,1077,742,13
26019,1077,396,14
26020,1077,1094,15
26021,1077,1252,16
26022,1077,105,17
26023,1077,136,18
26024,1077,865,19
26025,1077,80,20
26026,1077,1148,21
26027,1077,468,22
26028,1077,161,23
26029,1077,711,24
26030,1077,1033,25
26031,1077,741,26
26032,1077,169,27
26033,1077,1146,28
26034,1077,929,29
26035,1077,12,30
26036,1077,437,31
26037,1077,299,32
26038,1077,850,33
26039,1077,313,34
26040,1077,515,35
26041,1077,209,36
26042,1077,722,37
26043,1077,60,38
26044,1077,635,39
26045,1077,807,40
26046,1077,253,41
26047,1077,326,42
26048,1077,1139,43
26049,1077,175,44
26050,1077,1014,45
26051,1077,357,46
26052,1077,1282,47
26053,1077,495,48
26054,1077,576,49
26055,1077,164,50
26056,1077,708,51
26057,1077,178,52
26058,1077,280,53
26059,1077,275,54
26060,1077,992,55
26061,1077,57,56
26062,1077,1341,57
26063,1078,1094,1
26064,1078,711,2
26065,1078,742,3
26066,1078,758,4
26067,1078,844,5
26068,1078,275,6
26069,1078,396,7
26070,1078,504,8
26071,1078,746,9
26072,1078,705,10
26073,1078,469,11
26074,1078,1341,12
26075,1078,1342,13
26076,1078,136,14
26077,1078,1014,15
26078,1078,1282,16
26079,1078,88,17
26080,1078,209,18
26081,1078,515,19
26082,1078,495,20
26083,1078,807,21
26084,1078,326,22
26085,1078,175,23
26086,1078,558,24
26087,1078,357,25
26088,1078,576,26
26089,1078,927,27
26090,1078,1286,28
26091,1078,241,29
26092,1078,709,30
26093,1078,594,31
26094,1078,722,32
26095,1078,708,33
26096,1078,1033,34
26097,1078,169,35
26098,1078,12,36
26099,1078,437,37
26100,1078,299,38
26101,1078,1252,39
26102,1078,447,40
26103,1078,1350,41
26104,1078,833,42
26105,1078,280,43
26106,1078,178,44
26107,1078,708,45
26108,1079,821,1
26109,1079,173,2
26110,1079,632,3
26111,1079,281,4
26112,1079,1035,5
26113,1079,783,6
26114,1079,1196,7
26115,1079,794,8
26116,1079,57,9
26117,1079,93,10
26118,1079,1323,11
26119,1079,576,12
26120,1079,175,13
26121,1079,164,14
26122,1079,558,15
26123,1079,357,16
26124,1079,88,17
26125,1079,1150,18
26126,1079,325,19
26127,1079,968,20
26128,1079,1342,21
26129,1079,758,22
26130,1079,742,23
26131,1079,635,24
26132,1079,469,25
26133,1079,711,26
26134,1079,709,27
26135,1079,746,28
26136,1079,504,29
26137,1079,1282,30
26138,1079,178,31
26139,1079,515,32
26140,1079,684,33
26141,1079,326,34
26142,1079,807,35
26143,1079,241,36
26144,1079,722,37
26145,1079,275,38
26146,1079,1252,39
26147,1079,136,40
26148,1079,594,41
26149,1079,1014,42
26150,1079,12,43
26151,1079,741,44
26152,1079,430,45
26153,1079,1279,46
26154,1079,1033,47
26155,1079,92,48
26156,1079,893,49
26157,1079,906,50
26158,1079,169,51
26159,1079,817,52
26160,1079,143,53
26161,1079,973,54
26162,1079,313,55
26163,1079,850,56
26164,1079,1090,57
26165,1079,153,58
26166,1079,1359,59
26167,1079,337,60
26168,1080,173,1
26169,1080,1035,2
26170,1080,281,3
26171,1080,821,4
26172,1080,632,5
26173,1080,549,6
26174,1080,783,7
26175,1080,1196,8
26176,1080,343,9
26177,1080,1033,10
26178,1080,169,11
26179,1080,558,12
26180,1080,175,13
26181,1080,357,14
26182,1080,1282,15
26183,1080,515,16
26184,1080,326,17
26185,1080,1014,18
26186,1080,495,19
26187,1080,136,20
26188,1080,807,21
26189,1080,850,22
26190,1080,386,23
26191,1080,451,24
26192,1080,893,25
26193,1080,1288,26
26194,1080,1131,27
26195,1080,872,28
26196,1080,1084,29
26197,1080,153,30
26198,1080,1279,31
26199,1080,547,32
26200,1080,402,33
26201,1080,906,34
26202,1080,92,35
26203,1080,313,36
26204,1080,741,37
26205,1080,973,38
26206,1080,437,39
26207,1080,299,40
26208,1080,12,41
26209,1080,1146,42
26210,1080,817,43
26211,1080,143,44
26212,1080,929,45
26213,1080,851,46
26214,1080,303,47
26215,1080,88,48
26216,1080,711,49
26217,1080,510,51
26218,1080,1120,52
26219,1080,1341,53
26220,1080,403,54
26221,1080,737,55
26222,1080,1359,56
26223,1080,337,57
26224,1080,1094,58
26225,1080,844,59
26226,1080,5,60
26227,1080,1130,61
26228,1080,962,62
26229,1080,504,63
26230,1080,1252,64
26231,1080,105,65
26232,1080,1327,66
26233,1080,270,67
26234,1080,746,68
26235,1080,396,69
26236,1080,178,70
26237,1080,80,71
26238,1080,865,72
26239,1080,161,73
26240,1080,468,74
26241,1080,709,75
26242,1080,684,76
26243,1080,758,77
26244,1080,275,78
26245,1080,829,79
26246,1080,430,80
26247,1080,742,81
26248,1080,157,82
26249,1080,1286,83
26250,1080,241,84
26251,1080,722,85
26252,1080,927,86
26253,1080,995,87
26254,1080,566,88
26255,1080,382,89
26256,1080,1265,90
26257,1080,1369,91
26258,1080,1280,92
26259,1080,125,93
26260,1080,271,94
26261,1080,673,95
26262,1080,327,96
26263,1080,131,97
26264,1080,1346,98
26265,1080,1248,99
26266,1080,813,100
26267,1080,1079,101
26268,1080,225,102
26269,1080,623,103
26270,1080,876,104
26271,1080,1272,105
26272,1080,663,106
26273,1080,365,107
26274,1080,13,108
26275,1080,82,109
26276,1080,653,110
26277,1080,1002,111
26278,1080,556,112
26279,1080,1293,113
26280,1080,290,114
26281,1081,290,1
26282,1081,708,2
26283,1081,1118,3
26284,1081,1280,4
26285,1081,1072,5
26286,1081,315,6
26287,1081,264,7
26288,1081,596,8
26289,1081,1040,9
26290,1081,1358,10
26291,1081,558,11
26292,1081,1033,12
26293,1081,136,13
26294,1081,357,14
26295,1081,1094,15
26296,1081,1014,16
26297,1081,1282,17
26298,1081,758,18
26299,1081,275,19
26300,1081,88,20
26301,1081,515,21
26302,1081,326,22
26303,1081,807,23
26304,1081,844,24
26305,1081,962,25
26306,1081,270,26
26307,1081,1252,27
26308,1081,5,28
26309,1081,504,29
26310,1081,1327,30
26311,1081,105,31
26312,1081,1130,32
26313,1081,1146,33
26314,1081,817,34
26315,1081,851,35
26316,1081,299,36
26317,1081,929,37
26318,1081,12,38
26319,1081,437,39
26320,1081,143,40
26321,1081,547,41
26322,1081,1084,42
26323,1081,906,43
26324,1081,741,44
26325,1081,92,45
26326,1081,829,46
26327,1081,430,47
26328,1081,1150,48
26329,1081,396,49
26330,1081,709,50
26331,1081,80,51
26332,1081,865,52
26333,1081,161,53
26334,1081,468,54
26335,1081,653,55
26336,1081,1293,56
26337,1081,556,57
26338,1081,82,58
26339,1081,663,59
26340,1081,98,60
26341,1081,13,61
26342,1081,654,62
26343,1081,876,63
26344,1081,1002,64
26345,1081,1324,65
26346,1081,993,66
26347,1081,510,67
26348,1081,343,68
26349,1081,337,69
26350,1081,192,70
26351,1081,1291,71
26352,1081,764,72
26353,1081,548,73
26354,1081,836,74
26355,1081,1326,75
26356,1081,662,76
26357,1081,509,77
26358,1081,272,78
26359,1081,1067,79
26360,1081,1236,80
26361,1082,175,1
26362,1082,684,2
26363,1082,515,3
26364,1082,136,4
26365,1082,1282,5
26366,1082,178,6
26367,1082,60,7
26368,1082,1094,8
26369,1082,844,9
26370,1082,88,10
26371,1082,709,11
26372,1082,1358,12
26373,1082,758,13
26374,1082,396,14
26375,1082,504,15
26376,1082,275,16
26377,1082,169,18
26378,1082,495,19
26379,1082,830,20
26380,1082,708,21
26381,1082,689,22
26382,1082,1350,23
26383,1082,746,24
26384,1082,742,25
26385,1082,12,26
26386,1082,741,27
26387,1082,437,28
26388,1082,299,29
26389,1082,558,30
26390,1082,290,31
26391,1082,653,32
26392,1082,13,33
26393,1082,82,34
26394,1082,705,35
26395,1082,134,36
26396,1082,711,37
26397,1082,1014,38
26398,1082,807,39
26399,1082,357,40
26400,1082,326,41
26401,1083,746,1
26402,1083,742,2
26403,1083,576,3
26404,1083,396,4
26405,1083,164,5
26406,1083,275,6
26407,1083,844,7
26408,1083,504,8
26409,1083,1359,9
26410,1083,1094,10
26411,1083,758,11
26412,1083,88,12
26413,1083,709,13
26414,1083,1153,14
26415,1083,157,15
26416,1083,1252,16
26417,1083,1327,17
26418,1083,1130,18
26419,1083,270,19
26420,1083,962,20
26421,1083,105,21
26422,1083,364,22
26423,1083,5,23
26424,1083,751,24
26425,1083,447,25
26426,1083,711,26
26427,1083,1014,28
26428,1083,357,29
26429,1083,495,30
26430,1083,136,31
26431,1083,558,32
26432,1083,326,33
26433,1083,515,34
26434,1083,175,35
26435,1083,807,36
26436,1083,1282,37
26437,1083,684,38
26438,1083,1253,39
26439,1083,1150,40
26440,1083,968,41
26441,1083,708,42
26442,1083,178,43
26443,1083,1279,44
26444,1083,973,45
26445,1083,153,46
26446,1083,430,47
26447,1083,851,48
26448,1083,817,49
26449,1083,437,50
26450,1083,12,51
26451,1083,1146,52
26452,1083,299,53
26453,1083,143,54
26454,1083,169,55
26455,1083,1033,56
26456,1083,1280,57
26457,1083,1061,58
26458,1083,1120,59
26459,1083,741,60
26460,1084,558,1
26461,1084,783,2
26462,1084,169,3
26463,1084,708,4
26464,1084,742,5
26465,1084,689,6
26466,1084,833,7
26467,1084,746,8
26468,1084,1094,9
26469,1084,396,10
26470,1084,1350,11
26471,1084,504,12
26472,1084,1282,13
26473,1084,275,14
26474,1084,758,15
26475,1084,175,16
26476,1084,515,17
26477,1084,844,18
26478,1084,737,19
26479,1084,1252,20
26480,1084,576,21
26481,1084,164,22
26482,1084,962,23
26483,1084,105,24
26484,1084,1130,25
26485,1084,270,26
26486,1084,807,27
26487,1084,1196,28
26488,1084,519,29
26489,1084,652,30
26490,1084,549,31
26491,1084,1174,32
26492,1084,123,33
26493,1084,121,34
26494,1084,119,35
26495,1084,116,36
26496,1084,117,37
26497,1084,1175,38
26498,1084,1211,39
26499,1084,1056,40
26500,1084,145,41
26501,1084,447,42
26502,1084,280,43
26503,1084,357,44
26504,1084,178,45
26505,1084,711,46
26506,1084,594,47
26507,1084,1014,48
26508,1084,136,49
26509,1084,168,50
26510,1084,253,51
26511,1084,326,52
26512,1084,1139,53
26513,1084,495,54
26514,1084,157,55
26515,1084,684,56
26516,1084,416,57
26517,1084,12,58
26518,1084,437,59
26519,1084,299,60
26520,1084,817,61
26521,1084,851,62
26522,1084,709,63
26523,1085,1350,1
26524,1085,709,2
26525,1085,88,3
26526,1085,742,4
26527,1085,783,5
26528,1085,558,6
26529,1085,136,7
26530,1085,689,8
26531,1085,275,9
26532,1085,403,10
26533,1085,737,11
26534,1085,830,12
26535,1085,169,13
26536,1085,1033,14
26537,1085,515,15
26538,1085,175,16
26539,1085,326,17
26540,1085,12,18
26541,1085,299,19
26542,1085,437,20
26543,1085,357,21
26544,1085,1282,22
26545,1085,807,23
26546,1085,495,24
26547,1085,1014,25
26548,1085,741,26
26549,1085,1196,27
26550,1085,688,28
26551,1085,711,29
26552,1085,1094,30
26553,1085,708,31
26554,1085,705,32
26555,1085,178,33
26556,1085,758,34
26557,1085,746,35
26558,1085,844,36
26559,1085,684,37
26560,1085,504,38
26561,1085,396,39
26562,1086,515,1
26563,1086,558,2
26564,1086,175,3
26565,1086,136,4
26566,1086,807,5
26567,1086,1282,6
26568,1086,1014,7
26569,1086,357,8
26570,1086,495,9
26571,1086,326,10
26572,1086,1120,11
26573,1086,1061,12
26574,1086,1280,13
26575,1086,995,14
26576,1086,1101,15
26577,1086,1369,16
26578,1086,1265,17
26579,1086,566,18
26580,1086,382,19
26581,1086,375,20
26582,1086,510,21
26583,1086,930,22
26584,1086,551,23
26585,1086,1317,24
26586,1086,1285,25
26587,1086,337,26
26588,1086,1051,27
26589,1087,653,1
26590,1087,82,2
26591,1087,663,3
26592,1087,13,4
26593,1087,635,5
26594,1087,290,6
26595,1087,1293,7
26596,1087,556,8
26597,1087,558,9
26598,1087,88,10
26599,1087,807,11
26600,1087,357,12
26601,1087,326,13
26602,1087,1358,14
26603,1087,758,15
26604,1087,504,16
26605,1087,844,17
26606,1087,396,18
26607,1087,416,19
26608,1087,337,20
26609,1087,959,21
26610,1087,1305,22
26611,1087,629,23
26612,1087,215,24
26613,1087,730,25
26614,1087,342,26
26615,1087,345,27
26616,1087,91,28
26617,1087,623,29
26618,1087,1248,30
26619,1087,125,31
26620,1087,908,32
26621,1087,334,33
26622,1087,1303,34
26623,1087,1301,35
26624,1087,1108,36
26625,1087,387,37
26626,1087,1359,38
26627,1087,379,39
26628,1087,1122,40
26629,1087,1309,41
26630,1088,342,1
26631,1088,1305,2
26632,1088,1301,3
26633,1088,1303,4
26634,1088,959,5
26635,1088,297,6
26636,1088,264,7
26637,1088,623,8
26638,1088,1248,9
26639,1088,125,10
26640,1088,345,11
26641,1088,730,12
26642,1088,1108,13
26643,1088,387,14
26644,1088,1359,15
26645,1088,379,16
26646,1088,91,17
26647,1088,908,18
26648,1088,629,19
26649,1088,215,20
26650,1088,510,21
26651,1088,1043,22
26652,1088,727,23
26653,1088,548,24
26654,1088,764,25
26655,1088,662,26
26656,1088,1314,27
26657,1088,560,28
26658,1088,1326,29
26659,1088,343,30
26660,1088,558,31
26661,1088,495,32
26662,1088,136,33
26663,1088,1282,34
26664,1088,509,35
26665,1088,326,36
26666,1088,515,37
26667,1088,357,38
26668,1088,1253,39
26669,1088,175,40
26670,1088,1014,41
26671,1088,807,42
26672,1088,334,43
26673,1088,1280,44
26674,1088,1061,45
26675,1088,984,46
26676,1088,1070,47
26677,1088,169,48
26678,1088,1120,49
26679,1088,290,50
26680,1088,1033,51
26681,1088,416,52
26682,1089,807,1
26683,1089,558,2
26684,1089,175,3
26685,1089,1282,4
26686,1089,136,5
26687,1089,495,6
26688,1089,326,7
26689,1089,357,8
26690,1089,515,9
26691,1089,1014,10
26692,1089,447,11
26693,1089,1252,12
26694,1089,1226,13
26695,1089,1089,14
26696,1089,169,15
26697,1089,549,17
26698,1089,623,18
26699,1089,290,19
26700,1089,1280,20
26701,1089,1061,21
26702,1089,1120,22
26703,1089,1305,23
26704,1089,730,24
26705,1089,510,25
26706,1089,509,26
26707,1089,632,27
26708,1089,821,28
26709,1089,173,29
26710,1089,1035,30
26711,1089,281,31
26712,1089,763,32
26713,1089,441,33
26714,1089,1240,34
26715,1089,855,35
26716,1089,502,36
26717,1089,1011,37
26718,1089,348,38
26719,1089,644,39
26720,1089,272,40
26721,1089,230,41
26722,1089,323,42
26723,1089,102,43
26724,1089,736,44
26725,1089,931,45
26726,1089,383,46
26727,1089,788,47
26728,1089,10,48
26729,1089,636,49
26730,1089,668,50
26731,1089,375,51
26732,1089,114,52
26733,1089,340,53
26734,1089,698,54
26735,1089,1104,55
26736,1089,389,56
26737,1089,212,57
26738,1089,1317,59
26739,1089,930,60
26740,1089,546,61
26741,1089,307,62
26742,1089,717,63
26743,1089,853,64
26744,1089,1043,65
26745,1089,932,66
26746,1089,727,67
26747,1089,662,68
26748,1089,764,69
26749,1089,548,70
26750,1089,1314,71
26751,1089,854,72
26752,1089,560,73
26753,1089,343,74
26754,1089,809,75
26755,1089,608,76
26756,1090,608,1
26757,1090,515,2
26758,1090,136,3
26759,1090,1282,4
26760,1090,495,5
26761,1090,1014,6
26762,1090,326,7
26763,1090,807,8
26764,1090,357,9
26765,1090,175,10
26766,1090,558,11
26767,1090,809,12
26768,1090,1253,13
26769,1090,200,14
26770,1090,262,15
26771,1090,569,16
26772,1090,1065,17
26773,1090,3,18
26774,1090,1268,19
26775,1090,720,20
26776,1090,1372,21
26777,1090,132,22
26778,1090,169,23
26779,1090,1077,24
26780,1090,908,25
26781,1090,899,26
26782,1090,411,27
26783,1090,704,28
26784,1090,730,29
26785,1090,93,30
26786,1090,666,31
26787,1091,666,1
26788,1091,1014,2
26789,1091,136,3
26790,1091,326,4
26791,1091,1282,5
26792,1091,495,6
26793,1091,515,7
26794,1091,357,8
26795,1091,300,9
26796,1091,558,10
26797,1091,807,11
26798,1091,175,12
26799,1091,809,13
26800,1091,1326,14
26801,1091,126,15
26802,1091,1347,16
26803,1092,776,1
26804,1092,224,2
26805,1092,369,3
26806,1092,905,4
26807,1092,346,5
26808,1092,300,6
26809,1092,666,7
26810,1092,1052,8
26811,1092,407,9
26812,1092,78,10
26813,1092,1347,11
26814,1092,807,12
26815,1092,558,13
26816,1092,809,14
26817,1092,175,15
26818,1092,384,16
26819,1092,1326,17
26820,1092,12,18
26821,1092,437,19
26822,1092,299,20
26823,1092,169,21
26824,1092,623,22
26825,1092,813,23
26826,1092,131,24
26827,1092,225,25
26828,1092,1079,26
26829,1093,143,1
26830,1093,437,2
26831,1093,929,3
26832,1093,817,4
26833,1093,169,5
26834,1093,623,6
26835,1093,12,7
26836,1093,851,8
26837,1093,299,9
26838,1093,1146,10
26839,1093,1079,11
26840,1093,225,12
26841,1093,131,13
26842,1093,813,14
26843,1093,1170,15
26844,1093,685,16
26845,1093,1216,17
26846,1093,1226,18
26847,1093,337,19
26848,1094,406,1
26849,1094,807,2
26850,1094,175,3
26851,1094,558,4
26852,1094,809,5
26853,1094,1326,6
26854,1094,666,7
26855,1094,1014,8
26856,1094,136,9
26857,1094,515,10
26858,1094,326,11
26859,1094,495,12
26860,1094,357,13
26861,1094,1282,14
26862,1094,1253,15
26863,1094,1052,16
26864,1094,344,17
26865,1094,300,18
26866,1094,560,19
26867,1095,344,1
26868,1095,515,2
26869,1095,326,3
26870,1095,495,4
26871,1095,136,5
26872,1095,1014,6
26873,1095,60,7
26874,1095,1052,8
26875,1095,407,9
26876,1095,666,10
26877,1095,795,11
26878,1095,1347,12
26879,1095,78,13
26880,1095,300,14
26881,1095,558,15
26882,1095,175,16
26883,1095,807,17
26884,1095,809,18
26885,1096,300,1
26886,1096,515,2
26887,1096,136,3
26888,1096,495,4
26889,1096,1014,5
26890,1096,326,6
26891,1096,558,7
26892,1096,1137,9
26893,1096,70,10
26894,1096,367,11
26895,1096,373,12
26896,1096,885,13
26897,1096,497,14
26898,1096,244,15
26899,1096,671,16
26900,1096,632,17
26901,1096,173,18
26902,1096,281,19
26903,1096,126,20
26904,1096,825,21
26905,1096,952,22
26906,1096,560,23
26907,1096,175,24
26908,1096,809,25
26909,1096,807,26
26910,1096,742,27
26911,1097,126,1
26912,1097,952,2
26913,1097,975,3
26914,1097,933,4
26915,1097,560,5
26916,1097,1137,6
26917,1097,825,7
26918,1097,1043,8
26919,1097,1326,9
26920,1097,300,10
26921,1097,326,11
26922,1097,515,12
26923,1097,136,13
26924,1097,1014,14
26925,1097,495,15
26926,1097,357,16
26927,1097,1282,17
26928,1097,558,18
26929,1097,1291,19
26930,1097,264,20
26931,1097,301,21
26932,1097,807,23
26933,1097,175,24
26934,1097,809,25
26935,1097,1347,26
26936,1097,666,27
26937,1097,1052,28
26938,1097,407,29
26939,1097,78,30
26940,1097,709,31
26941,1097,369,32
26942,1097,905,33
26943,1098,807,1
26944,1098,126,2
26945,1098,175,3
26946,1098,809,4
26947,1098,558,5
26948,1098,495,7
26949,1098,326,8
26950,1098,136,9
26951,1098,515,10
26952,1098,1014,11
26953,1098,300,12
26954,1098,608,13
26955,1098,357,14
26956,1098,1282,15
26957,1098,1326,16
26958,1098,369,17
26959,1098,905,18
26960,1098,224,19
26961,1098,346,20
26962,1098,776,21
26963,1098,407,22
26964,1098,666,23
26965,1098,662,24
26966,1098,854,25
26967,1098,1314,26
26968,1098,764,27
26969,1098,727,28
26970,1098,1043,29
26971,1098,560,30
26972,1098,548,31
26973,1098,140,32
26974,1098,991,33
26975,1098,1379,34
26976,1099,300,1
26977,1099,407,2
26978,1099,515,3
26979,1099,1014,4
26980,1099,136,5
26981,1099,326,6
26982,1099,495,7
26983,1099,224,8
26984,1099,346,9
26985,1099,369,10
26986,1099,905,11
26987,1099,776,12
26988,1099,807,13
26989,1099,558,14
26990,1099,126,15
26991,1099,175,16
26992,1099,1347,17
26993,1099,301,18
26994,1099,345,19
26995,1099,342,20
26996,1099,344,21
26997,1099,809,23
26998,1100,337,1
26999,1100,1291,2
27000,1100,1347,3
27001,1100,807,4
27002,1100,175,5
27003,1100,809,6
27004,1100,558,7
27005,1100,369,8
27006,1100,905,9
27007,1100,224,10
27008,1100,776,11
27009,1100,346,12
27010,1100,1014,13
27011,1100,515,14
27012,1100,136,15
27013,1100,326,16
27014,1100,495,17
27015,1100,300,18
27016,1100,126,19
27017,1100,407,20
27018,1100,492,21
27019,1100,301,22
27020,1100,344,23
27021,1100,342,24
27022,1100,345,25
27023,1100,632,26
27024,1100,1035,27
27025,1100,173,28
27026,1100,821,29
27027,1100,281,30
27028,1100,1052,31
27029,1100,666,32
27030,1100,78,33
27031,1101,301,1
27032,1101,558,2
27033,1101,369,3
27034,1101,346,4
27035,1101,776,5
27036,1101,224,6
27037,1101,345,7
27038,1101,175,8
27039,1101,809,9
27040,1101,807,10
27041,1101,1347,11
27042,1101,344,12
27043,1101,126,13
27044,1101,1014,14
27045,1101,407,15
27046,1101,515,16
27047,1101,136,17
27048,1101,326,18
27049,1101,495,19
27050,1101,302,20
27051,1101,1052,21
27052,1101,1268,22
27053,1101,178,23
27054,1101,1305,24
27055,1101,342,25
27056,1101,905,26
27057,1102,1326,1
27058,1102,384,2
27059,1102,301,3
27060,1102,776,4
27061,1102,369,5
27062,1102,905,6
27063,1102,224,7
27064,1102,126,8
27065,1102,515,9
27066,1102,136,10
27067,1102,326,11
27068,1102,495,12
27069,1102,1014,13
27070,1102,342,14
27071,1102,344,15
27072,1102,346,16
27073,1102,345,17
27074,1102,1347,18
27075,1102,807,19
27076,1102,809,20
27077,1102,558,21
27078,1102,175,22
27079,1102,300,23
27080,1102,666,24
27081,1102,407,25
27082,1102,1052,26
27083,1102,78,27
27084,1102,795,28
27085,1102,357,29
27086,1102,1291,30
27087,1103,224,1
27088,1103,369,2
27089,1103,905,3
27090,1103,776,4
27091,1103,357,5
27092,1103,1282,6
27093,1103,407,7
27094,1103,300,8
27095,1103,666,9
27096,1103,807,10
27097,1103,558,11
27098,1103,175,12
27099,1103,326,13
27100,1103,515,14
27101,1103,495,15
27102,1103,136,16
27103,1103,1014,17
27104,1103,126,18
27105,1103,809,19
27106,1103,1326,20
27107,1103,430,21
27108,1103,1279,22
27109,1103,1288,23
27110,1103,92,24
27111,1103,741,25
27112,1103,906,26
27113,1103,1033,27
27114,1103,973,28
27115,1103,1077,29
27116,1103,559,30
27117,1103,908,31
27118,1103,899,32
27119,1104,809,1
27120,1104,126,2
27121,1104,1326,3
27122,1104,357,4
27123,1104,776,5
27124,1104,369,6
27125,1104,224,7
27126,1104,1282,8
27127,1104,905,9
27128,1104,300,10
27129,1104,515,11
27130,1104,666,12
27131,1104,1052,13
27132,1104,1014,14
27133,1104,495,15
27134,1104,807,16
27135,1104,344,17
27136,1104,346,18
27137,1104,342,19
27138,1104,345,20
27139,1104,136,21
27140,1104,326,22
27141,1104,558,23
27142,1104,175,24
27143,1104,783,25
27144,1105,224,1
27145,1105,369,2
27146,1105,776,3
27147,1105,905,4
27148,1105,357,5
27149,1105,1282,6
27150,1105,300,7
27151,1105,495,8
27152,1105,515,9
27153,1105,807,10
27154,1105,1052,11
27155,1105,666,12
27156,1105,136,13
27157,1105,407,14
27158,1105,78,15
27159,1105,345,16
27160,1105,346,17
27161,1105,344,18
27162,1105,342,19
27163,1105,1014,20
27164,1105,326,21
27165,1105,558,22
27166,1105,175,23
27167,1105,126,24
27168,1105,809,25
27169,1105,1347,26
27170,1105,825,28
27171,1105,560,29
27172,1105,635,30
27173,1105,391,31
27174,1105,1050,32
27175,1105,1275,33
27176,1105,1291,34
27177,1105,821,35
27178,1106,301,1
27179,1106,558,2
27180,1106,126,3
27181,1106,809,4
27182,1106,1326,5
27183,1106,136,6
27184,1106,175,7
27185,1106,300,8
27186,1106,326,9
27187,1106,515,10
27188,1106,495,11
27189,1106,1014,12
27190,1106,357,13
27191,1106,1282,14
27192,1106,224,15
27193,1106,666,16
27194,1106,1052,17
27195,1106,1347,18
27196,1106,78,19
27197,1106,369,20
27198,1106,776,21
27199,1106,807,22
27200,1106,407,23
27201,1106,549,24
27202,1106,509,25
27203,1106,102,26
27204,1106,831,27
27205,1107,809,1
27206,1107,1326,2
27207,1107,407,3
27208,1107,342,4
27209,1107,300,5
27210,1107,558,6
27211,1107,357,7
27212,1107,515,8
27213,1107,1282,9
27214,1107,1052,10
27215,1107,369,11
27216,1107,776,12
27217,1107,175,13
27218,1107,1347,14
27219,1107,495,15
27220,1107,326,16
27221,1107,807,17
27222,1107,224,18
27223,1107,652,19
27224,1107,1014,20
27225,1107,136,21
27226,1107,78,22
27227,1107,666,23
27228,1108,342,1
27229,1108,78,2
27230,1108,407,3
27231,1108,666,4
27232,1108,1014,5
27233,1108,136,6
27234,1108,300,7
27235,1108,346,8
27236,1108,357,9
27237,1108,369,10
27238,1108,776,11
27239,1108,558,12
27240,1108,345,13
27241,1108,1052,14
27242,1108,1347,15
27243,1108,126,16
27244,1108,821,18
27245,1108,1137,19
27246,1108,301,20
27247,1108,495,21
27248,1108,70,22
27249,1108,367,23
27250,1108,1266,24
27251,1108,373,25
27252,1108,244,26
27253,1108,671,27
27254,1108,497,28
27255,1108,685,29
27256,1108,825,30
27257,1108,1101,31
27258,1109,558,1
27259,1109,369,2
27260,1109,345,3
27261,1109,346,4
27262,1109,776,5
27263,1109,357,6
27264,1109,1101,7
27265,1109,300,8
27266,1109,326,9
27267,1109,224,10
27268,1109,807,11
27269,1109,515,12
27270,1109,1282,13
27271,1109,1052,14
27272,1109,344,15
27273,1109,342,16
27274,1109,136,17
27275,1109,666,18
27276,1109,407,19
27277,1109,1014,20
27278,1109,126,21
27279,1109,78,22
27280,1109,1347,23
27281,1109,290,25
27282,1109,13,27
27283,1109,653,28
27284,1109,82,29
27285,1109,1293,30
27286,1109,663,31
27287,1109,365,32
27288,1109,556,33
27289,1109,1033,34
27290,1109,1002,35
27291,1109,1272,36
27292,1109,876,37
27293,1109,1062,38
27294,1109,1283,39
27295,1109,761,40
27296,1109,473,41
27297,1109,741,42
27298,1109,547,43
27299,1109,906,44
27300,1109,973,45
27301,1109,430,46
27302,1109,402,47
27303,1109,92,48
27304,1109,1288,49
27305,1109,1131,50
27306,1109,153,51
27307,1109,1084,52
27308,1109,829,53
27309,1109,471,54
27310,1110,346,1
27311,1110,558,2
27312,1110,369,3
27313,1110,345,4
27314,1110,357,5
27315,1110,776,6
27316,1110,300,7
27317,1110,737,8
27318,1110,783,9
27319,1110,1052,10
27320,1110,515,11
27321,1110,1282,12
27322,1110,344,13
27323,1110,60,14
27324,1110,326,15
27325,1110,342,16
27326,1110,666,17
27327,1110,1014,18
27328,1110,136,19
27329,1110,407,20
27330,1110,126,21
27331,1111,1291,1
27332,1111,821,2
27333,1111,224,3
27334,1111,807,4
27335,1111,301,5
27336,1111,78,6
27337,1111,126,7
27338,1111,300,8
27339,1111,1014,9
27340,1111,136,10
27341,1111,666,11
27342,1111,342,12
27343,1111,407,13
27344,1111,495,14
27345,1111,175,15
27346,1111,1347,16
27347,1111,326,17
27348,1111,344,18
27349,1111,515,19
27350,1111,1052,20
27351,1111,1282,21
27352,1111,357,22
27353,1111,345,23
27354,1111,558,24
27355,1111,346,25
27356,1111,369,26
27357,1111,776,27
27358,1111,809,28
27359,1111,281,29
27360,1111,1035,30
27361,1111,173,31
27362,1111,632,32
27363,1111,905,33
27364,1111,939,34
27365,1111,868,35
27366,1111,380,36
27367,1111,1077,37
27368,1111,337,38
27369,1112,78,1
27370,1112,346,2
27371,1112,342,3
27372,1112,345,4
27373,1112,344,5
27374,1112,126,6
27375,1112,301,7
27376,1112,1033,8
27377,1112,430,9
27378,1112,451,10
27379,1112,92,11
27380,1112,906,12
27381,1112,1288,13
27382,1112,872,14
27383,1112,1131,15
27384,1112,893,16
27385,1112,547,17
27386,1112,1084,18
27387,1112,1279,19
27388,1112,402,20
27389,1112,829,21
27390,1112,973,22
27391,1112,386,23
27392,1112,153,24
27393,1112,875,25
27394,1112,741,26
27395,1112,974,27
27396,1112,1017,28
27397,1112,404,29
27398,1112,290,30
27399,1112,556,31
27400,1112,1293,32
27401,1112,1272,33
27402,1112,665,34
27403,1112,471,35
27404,1112,1062,36
27405,1112,1283,37
27406,1112,663,38
27407,1112,653,39
27408,1112,82,40
27409,1112,876,41
27410,1112,13,42
27411,1112,1042,43
27412,1112,365,44
27413,1113,434,1
27414,1113,730,2
27415,1113,984,3
27416,1113,1346,4
27417,1113,271,5
27418,1113,125,6
27419,1113,327,7
27420,1113,623,8
27421,1113,131,9
27422,1113,1079,10
27423,1113,685,11
27424,1113,704,12
27425,1113,200,13
27426,1113,559,14
27427,1114,730,1
27428,1114,899,2
27429,1114,126,3
27430,1114,1268,4
27431,1114,403,5
27432,1114,123,6
27433,1114,411,7
27434,1114,704,8
27435,1114,559,9
27436,1114,200,10
27437,1114,908,11
27438,1114,271,12
27439,1114,125,13
27440,1114,685,14
27441,1114,337,15
27442,1114,623,16
27443,1114,131,17
27444,1114,1248,18
27445,1114,1079,19
27446,1114,225,20
27447,1114,327,21
27448,1115,623,1
27449,1115,1248,2
27450,1115,685,3
27451,1115,131,4
27452,1115,327,5
27453,1115,813,6
27454,1115,673,7
27455,1115,1346,8
27456,1115,125,9
27457,1115,783,10
27458,1115,1196,11
27459,1115,519,12
27460,1115,1079,13
27461,1115,225,14
27462,1115,271,15
27463,1115,825,16
27464,1115,495,17
27465,1115,337,18
27466,1115,305,19
27467,1115,416,20
27468,1115,558,21
27469,1115,559,22
27470,1115,258,23
27471,1115,1261,24
27472,1115,1291,25
27473,1115,730,26
27474,1115,290,27
27475,1115,1170,28
27476,1115,515,29
27477,1115,326,30
27478,1115,1070,31
27479,1115,995,32
27480,1115,1216,33
27481,1115,1051,34
27482,1115,200,35
27483,1115,908,36
27484,1115,411,37
27485,1115,704,38
27486,1115,899,39
27487,1115,169,40
27488,1115,817,41
27489,1115,12,42
27490,1115,175,43
27491,1115,299,44
27492,1115,1146,45
27493,1115,851,46
27494,1115,929,47
27495,1115,143,48
27496,1115,437,49
27497,1116,305,1
27498,1116,158,2
27499,1116,213,3
27500,1116,894,4
27501,1116,899,5
27502,1116,411,6
27503,1116,704,7
27504,1116,730,8
27505,1116,559,9
27506,1116,1280,10
27507,1116,1120,11
27508,1116,1061,12
27509,1116,1369,13
27510,1116,1265,14
27511,1116,566,15
27512,1116,382,16
27513,1116,290,17
27514,1116,365,18
27515,1116,1293,19
27516,1116,556,20
27517,1116,1272,21
27518,1116,82,22
27519,1116,13,23
27520,1116,653,24
27521,1116,1002,25
27522,1116,876,26
27523,1116,663,27
27524,1116,1283,28
27525,1116,1062,29
27526,1116,761,30
27527,1116,473,31
27528,1116,953,32
27529,1116,264,33
27530,1116,1118,34
27531,1116,315,35
27532,1116,217,36
27533,1116,708,37
27534,1116,140,38
27535,1116,991,39
27536,1116,1379,40
27537,1116,803,41
27538,1116,343,42
27539,1116,727,43
27540,1116,560,44
27541,1116,662,45
27542,1116,1043,46
27543,1116,764,47
27544,1116,548,48
27545,1116,1314,49
27546,1116,567,50
27547,1116,510,51
27548,1117,343,1
27549,1117,560,2
27550,1117,1043,3
27551,1117,1326,4
27552,1117,510,5
27553,1117,425,6
27554,1117,764,7
27555,1117,836,8
27556,1117,1358,9
27557,1117,662,10
27558,1117,548,11
27559,1117,828,12
27560,1117,1007,13
27561,1117,1307,14
27562,1117,702,15
27563,1117,772,16
27564,1117,355,17
27565,1117,1236,18
27566,1117,272,19
27567,1117,1011,20
27568,1117,348,21
27569,1117,644,22
27570,1117,1067,23
27571,1117,668,24
27572,1117,809,25
27573,1117,509,26
27574,1117,369,27
27575,1117,905,28
27576,1117,224,29
27577,1117,960,30
27578,1117,776,31
27579,1117,502,32
27580,1117,383,33
27581,1117,340,34
27582,1117,1240,35
27583,1117,441,36
27584,1118,343,1
27585,1118,809,2
27586,1118,764,3
27587,1118,441,4
27588,1118,1240,5
27589,1118,510,6
27590,1118,1035,7
27591,1118,173,8
27592,1118,632,9
27593,1118,281,10
27594,1118,821,11
27595,1118,853,13
27596,1118,1326,14
27597,1118,272,15
27598,1118,1236,16
27599,1118,355,17
27600,1118,103,18
27601,1118,163,19
27602,1118,1011,20
27603,1118,348,21
27604,1118,644,22
27605,1118,383,23
27606,1118,668,24
27607,1118,788,25
27608,1118,10,26
27609,1118,340,27
27610,1118,1067,28
27611,1118,548,29
27612,1119,510,1
27613,1119,173,2
27614,1119,632,3
27615,1119,821,4
27616,1119,281,5
27617,1119,1035,6
27618,1119,853,7
27619,1119,497,8
27620,1119,1137,9
27621,1119,1266,10
27622,1119,373,11
27623,1119,70,12
27624,1119,367,13
27625,1119,942,14
27626,1119,558,15
27627,1119,623,16
27628,1119,1280,17
27629,1119,290,18
27630,1119,343,19
27631,1119,416,20
27632,1119,102,21
27633,1119,930,22
27634,1119,1044,23
27635,1119,1104,24
27636,1119,375,25
27637,1119,502,26
27638,1119,272,27
27639,1119,644,28
27640,1119,348,29
27641,1119,1011,30
27642,1119,509,31
27643,1119,828,32
27644,1119,772,33
27645,1119,702,34
27646,1119,1307,35
27647,1119,1007,36
27648,1119,668,37
27649,1119,340,38
27650,1119,836,39
27651,1119,1358,40
27652,1119,736,41
27653,1119,931,42
27654,1120,343,1
27655,1120,510,2
27656,1120,853,3
27657,1120,441,4
27658,1120,1240,5
27659,1120,855,6
27660,1120,307,7
27661,1120,717,8
27662,1120,102,9
27663,1120,509,10
27664,1120,549,11
27665,1120,960,12
27666,1120,230,13
27667,1120,323,14
27668,1120,809,15
27669,1120,246,16
27670,1120,821,17
27671,1120,632,18
27672,1120,173,19
27673,1120,1035,20
27674,1120,281,21
27675,1120,337,22
27676,1120,1120,23
27677,1120,1043,24
27678,1120,560,25
27679,1120,567,26
27680,1120,1314,27
27681,1120,548,28
27682,1120,1067,29
27683,1120,1025,30
27684,1121,559,1
27685,1121,685,2
27686,1121,1008,3
27687,1121,822,4
27688,1121,1285,5
27689,1121,327,6
27690,1121,411,7
27691,1121,908,8
27692,1121,730,9
27693,1121,125,10
27694,1121,1346,11
27695,1121,704,12
27696,1121,200,13
27697,1121,899,14
27698,1121,271,15
27699,1122,623,1
27700,1122,125,2
27701,1122,1248,3
27702,1122,264,4
27703,1122,1305,5
27704,1122,1359,6
27705,1122,730,7
27706,1122,374,8
27707,1122,91,9
27708,1122,559,10
27709,1122,411,11
27710,1122,908,12
27711,1122,869,13
27712,1122,1346,14
27713,1122,899,15
27714,1122,200,16
27715,1122,704,17
27716,1122,685,18
27717,1122,1297,19
27718,1122,271,20
27719,1122,327,21
27720,1122,558,22
27721,1123,641,1
27722,1123,90,2
27723,1123,1117,4
27724,1123,1078,5
27725,1123,645,6
27726,1123,558,7
27727,1123,559,8
27728,1123,1155,9
27729,1123,150,10
27730,1123,679,11
27731,1123,861,12
27732,1123,443,13
27733,1123,182,14
27734,1123,894,15
27735,1123,709,16
27736,1123,853,17
27737,1123,1043,18
27738,1123,1379,19
27739,1123,1077,20
27740,1123,380,21
27741,1123,939,22
27742,1123,1308,23
27743,1123,171,24
27744,1123,1082,25
27745,1123,139,26
27746,1123,423,27
27747,1123,868,28
27748,1123,1291,29
27749,1123,301,30
27750,1123,457,31
27751,1123,126,32
27752,1123,821,33
27753,1123,300,34
27754,1123,666,35
27755,1123,1052,36
27756,1123,407,37
27757,1123,1347,38
27758,1123,78,39
27759,1123,346,40
27760,1123,342,41
27761,1123,344,42
27762,1123,345,43
27763,1123,357,44
27764,1123,326,45
27765,1123,1282,46
27766,1123,515,47
27767,1123,175,48
27768,1123,495,49
27769,1123,1014,50
27770,1123,136,51
27771,1123,807,52
27772,1123,369,53
27773,1123,905,54
27774,1123,776,55
27775,1123,224,56
27776,1123,809,57
27777,1123,173,58
27778,1123,1035,59
27779,1123,632,60
27780,1123,281,61
27781,1124,558,1
27782,1124,1291,2
27783,1124,821,3
27784,1124,632,4
27785,1124,173,5
27786,1124,1035,6
27787,1124,281,7
27788,1124,136,8
27789,1124,78,9
27790,1124,807,10
27791,1124,357,11
27792,1124,495,12
27793,1124,515,13
27794,1124,549,14
27795,1124,509,15
27796,1124,102,16
27797,1124,326,17
27798,1124,126,18
27799,1124,1282,19
27800,1124,1347,20
27801,1124,1014,21
27802,1124,175,22
27803,1124,1082,23
27804,1124,905,24
27805,1124,369,25
27806,1124,776,26
27807,1124,345,27
27808,1124,346,28
27809,1124,666,29
27810,1124,1052,30
27811,1124,344,31
27812,1124,342,32
27813,1124,809,33
27814,1124,224,34
27815,1124,1283,35
27816,1124,1062,36
27817,1124,171,37
27818,1124,1308,38
27819,1124,380,39
27820,1124,139,40
27821,1124,301,41
27822,1125,1291,1
27823,1125,301,2
27824,1125,1082,3
27825,1125,171,4
27826,1125,939,5
27827,1125,380,6
27828,1125,1077,7
27829,1125,1308,8
27830,1125,868,9
27831,1125,139,10
27832,1125,423,11
27833,1125,136,12
27834,1125,807,13
27835,1125,357,14
27836,1125,495,15
27837,1125,326,16
27838,1125,1282,17
27839,1125,515,18
27840,1125,175,19
27841,1125,1347,20
27842,1125,1052,21
27843,1125,126,22
27844,1125,78,23
27845,1125,369,24
27846,1125,905,25
27847,1125,776,26
27848,1125,224,27
27849,1125,821,28
27850,1125,1014,29
27851,1125,666,30
27852,1125,809,31
27853,1125,558,32
27854,1126,1326,1
27855,1126,337,2
27856,1126,1291,3
27857,1126,558,4
27858,1126,1014,5
27859,1126,809,6
27860,1126,666,7
27861,1126,136,8
27862,1126,515,9
27863,1126,1282,10
27864,1126,126,11
27865,1126,1052,12
27866,1126,1347,13
27867,1126,78,14
27868,1126,326,15
27869,1126,807,16
27870,1126,175,17
27871,1126,224,18
27872,1127,558,1
27873,1127,1291,2
27874,1127,515,3
27875,1127,175,4
27876,1127,136,5
27877,1127,126,6
27878,1127,78,7
27879,1127,495,8
27880,1127,1347,9
27881,1127,1052,10
27882,1127,1282,11
27883,1127,776,12
27884,1127,224,13
27885,1127,809,14
27886,1127,1014,15
27887,1127,666,16
27888,1127,326,17
27889,1127,807,18
27890,1127,301,19
27891,1127,357,20
27892,1127,369,21
27893,1127,821,22
27894,1128,821,1
27895,1128,300,2
27896,1128,666,3
27897,1128,407,4
27898,1128,78,5
27899,1128,1082,6
27900,1128,1014,7
27901,1128,126,8
27902,1128,1347,9
27903,1128,326,10
27904,1128,809,11
27905,1128,423,12
27906,1128,1308,13
27907,1128,1326,14
27908,1128,776,15
27909,1128,1052,16
27910,1128,515,17
27911,1128,136,18
27912,1128,224,19
27913,1128,175,20
27914,1128,495,21
27915,1128,369,22
27916,1128,357,23
27917,1128,1291,24
27918,1128,558,25
27919,1128,301,26
27920,1128,807,27
27921,1128,632,28
27922,1128,1035,29
27923,1128,173,30
27924,1128,281,31
27925,1128,171,32
27926,1128,139,33
27927,1128,1077,34
27928,1128,492,35
27929,1128,966,36
27930,1129,821,1
27931,1129,809,2
27932,1129,1082,3
27933,1129,126,4
27934,1129,326,5
27935,1129,1014,6
27936,1129,1347,7
27937,1129,171,8
27938,1129,939,9
27939,1129,380,10
27940,1129,1291,11
27941,1129,558,12
27942,1129,139,13
27943,1129,1326,14
27944,1129,1140,15
27945,1129,492,16
27946,1129,1025,17
27947,1129,1043,18
27948,1129,966,19
27949,1130,1326,1
27950,1130,1140,2
27951,1130,1043,3
27952,1130,966,4
27953,1130,1025,5
27954,1130,821,6
27955,1130,718,7
27956,1130,559,8
27957,1130,366,9
27958,1130,1051,10
27959,1130,1275,11
27960,1130,959,12
27961,1130,286,13
27962,1130,1196,14
27963,1130,519,15
27964,1130,415,16
27965,1130,783,17
27966,1130,799,18
27967,1130,953,22
27968,1130,264,23
27969,1130,315,24
27970,1130,240,25
27971,1130,596,26
27972,1130,217,27
27973,1130,71,28
27974,1130,1297,29
27975,1130,937,30
