character_id,canonical_name,japanese_name,romanized_name,official_english_name,origin,residence,debut_episodes_id,debut_manga_id,affiliations,status,age_at_death,height_cm,blood_type,devil_fruit,devil_fruit_type,birthday,liveaction_portrayal,name_meaning
1,A.O.,A・O（アー・オー）,Ā Ō,A.O. (VIZ Media and FUNimation subs);A.O (FUNimation dub),,,460.0,551.0,A O Pirates; Subordinate of the Whitebeard Pirates,Unknown,,,,,,January 15th,,
2,Bizarre,ビザール,Bizāru,Bizarre,,,468.0,553.0,Subordinate of the Whitebeard Pirates,Alive,,,,,,February 3rd,,
3,Beeyo,ビヨ,Biyo,Beeyo (Viz);Biyo (Funimation subs),,,583.0,658.0,,Alive,,,,,,,,
4,Bishamon,ビシャ門,Bishamon,Bishamon,Wano Country,"Flower Capital, Wano Country",925.0,931.0,Beasts Pirates; Orochi Oniwabanshu (former); Kurozumi Family (former),Alive,,182.0,XF,,,August 1st,,
5,BB,BB（ブラックバック）,Bībī (Burakkubakku),BB (Blackback)BB (Black Back) (WT100),,Zou (Whale Forest),754.0,805.0,Mokomo Dukedom; Guardians;,Alive,,,,,,,,
6,Black Maria,"Kumo Kumo no Mi, Model: Rosamygale Grauvogeli",Burakkumaria,Black Maria,Wano Country,Onigashima,982.0,977.0,Beasts Pirates (Tobiroppo),Alive,,820.0,S,Spider-Spider Fruit,Ancient Zoan,September 24th,,Spider
7,Bimine,ビミネ,Bimine,Bimine,,Pucci,,657.0,,Alive,,,,,,,,
8,Bingoh,びん豪,Bingō,Bingoh,,Wano Country (Ebisu Town),921.0,928.0,,Alive,,,,,,,,
9,Big Bun,ビッグパン,Biggu Pan,Big Bun (Viz);Big Pan (FUNimation),,,210.0,309.0,Foxy Pirates; Groggy Monsters,Alive,,,,,,May 25th,,
10,Bian,"Mushi Mushi no Mi, Model: Suzumebachi",Bian,Bian,,,647.0,717.0,Tontatta Kingdom; Tontatta Pirates; Straw Hat Grand Fleet,Alive,,,,Bug-Bug Fruit,Zoan,,,Insect; Hornet
11,Belle-Mère,ベルメール,Berumēru,Belle-Mère (VIZ Media);Bellemere (Funimation)Bell-mère (OPCG),East Blue (Conomi Islands),Cocoyasi Village,32.0,77.0,Marines (former),Deceased,30.0,186.0,S,,,December 3rd,Genna Galloway,
12,Bepo,ベポ,Bepo,Bepo,Zou,Zou (former);Swallow Island (former),392.0,498.0,Heart Pirates,Alive,,240.0,S,,,November 20th (Fur Day),,
13,Benn Beckman,ベン・ベックマン,Ben Bekkuman,"Benn Beckman;Ben Beckman (VIZ, formerly)",North Blue,,4.0,1.0,Red Hair Pirates,Alive,,206.0,X,,,November 9th,Laudo Liebenberg,
14,Bellamy,Bane Bane no Mi,Beramī,Bellamy,,Dressrosa (former)Notice (former),146.0,222.0,Donquixote Pirates (former); Bellamy Pirates (former),Alive,,240.0,F,Boing-Boing Fruit,Paramecia,August 7th,,Spring
15,Bentham,Mane Mane no Mi,Bensamu,Bentham,East Blue,,78.0,129.0,Newkama Land; Baroque Works (former),Alive,,238.0,F,Clone-Clone Fruit,Paramecia,August 15th,,Imitation
16,Beret,ベレット,Beretto,Beret,,,439.0,537.0,Unnamed kingdom (former),Alive,,,,,,,,
17,Yonta Maria Fleet,ヨンタマリア大船団,Yonta Maria Dai-sendan,Yonta Maria Fleet,,,,,,,,,,,,,,
18,Vinsmoke Family,ヴィンスモーク家,Vinsumōku-ke,Vinsmoke Family,,,,,,Extant,,,,,,,,
19,Tontatta Pirates,トンタッタ海賊団,Tontatta Kaizokudan,Tontatta Pirates,,,,,,,,,,,,,,
20,Tightrope Funan Boros,綱渡りフナンボローズ,Tsunawatari Funan Borōzu,Tightrope Funan Boros,East Blue,"Buggy Town, Karai Bari Island (Non-Canon)≠",4.0,8.0,Buggy Pirates;Buggy and Alvida Alliance (Non-Canon)≠;Buggy's Delivery (Non-Canon)≠,Alive,,,,,,February 25th,Sizo MahlanguGreg Parvess,
21,Black Beard Pirates,黒ひげ海賊団,Kurohige Kaizokudan,Black Beard Pirates (Edited dub);Blackbeard Pirates (Uncut dub),,,,,,,,,,,,,,
22,Big Mom Pirates,ビッグ・マム海賊団,Biggu Mamu Kaizokudan,Big Mom Pirates,,,,,,,,,,,,,,
23,Straw Hat Pirates,麦わらの一味,Mugiwara no Ichimi,Straw Hat Pirates;Straw Hat Crew (OPCG),,,,,,,,,,,,,,
24,Straw Hat Grand Fleet,麦わら大船団,Mugiwara Dai-sendan,Straw Hat Grand FleetStraw Hat Fleet (Funimation subs),,,,,,,,,,,,,,
25,Riku Dynasty,リク一族,Riku Ichizoku,Riku Dynasty (Viz)Riku Family (Funimation),,,,,,Extant,,,,,,,,
26,Orochi's Oniwabanshu,オロチお庭番衆,Orochi Oniwabanshū,Orochi's Oniwabanshu,,,,,,,,,,,,,,
27,Numbers,ナンバーズ,Nanbāzu,Numbers,,,,,,,,,,,,,,
28,Akazaya Nine,赤鞘九人男,Akazaya Kunin Otoko,Akazaya Nine,,,,,,,,,,,,,,
29,WCI 31,WCI（ダブリューシーアイ）31（サーティーワン）,Daburyū-Shī-Ai Sātī-Wan,WCI 31 (VIZ)WCI: 31 (Funimation),,,,,,,,,,,,,,
30,New Giant Pirates,新巨兵海賊団,Shin Kyo Hei Kaizoku-dan,New Giant Pirates,,,,,,,,,,,,,,
31,Nefeltari Family,ネフェルタリ家,Neferutari-ke,Nefeltari Family,,,,,,Extant,,,,,,,,
32,Neptune Family,ネプチューン一族,Nepuchūn Ichizoku,Neptune Family,,,,,,Extant,,,,,,,,
33,Kyoshiro Family,狂死郎一家,Kyōshirō Ikka,Kyoshiro Family,,,,,,,,,,,,,,
34,Kozuki Clan,光月家,Kōzuki-ke,Kozuki Clan;Kouzuki Clan (OPCG),,,,,,,,,,,,,,
35,Buggy's Band of Pirates,バギー海賊団,Bagī Kaizokudan,Buggy's Band of Pirates,,,,,,Integrated into Buggy's Delivery,,,,,,,,
36,Mimawari-gumi,見廻組,Mimawari-gumi,Mimawari-gumi,,,,,,,,,,,,,,
37,Monban,門番,Monban,,East Blue (Syrup Village) (Right Guard),,9.0,24.0,Tessle Company,Alive,,,,,,July 1st (Right Guard),,
38,Kid Pirates,キッド海賊団,Kiddo Kaizokudan,Kid Pirates,,,,,,Unknown,,,,,,,,
39,Herculean Destroyers,怪力デストロイヤーズ,Kairiki Desutoroiyāzu,Herculean Destroyers,,Water 7,233.0,329.0,Franky Family,Alive,,,,,,,,
40,Eleven Righteous Jurors,公正なる11人の陪審員,Kōsei-naru Jūichinin no Baishin'in,Eleven Righteous Jurors,,,,,,,,,,,,,,
41,Koala Gang,雇われ暴力団コアラ組,Yatoware Bōryokudan Koara-gumi,Koala Gang,,,106.0,169.0,Rain Dinners,Alive,,,,,,,,
42,100 Doctors,イッシー100（ワンハンドレッド）,Isshī Wanhandoreddo,100 Doctors (Viz)100 MDs (FUNimation),,,,,,,,,,,,,,
43,Atamayama Thieves Brigade,頭山盗賊団,Atama-yama Tōzoku-dan,Atamayama Thieves Brigade,,,,,,,,,,,,,,
44,Musketeers,犬嵐銃士隊,Inuarashi Jūshi-tai,Musketeers,,,,,,,,,,,,,,
45,Ideo Pirate Crew,イデオ海賊団,Ideo Kaizokudan,Ideo Pirate Crew,,,,,,,,,,,,,,
46,Happosui Army,八宝水軍,Happō Suigun,Happosui Army (Viz),,,,,,,,,,,,,,
47,Heart Pirates,ハートの海賊団,Hāto no Kaizokudan,Heart Pirates,,,,,,,,,,,,,,
48,Four Emperors,四皇,Yonkō,Four Emperors,,,,,,,,,,,,,,
49,Five Elders,五老星,Gorōsei,"Five Elders (VIZ, Funimation);Five Elder Stars (formerly Funimation)",,,,,,,,,,,,,,
50,Qing Jiao Family,チンジャオファミリー,Chinjao Famirī,Qing Jiao Family (Former); Chinjao Family,,,,,,Active,,,,,,,,
51,Beautiful Pirates,美しき海賊団,Utsukushiki Kaizoku-dan,Beautiful Pirates,,,,,,,,,,,,,,
52,Charlotte Family,シャーロット家,Shārotto-ke,Charlotte Family,,,,,,Active,,,,,,,,
53,Barto Club,バルトクラブ,Baruto Kurabu,Barto Club,,,,,,,,,,,,,,
54,Admiral,大将,Taishō,Admiral,,,,,,,,,,,,,,
55,Animal Kingdom Pirates,百獣海賊団,Hyakujū Kaizokudan,"Animal Kingdom Pirates (VIZ Media and Funimation sub);Beast Pirates (Funimation dub, Funimation sub (former))",,,,,,,,,,,,,,
56,Burr,ゾット,Zotto,Burr,,,434.0,533.0,Marines G-1 Branch,Alive,,,,,,,,
57,Zunesha,象主（ズニーシャ）,Zunīsha,Zunesha,Grand Line,New World,751.0,802.0,,Alive,,,,,,December 18th,,
58,Zukka,ズッカ,Zukka,Zukka,,,489.0,564.0,Ally of the Whitebeard Pirates,Alive,,,,,,,,
59,Zodia,ゾディア,Zodia,Zodia,,,462.0,553.0,Whitebeard Pirates,Alive,,,,,,,,
60,Zeus,ゼウス,Zeusu,Zeus,Grand Line,Sorcery Clima-Tact; Totto Land (former),786.0,827.0,Big Mom Pirates (defected); Straw Hat Pirates,Alive,,232.0,,,,June 26th,,
61,Zepo,ゼポ,Zepo,Zepo,,,816.0,850.0,Nox Pirates,Deceased,,,,,,,,
62,Zeo,ゼオ,Zeo,Zeo,Grand Line (Ryugu Kingdom; Fish-Man Island),Fish-Man District (former),530.0,611.0,New Fish-Man Pirates,Alive,,325.0,X,,,November 11th,,
63,Zambai,ザンバイ,Zanbai,Zambai,Grand Line (Water 7),Water 7,230.0,324.0,Franky Family; Galley-La Company,Alive,,227.0,S,,,March 8th,,
64,Zeff,ゼフ,Zefu,Zeff,East Blue,Baratie,20.0,43.0,Baratie; Cook Pirates (former),Alive,,189.0,XF,,,April 2nd,Craig Fairbrass,
65,Zala,Toge Toge no Mi,Zara,Zala,Grand Line,,103.0,155.0,New Spiders Cafe; Baroque Works  (Former),Alive,,187.0,X,Spike-Spike Fruit,Paramecia,July 30th,,Spike
66,Zanki,三鬼（ザンキ）,Zanki,Zanki,,,1055.0,991.0,Beasts Pirates (Numbers),Alive,,,,,,,,
67,Zabo,ザボー,Zabō,Zabo,,,155.0,241.0,,Deceased,,,,,,,,
68,Eureka,ユリカー,Yurikā,Eureka,,,,151.0,Tulip Pirates,Alive,,,,,,,,
69,Yuki,ユキ,Yuki,Yuki,Grand Line,,78.0,129.0,,Unknown,,,,,,December 17th,,
70,Zayde,ゼイディー,Zeidī,Zayde,,,275.0,391.0,Ohara Archaeologists,Deceased,,,,,,,,
71,Yuey,ユーイ,Yūi,Yuey,,,966.0,966.0,Roger Pirates,Unknown,,,,,,,,
72,Yu,ユウ,Yū,Yu,East Blue,Loguetown,48.0,98.0,,Alive,,,,,,July 19th,,
73,Yotsubane,ヨツバネ,Yotsubane,Yotsubane,,,176.0,269.0,Shandia,Alive,,,,,,,,
74,Yoshimoto,ヨシモト,Yoshimoto,Yoshimoto,,,94.0,157.0,,Alive,,,,,,,,
75,Yosaku,ヨサク,Yosaku,Yosaku,East Blue,,20.0,42.0,Johnny; Roronoa Zoro's band (former),Alive,,185.0,F,,,November 10th,,
76,Yorki,ヨーキ,Yōki,Yorki,,,63.0,103.0,Rumbar Pirates,Unknown,,,,,,April 9th,,
77,Yomo,ヨモ,Yomo,Yomo,,,755.0,806.0,Mokomo Dukedom (Inuarashi Musketeer Squad); Ninja-Pirate-Mink-Samurai Alliance,Alive,,,,,,,,
78,York,欲（ヨーク）,Yōku,York,,Egghead,1095.0,1065.0,Marines (SSG)World Government,Alive,,,,,,,,
79,Yazaemon,矢ざえもん,Yazaemon,Yazaemon,Wano Country,"Flower Capital, Wano Country",925.0,931.0,Beasts Pirates; Orochi Oniwabanshu (former),Alive,,180.0,S,,,August 8th,,
80,Yatappe,弥太っぺ,Yatappe,Yatappe,,,946.0,952.0,,Alive,,,,,,,,
81,Yokozuna,ヨコヅナ,Yokozuna,Yokozuna,,Water 7,228.0,322.0,Tom's Workers (former),Alive,,,,,,,,
82,Yasopp,ヤソップ,Yasoppu,Yasopp,East Blue (Gecko Islands),Syrup Village (former),4.0,1.0,Red Hair Pirates,Alive,,183.0,S,,,August 2nd,Stevel Marc,
83,Yōkan,ようかん,Yōkan,,,Wano Country (Bakura Town),902.0,915.0,,Alive,,,,,,,,
84,Yarisugi,ヤリスギ,Yarisugi,Yarisugi,,,599.0,673.0,Marines; G-5,Alive,,220.0,,,,,,
85,Yamenahare,ヤメナハーレ,Yamenahāre,Yamenahare,,Pucci,,436.0,Marumieta,Alive,,,,,,,,
86,Yamon,ヤモン,Yamon,Yamon,,,966.0,,Roger Pirates,Unknown,,,,,,,,
87,O-Yame,お八女,O-Yame,,,Wano Country (Okobore Town),904.0,917.0,,Alive,,,,,,,,
88,Yamato,"Inu Inu no Mi, Model: Okuchi no Makami",Yamato,Yamato,,Wano Country (Onigashima),972.0,971.0,Ninja-Pirate-Mink-Samurai Alliance (disbanded); Beasts Pirates (defected),Alive,,263.0,F,Dog-Dog Fruit,Mythical Zoan,November 3rd,,Dog; Large-Mouthed True/Pure God
89,Yama,ヤマ,Yama,Yama,Sky Islands (Birka),,167.0,254.0,Enel (former),Unknown,,366.0,F,,,October 3rd,,
90,Woop Slap,ウープ・スラップ,Ūpu Surappu,Woop Slap,East Blue (Goa Kingdom),Foosha Village,4.0,1.0,Foosha Village,Alive,,,,,,February 28th,,
91,Yamakaji,ヤマカジ,Yamakaji,Yamakaji,,,302.0,420.0,Marines,Alive,,,,,,April 5th,,
92,Wire,ワイヤー,Waiyā,Wire,South Blue,,394.0,500.0,Kid Pirates,Unknown,,,,,,July 18th,,
93,X. Drake,"Ryu Ryu no Mi, Model: Allosaurus",Diesu Dorēku,X. Drake,North Blue,,392.0,498.0,"Marines;Drake Pirates;Beasts Pirates (Tobiroppo, former);Barrels Pirates (defected);Ninja-Pirate-Mink-Samurai Alliance (disbanded)",Unknown,,233.0,X,Dragon-Dragon Fruit,Ancient Zoan,October 24th,,"Dragon, Allosaurus"
94,Wyper,ワイパー,Waipā,"Wyper (4Kids, Viz, FUNimation);Wyler (4Kids; FUNimation edited dub)",Sky Islands (Skypiea),,153.0,237.0,Shandia; God's Guards,Alive,,183.0,X,,,August 18th,,
95,Wicca,ウィッカ,Wikka,WickaWicca (WT100),,,635.0,705.0,Tontatta Tribe Scouting UnitStraw Hat Grand Fleet,Alive,,,,,,,,
96,Wellington,ウェリントン,Werinton,Wellington,,,702.0,763.0,,Unknown,,,,,,,,
97,Warashi,ワラシ,Warashi,Warashi,,,176.0,269.0,Shandia,Alive,,,,,,,,
98,Who's-Who,"Neko Neko no Mi, Model: Saber Tiger",Fūzu Fū,Who's-Who,North Blue,Onigashima,954.0,977.0,Beasts Pirates (Tobiroppo); Who's-Who Pirates (former); CP9 (former);,Alive,,336.0,F,Cat-Cat Fruit,Ancient Zoan,March 15th,,Cat
99,Waruno Furishirō,割（ワル）野フリ四郎,Waruno Furishirō,,,Wano Country (Flower Capital),918.0,926.0,,Alive,,,,,,,,
100,Whitey Bay,ホワイティベイ,Howaitibei,Whitey Bay,,,462.0,556.0,Whitebeard Pirates,Alive,,,,,,October 31st,,
101,Wanze,ワンゼ,Wanze,Wanze,West Blue,,257.0,367.0,CP7,Alive,,173.0,F,,,September 4th,,
102,Wapol,Baku Baku no Mi,Waporu,Wapol,Grand Line (Drum Kingdom),Black Drum KingdomDrum Kingdom (former),79.0,131.0,Evil Black Drum Kingdom; Drum Kingdom (former); Bliking Pirates (disbanded),Alive,,207.0,X,Munch-Munch Fruit,Paramecia,August 9th,,Sound of Chomping
103,Wheel,ホイール,Hoīru,Wheel,,South Fire Kingdom,884.0,906.0,Levely,Alive,,,,,,,,
104,Wanyudo,輪入道,Wanyūdō,Wanyudo,,,1021.0,1005.0,Beasts Pirates,Alive,,,,Pug SMILE,Artificial Zoan,,,
105,Wanda,ワンダ,Wanda,Wanda,Grand Line (Mokomo Dukedom),Zou,753.0,804.0,Mokomo Dukedom; Inuarashi Musketeer Squad; Ninja-Pirate-Mink-Samurai Alliance(disbanded),Alive,,181.0,F,,,November 1st,,
106,Warney,ワーニー,Wānī,Warney,,,753.0,804.0,Wanda,Alive,,,,,,,,
107,Wallem,ウォレム,Woremu,Wallem,,,470.0,561.0,Ally of the Whitebeard Pirates,Alive,,,,,,,,
108,Wallace,ウォレス,Woresu,Wallace,,,461.0,552.0,Spade Pirates,Alive,,,,,,,,
109,Wakasa,わかさ,Wakasa,,,Wano Country (Bakura Town),901.0,915.0,,Alive,,,,,,,,
110,Wadatsumi,ワダツミ,Wadatsumi,Wadatsumi,Grand Line (Ryugu Kingdom),,525.0,606.0,Sun Pirates; Flying Pirates (former),Alive,,,F,,,February 9th (Pufferfish Day),,
111,Scientist,科学者,Kagakusha,Scientist,,,,,,,,,,,,,,
112,Vito,ヴィト,Vito,Vito,West Blue,,763.0,812.0,Fire Tank Pirates,Alive,,242.0,S,,,October 21st,,
113,Vitan,ヴィタン,Vitan,Vitan,,,,553.0,Whitebeard Pirates,Alive,,,,,,,,
114,Viola,Giro Giro no Mi,Viora,Viola,Grand Line (Dressrosa),,632.0,703.0,Riku Family; Donquixote Pirates(defected),Alive,,178.0,X,Glare-Glare Fruit,Paramecia,April 30th,,Glare; Stare
115,Vista,ビスタ,Bisuta,Vista,North Blue,,,552.0,Whitebeard Pirates (former),Alive,,328.0,X,,,February 5th,,
116,Vinsmoke Yonji,ヴィンスモーク・ヨンジ,Vinsumōku Yonji,Vinsmoke Yonji,North Blue (Germa Kingdom),,783.0,825.0,Vinsmoke Family; Germa Kingdom; Germa 66,Alive,,194.0,S (RH-),,,March 2nd,,
117,Vinsmoke Reiju,ヴィンスモーク・レイジュ,Vinsumōku Reiju,Vinsmoke Reiju,North Blue (Germa Kingdom),,784.0,826.0,Vinsmoke Family; Germa Kingdom; Germa 66,Alive,,173.0,F,,,November 30th,,
118,Vinsmoke Sora,ヴィンスモーク・ソラ,Vinsumōku Sora,Vinsmoke Sora,,,803.0,841.0,Vinsmoke Family; Germa Kingdom,Deceased,,,,,,July 9th,,
119,Vinsmoke Niji,ヴィンスモーク・ニジ,Vinsumōku Niji,Vinsmoke Niji,North Blue (Germa Kingdom),,787.0,828.0,Vinsmoke Family; Germa Kingdom; Germa 66,Alive,,185.0,S (RH-),,,March 2nd,,
120,Victoria Broth Splatterina,ヴィクトリア・シルトン・ドルヤナイカ,Vikutoria Shiruton Doruyanaika,Victoria Broth Splatterina,,Unnamed South Blue island,,,,Deceased,,,,,,,,
121,Vinsmoke Ichiji,ヴィンスモーク・イチジ,Vinsumōku Ichiji,Vinsmoke Ichiji,North Blue (Germa Kingdom),,787.0,828.0,Vinsmoke Family; Germa Kingdom; Germa 66,Alive,,186.0,S (RH-),,,March 2nd,,
122,Victoria Cindry,ビクトリア･シンドリー,Bikutoria Shindorī,Victoria Cindry,West Blue,,340.0,446.0,Thriller Bark Pirates; Dr. Hogback,Deceased,24.0,188.0,F,,,May 4th,,
123,Vinsmoke Judge,ヴィンスモーク・ジャッジ,Vinsumōku Jajji,Vinsmoke Judge,North Blue (Germa Kingdom),,793.0,832.0,Vinsmoke Family; Germa Kingdom; Germa 66; NEO MADS; MADS (former),Alive,,272.0,S,,,May 12th,,
124,Berry Good,Beri Beri no Mi,Berīguddo,Berry Good,,,309.0,426.0,Marines,Alive,,,,Berry-Berry Fruit,Paramecia,September 10th,,Berry
125,Vasco Shot,Gabu Gabu no Mi,Basuko Shotto,Vasco Shot,South Blue,,484.0,575.0,Blackbeard Pirates; Impel Down (former),Alive,,573.0,X,Glug-Glug Fruit,Paramecia,August 5th,,Gulping down a drink
126,Dr. Vegapunk,Nomi Nomi no Mi,Dokutā Begapanku,Dr. Vegapunk,Grand Line (Karakuri Island),Egghead; Punk Hazard (former); Karakuri Island (former),610.0,684.0,MADS (former); Marines (former) (SSG),Deceased,,,,Brain-Brain Fruit,Paramecia,August 9th,,Brain
127,Vander Decken,バンダー・デッケン,Bandā Dekken,Vander Decken,,,525.0,606.0,Flying Dutchman,Deceased,,,,,,,,
128,Vander Decken IX,Mato Mato no Mi,Bandā Dekken Kyūsei,Vander Decken IX,Grand Line (Ryugu Kingdom;Fish-Man Island),Flying Dutchman (former),525.0,606.0,Flying Pirates; Ally of the New Fish-Man Pirates (former),Alive,,352.0,XF,Mark-Mark Fruit,Paramecia,August 22nd,,Target
129,Uzuki Tempura,雨月天ぷら,Uzuki Tenpura,Uzuki Tempura,,,1048.0,1024.0,,Deceased,,,,,,,,
130,Uzu,ウズ,Uzu,Uzu,,,583.0,658.0,,Alive,,,,,,,,
131,Van Augur,Wapu Wapu no Mi,Van Ōgā,"Van Augur (VIZ)Van Ogre (Formerly VIZ, Edited Funimation)Van Auger (Uncut Funimation)",East Blue,,146.0,222.0,Blackbeard Pirates,Alive,,340.0,X,Warp-Warp Fruit,Paramecia,October 5th,,Warp
132,Vergo,ヴェルゴ,Verugo,Vergo,North Blue,Downs (former)G-5 (former),597.0,671.0,Donquixote Pirates; Marines (undercover); Marine G-5 (undercover),Deceased,41.0,247.0,X,,,July 5th,,
133,Uwattsurā,ウワッツラー,Uwattsurā,,,,932.0,936.0,Beasts Pirates,Alive,,,,,,,,
134,Uta,Uta Uta no Mi,Uta,Uta,,Elegia (former),1029.0,1055.0,Red Hair Pirates (former),Unknown,,169.0,XF,Sing-Sing Fruit,Paramecia,October 1st,,Song
135,Bunkov,ウサッコフ,Usakkofu,Bunkov,,,438.0,537.0,Newkama Land (former),Alive,,,,,,,,
136,Usopp,ウソップ,Usoppu,Usopp,East Blue (Gecko Islands),"Syrup Village (former);Boin Archipelago (former, temporary)",8.0,23.0,Straw Hat Pirates;Straw Hat Grand Fleet;Usopp Pirates (disbanded);Ninja-Pirate-Mink-Samurai Alliance (disbanded),Alive,,174.0,S,,,April 1st (April Fool's Day),Jacob Romero Gibson;Kevin Saula (young),
137,Usagihebi,うさぎヘビ,Usagihebi,,,,18.0,22.0,Animals of the Island of Rare Animals,Alive,,,,,,,,
138,Urouge,ウルージ,Urūji,Urouge,Sky Island,Ballon Terminal,392.0,498.0,Fallen Monk Pirates,Alive,,388.0,S,,,August 1st,,
139,Urban,ウルバン,Uruban,Urban,,,,1089.0,Marines,Alive,,,,,,,,
140,Ushiano,ウシアーノ,Ushiāno,Ushiano,,Baltigo (former); Momoiro Island,883.0,905.0,Revolutionary Army,Alive,,,,,,,,
141,Unigaro,ユニガロ,Yunigaro,Unigaro,,,340.0,445.0,Thriller Bark Pirates,Deceased,,,,,,,,
142,Urashima,浦島,Urashima,Urashima,,"Flower Capital, Wano Country",899.0,913.0,,Alive,,,,,,,,
143,Uni,ウニ,Uni,Uni,,,757.0,810.0,Heart Pirates,Unknown,,,,,,,,
144,Yurusumaji Mask,ユルスマジマスク,Yurusumaji Masuku,Yurusumaji Mask,,,,,Easter egg,Alive,,,,,,,,
145,Umit,ウミット,Umitto,Umit,,,828.0,860.0,Underworld,Alive,,,,,,September 23rd,,
146,Ultra King,ウルトラキング,Urutorakingu,Ultra King,,,106.0,169.0,Rain Dinners,Alive,,,,,,,,
147,Ulti,"Ryu Ryu no Mi, Model: Pachycephalosaurus",Uruti,Ulti,Grand Line,,982.0,977.0,Beasts Pirates (Tobiroppo),Alive,,173.0,XF,Dragon-Dragon Fruit,Ancient Zoan,January 4th,,"Dragon, Dinosaur"
148,Ukon,右近,Ukon,,,Wano Country (Flower Capital),918.0,926.0,Kozuki Family; Ninja-Pirate-Mink-Samurai Alliance,Alive,,,,,,,,
149,Carelesso,ウッカリー,Ukkarī,Carelesso (WT100);Ukkari (Live-Action),East Blue,Shells Town,2.0,4.0,Marines (Marine 153rd Branch),Alive,,,,,,February 17th,Richard Wright-Firth,
150,Ooklicia,ウホリシア,Uhorishia,Ooklicia,,,710.0,877.0,Niho Navy,Alive,,,,,,,,
151,Ook-Ook,ウッホーくん,Uhhō-kun,Ook-Ook,,Dressrosa,677.0,743.0,,Alive,,,,,,,,
152,Moocy,ウーシー,Ūshī,"Moocy (VIZ Media, FUNimation dub);Usy (FUNimation simulcast);Bullcy (FUNimation subs)",,,639.0,706.0,Corrida Colosseum,Alive,,,,,,April 21st,,
153,UK,UK（ユーケー）,Yū Kē,UK,,,1054.0,1029.0,Kid Pirates,Unknown,,,,,,,,
154,Tyrannosaurus,ティラノサウルス,Tiranosaurusu,Tyrannosaurus,,Water 7,230.0,323.0,Iceburg,Alive,,,,,,October 20th,,
155,Turk,トルコ,Toruko,Turk,East Blue,,517.0,598.0,Fake Straw Hat Crew,Unknown,,258.0,X,,,October 29th,,
156,Ubau,ウバウ,Ubau,,Skypiea,,189.0,292.0,,Deceased,,,,,,,,
157,Otsuru,鶴女,Tsurujo,Otsuru,,"Okobore Town, Kuri, Wano Country",897.0,912.0,,Alive,,191.0,F,,,September 15th,,
158,Tsuru,Woshu Woshu no Mi,Tsuru,Tsuru,North Blue,,151.0,234.0,Marines,Alive,,204.0,X,Wash-Wash Fruit,Paramecia,March 26th,,Wash
159,Antlerkov,ツノッコフ,Tsunokkofu,Antlerkov,,,438.0,537.0,Newkama Land (former),Alive,,,,,,,,
160,Tsurue Monnosuke,鶴江もんの助,Tsurue Monnosuke,,,Wano Country (Flower Capital),928.0,933.0,,Alive,,,,,,,,
161,Tsunagoro,綱ゴロー,Tsunagorō,Tsunagoro,,,946.0,947.0,,Alive,,,,,,,,
162,Tsukimi,ツキミ,Tsukimi,Tsukimi,,,,448.0,Moon,Deceased,,,,,,August 15th,,
163,Toritobū,トリトブー,Toritobū,,,Nagagutsu Kingdom,884.0,906.0,Levely,Alive,,,,,,,,
164,Tristan,トリスタン,Torisutan,Tristan,,Zou,739.0,795.0,Mokomo Dukedom; Ninja-Pirate-Mink-Samurai Alliance,Alive,,,,,,,,
165,Trebol,Beta Beta no Mi,Torēboru,Trebol,North Blue,Downs (former)Spider Miles (former)Dressrosa (former),629.0,700.0,Donquixote Pirates,Alive,,349.0,F,Stick-Stick Fruit,Paramecia,March 18th,,Sticky
166,Trafalgar Lammy,トラファルガー・ラミ,Torafarugā Rami,Trafalgar Lammy,,Flevance,701.0,762.0,,Deceased,,,,,,,,
167,Tōyama Tsujigirō,遠山辻ギロー,Tōyama Tsujigirō,,,Wano Country (Flower Capital),892.0,909.0,,Unknown,,,,,,,,
168,Tsugaru Umi,津軽うみ,Tsugaru Umi,,,Wano Country (Flower Capital),892.0,909.0,Nico Robin,Alive,,,,,,,,
169,Trafalgar D. Water Law,Ope Ope no Mi,Torafarugā Dī Wāteru Rō,Trafalgar D. Water Law,North Blue,Flevance (former);Spider Miles (former);Swallow Island (former),392.0,498.0,Heart Pirates;Ninja-Pirate-Mink-Samurai Alliance (disbanded);Seven Warlords of the Sea (revoked);Donquixote Pirates (defected),Alive,,191.0,F,Op-Op Fruit,Paramecia,October 6th,,Operation
170,Toto,トト,Toto,"Toto (FUNimation),Toh-Toh (Viz),Tu-tu (4Kids)",,"Yuba, Arabasta",100.0,163.0,Koza,Alive,,,,,,June 17th,,
171,Tosa,土茶（トサ）,Tosa,Tosa,,,,1089.0,Marines,Alive,,,,,,,,
172,Tori,トリ,Tori,,,,917.0,925.0,Blackbeard Pirates,Alive,,,,,,,,
173,St. Topman Warcury,トップマン・ウォーキュリー聖,Toppuman Wōkyurī Sei,St. Topman Warcury,,Mary Geoise,151.0,233.0,Five Elders; World Nobles,Alive,,,,,,,,
174,Tonjit,トンジット,Tonjitto,Tonjit,Grand Line (Long Ring Long Land),,207.0,304.0,Nomads,Alive,,118.0,F,,,October 2nd,,
175,Tony Tony Chopper,Hito Hito no Mi,Tonī Tonī Choppā,Tony Tony Chopper,Grand Line (Drum Island),"Sakura Kingdom (former);Torino Kingdom (former, temporary)",81.0,134.0,"Straw Hat Pirates;Straw Hat Grand Fleet;Foxy Pirates (former, temporary);Ninja-Pirate-Mink-Samurai Alliance (disbanded)",Alive,,90.0,X,Human-Human Fruit,Zoan,December 24th,,Human
176,Tomato Gang,トマトギャング,Tomato Gyangu,Tomato Gang,,,,179.0,Easter Egg,Alive,,,,,,,,
177,Tom,トム,Tomu,Tom,Grand Line (Ryugu Kingdom; Fish-Man Island),Water 7; Fish-Man Island (former),248.0,352.0,Tom's Workers,Deceased,67.0,296.0,F,,,March 16th,,
178,Toko,トコ,Toko,Toko,,,920.0,927.0,"Kozuki Hiyori, Shimotsuki Family",Alive,,89.0,F,,,October 5th,,
179,Tokikake,トキカケ,Tokikake,Tokikake,,,887.0,907.0,Marines,Alive,,,,,,,,
180,Togare,トガレ,Togare,Togare,Grand Line (Ryugu Kingdom; Fish-Man Island),Coral Hill,548.0,628.0,Neutral civilian,Alive,,,,,,,,
181,Tokijiro,時ジロー,Tokijirō,Tokijiro,,Wano Country (Flower Capital),922.0,929.0,,Alive,,,,,,,,
182,Tilestone,タイルストン,Tairusuton,Tilestone,Grand Line (Water 7),Water 7,230.0,323.0,Galley-La Company,Alive,,255.0,S,,,January 6th,,
183,Bonney Pirates,ボニー海賊団,Bonī Kaizokudan,Bonney Pirates,,,,,,,,,,,,,,
184,Thatch,サッチ,Satchi,Thatch,North Blue,,325.0,440.0,Whitebeard Pirates,Deceased,,,,,,March 24th,,
185,Tetsu,テツ,Tetsu,,,Flower Capital (Wano Country) (former),947.0,948.0,Ninja-Pirate-Mink-Samurai Alliance,Alive,,,,,,,,
186,Thalassa Lucas,タラッサ・ルーカス,Tarassa Rūkasu,Thalassa Lucas,,,91.0,142.0,Ilisia Kingdom,Unknown,,,,,,July 27th,,
187,Tibany,ティバニー,Tibanī,TibbanyElizabeth (Anime),,,419.0,543.0,Kamabakka Kingdom,Alive,,,,,,June 19th,,
188,Tera,テラ,Tera,Tera,,,,,,Deceased,,,,,,,,
189,Terry Gilteo,テリー・ギルテオ,Terī Giruteo,Terry Gilteo,,,324.0,440.0,Revolutionary Army,Alive,,,,,,,,
190,Tenjo-Sagari,天井下り,Tenjō-Sagari,Tenjo-Sagari,,,986.0,980.0,Beasts Pirates,Alive,,,,White Snake SMILE,Artificial Zoan,,,
191,Terry,テリー,Terī,Terry,,Mock Town,146.0,223.0,,Alive,,,,,,,,
192,Tensei,テンセイ,Tensei,Tensei,,,1081.0,1054.0,Marines,Alive,,,,,,,,
193,Terracotta,テラコッタ,Terakotta,Terracotta,,,128.0,213.0,Arabasta Kingdom,Alive,,,,,,September 25th,,
194,Needa Hand,テガタ・リンガナ,Tegata Ringana,Needa Hand,,,727.0,785.0,,Alive,,,,,,,,
195,Tī Yonsei,ティー4世,Tī Yonsei,,,Eigis Kingdom,777.0,823.0,Levely,Alive,,,,,,,,
196,Tēto,テート,Tēto,,,,151.0,234.0,Whitebeard Pirates,Alive,,,,,,,,
197,Taroimo,タロイモ,Taroimo,Taroimo,,,418.0,523.0,Karakuri Island,Alive,,,,,,October 16th,,
198,Taro,タロウ,Tarō,Taro,,,,0.0,Roger Pirates,Unknown,,,,,,,,
199,Taralan,タララン,Tararan,"Taralan (Viz Manga), Tararan (Funimation dub)",,Thriller Bark,346.0,452.0,Thriller Bark Pirates,Deceased,,,,,,,,
200,Tashigi,たしぎ,Tashigi,Tashigi,East Blue,Loguetown (former),48.0,96.0,Marines; G-5 Unit 01; Loguetown Marine Base (former),Alive,,170.0,S,,,October 6th,,
201,Tank Lepant,タンク・レパント,Tanku Repanto,Tank Lepant (FUNimation),,,636.0,706.0,Riku Family,Alive,,,,,,November 28th,,
202,Tamagon,タマゴン,Tamagon,Tamagon,,Water 7,231.0,325.0,Franky Family; Galley-La Company,Alive,,,,,,,,
203,Tell,テル,Teru,Tell,East Blue (Conomi Islands),Cocoyasi Village,,,,Alive,,,,,,,,
204,Tarara,タララ,Tarara,,,Green Bit,,713.0,Tontatta Tribe,Alive,,,,,,,,
205,Tamachibi,タマチビ,Tamachibi,"Tamachibi (Funimation),Tama (Viz)",Grand Line (Drum Island),"Cocoa Weed, Drum Island",81.0,134.0,Stool Restaurant,Alive,,,,,,June 17th,,
206,Tamago,Tama Tama no Mi,Tamago,Tamago,Grand Line,Whole Cake Island,570.0,651.0,Big Mom Pirates,Alive,,301.0,XF,Egg-Egg Fruit,Zoan,May 14th,,Egg
207,Tansui,タンスイ,Tansui,Tansui,Grand Line (Ryugu Kingdom; Fish-Man Island),Ryugu Kingdom (former),386.0,197.0,Macro Pirates; Sun Pirates (former),Alive,,,,,,,,
208,Tamanegi,たまねぎ,Tamanegi,OnionTamanegi (Odex),East Blue (Gecko Islands),Syrup Village,9.0,23.0,Usopp Pirates (disbanded),Alive,,124.0,S,,,April 10th,,
209,Tama,タマ,Tama,Tama,,Sphinx,890.0,909.0,Oide,Alive,,,,,,,,
210,Take,タケ,Take,Take,"Grand Line (Ryugu Kingdom, Fish-Man Island)","Fish-Man District (former), Arlong Park (former)",33.0,75.0,Arlong Pirates,Alive,,,,,,August 21st,,
211,Takao,高尾,Takao,,,Wano Country (Flower Capital),921.0,927.0,Komurasaki,Alive,,,,,,,,
212,Taco,タコス,Takosu,Taco,,Shishano Kingdom,882.0,905.0,,Alive,,,,,,December 9th,,
213,T-Bone,Tボーン,Tī Bōn,T-Bone;T Bone (WT100),Grand Line,,255.0,365.0,Marines,Deceased,,200.0,X,,,September 10th,,
214,Tabuhachirō,たぶ八郎,Tabuhachirō,,,Wano Country,911.0,920.0,Kozuki Family; Ninja-Pirate-Mink-Samurai Alliance,Alive,,,,,,,,
215,Sweetpea,スイトピー,Suitopī,Sweetpea,Calm Belt (Amazon Lily),Amazon Lily,408.0,514.0,Kuja; Kuja Pirates,Alive,,,,,,January 14th,,
216,Surume,スルメ,Surume,Surume,North Blue (North Pole),,524.0,604.0,Straw Hat Pirates; New Fish-Man Pirates (defected),Alive,,,S,,,June 9th,,
217,Sambel,サンベル,Sanberu,Sambel,,,,0.0,Roger Pirates,Unknown,,,,,,,,
218,Loki Clownin,スコシバ・カニシトール,Sukoshiba Kanishitōru,Loki Clownin,,,437.0,536.0,,Alive,,,,,,,,
219,Suke,スケさん,Suke-san,Suke,,Wano Country,919.0,927.0,Kyoshiro Family,Alive,,,,,,,,
220,Suleiman,スレイマン,Sureiman,Suleiman,South Blue,,632.0,704.0,Beautiful Pirates; Underworld (former);Straw Hat Grand Fleet,Alive,,240.0,S,,,January 30th,,
221,Sugar,Hobi Hobi no Mi,Shugā,Sugar,North Blue,Dressrosa (former),608.0,682.0,Donquixote Pirates,Alive,,110.0,XF,Hobby-Hobby Fruit,Paramecia,October 22nd,,Hobby
222,Sugamichi; Warazane,スガミチ; ワラザネ,Sugamichi; Warazane,,,Wano Country (Flower Capital),925.0,931.0,Fujin and Raijin,Alive,,,,,,,,
223,Su,スー,Sū,Su,,,154.0,239.0,Skypiea,Alive,,,,,,September 24th,,
224,Stussy,ステューシー,Sutyūshī,Stussy,Grand Line,,828.0,860.0,CP0 (undercover); Underworld (undercover); MADS,Alive,,179.0,S,,,April 24th,,
225,Stronger,"Uma Uma no Mi, Model: Pegasus",Sutorongā,"Stronger (Funimation, VIZ);Strongheart (Formerly VIZ)",,,146.0,223.0,Blackbeard Pirates,Alive,,,,Horse-Horse Fruit,Mythical Zoan,April 16th,,Horse
226,Sutoroganofu,ストロガノフ,Sutoroganofu,,,Beef Kingdom,886.0,908.0,Levely,Alive,,,,,,,,
227,Streusen,Kuku Kuku no Mi,Shutoroizen,Streusen,Grand Line,Whole Cake Island,827.0,858.0,Big Mom Pirates; Rocks Pirates (former),Alive,,140.0,S,Cook-Cook Fruit,Paramecia,April 27th,,Cook
228,Strawberry,ストロベリー,Sutoroberī,Strawberry,,,302.0,420.0,Marines,Alive,,,,,,January 5th,,
229,Staybe,ステイビー,Suteibī,Staybe,,,251.0,361.0,Water 7,Alive,,,,,,,,
230,Sterry,ステリー,Suterī,StellySterry (WT100),East Blue (Dawn Island),Goa Kingdom,500.0,586.0,Goa Kingdom,Alive,,180.0,S,,,March 12th,,
231,Stephen,ステファン,Sutefan,Stephen,,,,,Whitebeard Pirates,Alive,,,,,,,,
232,Stalker,ストーカー,Sutōkā,Stalker,Grand Line,,421.0,524.0,Marines G-1 Branch,Alive,,,,,,September 28th,,
233,Stansen,スタンセン,Sutansen,Stansen,Grand Line,Elbaf,394.0,500.0,New Giant Warrior Pirates; Straw Hat Grand Fleet; Buggy's Delivery (former),Alive,,,,,,May 27th,,
234,Squard,スクアード,Sukuādo,Squard,Grand Line,,460.0,551.0,Maelstrom Spider Pirates; Whitebeard Pirates,Alive,,228.0,F,,,September 6th,,
235,Spoil,スポイル,Supoiru,Spoil,,,343.0,448.0,Thriller Bark Victim's Association,Alive,,,,,,September 15th,,
236,Splash and Splatter,スプラッシュとスプラッタ,Supurasshu to Supuratta,Splash and SplattaSplash and Splatter (WT100),,,529.0,610.0,,Alive,,,S (RH-),,,January 18th,,
237,Stealth Black,ステルス・ブラック,Suterusu Burakku,Stealth Black,,,925.0,931.0,Germa 66 (fictional),Alive,,,,,,,,
238,Stainless,ステンレス,Sutenresu,Stainless,,,151.0,96.0,Marines,Unknown,,,,,,,,
239,Sphinx,スフィンクス,Sufinkusu,Sphinx,,,430.0,529.0,"World Government, Impel Down",Alive,,,,,,,,
240,Spencer,スペンサー,Supensā,Spencer,,,959.0,966.0,Roger Pirates,Unknown,,,,,,,,
241,Speed,スピード,Supīdo,Speed,Wano Country,,904.0,917.0,Beasts Pirates (former); Tama,Alive,,298.0,X,Horse SMILE,Artificial Zoan,December 11th,,
242,Spector,スペクトル,Supekutoru,Spector,,Mock Town,146.0,223.0,,Alive,,,,,,,,
243,Kokoa Wīdo,ココアウィード,Kokoa Wīdo,,,,,,,,,,,Cocoa Weed,,,,
244,Spandine,スパンダイン,Supandain,Spandine,Grand Line,,275.0,392.0,CP9 (former),Alive,,275.0,XF,,,January 19th,,
245,Speed Jil,スピード・ジル,Supīdo Jiru,Speed Jil,East Blue,,461.0,553.0,Whitebeard Pirates,Alive,,,,,,April 6th,,
246,Spandam,スパンダム,Supandamu,Spandam,Grand Line,,249.0,355.0,CP0; CP9 (former); CP5 (former),Alive,,192.0,XF,,,March 11th,,
247,Spacey,スペーシー中尉,Supēshī Chūi,Spacey,,,,433.0,Automata,Alive,,,,,,March 21st,,
248,Solo,ソーロ,Sōro,Solo,East Blue,Shells Town,2.0,3.0,Helmeppo,Deceased,,,,,,November 11th,,
249,Spartan,スパルタン,Suparutan,Spartan,,,633.0,703.0,Corrida Colosseum,Alive,,,,,,,,
250,Sora,ソラ,Sora,Sora,,,783.0,825.0,,Alive,,,,,,,,
251,Sola,ソラ,Sora,Sola,Grand Line (Ryugu Kingdom; Fish-Man Island),Mermaid Cove (Coral Hill),527.0,608.0,Mermaid Cafe,Alive,,,,,,,,
252,Sonie,ソニエ,Sonie,Sonie,,,,318.0,Foxy Pirates,Alive,,,,,,,,
253,Osome,お染,O-Some,Osome,,,1057.0,1031.0,,Alive,,,,,,,,
254,Sodomu,ソドム,Sodomu,"Sodomu (VIZ),Sodom  (FUNimation)",,Water 7,256.0,366.0,Franky Family,Alive,,,,,,August 6th,,
255,Solitaire,ソリティア,Soritia,Solitaire,,,930.0,935.0,Beasts Pirates,Alive,,,,Monkey SMILE,Artificial Zoan,,,
256,Snakeman,スネークマン,Sunēkuman,Snakeman,,,904.0,916.0,Beasts Pirates,Alive,,,,Snake SMILE,Artificial Zoan,,,
257,Smoothy,スムージ,Sumūji,Smoothy (Viz);Smoothie (Funimation),,,592.0,668.0,Caesar Clown,Alive,,,,,,,,
258,Smoker,Moku Moku no Mi,Sumōkā,"Smoker (VIZ, Funimation),Chaser (4Kids)",Grand Line,Loguetown (former),48.0,97.0,Marines; G-5; Loguetown Marine Base (former),Alive,,209.0,XF,Smoke-Smoke Fruit,Logia,March 14th,Matthew Leck (young),Sound of billowing smoke
259,Smiley,"Sara Sara no Mi, Model: Axolotl",Sumairī,Smiley,,,594.0,668.0,Caesar Clown,Deceased,4.0,,,Sala-Sala Fruit,Zoan,July 18th,,Salamander
260,Surīpī,スリーピー,Surīpī,,,,,,Ally of the Whitebeard Pirates,Alive,,,,,,,,
261,Skull,スカル,Sukaru,Skull,,,461.0,552.0,"Spade Pirates, Whitebeard Pirates",Alive,,,,,,,,
262,Synd,シンド,Shindo,Synd,,,582.0,657.0,,Alive,,,,,,,,
263,Rocks Pirates,ロックス海賊団,Rokkusu Kaizokudan,Rocks Pirates,,,,,,Dissolved,,,,,,,,
264,Silvers Rayleigh,シルバーズ・レイリー,Shirubāzu Reirī,Silvers Rayleigh,,Sabaody Archipelago,8.0,19.0,Roger Pirates (former),Alive,,188.0,XF,,,May 13th,,
265,Sicily,シシリー,Shishirī,Sicily,South Blue,,,504.0,Marines,Alive,,,,,,June 5th,,
266,Shyarly,シャーリー,Shārī,SharleyShirley (WT100),Grand Line (Ryugu Kingdom; Fish-Man Island),Mermaid Cove (Coral Hill)Fish-Man District (former),529.0,610.0,Mermaid Cafe,Alive,,520.0,XF,,,September 9th,,
267,Shura,シュラ,Shura,Shura,Sky Islands (Birka),,155.0,241.0,God's Army,Unknown,,191.0,S,,,September 20th,,
268,Shu,Sabi Sabi no Mi,Shū,Shu,,,309.0,426.0,Marines,Alive,,,,Rust-Rust Fruit,Paramecia,,,Rust
269,Shojoe,ショウジョウ,Shōjō,Shojoe (4Kids);Shoujou (Viz);Shojo (Funimation),South Blue,Jaya,147.0,226.0,Saruyama Alliance (Shoujou Pirates),Alive,,351.0,X,,,May 8th,,
270,Shishilian,シシリアン,Shishirian,Shishilian,Grand Line (Mokomo Dukedom),"Kurau City, Zou",758.0,808.0,Mokomo Dukedom; Inuarashi Musketeer Squad; Ninja-Pirate-Mink-Samurai Alliance,Alive,,196.0,XF,,,April 4th,,
271,Shiryu,Suke Suke no Mi,Shiryū,ShiryuShiliew (WT100),Grand Line,,440.0,538.0,Blackbeard Pirates; Impel Down (former),Alive,,340.0,X,Clear-Clear Fruit,Paramecia,June 11th,,See-through; Sheer
272,Shirahoshi,しらほし,Shirahoshi,Shirahoshi,Grand Line (Ryugu Kingdom; Fish-Man Island),Ryugu Palace,531.0,612.0,Neptune Family; Ryugu Kingdom,Alive,,1187.0,X,,,April 4th,,
273,Saltgrill,シオヤキ,Shioyaki,Saltgrill,"Grand Line (Ryugu Kingdom, Fish-Man Island)","Fish-Man District (former), Arlong Park (former)",33.0,75.0,Arlong Pirates,Alive,,,,,,March 27th,,
274,Shion,シオン,Shion,Shion,,Amazon Lily,409.0,515.0,Kuja,Alive,,,,,,,,
275,Shinobu,Juku Juku no Mi,Shinobu,Shinobu,Grand Line (Wano Country),"Kuri, Wano Country",911.0,921.0,Kozuki Family,Alive,,180.0,F,Ripe-Ripe Enticement Jutsu,Paramecia,October 23rd,,Mature
276,Shinosuke,忍助,Shinosuke,Shinosuke,,Wano Country,956.0,955.0,Kozuki Family,Alive,,,,,,,,
277,Shine,シャイン,Shain,Shine,,,128.0,214.0,Marines,Alive,,,,,,,,
278,Stella Live,シン・デタマルカ,Shin Detamaruka,Stella Live,,,727.0,785.0,,Alive,,,,,,,,
279,Staya Live,シン・ジャイヤ,Shin Jaiya,Staya Live,,,727.0,785.0,,Alive,,,,,,,,
280,Shimotsuki Yasuie,霜月康イエ,Shimotsuki Yasuie,Shimotsuki Yasuie,,Ebisu Town;Hakumai (former),916.0,929.0,,Deceased,71.0,155.0,F,,,April 2nd,,
281,St. Shepherd Ju Peter,シェパード・十（ジュウ）・ピーター聖,Shepādo Jū Pītā Sei,St. Shepherd Ju Peter,,Mary Geoise,151.0,233.0,Five Elders; World Nobles,Alive,,,,,,,,
282,Shimotsuki Kozaburo,霜月コウ三郎,Shimotsuki Kōzaburō,Shimotsuki Kozaburo,,,1060.0,1033.0,Shimotsuki Family,Deceased,,,,,,,,
283,Shimotsuki Kuina,霜月くいな,Shimotsuki Kuina,Shimotsuki Kuina,East Blue (Shimotsuki Village),Shimotsuki Village,2.0,5.0,Shimotsuki Family,Deceased,11.0,150.0,S,,,September 17th,Audrey Cymone,
284,Shimotsuki Koshiro,霜月コウシロウ,Shimotsuki Kōshirō,"Shimotsuki Koshiro;Koushirou (Live-Action, OPCG)",East Blue,,19.0,5.0,Shimotsuki Family,Alive,,184.0,S,,,May 4th,Nathan Castle,
285,Shimotsuki Furiko,霜月フリコ,Shimotsuki Furiko,Shimotsuki Furiko,,,,,,Unknown,,,,,,,,
286,Shiki,Fuwa Fuwa no Mi,Shiki,Shiki,,Merveille,425.0,0.0,Golden Lion Pirates; Rocks Pirates (former); Impel Down (former),Unknown,,,,Float-Float Fruit,Paramecia,March 20th,,Float
287,Shimotsuki Ushimaru,霜月牛マル,Shimotsuki Ushimaru,Shimotsuki Ushimaru,,Wano Country (Ringo),954.0,953.0,,Deceased,,,,,,,,
288,Sheepshead,シープスヘッド,Shīpusuheddo,Sheepshead,Grand Line,,739.0,795.0,Beasts Pirates,Unknown,,293.0,F,Sheep SMILE,Artificial Zoan,June 6th,,
289,Sharingle,Shari Shari no Mi,Sharinguru,Sharingle,,,310.0,428.0,Marines,Alive,,,,Wheel-Wheel Fruit,Paramecia,,,Wheel
290,Shanks,シャンクス,Shankusu,Shanks,West Blue,,4.0,1.0,Red Hair Pirates;Four Emperors;Roger Pirates (former),Alive,,199.0,XF,,,March 9th,Peter Gadiot;Matt Herrington (young),
291,Shandia Chief,シャンディア酋長,Shandia Shūchō,Shandia Chief,Sky Islands (Skypiea),,168.0,275.0,Shandia,Alive,,179.0,X,,,October 4th,,
292,Shimotsuki Ryuma,霜月リューマ,Shimotsuki Ryūma,Shimotsuki Ryuma,Grand Line (Wano Country),Wano Country (prior to death); Thriller Bark (Post-Mortem),342.0,448.0,Thriller Bark Pirates; Wano Country (prior to death); Shimotsuki Family,Deceased,47.0,179.0,XF,,,November 6th,,
293,Shamba,シャンバ,Shanba,Shamba,,,419.0,524.0,Torino Kingdom,Alive,,,,,,November 8th,,
294,Sherry,シェリー,Sherī,Sherry (Viz); Shelly (FUNimation),,,207.0,304.0,Nomads,Alive,,,,,,October 31st,,
295,Sham,シャム,Shamu,SiamSham (WT100),East Blue,,13.0,31.0,Black Cat Pirates,Alive,,201.0,X,,,April 19th,Bianca Oosthuizen,
296,Saint Shalria,シャルリア宮,Sharuria Gū,Saint Shalria,Red Line (Mary Geoise),Mary Geoise,391.0,497.0,World Government,Alive,,178.0,XF,,,March 29th,,
297,Shakuyaku,シャクヤク,Shakuyaku,Shakuyaku,,Sabaody Archipelago,392.0,498.0,Shakky's Rip-off Bar; Kuja; Kuja Pirates (former),Alive,,186.0,X,,,May 8th,,
298,Seto,セト,Seto,Seto,,,187.0,287.0,Shandia,Deceased,,,,,,July 16th ,,
299,Shachi,シャチ,Shachi,Shachi,North Blue,Swallow Island (former),392.0,498.0,Heart Pirates,Unknown,,,X,,,April 7th,,
300,Shaka,正（シャカ）,Shaka,Shaka,,Egghead,1091.0,1062.0,Marines (SSG),Deceased,,,,,,,,
301,Sentomaru,戦桃丸（せんとうまる）,Sentōmaru,Sentomaru,Grand Line,Egghead,401.0,497.0,Marines (former),Alive,,279.0,F,,,March 10th,,
302,Señor Pink,Sui Sui no Mi,Senyōru Pinku,Señor Pink,North Blue,Spider Miles (former); Dressrosa (former),632.0,702.0,Donquixote Pirates,Alive,,244.0,X,Swim-Swim Fruit,Paramecia,June 12th (Lover's Day),,Smooth Swim
303,Sen-no-Rikyuru,千利休留,Sen'norikyūru,Sen-no-Rikyuru,,Wano Country (Flower Capital),1080.0,1053.0,,Alive,,,,,,,,
304,Serizawa,セリザワ,Serizawa,,,,,915.0,,Alive,,,,,,,,
305,Sengoku,"Hito Hito no Mi, Model: Daibutsu",Sengoku,Sengoku,South Blue,,151.0,234.0,Marines (semi-retired),Alive,,278.0,F,Human-Human Fruit,Mythical Zoan,May 9th,,"Human, Great Buddha"
306,Seamars,シーマーズ,Shīmāzu,Seamars,,,,440.0,Space Pirates,Alive,,,,,,,,
307,Seki,セキ,Seki,Seki,,Lulusia Kingdom,884.0,908.0,Levely,Unknown,,,,,,,,
308,Seira,セイラ,Seira,Seira,Grand Line (Ryugu Kingdom; Fish-Man Island),Mermaid Cove (Coral Hill),527.0,608.0,Mermaid Cafe,Alive,,,,,,,,
309,Seagull Ganz Nozudon,シーガル・ガンズ・ノズドン,Shīgaru Ganzu Nozudon,Seagull Ganz Nozudon,,,,0.0,Roger Pirates (former),Unknown,,,,,,,,
310,Sea Boar,海イノシシ,Umi Inoshishi,Sea Boar,,,,191.0,Sea Floor,Alive,,,,,,,,
311,Scotch,スコッチ,Sukotchi,Scotch,,,513.0,595.0,Beasts Pirates,Unknown,,,,,,,,
312,Yeti Cool Brothers,イエティ COOL（クール） BROTHERS（ブラザーズ）,Ieti Kūru Burazāzu,Yeti Cool Brothers,Grand Line,,591.0,665.0,Caesar Clown,Unknown,,4250.0,S (RH-),,,December 11th,,
313,Scratchmen Apoo,Oto Oto no Mi,Sukuratchimen Apū,Scratchmen Apoo,Grand Line,,392.0,498.0,On Air Pirates; Beasts Pirates,Alive,,256.0,XF,Tone-Tone Fruit,Paramecia,March 19th,,Sound
314,Schollzo,ショルゾウ,Shoruzō,Schollzo,,Water 7,231.0,325.0,Franky Family,Alive,,,,,,,,
315,Scopper Gaban,スコッパー・ギャバン,Sukoppā Gyaban,Scopper Gaban,,,,19.0,Roger Pirates (former),Unknown,,,,,,,,
316,Scarlet,スカーレット,Sukāretto,Scarlet,,,650.0,721.0,Riku Family,Deceased,25.0,,,,,October 28th,,
317,Sōsu,ソース,Sōsu,,,Jambalaya Kingdom,884.0,906.0,Levely,Alive,,,,,,,,
318,Satori,サトリ,Satori,Satori,Sky Islands (Birka),,155.0,241.0,God's Army,Unknown,,179.0,S,,,March 10th,,
319,Salou,サルウ,Sarū,Salou (VIZ); Saruu (Funimation),,Mary Geoise,391.0,497.0,Rosward Family,Alive,,,,,,March 28th,,
320,Sarutobi,猿飛,Sarutobi,Sarutobi,Wano Country,"Flower Capital, Wano Country",925.0,931.0,Beasts Pirates; Orochi Oniwabanshu (former),Alive,,378.0,F,,,March 12th,,
321,Sarfunkel,サーファンクル,Sāfankuru,Sarfunkel,,Island of Rare Animals,,620.0,Gaimon,Alive,,,,,,,,
322,Sarquiss,サーキース,Sākīsu,Sarquiss,North Blue,,146.0,222.0,Bellamy Pirates,Unknown,,228.0,F,,,July 12th,,
323,Sally Isntoinette,サリー・ナントカネット,Sarī Nantokanetto,Sally Isntoinette,,Goa Kingdom,777.0,823.0,Goa Kingdom,Alive,,,,,,July 31st,,
324,Sapee,サピー,Sapī,Sapee,East Blue,Loguetown,51.0,98.0,,Alive,,,,,,March 22nd,,
325,Sarahebi,Snake SMILE,Sarahebi,Sarahebi,,,909.0,919.0,Beasts Pirates,Alive,,,,,Artificial Zoan,,,
326,Sanji,サンジ,Sanji,Sanji,North Blue,"Baratie (former);Germa Kingdom (former);Momoiro Island (former, temporary)",20.0,43.0,Straw Hat Pirates;Straw Hat Grand Fleet;Vinsmoke Family (former);Baratie (resigned);Germa Kingdom (defected);Ninja-Pirate-Mink-Samurai Alliance (disbanded),Alive,,177.0,S (RH-),,,March 2nd,Taz Skylar;Christian Convery (young),
327,San Juan Wolf,Deka Deka no Mi,Sanfan Urufu,San Juan Wolf,West Blue,,484.0,575.0,Blackbeard Pirates; Impel Down (former),Alive,,,S,Huge-Huge Fruit,Paramecia,March 2nd,,Huge
328,Sasaki,"Ryu Ryu no Mi, Model: Triceratops",Sasaki,Sasaki,Grand Line,,954.0,977.0,Beasts Pirates (Tobiroppo); Sasaki Pirates (former),Alive,,318.0,XF,Dragon-Dragon Fruit,Ancient Zoan,February 3rd,,"Dragon, Dinosaur"
329,Samurai Batts,サムライ・バッツ,Samurai Battsu,Samurai Batts,Grand Line,,70.0,117.0,,Alive,,,,,,March 8th,,
330,Thanklin,サンクリン,Sankurin,Thanklin,,Kenzan Island,456.0,557.0,Current Unknown; Brook (former); Longarm Tribe's warriors (former),Alive,,,,,,,,
331,Sam,サムさん,Samu-san,Sam,East Blue (Conomi Islands),Cocoyasi Village,43.0,94.0,Easter Egg,Alive,,,,,,October 21st,,
332,Samosa,サモサ,Samosa,,,,889.0,908.0,Levely,Alive,,,,,,,,
333,Sandayu,三ダユー,Sandayū,Sandayu,,Wano Country (Flower Capital),921.0,928.0,Komurasaki,Alive,,,,,,,,
334,Salome,サロメ,Sarome,Salome,,Amazon Lily,409.0,516.0,Kuja,Alive,,,,,,March 6th,,
335,Osaki,お咲,O-Saki,Osaki,,"Ebisu Town, Wano Country",937.0,940.0,,Alive,,,,,,,,
336,Saikoro,さいころ,Saikoro,,,Wano Country (Bakura Town),901.0,915.0,,Unknown,,,,,,,,
337,Sakazuki,Magu Magu no Mi,Sakazuki,Sakazuki,North Blue,,278.0,397.0,Marines,Alive,,306.0,F,Magma-Magma Fruit,Logia,August 16th,,Magma
338,Sadie,サディちゃん,Sadi-chan,Sadie,Grand Line,,432.0,531.0,Impel Down,Alive,,183.0,S,,,March 5th,,
339,Saldeath,サルデス,Sarudesu,Saldeath,Grand Line,,431.0,530.0,Impel Down,Alive,,218.0,F,,,June 8th,,
340,Sai,サイ,Sai,Sai,West Blue (Kano Country),Kano Country,632.0,704.0,Happo Navy; Chinjao Family; Straw Hat Grand Fleet,Alive,,242.0,F,,,August 13th,,
341,Saber,セイバー,Seibā,Saber,,,461.0,552.0,Spade Pirates,Alive,,,,,,,,
342,S-Snake,Mero Mero no Mi (Artificial),Esu-Sunēku,S-Snake,,Egghead,1087.0,1059.0,Seraphim (Pacifista),Alive,,,Green Blood,Love-Love Fruit,Artificial Paramecia,,,Fall in Love
343,Sabo,Mera Mera no Mi,Sabo,Sabo,East Blue (Goa Kingdom),Goa Kingdom (former); Mt. Colubo (former); Baltigo (former); Momoiro Island,494.0,583.0,Revolutionary Army;Dadan Family (former);Goa Kingdom (defected),Alive,,100.0,X,Flame-Flame Fruit,Logia,March 20th,,Sound of fire burning
344,S-Shark,Sui Sui no Mi (Artificial),Esu-Shāku,S-Shark,,Egghead,1094.0,1065.0,Seraphim (Pacifista),Alive,,,Green Blood,Swim-Swim Fruit,Artificial Paramecia,,,Smooth Swim
345,S-Hawk,Supa Supa no Mi (Artifical),Esu-Hōku,S-Hawk,,Egghead,1087.0,1059.0,Seraphim (Pacifista),Alive,,,Green Blood,Dice-Dice Fruit,Artificial Paramecia,,,Sound of slicing
346,S-Bear,Nikyu Nikyu no Mi (Artificial),Esu-Bea,S-Bear,,Egghead,1092.0,1062.0,Seraphim (Pacifista),Alive,,,Green Blood,Paw-Paw Fruit,Artificial Paramecia,,,Paw
347,Ryunosuke,りゅーのすけ,Ryūnosuke,Ryunosuke,,,752.0,803.0,,Deceased,,,,,,,,
348,Ryuboshi,リュウボシ,Ryūboshi,Ryuboshi,Grand Line (Ryugu Kingdom),Ryugu Palace,528.0,609.0,Neptune Family,Alive,,544.0,S,,,June 24th,,
349,Russian,ルシアン,Rushian,Russian,,,715.0,775.0,,Deceased,,,,,,,,
350,Rush,ラッシュ,Rasshu,Rush,,,,558.0,Ally of the Whitebeard Pirates,Alive,,,,,,,,
351,Lun,ルン,Run,Lun (Viz);Run (FUNimation subs),,,605.0,679.0,Caesar Clown,Alive,,,,,,,,
352,Roxanne,ロクサーヌ,Rokusānu,Roxanne,East Blue,,,46.0,,Alive,,,,,,January 23rd,,
353,Lowwing,ローウィング,Rо̄wingu,Lowwing,,,959.0,967.0,Roger Pirates,Unknown,,,,,,,,
354,Ross,ロス,Rosu,Ross,,,146.0,223.0,Bellamy Pirates,Unknown,,,,,,,,
355,Rosward,ロズワード聖,Rozuwādo Sei,RoswaldRosward (WT100),Red Line (Mary Geoise),Mary Geoise,391.0,497.0,World Government,Alive,,215.0,XF,,,June 28th,,
356,Roronoa Pinzolo,ロロノア・ピンゾロ,Roronoa Pinzoro,Roronoa Pinzolo,,,,,,Unknown,,,,,,,,
357,Roronoa Zoro,ロロノア・ゾロ,Roronoa Zoro,"Roronoa Zoro (Uncut dub, Early VIZ manga);Roronoa Zolo (Edited dub, VIZ Media, 4Kids)",East Blue,"Shimotsuki Village (former);Kuraigana Island (former, temporary)",1.0,3.0,Straw Hat Pirates;Straw Hat Grand Fleet;Shimotsuki Family (descended);Ninja-Pirate-Mink-Samurai Alliance (disbanded),Alive,,178.0,XF,,,November 11th,Mackenyu;Maximilian Lee Piazza (young),
358,Rolling Logan,ローリング・ローガン,Rōringu Rōgan,Rolling Logan,,,652.0,706.0,Majiatsuka Kingdom,Alive,,,,,,,,
359,Rokki,六鬼（ロッキ）,Rokki,Rokki,,,1063.0,1036.0,Beasts Pirates (Numbers),Alive,,,,,,,,
360,Roshio,ロシオ,Roshio,Roshio,,,146.0,222.0,Roshio Pirates,Deceased,,,,,,June 15th,,
361,Roji,ロジ,Roji,Roji,,,275.0,391.0,,Deceased,,,,,,,,
362,Rokkaku,ロッカク,Rokkaku,Rokkaku,East Blue,Shells Town,2.0,4.0,Marines (153rd Branch),Alive,,,,,,June 19th,,
363,Roronoa Arashi,ロロノア・アラシ,Roronoa Arashi,Roronoa Arashi,,,,,,Deceased,,,,,,,,
364,Roddy,ロディ,Rodi,Roddy,,Zou (Whale Forest),754.0,805.0,Mokomo Dukedom; Guardians; Ninja-Pirate-Mink-Samurai Alliance,Alive,,,,,,,,
365,Rockstar,ロックスター,Rokkusutā,Rockstar,,,151.0,234.0,Red Hair Pirates,Alive,,,,,,June 9th,,
366,Rocks D. Xebec,ロックス・D（ディー）・ジーベック,Rokkusu Dī Jībekku,"Rocks D. Xebec (VIZ);Rox (Funimation, formerly VIZ )",,,958.0,957.0,Rocks Pirates,Deceased,,,,,,,,
367,Roshu,ロシュ,Roshu,Roshu,,,275.0,391.0,Ohara Archaeologists,Deceased,,,,,,,,
368,Rodo,ロード,Rōdo,Rodo,,Elbaf,836.0,898.0,"Straw Hat Grand Fleet (New Giant Warrior Pirates), Buggy's Delivery (former)",Alive,,,,,,February 19th,,
369,Rob Lucci,"Neko Neko no Mi, Model: Leopard",Robu Rutchi,Rob Lucci,Grand Line,Guanhao (former),230.0,323.0,CP0; CP9 (former); Galley-La Company (former),Alive,,212.0,XF,Cat-Cat Fruit Leopard Model,Zoan,June 2nd,,Cat
370,Rivers,リヴァーズ,Rivāzu,Rivers,,,146.0,223.0,Bellamy Pirates,Unknown,,,,,,,,
371,Risky Brothers,リスキー兄弟,Risukī Kyōdai,Risky Brothers,,,369.0,475.0,Rolling Pirates; Thriller Bark Victim's Association,Alive,,,,,,,,
372,Robson,ロブソン,Robuson,Robson,,,81.0,135.0,Drum Kingdom (former); Bliking Pirates (disbanded),Unknown,,,,,,,,
373,Lint,リント,Rinto,Lint,,,275.0,391.0,Ohara Archaeologists,Deceased,,,,,,,,
374,Ripper,リッパー,Rippā,Ripper,East Blue,Shells Town,3.0,7.0,"Marines, Marine 153rd Branch",Alive,,,,,,June 13th,,
375,Riku Doldo III,リク・ドルド3世,Riku Dorudo Sansei,Riku Doldo III,Grand Line (Dressrosa),Dressrosa,636.0,706.0,Riku Family,Alive,,261.0,S,,,June 27th,,
376,Rika,リカ,Rika,Rika,East Blue,Shells Town,2.0,3.0,Marine 153rd Branch,Alive,,,,,,June 18th,Kamdynn Gary,
377,Ririka,リリカ,Ririka,Ririka,East Blue,Shells Town,2.0,4.0,,Alive,,,,,,November 15th,Nicole Fortuin,
378,Reuder,ロイダー,Roidā,Reuder,,,459.0,550.0,,Alive,,,,,,,,
379,Rindo,リンドウ,Rindō,Rindo,Calm Belt (Amazon Lily),Amazon Lily,410.0,516.0,Kuja; Kuja Pirates,Alive,,,,,,September 16th,,
380,Red King,レッドキング,Reddokingu,Red King,,,,1078.0,Marines,Alive,,,,,,,,
381,Reforte,リフォルト,Riforuto,Reforte,,,465.0,556.0,Whitebeard Pirates,Alive,,,,,,,,
382,Richie,リッチー,Ritchī,Richie,,Karai Bari Island,6.0,9.0,Cross Guild; Buggy Pirates,Alive,,,,,,July 23rd,,
383,Rebecca,レベッカ,Rebekka,Rebecca,Grand Line (Dressrosa),Dressrosa,633.0,704.0,Dressrosa; Corrida Colosseum,Alive,,171.0,S,,,August 4th,,
384,Recycollie,リサイクルワン,Risaikuruwan,Recycollie,,Egghead,1092.0,1063.0,Vegapunk,Alive,,,,,,,,
385,Langram,ラングラム,Ranguramu,Langram,,,,966.0,Roger Pirates,Unknown,,,,,,,,
386,Wreck,レック,Rekku,Wreck,,,1065.0,1038.0,Kid Pirates,Unknown,,,,,,,,
387,Ran,ラン,Ran,Ran,Calm Belt (Amazon Lily),Amazon Lily,410.0,516.0,Kuja; Kuja Pirates,Alive,,,,,,November 24th,,
388,Randolph,ランドルフ,Randorufu,Randolph,,,786.0,827.0,Big Mom Pirates,Alive,,,,,,,,
389,Rāmen,ラーメン,Rāmen,,,Kano Country,777.0,823.0,Happo Navy,Alive,,,,,,,,
390,Rampo,ランポー,Ranpō,Rampo,,,641.0,711.0,Tontatta Kingdom; Tontatta Pirates; Straw Hat Grand Fleet,Alive,,,,,,,,
391,Ratel,ラーテル,Rāteru,Ratel,,,,1073.0,Marines,Alive,,,,,,,,
392,Ramba,ランバ,Ranba,Ramba,,,460.0,551.0,Subordinate of the Whitebeard Pirates,Alive,,,,,,July 10th,,
393,Rakuyo,ラクヨウ,Rakuyō,Rakuyo,South Blue,,461.0,553.0,Whitebeard Pirates,Alive,,,,,,September 8th,,
394,Raki,ラキ,Raki,Raki (Viz);Laki (FUNimation),Sky Islands (Skypiea),,163.0,249.0,Shandia; Pumpkin Cafe,Alive,,179.0,S,,,July 7th,,
395,Rakuda,らくだ,Rakuda,Rakuda,,Wano Country (Flower Capital),922.0,929.0,,Alive,,,,,,,,
396,Raizo,Maki Maki no Mi,Raizō,Raizo,Grand Line (Wano Country),Wano Country ,768.0,817.0,Kozuki Family; Nine Red Scabbards; Ninja-Pirate-Mink-Samurai Alliance,Alive,,311.0,X,Scrolling Jutsu,Paramecia,February 26th,,Scroll
397,Raccoon,ラクーン,Rakūn,Raccoon,,,,,His crew,Unknown,,,,,,,,
398,Rabiyan,ラビヤン,Rabiyan,RabianRabiyan (OPCG),,,786.0,827.0,Big Mom Pirates; Cacao Island,Alive,,,,,,,,
399,Raijin,雷刃,Raijin,Raijin,Wano Country,"Flower Capital, Wano Country",925.0,931.0,Beasts Pirates; Orochi Oniwabanshu (former); Kurozumi Family (former),Alive,,200.0,X,,,June 4th,,
400,Rabittoman,SMILE,Rabittoman,,,,904.0,916.0,Beasts Pirates,Alive,,,,Rabbit SMILE,Artificial Zoan,,,
401,Rydin,ライディーン,Raidīn,"Rydin (Former VIZ, simulcast);Raideen (VIZ)",,Elbaf,836.0,866.0,Giant Warrior Pirates (former),Unknown,,,,,,November 14th,,
402,Quincy,クインシー,Kuinshī,Quincy,,,1066.0,1039.0,Kid Pirates,Unknown,,,,,,,,
403,Queen,"Ryu Ryu no Mi, Model: Brachiosaurus",Kuīn,Queen,Grand Line,Wano Country (Onigashima),910.0,920.0,Beasts Pirates; MADS (former),Alive,,612.0,XF,Dragon-Dragon Fruit,Ancient Zoan,July 13th,,"Dragon, Brachiosaurus"
404,Pururu,プルル,Pururu,Pururu,,,,1079.0,Bourgeois Pirates; Red Hair Pirates,Alive,,,,,,,,
405,Queen Mama Chanter,クイーン・ママ・シャンテ号,Kuīn Mama Shante-gō,Queen Mama Chanter,,,,,Big Mom Pirates,,,,,,,,,
406,Pacifista,パシフィスタ,Pashifisuta,Pacifista,,,,,Marines,,,,,,,,,
407,Pythagoras,知（ピタゴラス）,Pitagorasu,Pythagoras,,Egghead,1095.0,1065.0,Marines (SSG),Deceased,,,,,,,,
408,Puppu,プップー,Puppū,Puppu,,,92.0,155.0,Pirate crew,Unknown,,,,,,,,
409,Pudosu,プドス,Pudosu,,,,916.0,924.0,,Alive,,,,,,,,
410,Purinpurin,プリンプリン,Purinpurin,Purinpurin,East Blue,,34.0,75.0,"Marines, Marine 77th Branch",Deceased,,,,,,May 16th,,
411,Prince Grus,Gunyo Gunyo no Mi,Purinsu Gurusu,Prince Grus,,,1090.0,966.0,Marines (SWORD),Alive,,,,Glorp-Glorp Fruit,Unknown,,,Squish
412,Pound,パウンド,Paundo,Pound,Grand Line (New World),,792.0,831.0,Charlotte Family (Former)‡,Alive,,731.0,F,,,August 21st,,
413,Potsun,ポツーン,Potsūn,Potsun,,,130.0,217.0,,Alive,,,,,,,,
414,Portgaz D. Rouge,ポートガス・D（ディー）・ルージュ,Pōtogasu Dī Rūju,Portgaz D. Rouge,,,,550.0,Gol D. Roger; Portgas D. Ace,Deceased,,,,,,June 10th,,
415,Prometheus,プロメテウス,Purometeusu,Prometheus,Grand Line,Whole Cake Island,786.0,827.0,Big Mom Pirates; Rocks Pirates (former),Unknown,,239.0,,,,July 19th,,
416,Portgas D. Ace,Mera Mera no Mi,Pōtogasu Dī Ēsu,"Portgas D. Ace (uncut dub);Portgaz D. Ace (VIZ, Funimation subs);Portgaz D. Trace (edited dub)",South Blue (Baterilla),Baterilla (former);Mt. Colubo (former),91.0,154.0,Whitebeard Pirates;Spade Pirates (former);Dadan Family (former);Impel Down (former),Deceased,20.0,185.0,S,Flame-Flame Fruit,Logia,January 1st,,Sound of fire burning
417,Potofu,ポトフ,Potofu,,,,889.0,908.0,Levely,Alive,,,,,,,,
418,Poro,ポロ,Poro,Poro,East Blue (Orange Town),Orange Town,8.0,14.0,Orange Town,Alive,,,,,,May 11th,,
419,Porchemy,ポルシェーミ,Porushēmi,Porchemy,East Blue (Goa Kingdom),,494.0,583.0,Bluejam Pirates,Deceased,25.0,320.0,X,,,April 3rd,,
420,Porche,ポルチェ,Poruche,Porche,,,207.0,305.0,Foxy Pirates,Alive,,,,,,November 16th,,
421,Poppy,ポピー,Popī,Poppy,Calm Belt (Amazon Lily),Amazon Lily,409.0,515.0,Kuja,Alive,,,,,,May 17th,,
422,Poppoko,ポッポコ,Poppoko,Poppoko,East Blue,Goat Island,1.0,2.0,Alvida Pirates,Alive,,,,,,September 2nd,,
423,Pomsky,ポンスキー,Ponsukī,Pomsky,,,,1089.0,Marines,Alive,,,,,,,,
424,Poker,ポーカー,Pōkā,Poker,,,982.0,997.0,"Beasts Pirates, Tama",Alive,,,,Rattlesnake SMILE,Artificial Zoan,,,
425,Saint Pluming,プルミング聖,Purumingu Sei,Saint Pluming,,Mary Geoise,,1083.0,World Government,Alive,,,,,,,,
426,Pisaro,ピサロ,Pisaro,Pisaro,"Grand Line (Ryugu Kingdom, Fish-Man Island)","Fish-Man District (former),  Arlong Park (former)",32.0,72.0,Arlong Pirates; Sun Pirates (former),Alive,,,,,,August 14th,,
427,Piiman,ピーマン,Pīman,PepperPieman (Odex),East Blue (Gecko Islands),Syrup Village,9.0,23.0,Usopp Pirates (disbanded),Alive,,120.0,XF,,,April 9th,,
428,Pinky,ピンキー,Pinkī,Pinky,East Blue,,4.0,8.0,,Alive,,,,,,September 29th,,
429,Pierre,Uma Uma no Mi,Piēru,Pierre,,,153.0,237.0,Gan Fall,Alive,,,,Horse-Horse Fruit,Zoan,October 8th,,Horse
430,Pump,ポンプ,Ponpu,Pump,,,1054.0,1029.0,Kid Pirates,Unknown,,,,,,,,
431,Pickles,ピクルス,Pikurusu,Pickles,,,210.0,309.0,Foxy Pirates; Groggy Monsters,Alive,,,,,,January 9th,,
432,Pike,パイク,Paiku,Pike,,,572.0,652.0,Marines; G-5,Alive,,,,,,,,
433,Pica,Ishi Ishi no Mi,Pīka,Pica,North Blue,Downs (former)Spider Miles (former)Dressrosa (former),629.0,700.0,Donquixote Pirates,Alive,,470.0,X,Stone-Stone Fruit,Paramecia,December 14th,,Stone
434,Perona,Horo Horo no Mi,Perōna,Perona,West Blue,Kuraigana Island (former);Thriller Bark (former),338.0,443.0,Dracule Mihawk;Thriller Bark Pirates (Mysterious Four),Alive,,160.0,XF,Hollow-Hollow Fruit,Paramecia,June 7th,,Hollow
435,Peterman,ピーターマン,Pītāman,Peterman,,,393.0,499.0,Hound Pets,Alive,,,,,,January 4th,,
436,Peppoko,ペッポコ,Peppoko,Peppoko,East Blue,Goat Island,1.0,2.0,Alvida Pirates,Alive,,,,,,September 2nd,,
437,Penguin,ペンギン,Pengin,Penguin,North Blue,Swallow Island (former),392.0,498.0,Heart Pirates,Unknown,,,X,,,April 25th (World Penguin Day),,
438,Peetamu,ピータームー,Pītāmū,Peetamu,,,959.0,966.0,Roger Pirates,Unknown,,,,,,,,
439,Pellini,ペリーニ,Perīni,Pellini,,,641.0,711.0,Tontatta KingdomTontatta PiratesStraw Hat Grand Fleet,Alive,,,,,,,,
440,Pekoms,Kame Kame no Mi,Pekomuzu,Pekoms,,Zou (former),570.0,651.0,Big Mom Pirates; Nox Pirates (former),Unknown,,232.0,S,Turtle-Turtle Fruit,Zoan,April 11th,,Turtle
441,Pell,"Tori Tori no Mi, Model: Falcon",Peru,Pell,Grand Line (Arabasta Kingdom),,91.0,155.0,Arabasta Kingdom,Alive,,189.0,X,Tweet-Tweet Fruit Falcon Type,Zoan,August 23rd,,Bird
442,Pekkori,ペッコリ,Pekkori,Pekkori,,,421.0,524.0,Harahettania,Alive,,,,,,,,
443,Peepley Lulu,ピープリー･ルル,Pīpurī Ruru,Peepley Lulu (Viz)Peeply Lulu (Funimation),Grand Line (Water 7),Water 7,230.0,323.0,Galley-La Company,Alive,,206.0,S,,,January 2nd,,
444,Pearl,パール,Pāru,Pearl,East Blue,,25.0,54.0,Krieg Pirates,Alive,,239.0,F,,,July 11th,,
445,Pavlik,パブリク,Paburiku,Pavlik,,,477.0,553.0,Whitebeard Pirates,Alive,,,,,,,,
446,Peachbeard,桃ひげ,Momohige,Peachbeard,,,880.0,904.0,Peachbeard Pirates; Blackbeard Pirates,Alive,,,,,,March 27th,,
447,Pedro,ペドロ,Pedoro,Pedro,Grand Line (Mokomo Dukedom),Zou (Whale Forest),754.0,805.0,Mokomo Dukedom; Guardians;; Ninja-Pirate-Mink-Samurai Alliance; Nox Expedition Party\Pirates (former),Deceased,32.0,233.0,F,,,June 16th,,
448,Paulie,パウリー,Paurī,"Paulie (FUNimation, Viz);Pauly (Unlimited Adventure)",Grand Line (Water 7),Water 7,230.0,323.0,Galley-La Company,Alive,,195.0,S,,,July 8th,,
449,Pasia,パシア,Pashia,Pasia (Viz);Pashia (Funimation),South Blue,,394.0,501.0,,Alive,,,,,,February 21st,,
450,Patty,パティ,Pati,Patty,East Blue,,21.0,44.0,Baratie,Alive,,204.0,X,,,March 12th,Brashaad Mayweather,
451,Papas,パパス,Papasu,Papas,,,1066.0,1039.0,Kid Pirates,Unknown,,,,,,,,
452,Pappagu,パッパグ,Pappagu,Pappagu;Pappag (WT100),"Grand Line (Ryugu Kingdom, Fish-Man Island)",Gyoverly Hills,385.0,195.0,Criminal brand; Takoyaki 8,Alive,,50.0,XF,,,September 21st,,
453,Pansy,パンジー,Panjī,Pansy,Calm Belt (Amazon Lily),Amazon Lily,409.0,515.0,Kuja,Alive,,,,,,July 20th,,
454,Justy Tinbread,パンクータ・ダケヤン,Pankūta Dakeyan,Justy Tinbread,Grand Line,,422.0,525.0,,Alive,,,,,,June 29th,,
455,Pandora,パンドラ,Pandora,Pandora,,,837.0,867.0,Carmel,Unknown,,,,,,,,
456,Pandawomanmi,パンダウーマン美,Pandaūmanmi,Pandawomanmi,Calm Belt (Amazon Lily),Amazon Lily,409.0,517.0,Easter egg,Alive,,,,,,February 29th,,
457,Pandaman,パンダマン,Pandaman,Panda ManPandaman (WT100),Tibet,"Panda Island (パンダ島, Panda-jima?)",16.0,44.0,,Alive,,200.0,,,,February 29th,,
458,Papaneel,パパニール,Papanīru,Papaneel,Grand Line (Ryugu Kingdom; Fish-Man Island),Ryugu Kingdom,540.0,621.0,,Alive,,,,,,,,
459,Page One,"Ryu Ryu no Mi, Model: Spinosaurus",Pējiwan,Page One,Grand Line,Wano Country,923.0,929.0,Beasts Pirates (Tobiroppo),Alive,,171.0,X,Dragon-Dragon Fruit,Ancient Zoan,February 10th,,"Dragon, Spinosaurus"
460,Outlook III,アウトルック3世,Autorukku Sansei,Outlook III,,,496.0,585.0,Goa Kingdom (High Town),Alive,,,,,,,,
461,Pagaya,パガヤ,Pagaya,Pagaya,Grand Line (Skypiea),,154.0,239.0,,Alive,,179.0,F,,,August 17th,,
462,Ossamond,オッサモンド,Ossamondo,Ossamond,,,461.0,552.0,Spade Pirates,Alive,,,,,,,,
463,Otohime,オトヒメ,Otohime,Otohime,Grand Line (Ryugu Kingdom),,539.0,621.0,Neptune Family; Ryugu Kingdom,Deceased,36.0,224.0,S,,,January 10th,,
464,Palms,パームス,Pāmusu,Palms,,,470.0,553.0,His own crew; Ally of the Whitebeard Pirates,Alive,,,,,,March 11th,,
465,Olombus,オオロンブス,Ōronbusu,Olombus (Former); Orlumbus,Grand Line (Standing Kingdom),,632.0,704.0,Yonta Maria Grand Fleet; Straw Hat Grand Fleet; Standing Kingdom,Alive,,480.0,X,,,June 23rd,,
466,Oran,オラン,Oran,Oran,,,275.0,391.0,,Deceased,33.0,,,,,,,
467,Onigumo,オニグモ,Onigumo,Onigumo,,,302.0,420.0,Marines,Alive,,,,,,February 8th,,
468,Ohmasa,大マサ,Ōmasa,Ohmasa,,,946.0,952.0,,Alive,,,,,,,,
469,Onimaru,"Hito Hito no Mi, Model: Onyudo",Onimaru,Onimaru,,Wano Country (Ringo),932.0,936.0,Shimotsuki Family (Shimotsuki Ushimaru); Kozuki Family (Kawamatsu),Alive,,428.0,X,,Mythical Zoan,November 19th,,"Human, Big Monk"
470,Oliva,オリバ,Oriba,Oliva,,Port Chibaralta Island (former),,,Whitebeard Pirates (former),Alive,,,,,,,,
471,Crone Oli,オリ婆,Ori-bā,Crone Oli,,,,1076.0,Red Hair Pirates,Alive,,,,,,,,
472,Okame,おかめ,Okame,Okame,,Arabasta,100.0,163.0,Suna Suna Clan (former); Rebel Army,Alive,,,,,,,,
473,Oimo,オイモ,Oimo,Oimo,Grand Line (Elbaf),ElbafEnies Lobby (former)Water 7 (former),265.0,377.0,World Government (defected); Giant Warrior Pirates,Alive,,1600.0,F,,,January 6th,,
474,Ryce,オコメ,Okome,Ryce,,,146.0,224.0,Hokahoka Pirates,Alive,,,,,,,,
475,Oidē,オイデー,Oidē,,,Sphinx,890.0,909.0,,Alive,,,,,,,,
476,Ohm,オーム,Ōmu,Ohm,Sky Islands (Birka),,155.0,241.0,God's Army (former),Unknown,,189.0,XF,,,March 25th,,
477,Wang Zhi,王直,Ōchoku,Wang Zhi,,Hachinosu (formerly),958.0,957.0,Rocks Pirates (former),Unknown,,,,,,,,
478,Octopako,オクトパ子,Okutopako,Octopako,Grand Line (Ryugu Kingdom; Fish-Man Island),Gyoverly Hills,531.0,203.0,,Alive,,,,,,August 5th,,
479,Oars,オーズ,Ōzu,Oars,North Blue,,350.0,456.0,Thriller Bark Pirates,Deceased,159.0,,F,,,October 4th,,
480,Calicoach,猫車（にゃしゃ）,Nyasha,Calicoach,,Germa Kingdom,806.0,842.0,,Alive,,,,,,May 28th,,
481,Snott Mee,ヌギレ・ヤイヌ,Nugire Yainu,Snott Mee,East Blue,,10.0,37.0,Black Cat Pirates,Deceased,,,,,,July 18th,,
482,Nubon,ヌーボン,Nūbon,Nubon,,,641.0,711.0,Tontatta Kingdom; Tonta Corps; Straw Hat Grand Fleet,Alive,,,,,,,,
483,Nosugāru,ノスガール,Nosugāru,,,,,579.0,Ally of the Whitebeard Pirates,Alive,,,,,,,,
484,Noriko,のり子,Noriko,,,"Ebisu Town, Wano Country",937.0,940.0,,Alive,,,,,,,,
485,Nola,ノラ,Nora,Nola,,,168.0,255.0,Shandia; Wagomuland,Alive,,,,,,March 10th,,
486,Stray Fox,のらギツネ,Nora-Gitsune,Stray Fox,East Blue,,518.0,598.0,Fake Straw Hat Crew,Alive,,103.0,,,,April 10th,,
487,Nure-Onna,濡れ女,Nure-Onna,Nure-Onna,,,1013.0,998.0,Beasts Pirates,Alive,,,,Hognose Snake SMILE,Artificial Zoan,,,
488,Nojiko,ノジコ,Nojiko,Nojiko,East Blue,Cocoyasi Village; Oykot Kingdom (former),31.0,70.0,,Alive,,170.0,S,,,July 25th,Chioma UmealaElihle Modise (young),
489,Aristocroc,貴族ワニ,Kizoku Wani,Aristocroc,,Whole Cake Island,791.0,831.0,Big Mom Pirates,Alive,,,,,,October 17th,,
490,Nitro,ニトロ,Nitoro,Nitro,,,571.0,651.0,Big Mom Pirates; Cacao Island,Alive,,,,,,,,
491,Ninth,ナインス,Nainsu,Ninth,,,,558.0,Ally of the Whitebeard Pirates,Alive,,,,,,,,
492,Nika,ニカ,Nika,Nika,,,1040.0,1018.0,,Unknown,,,,,,,,
493,Ninjin,にんじん,Ninjin,CarrotNinjin (Odex),East Blue (Gecko Islands),Syrup Village,9.0,23.0,Usopp Pirates (disbanded),Alive,,127.0,X,,,February 2nd,,
494,Nokotti,ノコッティ,Nokotti,,,,932.0,936.0,Beasts Pirates,Alive,,,,,,,,
495,Nico Robin,Hana Hana no Mi,Niko Robin,Nico Robin,West Blue,"Ohara (former);Arabasta (former);Baltigo (former, temporary)",67.0,114.0,"Straw Hat Pirates;Straw Hat Grand Fleet;Baroque Works (defected);Foxy Pirates (filler, temporary);Ohara Archaeologists (former);Revolutionary Army (former, temporarily);Ninja-Pirate-Mink-Samurai Alliance (disbanded)",Alive,,188.0,S,Hana-Hana Fruit,Paramecia,February 6th,,Flower; Bloom
496,Abscondo,ニゲラッタ,Nigeratta,Abscondo,,,278.0,398.0,,Alive,,,,,,,,
497,Nico Olvia,ニコ･オルビア,Niko Orubia,Nico Olvia,West Blue (Ohara),,275.0,392.0,Ohara Archaeologists,Deceased,33.0,186.0,S,,,February 6th,,
498,Nero,ネロ,Nero,Nero,West Blue,,257.0,367.0,CP9 (former),Unknown,,202.0,X,,,January 26th,,
499,St. Imu,イム聖,Imu Sei,St. Imu,,Mary Geoise,,1085.0,Great Kingdom (World Government's archenemy); World Government (First Twenty),Unknown,,,,,,,,
500,Nezumi,ネズミ,Nezumi,Nezumi,East Blue,,31.0,69.0,Marines; Marine 16th Branch,Alive,,182.0,XF,,,December 12th,Rory Acton-Burnell,
501,Nerine,ネリネ,Nerine,Nerine,Calm Belt (Amazon Lily),Amazon Lily,408.0,514.0,Kuja,Alive,,,,,,December 15th,,
502,Neptune,ネプチューン,Nepuchūn,Neptune,Grand Line (Ryugu Kingdom),,530.0,611.0,Neptune Family; Ryugu Kingdom,Alive,,1220.0,X,,,July 3rd,,
503,Brush-Brush Fruit,フデフデの実,,Brush-Brush Fruit,,,,,,,,,,,Paramecia,,,Brush
504,Nekomamushi,ネコマムシ,Nekomamushi,Cat ViperNekomamushi (WT100),Grand Line (Mokomo Dukedom),Zou (Whale Forest) (Former)Wano Country,756.0,809.0,Mokomo Dukedom; Guardians; Kozuki Family; Ninja-Pirate-Mink-Samurai Alliance (disbanded); Nine Red Scabbards; Roger Pirates (former); Whitebeard Pirates (former),Alive,,522.0,S,,,November 22nd,,
505,Maria Onion Bear,ネギ熊まりあ,Negikuma Maria,Maria Onion Bear (VIZ);Mrs. Negi (Funimation)Big Mama (4Kids),Grand Line (Drum Island),Bighorn,80.0,133.0,,Alive,,,,,,November 14th,,
506,Negī,ネギー,Negī,,,Gingaball Kingdom,884.0,906.0,Levely,Alive,,,,,,,,
507,Nefeltari D. Lily,ネフェルタリ・D（ディー）・リリィ,Neferutari Dī Rirī,Nefeltari D. Lily,Grand Line (Arabasta Kingdom),Arabasta Kingdom,,1084.0,Arabasta Kingdom; Nefertari Family; World Government,Deceased,,,,,,,,
508,Nefeltari Titi,ネフェルタリ・ティティ,Neferutari Titi,Nefeltari Titi,,,129.0,215.0,Arabasta Kingdom,Deceased,,,,,,,,
509,Nefeltari Vivi,ネフェルタリ・ビビ,Neferutari Bibi,"Nefeltari Vivi (VIZ, 4Kids, Funimation subs, Odex, Movie 8 dub);Vivi Nefertari (Funimation dub);Nefertari Vivi (Unlimited Adventure)",Grand Line (Arabasta Kingdom),Arabasta Kingdom (Alubarna),62.0,103.0,"Arabasta Kingdom (Nefertari Family); Straw Hat Pirates (former, temporary); Baroque Works (double agent); Suna Suna Clan (former)",Alive,,169.0,F,,,February 2nd,,
510,Nefeltari Cobra,ネフェルタリ・コブラ,Neferutari Kobura,"Nefeltari Cobra (VIZ, Movie 8);Nefertari Cobra (Funimation);Nefeltari Nebra (4Kids)",Grand Line (Arabasta Kingdom),"Alubarna, Arabasta",91.0,142.0,Arabasta Kingdom,Deceased,,182.0,F,,,February 13th,,
511,Nay Mingheim,ナヅ・ケタガーリ,Nazu Ketagāri,Nay Mingheim,,,,,Marines,Alive,,,,,,,,
512,Nashi,ナシ,Nashi,,,Ringo Kingdom,884.0,906.0,Levely,Alive,,,,,,,,
513,Nangi,七鬼（ナンギ）,Nangi,Nangi,,Onigashima,997.0,988.0,Beasts Pirates (Numbers),Alive,,,,,,,,
514,Namule,ナミュール,Namyūru,Namule,Grand Line,,461.0,552.0,Whitebeard Pirates,Alive,,,,,,July 6th,,
515,Nami,ナミ,Nami,Nami,East Blue (Conomi Islands),"Cocoyasi Village (former);Weatheria (former, temporary)",1.0,8.0,"Straw Hat Pirates;Straw Hat Grand Fleet;Arlong Pirates (defected);Ganzack Pirates (movie, former);Golden Lion Pirates (movie, former);Ninja-Pirate-Mink-Samurai Alliance (disbanded)",Alive,,169.0,X,,,July 3rd,Emily Rudd;Lily Fisher (young);Sophie Ellenbogen (toddler),
516,Nako,ナコー,Nakō,Nako,East Blue (Conomi Islands),Cocoyasi Village,32.0,77.0,,Alive,,,,,,July 1st,,
517,Natto,ナットー,Nattō,Natto,,Arabasta,100.0,164.0,Suna Suna Clan,Alive,,,,,,,,
518,Mjure,ミュレ,Myure,Mjure,,,146.0,223.0,Bellamy Pirates (former),Unknown,,,,,,,,
519,Napoleon,ナポレオン,Naporeon,Napoleon,,Whole Cake Island,571.0,651.0,Big Mom Pirates; Rocks Pirates (former),Unknown,,,,,,December 2nd,,
520,Mummy,マミー,Mamī,Mummy,,,652.0,706.0,,Alive,,,,,,,,
521,Muegren,ミュグレン大佐,Myuguren Taisa,Muegren,,,966.0,966.0,Roger Pirates,Unknown,,,,,,,,
522,Sawyer Wayback,ムッカシミ・タワー,Mukkashimi Tawā,Sawyer Wayback,,,637.0,707.0,,Alive,,,,,,,,
523,Notta Magician,ムチャナー,Muchanā,Notta Magician,,,437.0,536.0,Impel Down,Alive,,,,,,,,
524,Mameemee,マミーミー,Mamīmī,Mameemee,East Blue (Conomi Islands),Cocoyasi Village,35.0,79.0,World Government Orphanage,Alive,,,,,,November 21st,,
525,Mr. Shimizu,Mr.シミズ,Misutā Shimizu,Mr. Shimizu,Grand Line,Whisky Peak,64.0,107.0,Baroque Works,Alive,,,,,,December 11th,,
526,Mr. Momora,Mr.（ミスター） モモラ,Misutā Momora,Mr. Momora,,,966.0,966.0,Roger Pirates,Unknown,,,,,,,,
527,Mr. Melow,Mr. メロウ,Misutā Merō,Mr. Melow,,,95.0,159.0,Baroque Works (Billions),Alive,,,,,,,,
528,Mr. Love,Mr.ラブ,Misutā Rabu,Mr. Love,,,125.0,206.0,Baroque Works (Billions)[citation needed];Rebel Army (ruse),Alive,,,,,,,,
529,Mr. Beans,ミスター・ビーンズ,Misutā Bīnzu,Mr. Beans,Grand Line,Whisky Peak,64.0,106.0,Baroque Works,Alive,,,,,,February 24th,,
530,Mr. 13,ミスター・サーティーン,Misutā Sātīn,Mr. 13,Grand Line,,63.0,105.0,Baroque Works (former),Alive,,,,,,May 17th,,
531,Mr. 11,Mr. 11（ミスター・イレブン）,Misutā Irebun,Mr. 11,Grand Line,,79.0,128.0,Baroque Works,Deceased,,,,,,November 21st,,
532,Mr. 10,Mr. 10（ミスター・テン）,Misutā Ten,Mr. 10,,,91.0,155.0,Baroque Works,Alive,,,,,,,,
533,Mr. 7,Mr. 7（ミスター・セブン）,Misutā Sebun,Mr. 7,,,124.0,205.0,Baroque Works,Alive,,,,,,,,
534,Mr. 12,Mr. 12（ミスター・トゥエルブ）,Misutā Tuerubu,Mr. 12,,,91.0,155.0,Baroque Works,Alive,,,,,,,,
535,Mr. 9,Mr. 9（ミスター・ナイン）,Misutā Nain,Mr. 9,Grand Line,,62.0,103.0,Baroque Works (former),Alive,,,,,,September 27th,,
536,Mr. 6,Mr. 6（ミスター・シックス）,Misutā Shikkusu,Mr. 6,,,91.0,155.0,Baroque Works,Alive,,,,,,,,
537,Moyle,モイル,Moiru,Moyle,,Upper Yard; Angel Island (former),178.0,272.0,Divine Squad,Unknown,,,,,,,,
538,Mozambia,モザンビア,Mozanbia,Mozambia,,,151.0,234.0,Marines,Alive,,,,,,,,
539,Mountain Ricky,マウンテン・リッキー,Maunten Rikkī,Mountain Ricky,,,217.0,313.0,Foxy Pirates,Alive,,,,,,,,
540,Mounbleten,マウンブルテン,Maunburuten,Mounbleten,East Blue,,517.0,598.0,Fake Straw Hat Crew,Unknown,,294.0,XF,,,January 9th,,
541,Mr. Motzel,モッツェルおじさん,Mottseru Ojisan,Mr. Motzel,East Blue,,20.0,43.0,,Alive,,,,,,September 7th,David Muller,
542,Mouse-Man,マウスマン,Mausuman,Mouse-Man,,"Bakura Town, Kuri, Wano Country",901.0,915.0,Beasts Pirates,Alive,,,,Mouse SMILE,Artificial Zoan,,,
543,Musse,ムース,Mūsu,Musse (Viz);Mousse (FUNimation),,,187.0,287.0,Shandia,Deceased,,,,,,June 3rd,,
544,Motobaro,モトバロ,Motobaro,Motobaro (Viz);Motobalo (FUNimation),Grand Line (Rural Village),,388.0,494.0,Rosy Life Riders,Alive,,,,,,August 19th,,
545,Mountain God,山の神,Yama no Kami,Mountain God,,Wano Country,960.0,960.0,Kozuki Family,Unknown,,,,,,,,
546,Morollon,モロロン,Mororon,Morollon,,Tajine Kingdom,882.0,905.0,,Alive,,,,,,,,
547,Mosh,モッシュ,Mosshu,Mosh,,,1065.0,1038.0,Kid Pirates,Unknown,,,,,,,,
548,Morley,Oshi Oshi no Mi,Mōrī,Morley,West Blue,Baltigo (former); Momoiro Island,880.0,904.0,Revolutionary Army (West Army),Alive,,1253.0,F,Push-Push Fruit,Paramecia,September 11th,,Push
549,Morgans,"Tori Tori no Mi, Model: Albatross",Moruganzu,Morgans,Grand Line,,828.0,860.0,World Economy News Paper; Underworld,Alive,,305.0,XF,Bird-Bird Fruit Model Albatross,Zoan,July 14th,,"Bird, Albatross"
550,Morgan,モーガン,Mōgan,Morgan,,Shells Town (former),2.0,4.0,"Marines (153rd Branch) (former, defected)",Alive,,285.0,XF,,,April 13th,Langley Kirkwood,
551,Mukekka,ムケッカ,Mukekka,,,Samba Kingdom,884.0,906.0,Levely,Alive,,,,,,,,
552,Moon Isaac Jr.,ムーン・アイザックJr.（ジュニア）,Mūn Aizakku Junia,Moon Isaac Jr.,,,969.0,966.0,Roger Pirates,Unknown,,,,,,,,
553,Mornin,モーニン,Mōnin,Mornin,East Blue (Syrup Village),Syrup Village,,23.0,,Alive,,,,,,October 15th,Nicky Rebelo,
554,Moody,ムーディ,Mūdi,Moody,East Blue,,20.0,43.0,,Alive,,,,,,November 17th,Amber Hossack,
555,Mont Blanc Noland,モンブラン・ノーランド,Monburan Nōrando,"Mont Blanc Noland (Viz); Montblanc Noland (uncut Funimation); Monbran Noland (edited Funimation), Mombran Noland (4kids)",North Blue,,187.0,286.0,Lvneel,Deceased,39.0,220.0,S,,,October 9th,,
556,Monster,モンスター,Monsutā,Monster,East Blue,,489.0,1.0,Red Hair Pirates,Alive,,,,,,October 31st,,
557,Mont Blanc Cricket,モンブラン・クリケット,Monburan Kuriketto,"Mont Blanc Cricket (Viz),Montblanc Cricket (Uncut Funimation),Monbran Cricket (Edited Funimation),Mombran Cricket (4Kids)",North Blue,Lvneel (former) Jaya (former),148.0,227.0,Saruyama Alliance; His original crew (former),Alive,,242.0,S,,,September 11th,,
558,Monkey D. Luffy,"Gomu Gomu no Mi(Hito Hito no Mi, Model: Nika)",Monkī Dī Rufi,Monkey D. Luffy,East Blue (Goa Kingdom),Foosha Village (former);Mt. Colubo (former);Rusukaina (former),1.0,1.0,"Straw Hat Pirates;Straw Hat Grand Fleet;Four Emperors;Dadan Family (former);Baratie (temporary, former);Impel Down (former);Ninja-Pirate-Mink-Samurai Alliance (disbanded)",Alive,,91.0,F,Gum-Gum Fruit,Paramecia(Mythical Zoan),May 5th (Children's Day),Iñaki Godoy;Colton Osorio (young),Rubber; Human; Nika
559,Monkey D. Garp,モンキー・D（ディー）・ガープ,Monkī Dī Gāpu,Monkey D. Garp,East Blue (Goa Kingdom),Foosha Village (former),68.0,92.0,Marines (semi-retired),Unknown,,287.0,F,,,May 2nd,Vincent Regan,
560,Monkey D. Dragon,モンキー・D（ディー）・ドラゴン,Monkī Dī Doragon,Monkey D. Dragon,East Blue (Goa Kingdom),Baltigo (former)Dawn Island (former)Momoiro Island,52.0,100.0,Revolutionary Army; Freedom Fighters (former); Marines (defected),Alive,,256.0,F,,,October 5th,,
561,Monjirō,紋ジロウ,Monjirō,,,Wano Country (Flower Capital),918.0,926.0,Kozuki Family; Ninja-Pirate-Mink-Samurai Alliance,Alive,,,,,,,,
562,Mon-ji,モンジイ,Monjii,Mon-ji,,Zou (Kurau City),756.0,807.0,Mokomo Dukedom,Alive,,,,,,,,
563,Monet,Yuki Yuki no Mi,Mone,Monet,North Blue,Punk Hazard (former); Dressrosa (former),581.0,657.0,Caesar Clown (espionage); Donquixote Pirates,Deceased,30.0,227.0,X,Snow-Snow Fruit,Logia,August 27th,,Snow
564,Monda,モンダ,Monda,Monda,,,209.0,306.0,Foxy Pirates,Alive,,,,,,April 3rd,,
565,Momonga,モモンガ,Momonga,Momonga,Grand Line,,302.0,420.0,Marines G-1 Branch,Alive,,251.0,F,,,June 6th,,
566,Mohji,モージ,Mōji,Mohji;Morji (Odex),East Blue,Karai Bari Island,6.0,9.0,Cross Guild; Buggy and Alvida Alliance; Buggy Pirates,Alive,,197.0,S,,,October 1st,,
567,Moda,モーダ,Mōda,Moda,,Lulusia Kingdom (former),381.0,278.0,Revolutionary Army; G-2 Base,Alive,,,,,,June 1st,,
568,Momoo,モーム,Mōmu,"Momoo (4Kids, Viz, FUNimation);Morm (Odex)",Grand Line,,31.0,73.0,Arlong Pirates (former); Caribou Pirates (former); Fake Straw Hat Crew (former),Alive,,,S,,,April 9th,,
569,Mocha,モチャ,Mocha,Mocha,Grand Line (New World),,582.0,657.0,,Alive,,692.0,S,,,June 28th,,
570,Mochi,モチ,Mochi,Mochi,,,180.0,274.0,Angel Island,Alive,,,,,,,,
571,McTreenald,モクドナルド,Mokudonarudo,McTreenald,,,340.0,445.0,Thriller Bark Pirates,Deceased,,,,,,,,
572,Moai,モアイ,Moai,Moai,,,,1040.0,Kid Pirates,Unknown,,,,,,,,
573,Mizuuta Madaisky,ミズータ・マダイスキー,Mizūta Madaisukī,Mizuuta Madaisky,,,379.0,487.0,Rumbar Pirates,Deceased,,,,,,,,
574,Mizuuta Mawaritosky,ミズータ・マワリトスキー,Mizūta Mawaritosukī,Mizuuta Mawaritosky,,,379.0,488.0,Rumbar Pirates,Deceased,,,,,,,,
575,Mizerka,ミゼルカ,Mizeruka,Mizerka,,,982.0,978.0,,Alive,,,,Gorilla SMILE,Artificial Zoan,,,
576,Miyagi,ミヤギ,Miyagi,Miyagi,,Zou (Kurau City),756.0,807.0,Mokomo Dukedom,Alive,,,,,,December 22nd,,
577,Miss Tuesday,ミス・テューズデー,Misu Tyūzudē,Miss Tuesday,,,91.0,155.0,Baroque Works,Alive,,,,,,,,
578,Mizuira,ミズイラ,Mizuira,Mizuira,,,275.0,391.0,Ohara,Deceased,8.0,,,,,,,
579,Miss Saturday,ミス・サタデー,Misu Satadē,Miss Saturday,,,91.0,155.0,Baroque Works,Alive,,,,,,,,
580,Miss Mother's Day,ミス・マザーズデー,Misu Mazāzu Dē,Miss Mother's Day,,,91.0,155.0,Baroque Works,Alive,,,,,,,,
581,Ms. Monday,ミス・マンデー,Misu Mandē,Ms. Monday,Grand Line,,64.0,107.0,Baroque Works (former),Alive,,,,,,January 24th,,
582,Miss Thursday,ミス・サースデー,Misu Sāsudē,Miss Thursday,,,91.0,155.0,Baroque Works,Alive,,,,,,,,
583,Ms. Father's Day,ミス・ファーザーズデー,Misu Fāzāzu Dē,Ms. Father's Day,,,124.0,205.0,Baroque Works,Alive,,,,,,June 21st,,
584,Minozebra,ミノゼブラ,Minozebura,Minozebra,,,434.0,533.0,Impel Down; World Government,Alive,,,,,Zebra Zoan,March 7th,,
585,Misery,三千里（ミザリー）,Mizarī,Misery,,,1066.0,1039.0,Big Mom Pirates,Unknown,,,,,,,,
586,Miss Friday,ミス・フライデー,Misu Furaidē,Miss Friday,Grand Line,,63.0,105.0,Baroque Works (former),Alive,,,,,,January 21st,,
587,Minoruba,ミノルバ,Minoruba,Minoruba,,,392.0,498.0,Sabaody Archipelago,Alive,,,,,,February 18th,,
588,Minotaur,ミノタウロス,Minotaurosu,Minotaur (Viz);Minotaurus (Funimation),,,422.0,525.0,Impel Down; World Government,Alive,,,,,Cow Zoan,March 4th,,
589,Miss Katherina,ミス・キャサリーナ,Misu Kyasarīna,Miss Katherina,East Blue,"Whisky Peak, Cactus Island",64.0,106.0,Baroque Works,Alive,,,,,,March 23rd,,
590,Minorhinoceros,ミノリノケロス,Minorinokerosu,Minorhinoceros,,,433.0,532.0,Impel Down; World Government,Alive,,,,,Rhinoceros Zoan,March 1st,,
591,Minokoala,ミノコアラ,Minokoara,Minokoala,,,432.0,531.0,Impel Down; World Government;,Alive,,,,,Koala Zoan,March 5th,,
592,Minochihuahua,ミノチワワ,Minochiwawa,Minochihuahua,,,,662.0,Impel Down,Alive,,,,,Chihuahua Zoan,,,
593,Minister of the Right,右大臣,Udaijin,Minister of the Right,Grand Line (Ryugu Kingdom),,531.0,612.0,Ryugu Kingdom,Alive,,313.0,XF,,,April 5th,,
594,Minatomo,港友,Minatomo,Minatomo,,Wano Country (Flower Capital),892.0,909.0,,Alive,,,,,,,,
595,Milo,ミロ,Miro,Milo,,,647.0,717.0,,Alive,,,,,,,,
596,Mille Pine,ミレ・パイン,Mire Pain,Mille Pine,,,959.0,966.0,Roger Pirates,Unknown,,,,,,,,
597,Milky,ミルキー,Mirukī,Milky,,Zou (Whale Forest),757.0,807.0,Mokomo Dukedom; Guardians; Ninja-Pirate-Mink-Samurai Alliance,Alive,,,,,,,,
598,Minister of the Left,左大臣,Sadaijin,Minister of the Left,Grand Line (Ryugu Kingdom),,531.0,612.0,Ryugu Kingdom,Alive,,435.0,X,,,July 2nd,,
599,Mikio Itoo,MIKIO ITOO（ミキオイトゥー）,Mikio Itū,Mikio Itoo,East Blue,,,1.0,,Alive,,,,,,March 26th,,
600,Mikita,Kiro Kiro no Mi,Mikīta,Mikita,West Blue,,65.0,110.0,New Spiders Cafe; Baroque Works (former),Alive,,177.0,XF,Kilo-Kilo Fruit,Paramecia,February 14th,,Kilogram
601,Mikazuki,ミカヅキ,Mikazuki,Mikazuki,,,230.0,323.0,Big Helmet Pirates,Alive,,,,,,February 10th,,
602,Mihal,ミハール,Mihāru,Mihal,,,461.0,552.0,"Spade Pirates, Whitebeard Pirates",Alive,,,,,,,,
603,Mello,メロ,Mero,Mello (Viz); Mero (FUNimation),Grand Line (Ryugu Kingdom; Fish-Man Island),Mermaid Cove (Coral Hill),527.0,608.0,Mermaid Cafe,Alive,,,,,,,,
604,Megalo,メガロ,Megaro,Megalo,,,525.0,605.0,Ryugu Kingdom,Alive,,,,,,April 8th,,
605,McKinley,マッキンリー,Makkinrī,McKinley,,,155.0,241.0,White Berets,Alive,,,,,,,,
606,Meadows,メドウズ,Medōzu,Meadows,,,659.0,706.0,Corrida Colosseum,Alive,,,,,,,,
607,Merry,メリー,Merī,Merry,East Blue (Syrup Village),Syrup Village,11.0,24.0,Kaya,Alive,,,,,,January 22nd,,
608,Mecha-Shark,メカシャーク,Mekashāku,Mecha-Shark,,Egghead,1089.0,1061.0,Vegapunk,Unknown,,,,,,,,
609,McGuy,マクガイ,Makugai,McGuy,,,460.0,551.0,Subordinate of the Whitebeard Pirates,Alive,,,,,,September 3rd,,
610,Max Marx,MAX（マックス） マークス,Makkusu Mākusu,Max Marx,,,967.0,966.0,Roger Pirates,Unknown,,,,,,,,
611,Maynard,メイナード,Meinādo,Maynard,,,634.0,705.0,Marines,Alive,,,,,,May 7th,,
612,Eyelashes,睫毛（マツゲ）,Matsuge,"Eyelashes (Viz),Eyelash (4Kids, FUNimation dub),Lashes (FUNimation subs),Matsuge (WT100)",Grand Line (Arabasta Kingdom),Alubarna; Rainbase (former),93.0,162.0,"Super Spot-Billed Duck Troops, Straw Hat Pirates (temporary)",Alive,,190.0,F,,,August 17th,,
613,Mayushka,マユシカ,Mayushika,Mayushka,,,176.0,269.0,Shandia,Alive,,,,,,,,
614,Mattryoshesses,マトリョー姫達,Matoryō Hime-tachi,Mattryoshesses,,Roshwan Kingdom,882.0,905.0,,Alive,,,,,,,,
615,Umi no Nushi,海の主,Umi no Nushi,,,,227.0,319.0,,Unknown,,,,,,,,
616,Oyakata,親方,Oyakata,,,,145.0,233.0,,Alive,,,,,,,,
617,Massui,マッスイ,Massui,,,,893.0,911.0,Beasts Pirates,Alive,,,,,,,,
618,Masked Deuce,マスクド・デュース,Masukudo Dyūsu,Masked Deuce,,,461.0,552.0,Spade Pirates; Whitebeard Pirates,Alive,,,,,,,,
619,"Mouji, Mousey",マウジイ,Maujii,"Mouji, Mousey",,,692.0,755.0,Tontatta Kingdom; Tonta Corps; Straw Hat Grand Fleet,Alive,,,,,,,,
620,Masira,マシラ,Mashira,Masira,North Blue,Jaya,144.0,219.0,Saruyama Alliance (Masira Pirates),Alive,,345.0,F,,,March 4th,,
621,Marmieta,マルミエータ,Marumiēta,Marmieta,,Pucci,,436.0,,Alive,,,,,,,,
622,Mario,マリオ,Mario,Mario,,,630.0,701.0,,Alive,,,,,,,,
623,Marshall D. Teech,Gura Gura no Mi,Māsharu Dī Tīchi,"Marshall D. Teech (VIZ, Funimation subs, edited dub);Marshall D. Teach (Funimation uncut dub)",Grand Line,Hachinosu,146.0,223.0,Blackbeard Pirates;Four Emperors;Seven Warlords of the Sea (former);Whitebeard Pirates 2nd Division (defected),Alive,,344.0,F,Tremor-Tremor Fruit,Paramecia,August 3rd,,Sound of shaking
624,Marin,マリン,Marin,Marin,Grand Line (Sabaody Archipelago),Sabaody Archipelago,394.0,500.0,,Alive,,,,,,October 17th,,
625,Marilyn,マリリン,Maririn,Marilyn,,,193.0,300.0,Neutral civilian,Alive,,,,,,,,
626,Mash,マッシュ,Masshu,Mash,,,,204.0,Sea Floor,Unknown,,,,,,,,
627,Marie,マリィ,Marī,Marie,Grand Line,Mary Geoise; Sabaody Archipelago (former),393.0,499.0,Saint Charlos; Judy,Alive,,,,,,November 2nd,,
628,Marianne,マリアンヌ,Mariannu,Marianne,North Blue,,70.0,117.0,New Spiders Cafe; Baroque Works (former),Alive,,145.0,XF,,,April 29th,,
629,Marguerite,マーガレット,Māgaretto,"Marguerite (VIZ),Margaret (Funimation)",Calm Belt (Amazon Lily),Amazon Lily,408.0,514.0,Kuja; Kuja Pirates,Alive,,178.0,F,,,April 9th,,
630,Margarita,マルガリータ,Marugarīta,Margarita,,,375.0,483.0,Neutral civilian,Alive,,,,,,,,
631,Maria Napole,マリア・ナポレ,Maria Napore,Maria Napole,Grand Line (Ryugu Kingdom; Fish-Man Island),Ryugu Kingdom,569.0,649.0,Fish-Man Island,Alive,,,,,,,,
632,St. Marcus Mars,マーカス・マーズ聖,Mākasu Māzu Sei,St. Marcus Mars,,Mary Geoise,151.0,233.0,Five Elders; World Nobles,Alive,,,,,,,,
633,Mashikaku,マシカク,Mashikaku,Mashikaku,East Blue,,48.0,98.0,Marines,Alive,,,,,,December 26th,,
634,Mari,マリ,Mari,,,Chaco Kingdom,884.0,906.0,Levely,Alive,,,,,,,,
635,Marco,"Tori Tori no Mi, Model: Phoenix",Maruko,Marco,Grand Line,Sphinx,151.0,234.0,Whitebeard Pirates (former); Ninja-Pirate-Mink-Samurai Alliance(disbanded),Alive,,203.0,X,Bird-Bird Fruit,Mythical Zoan,October 5th,,Bird; Phoenix
636,Mancherie,Chiyu Chiyu no Mi,Mansherī,Mancherie; Mansherry,Grand Line (Green Bit),,647.0,717.0,Tontatta Kingdom,Alive,,20.0,X,Heal-Heal Fruit,Paramecia,January 28th,,Healing
637,Manjaro,マンジャロウ,Manjarō,Manjaro,East Blue,,518.0,598.0,Fake Straw Hat Crew,Unknown,,202.0,S,,,September 9th,,
638,Mani,マニ,Mani,Mani,,,146.0,223.0,Bellamy Pirates,Unknown,,,,,,,,
639,Makko,マッコー,Makkō,Makko,,,,216.0,Marines; Black Cage Corps,Alive,,,,,,,,
640,Maki,マキ,Maki,,,,917.0,925.0,Blackbeard Pirates,Alive,,,,,,,,
641,Makino,マキノ,Makino,Makino,East Blue (Foosha Village),Foosha Village,4.0,1.0,Partys Bar,Alive,,166.0,S,,,February 23rd,,
642,Maidy,メイディ,Meidi,Maidy,,"Alubarna, Arabasta",129.0,215.0,Nefertari Family,Alive,,,,,,,,
643,Maha,マハ,Maha,Maha,,,922.0,929.0,CP0,Unknown,,,,,,,,
644,"Mamboshi, Manboshi",マンボシ,Manboshi,"Mamboshi, Manboshi (Funi simulcast)",Grand Line (Ryugu Kingdom),Ryugu Palace,528.0,609.0,Neptune Family,Alive,,473.0,S,,,March 30th,,
645,Magura,マグラ,Magura,Magura (Viz);Magra (FUNimation),East Blue,Mt. Colubo,493.0,582.0,Dadan Family,Alive,,,,,,October 30th,,
646,Magellan,Doku Doku no Mi,Mazeran,Magellan,Grand Line,,425.0,528.0,Impel Down,Alive,,491.0,X,Venom-Venom Fruit,Paramecia,October 9th,,Poison
647,Madillo-Man,マジロマン,Majiroman,Madillo-Man,,,935.0,939.0,Beasts Pirates,Alive,,,,Armadillo SMILE,Artificial Zoan,,,
648,Macro (Automata),マクロ,Makuro,Macro,,,,437.0,Automata,Alive,,,,,,,,
649,Macro (Macro Pirates),マクロ,Makuro,Macro,Grand Line (Ryugu Kingdom; Fish-Man Island),Fish-Man District (former),386.0,197.0,Macro Pirates; Sun Pirates (former),Alive,,,,,,September 6th,,
650,Machvise,Ton Ton no Mi,Mahhabaisu,"Machvise (FUNimation Simulcast, Formerly Viz);Mach Vise (Viz)",North Blue,Spider Miles (former); Dressrosa (former),608.0,682.0,Donquixote Pirates,Alive,,440.0,S,Ton-Ton Fruit,Paramecia,August 13th,,Metric Ton
651,Lulis,ルリス,Rurisu,Lulis,Grand Line (Ryugu Kingdom; Fish-Man Island),Mermaid Cove (Coral Hill),527.0,608.0,Mermaid Cafe,Alive,,,,,,,,
652,Du Feld,ル・フェルド,Ru Ferudo,Du Feld,,,828.0,860.0,Lu Feld Conglomerate; Underworld; MADS (former),Unknown,,,,,,December 29th,,
653,Lucky Roux,ラッキー・ルウ,Rakkī Rū,Lucky Roux;Lucky Roo (WT100),South Blue,,4.0,1.0,Red Hair Pirates,Alive,,241.0,F,,,July 6th,Ntlanhla Morgan Kutu,
654,"""Local Sea Monster""",近海の主,Kinkai no Nushi,"""Local Sea Monster"";Master of the Near Sea (video games);Lord of the Coast (live-action series)",East Blue,,4.0,1.0,,Alive,,,,,,September 14th,,
655,Lonz,ロンズ,Ronzu,Lonz,,,459.0,550.0,"Marines, Giant Squad",Alive,,,,,,June 2nd,,
656,Lola,ローラ,Rōra,Lola,,,345.0,451.0,Thriller Bark Pirates,Deceased,,,,,,,,
657,Loki,ロキ,Roki,Loki,,Elbaf,827.0,858.0,,Alive,,,,,,,,
658,Lip Doughty,リップ・ドウティ,Rippu Douti,Lip Doughty,,,519.0,600.0,Fake Straw Hat Crew; His own crew,Alive,,,,,,,,
659,Little Oars Jr.,リトルオーズJr.,Ritoru Ōzu Junia,Little Oars Jr.,Grand Line,,463.0,554.0,Little Pirates; Subordinate of the Whitebeard Pirates,Unknown,,,F,,,February 12th,,
660,Raionbuta,ライオンブタ,Raionbuta,,,,18.0,22.0,Animals of the Island of Rare Animals,Alive,,,,,,,,
661,Lines,ラインズ,Rainzu,Lines,East Blue,,21.0,44.0,,Alive,,,,,,December 27th,,
662,Lindbergh,リンドバーグ,Rindobāgu,Lindbergh,,Baltigo (former); Momoiro Island,880.0,904.0,Revolutionary Army (South Army),Alive,,149.0,F,,,May 21st,,
663,Lime Juice,ライムジュース,Raimujūsu,Lime Juice,,,4.0,1.0,Red Hair Pirates,Alive,,,,,,,,
664,Lily,リリー,Rirī,Lily,,,146.0,223.0,Bellamy Pirates,Unknown,,,,,,,,
665,Rinaria,リナリア,Rinaria,,,,,1079.0,Night Butterfly Pirates; Red Hair Pirates,Alive,,,,,,,,
666,Lilith,悪（リリス）,Ririsu,Lilith,,Egghead,1090.0,1061.0,Marines (SSG),Alive,,,,,,,,
667,Leonero,レオネロ,Reonero,Leonero,,,461.0,552.0,Spade Pirates,Alive,,,,,,,,
668,Leo,Nui Nui no Mi,Reo,Leo,Grand Line (Green Bit),,640.0,710.0,Tontatta Kingdom; Straw Hat Grand Fleet (Tontatta Pirates),Alive,,23.0,S,Stitch-Stitch Power,Paramecia,July 24th,,Sewing
669,Brag Men,ブラッグメン,Buraggu Men,Brag Men,,,,,,,,,,,,,,
670,Lassoo,"Inu Inu no Mi, Model: Dachshund",Rassū,Lassoo,,,103.0,160.0,New Spiders Cafe; Baroque Works (former),Alive,,,,Mutt-Mutt Fruit,Zoan,January 4th,,Dog
671,Lasky,ラスキー,Rasukī,Lasky,,,276.0,392.0,CP9 (former),Alive,,,,,,,,
672,Lao G,ラオG（ジー）,Rao Jī,Lao G,North Blue,Spider Miles (former); Dressrosa (former),608.0,682.0,Donquixote Pirates,Alive,,157.0,F,,,October 7th,,
673,Lafitte,ラフィット,Rafitto,"Lafitte (VIZ, uncut dub);Raffit (edited dub);Laffitte (WT100)",West Blue,,151.0,234.0,Blackbeard Pirates,Alive,,340.0,X,,,March 13th,,
674,Lemoncheese,レモンチーズ,Remonchīzu,Lemoncheese,,Bestland Kingdom,884.0,906.0,Levely,Alive,,,,,,,,
675,Lady Tree,レディツリー,Redi Tsurī,Lady Tree,,,844.0,873.0,,Alive,,,,,,,,
676,Lacuba,ラキューバ,Rakyūba,Lacuba,Grand Line,,394.0,501.0,,Alive,,,,,,May 31st,,
677,Lacroix,ラクロワ,Rakurowa,Lacroix,,,459.0,550.0,"Marines, Giant Squad",Alive,,,,,,June 8th,,
678,Firstaid,キューキュー,Kyūkyū,Firstaid,,Water 7,237.0,334.0,,Alive,,,,,,,,
679,Laboon,ラブーン,Rabūn,Laboon;Raboon (Odex),West Blue,Reverse Mountain (Twin Cape),62.0,102.0,Rumbar Pirates (former); Crocus,Alive,,,F,,,September 16th,,
680,Kuween,キュイーン,Kyuīn,Kuween,,,692.0,755.0,Donquixote Pirates (former),Alive,,,,,,May 30th,,
681,Kyuji,キュージ,Kyūji,Kyuji,,,381.0,302.0,Marines,Alive,,,,,,,,
682,Kyros,キュロス,Kyurosu,Kyros,Grand Line (Dressrosa),,631.0,702.0,Corrida Colosseum (former); Riku Royal Army,Alive,,298.0,S,,,September 22nd,,
683,Kurozumi Semimaru,Bari Bari no Mi,Kurozumi Semimaru,Kurozumi Semimaru,,Wano Country (Flower Capital),965.0,965.0,Wano Country (Kurozumi Family),Deceased,,,,Barrier-Barrier Fruit,Paramecia,,,Barrier
684,Kurozumi Tama,Kibi Kibi no Mi,Kurozumi Tama,Kurozumi Tama,,"Amigasa Village, Kuri, Wano Country",893.0,911.0,Kurozumi Family,Alive,,108.0,F,Millet-Millet Fruit,Paramecia,March 3rd,,Millet
685,Kuzan,Hie Hie no Mi,Kuzan,Kuzan,South Blue,,225.0,303.0,Blackbeard Pirates; Marines (resigned),Alive,,298.0,F,Ice-Ice Fruit,Logia,September 21st,,Chilly
686,Blackbeard,クロツル,Kurotsuru,Blackbeard,,,,276.0,,Unknown,,,,,,,,
687,Kurozumi Higurashi,Mane Mane no Mi,Kurozumi Higurashi,Kurozumi Higurashi,,Wano Country (Flower Capital),965.0,965.0,Wano Country (Kurozumi Family),Deceased,,,,Clone-Clone Fruit,Paramecia,,,Imitation
688,Kurozumi Orochi,"Hebi Hebi no Mi, Model: Yamata no Orochi",Kurozumi Orochi,Kurozumi Orochi,Grand Line (Wano Country),Wano Country (Flower Capital),921.0,927.0,Wano Country (Kurozumi Family);Beasts Pirates (former),Deceased,54.0,350.0,XF,Snake-Snake Fruit,Mythical Zoan,September 23rd,,Snake; Eight-Headed Snake
689,Kurozumi Kanjuro,Fude Fude no Mi,Kurozumi Kanjūrō,Kurozumi Kanjuro,,Wano Country (Kuri)Wano Country (Kibi) (Former),629.0,700.0,Kurozumi Family; Kozuki Family (undercover); Nine Red Scabbards (undercover); Ninja-Pirate-Mink-Samurai Alliance (undercover); Beasts Pirates (former),Deceased,34.0,347.0,X,Brush-Brush Fruit,Paramecia,July 21st,,Brush
690,Kurosawa,クロ沢,Kurosawa,,,Wano Country,911.0,920.0,Kozuki Family; Ninja-Pirate-Mink-Samurai Alliance,Alive,,,,,,,,
691,Kuromarimo,クロマーリモ,Kuromārimo,Kuromarimo,Grand Line (Drum Kingdom),,79.0,131.0,"Bliking Pirates (disbanded), Drum Kingdom (former)",Alive,,186.0,F,,,January 26th,,
692,Kuroobi,クロオビ,Kuro'obi,Kuroobi,"Grand Line (Ryugu Kingdom, Fish-Man Island)",Fish-Man District (former); Arlong Park (former),31.0,69.0,Arlong Pirates; Sun Pirates (former),Alive,,252.0,S,,,October 25th,,
693,Kurokoma,黒駒,Kurokoma,Kurokoma,,Flower Capital; Wano Country,,960.0,Kurokoma Family‎,Unknown,,,,,,,,
694,Kuro,クロ,Kuro,Kuro,East Blue,Syrup Village (former),9.0,23.0,Black Cat Pirates,Alive,,207.0,X,,,April 22nd,Alexander Maniatis,
695,Kumacy,クマシー,Kumashī,Kumacy,,,343.0,449.0,Thriller Bark Pirates (Perona),Deceased,,,,,,September 4th,,
696,Kunyun,九忍（クニュン）,Kunyun,Kunyun,,,1042.0,1020.0,Beasts Pirates (Numbers),Alive,,,,,,,,
697,Kuni,クニさん,Kuni-san,Kuni,,Wano Country,919.0,927.0,Kyoshiro Family,Alive,,,,,,,,
698,Kureha,くれは,Kureha,Kureha,Grand Line (Drum Kingdom),Drum Island,80.0,134.0,Sakura Kingdom; Isshi-100,Alive,,188.0,S,,,September 8th,,
699,Kuma-A,くまエー,Kumaē,Kuma-A,,,,,,Alive,,,,,,,,
700,Kumadori Yamanbako,クマドリヤマンバ子,Kumadori Yamanba-ko,Kumadori Yamanbako,,,,,Kumadori,Alive,,,,,,,,
701,Kumagoro,クマ五郎,Kumagorō,Kumagoro,,Wano Country (Flower Capital),922.0,929.0,,Alive,,,,,,,,
702,Kumadori,クマドリ,Kumadori,Kumadori,South Blue,,264.0,375.0,CP0; CP9 (former),Alive,,338.0,XF,,,February 20th,,
703,Kukai,クーカイ,Kūkai,Kukai,,,461.0,552.0,Spade Pirates,Alive,,,,,,,,
704,Kujaku,Muchi Muchi no Mi,Kujaku,Kujaku,,,1090.0,966.0,Marines (SWORD),Alive,,,,Whip-Whip Fruit,Paramecia,,,Whip
705,Kozuki Toki,Toki Toki no Mi,Kōzuki Toki,Kozuki Toki;Kouzuki Toki (OPCG),,Wano Country (Kuri),893.0,919.0,Kozuki Family; Amatsuki Family; Whitebeard Pirates (former); Roger Pirates (former),Deceased,36.0,190.0,X,Time-Time Ability,Paramecia,January 19th,,Time
706,Krieg,クリーク,Kurīku,Krieg,East Blue,,21.0,45.0,Krieg Pirates,Alive,,243.0,XF,,,September 19th,Milton Schorr,
707,Kozuki Sukiyaki,光月スキヤキ,Kōzuki Sukiyaki,Kozuki Sukiyaki,,"Wano Country (Amigasa Village, formerly Flower Capital)",894.0,911.0,Kozuki Family,Alive,,214.0,F,,,May 19th,,
708,Kozuki Oden,光月おでん,Kōzuki Oden,Kozuki Oden;Kouzuki Oden (OPCG),Grand Line (Wano Country),Wano Country (Kuri); (Flower Capital) (former),910.0,920.0,Kozuki Family; Roger Pirates (former); Whitebeard Pirates (former),Deceased,39.0,382.0,F,,,February 22nd,,
709,Kozuki Momonosuke,"Uo Uo no Mi, Model: Seiryu (Artificial)",Kōzuki Momonosuke,"Kozuki Momonosuke (VIZ); Kouzuki Momonosuke (WT100, OPCG)",Grand Line (Moby Dick),Wano Country (Kuri),609.0,684.0,Kozuki Family; Ninja-Pirate-Mink-Samurai Alliance (disbanded),Alive,,110.0,X,Fish-Fish Fruit,Artificial Mythical Zoan,October 7th,,"Fish, Azure Dragon"
710,Koyama,小山,Koyama,Koyama,,Wano Country,960.0,960.0,Kozuki Family,Unknown,,,,,,,,
711,Kozuki Hiyori,光月日和,Kōzuki Hiyori,Kozuki Hiyori;Kouzuki Hiyori (OPCG),Grand Line (Moby Dick),Wano Country (Kuri; Flower Capital),892.0,909.0,Kozuki Family,Alive,,170.0,XF,,,December 23rd,,
712,Koze and Packy,コゼ & パッキー,Koze to Pakkī,KozePacky,East Blue,,48.0,96.0,Yes Pirates,Alive,,,,,,May 27th (Koze)December 9th (Packy),,
713,Kotetsu,古徹,Kotetsu,Kotetsu,,,897.0,912.0,,Deceased,,,,,,,,
714,Koza,コーザ,Kōza,Koza,Grand Line (Arabasta Kingdom),"Yuba, Arabasta; Katorea, Arabasta (Former)",93.0,163.0,Arabasta Kingdom;Suna Suna Clan (former);Rebel Army (former),Alive,,177.0,X,,,May 26th,,
715,Kotatsu,コタツ,Kotatsu,Kotatsu,,,461.0,552.0,Spade Pirates,Alive,,,,,,,,
716,Kopp,コップ,Koppu,Kopp,,Water 7,231.0,325.0,Franky Family,Alive,,,,,,,,
717,Comane,コマネ,Komane,Comane,,,879.0,903.0,Lulusia Kingdom,Unknown,,,,,,,,
718,Kong,コング,Kongu,Kong,,,,0.0,World Government; Marines (former),Alive,,,,,,May 9th,,
719,Komakkofu,コマッコフ,Komakkofu,,,,,,Marines,Alive,,,,,,,,
720,Kombu,コンブ,Konbu,Kombu (Viz);Konbu (Funimation),,,582.0,657.0,,Alive,,,,,,,,
721,Kokoro,ココロ,Kokoro,Kokoro,Grand Line (Ryugu Kingdom; Fish-Man Island),Water 7; Fish-Man Island (former),229.0,322.0,Tom's Workers,Alive,,168.0,S,,,October 5th,,
722,Komachiyo,狛ちよ,Komachiyo,Komachiyo,,"Amigasa Village, Kuri, Wano Country",892.0,910.0,Kurozumi Tama,Alive,,,,,,,,
723,Kojūrō,コ十郎,Kojūrō,,,Wano Country (Flower Capital),918.0,926.0,Kozuki Family; Ninja-Pirate-Mink-Samurai Alliance,Alive,,,,,,,,
724,Koito,小糸,Koito,,,Wano Country (Ebisu Town),923.0,930.0,,Alive,,,,,,,,
725,Kobei,幸べエ,Kōbē,Kobei,,Wano Country (Flower Capital),922.0,929.0,,Alive,,,,,,,,
726,Koda,コーダ,Kōda,Koda,,,381.0,285.0,Marines,Alive,,,,,,,,
727,Koala,コアラ,Koara,Koala,,Baltigo (former); Foolshout Island (former); Mary Geoise (former); Momoiro Island,541.0,622.0,Revolutionary Army; Sun Pirates (former); Slavery (former),Alive,,160.0,F,,,October 25th,,
728,Kisegawa,きせ川,Kisegawa,Kisegawa,,Wano Country (Flower Capital),922.0,929.0,,Alive,,,,,,,,
729,Kitton,キットン,Kitton,Kitton,,,418.0,523.0,,Alive,,,,,,,,
730,Koby,コビー,Kobī,"Koby (VIZ, Odex),Coby (Funimation, 4Kids)",East Blue,Shells Town (former); Goat Island (former),1.0,2.0,"Marines (SWORD), Marine 153rd Branch (former); Alvida Pirates (defected)",Alive,,167.0,F,,,May 13th,Morgan Davies,
731,Mozu and Kiwi,モズ&キウイ,Mozu & Kiui,Mozu and Kiwi,"Grand Line (Water 7, Slums)",Water 7,233.0,329.0,Franky Family,Alive,,187.0,F,,,January 7th (Mozu); September 1st (Kiwi),,
732,Mushroom,キノコ,Kinoko,Mushroom,,,437.0,536.0,Buggy Pirates,Alive,,,,,,,,
733,Kinga,キンガ,Kinga,Kinga,,,467.0,570.0,Whitebeard Pirates,Alive,,,,,,,,
734,Kingdew,キングデュー,Kingudyū,Kingdew,Grand Line,,461.0,562.0,Whitebeard Pirates,Alive,,,,,,November 13th,,
735,Kingbaum,キングバーム,Kingubāmu,Kingbaum,Grand Line (Totto Land),Whole Cake Island (Seducing Woods),797.0,836.0,Big Mom Pirates; Charlotte Family,Unknown,,2340.0,,,,July 13th,,
736,Kinderella,キンデレラ,Kinderera,Kinderella,,,778.0,261.0,Evil Black Drum Kingdom,Alive,,,,,,January 20th,,
737,King,"Ryu Ryu no Mi, Model: Pteranodon",Kingu,King,Grand Line,Wano Country,910.0,920.0,Beasts Pirates,Alive,,613.0,S,Dragon-Dragon Fruit,Ancient Zoan,December 1st,,"Dragon, Pteranodon"
738,Kirintauros,キリンタウロス,Kirintaurosu,Kirintauros,,,582.0,658.0,Caesar Clown; Centaur Patrol Unit,Alive,,,,,,,,
739,Kirinkodanuki,キリン子ダヌキ,Kirinkodanuki,,,,18.0,22.0,Animals of the Island of Rare Animals,Alive,,,,,,,,
740,Kinbō,キン坊,Kinbō,,,Wano Country (Okobore Town),904.0,917.0,,Alive,,,,,,,,
741,Killer,キラー,Kirā,Killer,South Blue,,392.0,498.0,Kid Pirates; Kurozumi Orochi (defected),Unknown,,195.0,X,,,February 2nd,,
742,Kin'emon,Fuku Fuku no Mi,Kin'emon,Kin'emon,Grand Line (Wano Country),Wano Country (Kuri),580.0,656.0,Kozuki Family; Ninja-Pirate-Mink-Samurai Alliance; Nine Red Scabbards,Alive,,295.0,X,Garb-Garb Jutsu,Paramecia,January 29th,,Clothing
743,Kikyo,キキョウ,Kikyō,Kikyo,Calm Belt (Amazon Lily),Amazon Lily,408.0,514.0,Kuja,Alive,,,,,,July 27th,,
744,Kiku,キク,Kiku,Kiku,,Amazon Lily,409.0,515.0,Kuja,Alive,,,,,,,,
745,Kikipatsu,キキパツ,Kikipatsu,,,,917.0,925.0,Blackbeard Pirates,Alive,,,,,,,,
746,Kikunojo,菊之丞,Kikunojō,Kikunojo,Grand Line (Wano Country),Wano Country (Ringo (Former)‡; Kuri),899.0,913.0,Kozuki Family; Nine Red Scabbards,Alive,,287.0,XF,,,September 9th,,
747,Kimel,キメル,Kimeru,Kimel,,,461.0,552.0,Spade Pirates,Alive,,,,,,,,
748,Kibin,キビン,Kibin,Kibin,,,475.0,594.0,Marines,Alive,,,,,,,,
749,Kibagaeru,キバガエル,Kibagaeru,Kibagaeru,,,208.0,306.0,Foxy Pirates; Fanged Toad Pirates (former),Alive,,,,,,,,
750,Kelly Funk,Jake Jake no Mi,Kerī Fanku,Kelly Funk,Grand Line (Mogaro Kingdom),,633.0,704.0,Mogaro Kingdom,Alive,,168.0,X,Jacket-Jacket Fruit,Paramecia,December 9th,,Jacket
751,Kīsu,キース,Kīsu,,,Mokomo Dukedom (Whale Forest),759.0,809.0,Guardians,Alive,,,,,,,,
752,Kebi,ケビ,Kebi,Kebi,,Arabasta,100.0,164.0,Arabasta Kingdom; Suna Suna Clan (formerly); Rebel Army (formerly),Alive,,,,,,,,
753,Kiev,キエフ,Kiefu,Kiev,,Water 7,231.0,325.0,Franky Family; Galley-La Company,Alive,,,,,,,,
754,Kazenbo,火前坊,Kazenbō,Kazenbo,,,1055.0,1030.0,Kurozumi Family,Deceased,,,,,,,,
755,Kechatch,ケチャッチ,Kechatchi,Kechatch,,,,553.0,Whitebeard Pirates,Alive,,,,,,,,
756,Katsuzo,勝ぞう,Katsuzō,Katsuzo,,,960.0,960.0,,Deceased,,,,,,,,
757,Kazekage,風影,Kazekage,Kazekage,Wano Country,"Flower Capital, Wano Country",925.0,931.0,Beasts Pirates; Orochi Oniwabanshu (former),Alive,,192.0,F,,,February 28th,,
758,Kawamatsu,河松,Kawamatsu,Kawamatsu,,Wano Country,910.0,920.0,Kozuki Family; Nine Red Scabbards,Alive,,271.0,F,,,June 14th,,
759,Kaya,カヤ,Kaya,Kaya,East Blue (Gecko Islands),Syrup Village,9.0,23.0,,Alive,,169.0,F,,,August 24th,Celeste Loots,
760,Kashigami,カシ神,Kashigami,Kashigami,,,187.0,287.0,Shandia,Deceased,,,,,,November 4th,,
761,Kashii,カーシー,Kāshī,Kashii,Grand Line (Elbaf),ElbafEnies Lobby (former)Water 7 (former),265.0,377.0,"World Government (defected), Giant Warrior Pirates",Alive,,1700.0,X,,,April 1st,,
762,Karma,カルマ,Karuma,Karma,,,467.0,553.0,Takotopus Pirates; Whitebeard Pirates,Alive,,,,,,June 6th,,
763,Karoo,カルー,Karū,"Karoo (Viz, 4Kids, Funimation);Kalu (Odex)",Grand Line (Arabasta Kingdom),Arabasta Kingdom (Alubarna),65.0,109.0,"Super Spot-Billed Duck Troops, Nefertari Vivi, Straw Hat Pirates (former), Baroque Works (former)",Alive,,150.0,F,,,November 8th,,
764,Karasu,Susu Susu no Mi,Karasu,Karasu,North Blue,Baltigo (former); Momoiro Island,510.0,593.0,Revolutionary Army (North Army),Alive,,265.0,S,Soot-Soot Fruit,Logia,September 18th,,Soot
765,Moneypenny,カネゼニー,Kanezenī,Moneypenny,,,278.0,398.0,,Alive,,,,,,,,
766,Kasagoba,カサゴバ,Kasagoba,KasagonKasagoba (WT100),Grand Line (Ryugu Kingdom; Fish-Man Island),Fish-Man District (former),527.0,607.0,New Fish-Man Pirates,Alive,,,,,,,,
767,Kasa,カサ,Kasa,Kasa,,,511.0,594.0,Raijin Island,Alive,,,,,,,,
768,Kaneshiro,カネシロ,Kaneshiro,Kaneshiro,"Grand Line (Ryugu Kingdom, Fish-Man Island)","Fish-Man District (former),  Arlong Park (former)",31.0,72.0,Arlong Pirates; Sun Pirates (former),Alive,,,,,,December 2nd,,
769,Kappa,カッパ,Kappa,Kappa,,Nanohana,105.0,167.0,,Alive,,,,,,,,
770,Kamijiro,噛二郎,Kamijirō,Kamijiro,,,901.0,914.0,Beasts Pirates,Alive,,,,,,,,
771,Kamekichi,カメ吉,Kamekichi,,,Wano Country (Flower Capital),918.0,926.0,,Alive,,,,,,,,
772,Kalifa,Awa Awa no Mi,Karifa,Kalifa,Grand Line,,230.0,323.0,CP0; CP9 (former); Galley-La Company (former),Alive,,185.0,XF,Bubble-Bubble Fruit,Paramecia,April 23rd,,Bubble
773,Kalgara,カルガラ,Karugara,KalgaraCalgara (Funimation subs),Grand Line,,187.0,286.0,Shandia,Deceased,39.0,222.0,X,,,October 4th,,
774,Kakunoshin,カクの進,Kakunoshin,,,Wano Country (Flower Capital),918.0,926.0,Kozuki Family; Ninja-Pirate-Mink-Samurai Alliance,Alive,,,,,,,,
775,Blockhead,カクカク,Kakukaku,Blockhead,,Water 7,237.0,334.0,,Alive,,,,,,,,
776,Kaku (Kyoshiro Family),カクさん,Kaku-san,Kaku,,,919.0,927.0,Kyoshiro Family,Alive,,,,,,,,
777,Kamakiri,カマキリ,Kamakiri,Kamakiri,Sky Islands (Skypiea),,163.0,249.0,Shandia; God's Guards,Alive,,214.0,F,,,July 10th,,
778,Spara Heetpack,カイロ ・クレヨ,Kairo Kureyo,Spara Heetpack,,,437.0,535.0,,Unknown,,,,,,,,
779,Kaku (CP0),"Ushi Ushi no Mi, Model: Giraffe",Kaku,Kaku,East Blue,Guanhao (former),230.0,323.0,CP0; CP9 (former); Galley-La Company (former),Alive,,193.0,X,Ox-Ox Fruit Giraffe Model,Zoan,August 7th,,Giraffe
780,Kairiken,カイリケン,Kairiken,Kairiken,,,392.0,498.0,Sabaody Archipelago,Alive,,,,,,January 24th,,
781,Kairen,カイレン,Kairen,Kairen,Grand Line (Ryugu Kingdom; Fish-Man Island),Mermaid Cove (Coral Hill),527.0,608.0,Mermaid Cafe,Alive,,,,,,,,
782,Keygan,カギッコ,Kagikko,Keygan,East Blue,,,64.0,Krieg Pirates,Alive,,,,,,October 27th,,
783,Kaido,"Uo Uo no Mi, Model: Seiryu",Kaidō,Kaido,Grand Line,Wano Country (Onigashima);Vodka Kingdom (former),736.0,795.0,Beasts Pirates; Rocks Pirates (former); Four Emperors (former),Unknown,,710.0,F,Fish-Fish Fruit,Mythical Zoan,May 1st,,"Fish, Azure Dragon"
784,Kadar,カダル,Kadaru,Kadar,,,541.0,622.0,"Marines, G-2",Unknown,,,,,,July 29th,,
785,Kagerō,カゲロウ,Kagerō,,,Wano Country,909.0,920.0,Kozuki Family; Ninja-Pirate-Mink-Samurai Alliance,Alive,,,,,,,,
786,Julius,ユリウス,Yuriusu,Julius,,,489.0,578.0,Ally of the Whitebeard Pirates,Alive,,,,,,,,
787,Juki,十鬼（ジューキ）,Jūki,Juki,,,982.0,977.0,Beasts Pirates (Numbers),Alive,,,,,,,,
788,Cub,"Mushi Mushi no Mi, Model: Kabutomushi",Kabu,Cub; Kabu (FUNimation (Ep 640-648)),,,640.0,710.0,Tontatta Kingdom; Tontatta Pirates; Straw Hat Grand Fleet,Alive,,,,Bug-Bug Fruit,Zoan,July 1st,,Insect; Rhinoceros Beetle
789,Judi,ジュディ,Judi,Judi,Grand Line,Sabaody Archipelago,393.0,499.0,Marie,Alive,,,,,,November 2nd,,
790,Junan,ジュナン,Junan,Junan,Grand Line (Ryugu Kingdom; Fish-Man Island),Gyoverly Hills,530.0,611.0,Criminal,Alive,,,,,,,,
791,Jozu,Kira Kira no Mi,Jozu,Jozu,West Blue,,151.0,234.0,Whitebeard Pirates,Alive,,503.0,X,Twinkle-Twinkle Fruit,Paramecia,November 11th,,Sparkle
792,Joyboy,ジョイボーイ,Joi Bōi,Joyboy (VIZ Media);Joy Boy (Funimation),,,,,,,,,,,,,,
793,Jūjirō,十字ロウ,Jūjirō,,,Wano Country (Flower Capital),918.0,926.0,Kozuki Family; Ninja-Pirate-Mink-Samurai Alliance,Alive,,,,,,,,
794,Joseph,ヨセフ,Yosefu,Joseph,,,635.0,705.0,CP0,Alive,,,,,,,,
795,Joshu,ジョシュ,Joshu,,,Egghead,1095.0,1065.0,Edison,Alive,,,,,,,,
796,George,ジョルジ,Joruji,George,,,248.0,353.0,World Government,Alive,,,,,,,,
797,Johnny,ジョニー,Jonī,Johnny,East Blue,,19.0,42.0,Yosaku; Roronoa Zoro's band (former);,Alive,,186.0,F,,,November 12th,,
798,Jorul,ヨルル,Yoruru,Jorul,Grand Line (Elbaf),Elbaf,836.0,866.0,Giant Warrior Pirates; Elbaf,Deceased,344.0,2150.0,F,,,December 4th,,
799,John,ジョン,Jon,John,,,344.0,450.0,Rocks Pirates (former); Thriller Bark Pirates (post mortem),Deceased,,,,,,,,
800,Jobo,ジョボ,Jobo,Jobo,,Mock Town,150.0,232.0,,Alive,,,,,,,,
801,John Giant,ジョン・ジャイアント,Jon Jaianto,John Giant,,Elbaf (former),45.0,96.0,Marines,Alive,,,,,,May 19th,,
802,Jizō,地蔵,Jizō,,,,951.0,951.0,Beasts Pirates; Kurozumi Family (Mimawarigumi) (former),Alive,,,,,,,,
803,Jiron,ジロン,Jiron,Jiron,,Baltigo (former); Momoiro Island,,1082.0,Revolutionary Army,Alive,,,,,,,,
804,Jo,ジョー,Jō,Jo,,,947.0,948.0,Ninja-Pirate-Mink-Samurai Alliance,Alive,,,,,,,,
805,Jibuemon,地武えもん,Jibuemon,Jibuemon,,Wano Country (Kibi),911.0,920.0,Kozuki Family,Alive,,,,,,,,
806,Jigoku-Benten,地獄弁天,Jigoku Benten,Jigoku-Benten,Wano Country,"Flower Capital, Wano Country",925.0,931.0,Beasts Pirates; Orochi Oniwabanshu (former); Kurozumi Family (former),Alive,,225.0,X,,,October 18th,,
807,Jimbei,ジンベエ,Jinbē,Jimbei;Jinbe (OPCG),"Grand Line (Ryugu Kingdom, Fish-Man Island)",Fish-Man District (former),430.0,528.0,Straw Hat Pirates;Straw Hat Grand Fleet;Sun Pirates (former);Ally of the Big Mom Pirates (former);Seven Warlords of the Sea (former);Ryugu Kingdom (resigned);Impel Down (former);Ninja-Pirate-Mink-Samurai Alliance (disbanded),Alive,,301.0,F,,,April 2nd,,
808,Jigra,ジグラ,Jigura,Jigra,,,830.0,860.0,Underworld; Organ Dealing Assassination Group (Non-Canon)≠,Deceased,,,,,,,,
809,Jewelry Bonney,Toshi Toshi no Mi,Juerī Bonī,Jewelry Bonney,Red Line (Mary Geoise),"South Blue (Sorbet Kingdom) (former); Egghead (former, temporary)",392.0,498.0,Bonney Pirates,Alive,,174.0,F,Age-Age Fruit,Paramecia,September 1st,,Age; Year
810,Jigoro,ジゴロウ,Jigorō,Jigoro,West Blue,,346.0,452.0,Thriller Bark Pirates,Deceased,59.0,238.0,S,,,February 21st,,
811,Jerry,ジェリー,Jerī,Jerry,South Blue (Karate Island),,253.0,362.0,CP6,Alive,,676.0,XF,,,February 22nd,,
812,Jero,ジェロ,Jero,Jero,,,606.0,680.0,Marines; G-5,Alive,,,,,,,,
813,Jesus Burgess,Riki Riki no Mi,Jīzasu Bājesu,"Jesus Burgess (VIZ, uncut dub);G. Zass Burgess (edited dub)",Grand Line,,146.0,222.0,Blackbeard Pirates,Alive,,355.0,F,Strong-Strong Fruit,Paramecia,December 25th,,Strength
814,Mokku Taun,モックタウン,Mokku Taun,,,,,,,,,,,Mock Town,,,,
815,Jīpu,ジープ,Jīpu,,,South Fire Kingdom,884.0,906.0,Levely,Alive,,,,,,,,
816,Dez Tinny,ジャン・ゴエン,Jan Goen,Dez Tinny,Grand Line,,423.0,526.0,,Alive,,,,,,September 24th,,
817,Jean Bart,ジャンバール,Janbāru,Jean Bart,,,391.0,497.0,Heart Pirates; his own crew (former); Ninja-Pirate-Mink-Samurai Alliance,Unknown,,,,,,April 6th,,
818,Jet,ジェット,Jetto,Jet; Jeet,,,633.0,704.0,Ideo Pirates; Straw Hat Grand Fleet,Alive,,,,,,,,
819,Jean Ango,ジャン・アンゴ,Jan Ango,Jean Ango,,,639.0,706.0,,Alive,,,,,,August 14th,,
820,Jarul,ヤルル,Yaruru,Jarul,Grand Line (Elbaf),Elbaf,836.0,866.0,Giant Warrior Pirates; Elbaf,Unknown,,2050.0,F,,,December 8th,,
821,St. Jaygarcia Saturn,ジェイガルシア・サターン聖,Jeigarushia Satān Sei,St. Jaygarcia Saturn,,Mary Geoise,151.0,233.0,Five Elders; World Nobles,Alive,,,,,,,,
822,Django,ジャンゴ,Jango,"Django (Viz, 4Kids, Funimation subs);Jango (Funimation dub, WT100, live-action series)",East Blue,,9.0,25.0,Marines; Black Cat Pirates (former),Alive,,207.0,S,,,December 28th,,
823,Jaki,四鬼（ジャキ）,Jaki,Jaki,,,955.0,954.0,Beasts Pirates (Numbers),Alive,,,,,,,,
824,Saint Jalmack,ジャルマック聖,Jarumakku Sei,Saint Jalmack,,Mary Geoise,502.0,588.0,World Government,Alive,,,,,,November 9th,,
825,Jaguar D. Saul,ハグワール・D（ディー）・サウロ,Haguwāru Dī Sauro,Jaguar D. Saul,South Blue,Elbaf,275.0,392.0,Marines (defected),Alive,,1950.0,F,,,March 6th,,
826,Jackson Burner,ジャクソンバナー,Jakusonbanā,Jackson Burner,,,968.0,967.0,Roger Pirates,Unknown,,,,,,,,
827,Zombie,ゾンビ,Zonbi,Zombie,,,,,,,,,,,,,,
828,Jabra,"Inu Inu no Mi, Model: Wolf",Jabura,Jabra,North Blue,Guanhao (former),264.0,375.0,CP0; CP9 (former),Alive,,212.0,S,Mutt-Mutt Fruit Wolf Model,Zoan,June 5th,,Dog
829,Jagger,ジャガー,Jagā,Jagger,,,1067.0,1039.0,Kid Pirates,Unknown,,,,,,,,
830,Jack,"Zou Zou no Mi, Model: Mammoth",Jakku,Jack,Grand Line,Wano Country,746.0,801.0,Beasts Pirates,Alive,,830.0,F,Elephant-Elephant Fruit,Ancient Zoan,September 28th,,Elephant
831,Iyan'ēnō Chinode,イヤンエーノウ・チノデ,Iyan'ēnō Chinode,,,,,1074.0,World Economy News Paper,Alive,,,,,,,,
832,Iwatobi,イワトビ,Iwatobi,,,Whiteland Kingdom,777.0,823.0,Levely,Alive,,,,,,,,
833,Izo,イゾウ,Izō,Izo,Grand Line (Wano Country),Wano Country (Ringo),461.0,553.0,Whitebeard Pirates (former); Kozuki Family,Deceased,,192.0,X,,,October 13th,,
834,Itomimizu,イトミミズ,Itomimizu,Itomimizu,,,209.0,306.0,Foxy Pirates,Alive,,,,,,January 11th,,
835,Isuka,イスカ,Isuka,Isuka,,,,,,Alive,,,,,,,,
836,Issho,Zushi Zushi no Mi,Isshō,Issho,Grand Line,,630.0,701.0,Marines,Alive,,270.0,S,Press-Press Fruit,Paramecia,August 10th,,Sound of heavy stomps
837,Ishilly,イシリー,Ishirī,Ishilly (Viz);Ishily (WT100),Grand Line (Ryugu Kingdom; Fish-Man Island),Mermaid Cove (Coral Hill),527.0,608.0,Mermaid Café,Alive,,,,,,May 4th,,
838,Island Eater,島食い,Shima Kui,Island Eater,Grand Line,,77.0,128.0,,Deceased,,,,,,April 21st,,
839,Islewan,アイルワン,Airuwan,Islewan,,,462.0,553.0,Whitebeard Pirates,Alive,,,,,,January 1st,,
840,Verree Finework,イーシゴ・シテマンナ,Īshigo Shiteman'na,Verree Finework,,Water 7,231.0,325.0,,Alive,,,,,,,,
841,Isa,イーサ,Īsa,Isa,,,168.0,256.0,Shandia,Alive,,,,,,,,
842,Matsu,いっぽんマツ,Ipponmatsu,Matsu (Viz)Ipponmatsu (WT100),East Blue (Loguetown),Loguetown,49.0,97.0,Loguetown Arms Shop,Alive,,157.0,X,,,January 31st,,
843,Inoichibannosuke,いの一番の助,Inoichibannosuke,,,Wano Country (Bakura Town),904.0,917.0,,Alive,,,,,,,,
844,Inuarashi,イヌアラシ,Inuarashi,DogstormDogupine (former)Inuarashi (WT100),Grand Line (Mokomo Dukedom),Zou (former) (Kurau City)Wano Country,756.0,808.0,Mokomo Dukedom; Musketeers; Kozuki Family; Inuarashi Musketeer Squad; Ninja-Pirate-Mink-Samurai Alliance (disbanded); Nine Red Scabbards; Roger Pirates (former); Whitebeard Pirates (former),Alive,,511.0,X,,,October 11th,,
845,Ippon Ume,いっぽんウメ,Ippon'ume,Ippon Ume,East Blue,Loguetown,49.0,97.0,Loguetown Arms Shop,Alive,,,,,,December 1st,,
846,Inuppe,犬ッペ,Inuppe,Dog PenguinInuppe (OPCG),,,345.0,451.0,Thriller Bark; Penguin Trio,Deceased,,,,,,December 16th,,
847,Indigo,インディゴ,Indigo,Indigo,,Merveille,429.0,0.0,Golden Lion Pirates,Alive,,,,,,December 5th,,
848,Inukai,犬飼,Inukai,,,Wano Country,926.0,932.0,,Alive,,,,,,,,
849,Inhel,インヘル,Inheru,Inhel,,,648.0,718.0,Tontatta Kingdom Scouting Unit; Tontatta Pirates; Straw Hat Grand Fleet,Alive,,,,,,,,
850,Inbi,一美（インビ）,Inbi,Inbi,,,955.0,954.0,Beasts Pirates (Numbers),Alive,,,,,,,,
851,Ikkaku (Heart Pirates),イッカク,Ikkaku,Ikkaku,,,757.0,810.0,Heart Pirates,Unknown,,,,,,December 7th,,
852,Ikkaku (Wano),一鶴,Ikkaku,,,Wano Country (Bakura Town),902.0,915.0,,Alive,,,,,,,,
853,Imu,イム,Imu,Imu,,Mary Geoise (Pangaea Castle),885.0,906.0,World Government,Alive,,,,,,,,
854,Inazuma,Choki Choki no Mi,Inazuma,Inazuma,South Blue,Baltigo (former); Momoiro Island,438.0,536.0,Kamabakka Kingdom; Newkama Land; Revolutionary Army; Impel Down (former),Alive,,228.0,F,Snip-Snip Fruit,Paramecia,August 3rd,,Sound of scissors
855,Igaram,イガラム,Igaramu,Igaram,Grand Line (Arabasta Kingdom),,64.0,106.0,Arabasta; Baroque Works (former),Alive,,218.0,X,,,December 6th,,
856,Ikaros Much,イカロス・ムッヒ,Ikarosu Muhhi,Ikaros Much,Grand Line (Ryugu Kingdom; Fish-Man Island),Fish-Man District (former),530.0,611.0,New Fish-Man Pirates,Alive,,499.0,XF,,,January 13th,,
857,Ideo,イデオ,Ideo,Ideo,Grand Line,,633.0,706.0,Ideo Pirates; Straw Hat Grand Fleet,Alive,,225.0,X,,,October 10th,,
858,Ideaman,アイデアマン,Aideaman,Ideaman,East Blue,,25.0,55.0,Krieg Pirates,Alive,,,,,,March 17th,,
859,Yves,イブス,Ibusu,Yves,,,671.0,738.0,Doerena Kingdom; Donquixote Pirates,Alive,,,,,,,,
860,"Ichika, Nika, Sanka, Yonka, Yonka Two","イチカ, ニカ, サンカ, ヨンカ, ヨンカツー","Ichika, Nika, Sanka, Yonka, Yonka Tsū","Ichika, Nika, Sanka, Yonka, Yonka Two",Grand Line (Ryugu Kingdom; Fish-Man Island),Mermaid Cove (Coral Hill),527.0,608.0,Neutral,Alive,,,,,,,,
861,Iceberg,アイスバーグ,Aisubāgu,Iceberg,Grand Line (Water 7),Water 7,230.0,323.0,Galley-La Company; Water 7; Tom's Workers (former),Alive,,199.0,X,,,January 3rd,,
862,Hyoutauros,ヒョウタウロス,Hyōtaurosu,Hyoutauros,,,582.0,658.0,Caesar Clown; Centaur Patrol Unit,Alive,,,,,,,,
863,Hyouzou,ヒョウゾウ,Hyōzō,Hyouzou,Grand Line (Ryugu Kingdom; Fish-Man Island),Ryugu Kingdom (former),527.0,607.0,New Fish-Man Pirates,Alive,,327.0,X,,,April 18th,,
864,Hyogoro,ヒョウ五郎,Hyōgorō,Hyogoro,,"Flower Capital (former); Udon, Wano Country",919.0,926.0,,Alive,,100.0,S,,,February 14th,,
865,Ibiributsu,イビリブツ,Ibiributsu,,,,919.0,926.0,Beasts Pirates,Alive,,,,,,,,
866,Humphrey,ハンフリー,Hanfurī,Humphrey,,,517.0,598.0,Sabaody Archipelago,Alive,,,,,,,,
867,Hublot,ウブロ,Uburo,Hublot,,,461.0,552.0,Spade Pirates,Alive,,,,,,,,
868,Hound,ハウンド,Haundo,Hound,,,,1078.0,Marines,Alive,,,,,,,,
869,Hototogisu,ホトトギス,Hototogisu,,,,705.0,766.0,Marines,Alive,,,,,,,,
870,Hotori and Kotori,ホトリとコトリ,Hotori to Kotori,Hotori and Kotori,Sky Islands (Birka),,171.0,261.0,God's Army,Unknown,,179.0,S,,,March 10th,,
871,Hustle,ハッスル,Hassuru,Hustle,East Blue,,,60.0,Krieg Pirates,Alive,,,,,,July 28th,,
872,House,ハウス,Hausu,House,,,1067.0,1038.0,Kid Pirates,Unknown,,,,,,,,
873,Hotei,ホテイ,Hotei,Hotei,,,951.0,951.0,Beasts Pirates; Kurozumi Family (former),Alive,,,,,,,,
874,Hon'nā,ホンナー,Hon'nā,,Lvneel Kingdom,,187.0,287.0,,Deceased,,,,,,,,
875,Hop,ホップ,Hoppu,Hop,,,,1040.0,Kid Pirates,Unknown,,,,,,,,
876,Hongo,ホンゴウ,Hongō,Hongo,,,489.0,1.0,Red Hair Pirates,Alive,,,,,,,,
877,Home,ホメ,Home,,,Wano Country (Mt. Atama),912.0,921.0,Mt. Atama Thieves,Alive,,,,,,,,
878,Holly,ホーリー,Hōrī,Holly (VIZ); Holy (Funimation),,,155.0,241.0,God's Army,Alive,,,,,,November 7th,,
879,Holdem,ホールデム,Hōrudemu,Holdem,Wano Country,"Bakura Town, Wano Country",901.0,915.0,Beasts Pirates,Alive,,312.0,F,Lion SMILE,Artificial Zoan,August 21st,,
880,Michael and Hoichael,マイケル&ホイケル,Maikeru ando Hoikeru,Michael and Hoichael,,Water 7,313.0,432.0,Auntie,Alive,,,,,,July 18th,,
881,Hogback,ホグバック,Hogubakku,Hogback,West Blue,,340.0,446.0,Thriller Bark Pirates (Mysterious Four),Alive,,223.0,XF,,,December 19th,,
882,Hoe,ホエ,Hoe,Hoe,,Ryugu Palace,530.0,611.0,King Neptune; Fish-Man Island (Ryugu Kingdom),Alive,,,,,,September 13th,,
883,Hody Jones,ホーディ・ジョーンズ,Hōdi Jōnzu,"Hody Jones (Viz),Hordy Jones (FUNimation)",Grand Line (Ryugu Kingdom; Fish-Man Island),Fish-Man District (former),527.0,608.0,New Fish-Man Pirates; Ally of the Flying Pirates (former); Ryugu Kingdom (former),Alive,,331.0,F,,,April 14th,,
884,Hocker,ホッカー,Hokkā,Hocker,East Blue (Orange Town),Orange Town,6.0,12.0,Chouchou,Deceased,,,,,,May 17th,,
885,Hocha,ホチャ,Hocha,Hocha,,,275.0,391.0,Ohara Archaeologists,Deceased,,,,,,,,
886,Hou,ホウ,Hō,Hou (Viz)Ooh (WT100),,,128.0,213.0,Nefertari Family,Alive,,,,,,,,
887,Duke Genghis Baan,ひつギスカン公爵,Hitsugisukan Kōshaku,Duke Genghis Baan,,Zou,968.0,963.0,Mokomo Dukedom,Unknown,,,,,,,,
888,Hiroshi,ひろし,Hiroshi,,,Wano Country (Bakura Town),901.0,915.0,,Alive,,,,,,,,
889,Hiriluk,ヒルルク,Hiruruku,HirilukHiruruku (Odex),Grand Line (Drum Kingdom),Drum Island,85.0,141.0,,Deceased,68.0,213.0,F,,,January 12th,,
890,Hiramela,ヒラメラ,Hiramera,Hiramela (Viz);Hiramera (FUNimation),Grand Line (Ryugu Kingdom; Fish-Man Island),Mermaid Cove (Coral Hill),527.0,608.0,Mermaid Café,Alive,,,,,,,,
891,Hippo Gallant,カバ紳士,Kaba Shinshi,Hippo Gallant (Viz); Gentleman Hippopotamus (Funimation Sub); Hippo Gentleman (Funimation Dub),,,345.0,451.0,Thriller Bark Pirates,Deceased,,,,,,,,
892,Burn Scar,ヒノキズ,Hinokizu,Burn Scar,,,1083.0,1056.0,,Alive,,,,,,,,
893,Hip,ヒップ,Hippu,Hip,,,1065.0,1038.0,Kid Pirates,Unknown,,,,,,,,
894,Hina,Ori Ori no Mi,Hina,Hina,West Blue,,127.0,171.0,Marines (Black Cage Corps),Alive,,181.0,F,Bind-Bind Fruit,Paramecia,March 3rd,,Cage
895,Hildon,ヒルドン,Hirudon,Hildon,,,339.0,444.0,Thriller Bark Pirates,Deceased,,,,,,,,
896,Hihimaru,ひひ丸,Hihimaru,Hihimaru,,"Kuri, Wano Country",892.0,910.0,Beasts Pirates (defected),Alive,,,,,,,,
897,Hidayū,火太夫,Hidayū,,,Wano Country (Flower Capital),918.0,926.0,Kozuki Family; Ninja-Pirate-Mink-Samurai Alliance,Alive,,,,,,,,
898,Higuma,ヒグマ,Higuma,Higuma,East Blue,,4.0,1.0,Higuma Bandits,Deceased,46.0,190.0,X,,,November 18th,Tamer Burjaq,
899,Hibari,ひばり,Hibari,Hibari,,,1090.0,1061.0,Marines; SWORD,Alive,,,,,,,,
900,Herb,ハーブ,Hābu,Herb,,,187.0,287.0,Shandia,Deceased,,,,,,,,
901,Hewitt,ヒューイット,Hyūitto,Hewitt,,,146.0,223.0,Bellamy Pirates,Unknown,,,,,,,,
902,Heracles,ヘラクレス,Herakuresu,Heracles,South Blue,Boin Archipelago,420.0,524.0,,Alive,,214.0,F,,,May 10th,,
903,Hera,ヘラ,Hera,Hera,,,1028.0,1011.0,Big Mom Pirates,Unknown,,,,,,,,
904,Heppoko,ヘッポコ,Heppoko,Heppoko,East Blue,Goat Island,1.0,2.0,Alvida Pirates,Alive,,,,,,September 2nd,Rendani Mufamadi,
905,Hattori,ハットリ,Hattori,Hattori,,,230.0,323.0,CP0; CP9 (former); Galley-La (former),Alive,,,,,,August 10th,,
906,Heat,ヒート,Hīto,Heat,South Blue,,394.0,500.0,Kid Pirates,Unknown,,,,,,December 1st,,
907,Hatchan,はっちゃん,Hatchan,Hatchan,,Fish-Man District (former); Arlong Park (former),31.0,69.0,Takoyaki 8; Arlong Pirates (former); Sun Pirates (former),Alive,,220.0,S,,,August 8th,,
908,Helmeppo,ヘルメッポ,Herumeppo,Helmeppo,,Shells Town (former),2.0,3.0,Marines (Headquarters; SWORD) (formerly 153rd Branch),Alive,,179.0,S,,,July 16th,Aidan Scott,
909,Haccha,八茶,Hatcha,Haccha,Punk Hazard,,987.0,981.0,Beasts Pirates (Numbers),Alive,,6680.0,XF,,,October 8th,,
910,Pincers,ハサミ,Hasami,"Pincers (VIZ, 4Kids, Funimation subs)Scissors (Funimation dub)",,Arabasta Kingdom; Ukkari Hot-Springs Island,110.0,176.0,Ukkari Hot-Spring Island; Matsuge; Straw Hat Pirates (temporary),Alive,,,,,,,,
911,Victimothy Crucifixio,ハリーツ・ケンディヨ,Harītsu Kendiyo,Victimothy Crucifixio,,,511.0,594.0,,Unknown,,,,,,,,
912,Haruta,ハルタ,Haruta,Haruta,South Blue,,461.0,553.0,Whitebeard Pirates,Alive,,,,,,February 4th,,
913,Harisenbon,ハリセンボン,Harisenbon,Harisenbon,Grand Line (Ryugu Kingdom; Fish-Man Island),Fish-Man District (former),555.0,617.0,New Fish-Man Pirates,Alive,,,,,,,,
914,Haredas,ハレダス,Haredasu,Haredas,Sky Islands (Birka),Weatheria,418.0,523.0,,Alive,,253.0,X,,,October 14th,,
915,Hara,原,Hara,,,Wano Country (Flower Capital),909.0,919.0,,Alive,,,,,,,,
916,Happīgan,ハッピーガン,Happīgan,,,,487.0,578.0,Whitebeard Pirates,Alive,,,,,,,,
917,Happa Yamao,ハッパ・ヤマオ,Happa Yamao,Happa Yamao,,Water 7; Pucci (former),241.0,341.0,,Alive,,,,,,,,
918,Hannyabal,ハンニャバル,Hannyabaru,Hannyabal,South Blue,,422.0,525.0,Impel Down,Alive,,309.0,S,,,August 28th,,
919,Hanji (Ninja-Pirate-Mink-Samurai ALliance),ハンジ,Hanji,,,,947.0,949.0,Ninja-Pirate-Mink-Samurai Alliance,Alive,,,,,,,,
920,Hanji (Prisoner),半次,Hanji,,,Wano Country (Flower Capital),922.0,929.0,,Alive,,,,,,,,
921,Hanzo,半ぞう,Hanzō,Hanzo,Wano Country,"Flower Capital, Wano Country",925.0,931.0,"Beasts Pirates; Orochi Oniwabanshu (former); Kozuki Family Oniwabanshu (anime only, former)",Alive,,544.0,F,,,August 3rd,,
922,Hanger,ハンガー,Hangā,Hanger,East Blue,Loguetown,48.0,97.0,Robecca Hanberg,Alive,,,,,,September 23rd,,
923,O-Hana,お花,O-Hana,,,"Flower Capital, Wano Country",973.0,971.0,,Unknown,,,,,,,,
924,Hanko,半公,Han-kō,Hanko,,"Ebisu Town, Wano Country",937.0,940.0,,Alive,,,,,,,,
925,Hangan,ハンガン,Hangan,Hangan,,,465.0,556.0,Ally of the Whitebeard Pirates,Alive,,,,,,,,
926,Hammond,ハモンド,Hamondo,Hammond,Grand Line (Ryugu Kingdom; Fish-Man Island),Fish-Man District (former),526.0,607.0,New Fish-Man Pirates,Alive,,,,,,July 17th,,
927,Hamlet,ハムレット,Hamuretto,Hamlet,,,982.0,994.0,Beasts Pirates,Alive,,,,Giraffe SMILE,Artificial Zoan,,,
928,Hamburg,ハンバーグ,Hanbāgu,Hamburg,,,207.0,305.0,Foxy Pirates; Groggy Monsters,Alive,,,,,,February 22nd,,
929,Hakugan,ハクガン,Hakugan,Hakugan,,,757.0,810.0,Heart Pirates,Unknown,,,,,,,,
930,Ham Burger,ハン・バーガー,Han Bāgā,Ham Burger,,Ballywood Kingdom,777.0,823.0,,Alive,,,,,,July 20th,,
931,Boxer,ハコワン,Hakowan,Boxer,,,778.0,245.0,Wapol; Black Drum Kingdom,Alive,,,,,,,,
932,Huck,ハック,Hakku,Huck,,,275.0,391.0,Ohara Archaeologists,Deceased,,,,,,,,
933,Hajrudin,ハイルディン,Hairudin,Hajrudin,Grand Line (Elbaf),Elbaf,639.0,706.0,"New Giant Warrior Pirates, Buggy's Delivery (resigned); Straw Hat Grand Fleet",Alive,,2200.0,XF,,,August 12th,,
934,Hack,ハック,Hakku,Hack,Grand Line (Ryugu Kingdom; Fish-Man Island),Ryugu Kingdom (former)Baltigo (former)Momoiro Island,633.0,706.0,Revolutionary Army,Alive,,280.0,F,,,August 9th,,
935,Gyaro,ギャロ,Gyaro,Gyaro,Grand Line (Ryugu Kingdom; Fish-Man Island),Ryugu Kingdom (former),386.0,197.0,Macro Pirates; Sun Pirates (former),Alive,,,,,,,,
936,Gyro,ジャイロ,Jairo,Gyro,,,530.0,611.0,"Gyro Pirates, New Fish-Man Pirates (ruse, former)",Alive,,,,,,June 22nd,,
937,Gyogyo,ギョギョ,Gyogyo,Gyogyo,South Blue,Sorbet Kingdom (former),392.0,498.0,Bonney Pirates,Alive,,,,,,,,
938,Gyoll,ギョル,Gyoru,Gyoll (WT100);Gyoru (Live-Action),East Blue (Goa Kingdom),Foosha Village,45.0,1.0,,Alive,,,,,,March 7th,,
939,Guillotine,ギロチン,Girochin,Guillotine,,,,1078.0,Marines,Alive,,,,,,,,
940,Guernica,ゲルニカ,Gerunika,Guernica,,,635.0,705.0,CP0,Unknown,,,,,,,,
941,Gorobe,ごろ兵衛,Gorobē,GorobeiGorobe (WT100),,"Okobore Town, Kuri, Wano Country",916.0,924.0,,Unknown,,,,,,,,
942,Gram,グラム,Guramu,Gram,,,275.0,391.0,Ohara Archaeologists,Deceased,,,,,,,,
943,Gotti,ゴッティ,Gotti,Gotti,West Blue,,783.0,825.0,Fire Tank Pirates,Alive,,375.0,S,,,May 21st,,
944,Great Michael,グレートミカエル,Gurēto Mikaeru,Great Michael,,,,563.0,Ally of the Whitebeard Pirates,Alive,,,,,,,,
945,Grabba,グラバー,Gurabā,Grabba,,,647.0,717.0,Tontatta Kingdom,Alive,,,,,,,,
946,Goro,ゴロー,Gorō,Goro,,Ukkari Hot-Spring Island; Arabasta (former),,316.0,Ukkari Hot-Spring Island,Alive,,,,,,November 26th,,
947,Gorilla,ゴリラ,Gorira,Gorilla,,,514.0,596.0,Marines,Alive,,,,,,May 18th,,
948,Gonbe,ゴンベ,Gonbe,Gonbe,,Water 7,229.0,322.0,Chimney,Alive,,,,,,February 8th,,
949,Goo,グー,Gū,Goo,,,375.0,483.0,Pirate crew,Alive,,,,,,,,
950,Gorishiro,ゴリ四郎,Gorishirо̄,Gorishiro,,,982.0,978.0,Beasts Pirates,Alive,,,,,,,,
951,Gomora,ゴモラ, Gomora,"Gomora (VIZ),Gomorrah (FUNimation)",,Water 7,256.0,366.0,Franky Family,Alive,,,,,,August 6th,,
952,Goldberg,ゴールドバーグ,Gōrudobāgu,Goldberg,,Elbaf,836.0,899.0,New Giant Warrior Pirates; Buggy's Delivery (former)   Straw Hat Grand Fleet,Alive,,,,,,May 11th,,
953,Gol D. Roger,ゴール・D（ディー）・ロジャー,Gōru Dī Rojā,Gol D. Roger,East Blue (Loguetown),,1.0,1.0,Roger Pirates,Deceased,53.0,274.0,S,,,December 31st,Michael Dorman,
954,Goki,五鬼（ゴーキ）,Gōki,Goki,,,955.0,954.0,Beasts Pirates (Numbers),Alive,,,,,,,,
955,Goldfish Princess,金魚姫,Kingyohime,Goldfish Princess,,,,189.0,Goldfish Empire,Alive,,,,,,,,
956,Gode,ゴーデ,Gōde,Gode,,,169.0,256.0,God's Army,Unknown,,,,,,,,
957,Going Merry,ゴーイング・メリー号,Gōingu Merī-gō,"Going Merry (Uncut dub)Merry Go (VIZ, Edited dub)",,,17.0,41.0,,Destroyed,,1100.0,,,,,,
958,Gurōbu,グローブ,Gurōbu,,,,309.0,427.0,Marines,Alive,,,,,,,,
959,Gloriosa,グロリオーサ,Guroriōsa,Gloriosa,Calm Belt (Amazon Lily),Amazon Lily,408.0,514.0,KujaRocks Pirates (former),Alive,,,,,,February 4th,,
960,Gismonda,ジスモンダ,Jisumonda,Gismonda,,,635.0,705.0,CP0,Alive,,,,,,,,
961,Gladius,Pamu Pamu no Mi,Guradiusu,Gladius,North Blue,Spider Miles (former); Dressrosa (former),608.0,682.0,Donquixote Pirates,Alive,,260.0,XF,Pop-Pop Fruit,Paramecia,August 6th,,Rupture
962,Giovanni,ジョバンニ,Joban'ni,Giovanni,Grand Line (Mokomo Dukedom),"Kurau City, Zou",758.0,809.0,Mokomo Dukedom; Inuarashi Musketeer Squad,Alive,,226.0,S,,,July 20th,,
963,Gion,ギオン,Gion,Gion,,,887.0,907.0,Marines,Alive,,,,,,,,
964,Giolla,Ato Ato no Mi,Jōra,Giolla,North Blue,Spider Miles (former); Dressrosa (former),608.0,682.0,Donquixote Pirates,Alive,,221.0,S,Art-Art Fruit,Paramecia,January 25th,,Art
965,Ginrummy,ジンラミー,Jinramī,Ginrummy,,,739.0,795.0,Beasts Pirates,Unknown,,,,SMILE,Artificial Zoan,January 23rd,,
966,Ginny,ジニー,Jinī,Ginny,,South Blue (Sorbet Kingdom); Mary Geoise (former),,1095.0,Revolutionary Army (East Army); Freedom Fighters (former),Deceased,39.0,,,,,,,
967,Ginko,ギンコ,Ginko,Ginko,,,608.0,682.0,Punk Hazard,Alive,,,,,,,,
968,Ginnosuke,銀のすけ,Ginnosuke,,,Wano Country (Flower Capital),909.0,919.0,,Alive,,,,,,,,
969,Giro Chintarō,義浪チン太郎,Giro Chintarō,,,Wano Country (Flower Capital),892.0,909.0,,Alive,,,,,,,,
970,Gina,ジーナ,Jīna,Gina,,,215.0,318.0,Foxy Pirates,Alive,,,,,,,,
971,Gin,ギン,Gin,"Gin (Viz);Ghin (4Kids, Funimation)",East Blue,,21.0,44.0,Krieg Pirates,Unknown,,186.0,S,,,April 7th,Litha Bam,
972,Gimlet,ギムレット,Gimuretto,Gimlet,,,715.0,775.0,,Deceased,,,,,,,,
973,Gig,ギグ,Gigu,Gig,,,1067.0,1024.0,Kid Pirates,Unknown,,,,,,,,
974,Ribbitini,ゲロティニー,Gerotinī,Ribbitini,,,,1079.0,Puddle Pirates; Red Hair Pirates,Alive,,,,,,,,
975,Gerd,ゲルズ,Geruzu,Gerd,Grand Line (Elbaf),Elbaf,836.0,866.0,New Giant Warrior Pirates; Buggy's Delivery (former); Straw Hat Grand Fleet,Alive,,1700.0,S,,,February 25th,,
976,Giberson,ギバーソン,Gibāson,Giberson,,,828.0,860.0,Underworld,Alive,,,,,,August 14th,,
977,George Mach,ジョージ・マッハ,Jōji Mahha,George Mach,,,217.0,313.0,Foxy Pirates,Alive,,,,,,,,
978,Genzo,ゲンゾウ,Genzō,Genzo,East Blue (Conomi Islands),Cocoyasi Village,32.0,71.0,Cocoyasi Village,Alive,,173.0,F,,,June 17th,Grant Ross,
979,Inperu Daun,インペルダウン,Inperu Daun,,,,,,,,,,,Impel Down,,,,
980,Genbo,ゲンボウ,Genbō,GenbouGenbo (OPCG),Sky Islands (Skypiea),,163.0,249.0,Shandia; God's Guards,Alive,,193.0,S,,,February 9th,,
981,Genrin,玄林,Genrin,,,"Ebisu Town, Wano Country",937.0,940.0,,Alive,,,,,,,,
982,Gem,Bomu Bomu no Mi,Jemu,Gem,South Blue,,65.0,110.0,New Spiders Cafe; Baroque Works (former),Alive,,197.0,X,Bomb-Bomb Fruit,Paramecia,July 26th,,Japanese pronunciation of bomb
983,Gedatsu,ゲダツ,Gedatsu,"Gedatsu (Viz, Uncut dub); Gedatz (Edited dub)",Sky Islands (Birka),Ukkari Hot-Spring IslandSkypiea (former)Birka (former),155.0,241.0,Ukkari Hot-Spring Island; God's Army (former),Alive,,220.0,S,,,August 10th ,,
984,Gecko Moria,Kage Kage no Mi,Gekkō Moria,Gecko Moria,West Blue,Florian Triangle (former); Thriller Bark,343.0,449.0,Thriller Bark Pirates (Mysterious Four);Seven Warlords of the Sea (former);Gecko Pirates (former),Alive,,692.0,X,Shadow-Shadow Fruit,Paramecia,September 6th,,Shadow
985,Gazelle-Man,ガゼルマン,Gazeruman,Gazelle-Man (Viz)Gazelleman (Funimation),,,900.0,914.0,Beasts Pirates; Tama,Alive,,,,Gazelle SMILE,Artificial Zoan,,,
986,Gatherine,ギャサリン,Gyasarin,Gatherine,,,266.0,379.0,World Government,Alive,,,,,,,,
987,Gyats,ギャッツ,Gyattsu,Gyats,,,631.0,702.0,Corrida Colosseum,Alive,,,,,,August 26th,,
988,Ganryu (Roger Pirates),眼竜（ガンリュウ）,Ganryū,Ganryu,,,968.0,966.0,Roger Pirates,Unknown,,,,,,,,
989,Ganryu (Spade Pirates),ガンリュウ,Ganryū,Ganryu,,,461.0,552.0,Spade Pirates,Alive,,,,,,,,
990,Ganfor,ガン・フォール,Gan Fōru,Ganfor (VIZ; Funimation simulcast);Gan Fall (Funimation);Gunfall (4Kids),Grand Line (Skypiea),,153.0,237.0,Skypiea,Alive,,180.0,X,,,December 22nd,,
991,Gambo,ギャンボ,Gyanbo,Gambo,,Baltigo (former); Momoiro Island,883.0,905.0,Revolutionary Army,Alive,,,,,,,,
992,Toad Boingnosuke,ガマ・ピョンの助,Gama Pyonnosuke,Toad Boingnosuke,,Wano Country,892.0,909.0,,Alive,,,,,,,,
993,Gambia,ガンビア,Ganbia,Gambia,,,634.0,705.0,Barto Club; Straw Hat Grand Fleet,Alive,,,,,,February 18th,,
994,Gancho,ガンチョ,Gancho,Gancho,,,641.0,711.0,Tontatta Kingdom,Alive,,,,,,,,
995,Mr. 3/Galdino,Doru Doru no Mi,Gyarudīno,Mr. 3/Galdino,South Blue,Karai Bari Island,70.0,117.0,Cross Guild; Buggy's Delivery; Buggy and Alvida Alliance; Baroque Works (formerly),Alive,,179.0,F,Wax-Wax Fruit,Paramecia,March 3rd,,Candle
996,"Jolly, Gary",ギャリー,Gyarī,"Jolly, Gary (VIZ Media);Gally (Funimation)",,,48.0,902.0,Gally Pirates,Alive,,,,,,,Nkululeko Chunky Phiri,
997,Gal,ガル,Garu,Gal,,,606.0,680.0,Marines; G-5,Alive,,,,,,,,
998,Berry,ベリー,Berī,Berry,,,,,,,,,,,,,,
999,Gaimon,ガイモン,Gaimon,Gaimon,East Blue,Island of Rare Animals,18.0,22.0,,Alive,,130.0,X,,,August 5th,,
1000,Gobble,ガブル,Gaburu,Gobble;Gaburu (Current);Gabull,,,921.0,702.0,Unknown rebel group,Deceased,,,,,,,,
1001,Galaxy,ギャラクシー,Gyarakushī,Galaxy,,,,437.0,Automata,Alive,,,,,,,,
1002,Gabu,ガブ,Gabu,Gabu,,,489.0,580.0,Red Hair Pirates,Alive,,,,,,,,
1003,Fuza,フザ,Fuza,Fuza,,,155.0,241.0,God's Army,Alive,,,,,,February 3rd,,
1004,Furāri,フラーリ,Furāri,,,Nagagutsu Kingdom,884.0,906.0,Levely,Alive,,,,,,,,
1005,Funkfreed,Zou Zou no Mi,Fankufurīdo,"Funkfreed (FUNimation, Viz manga);Funk Freed (Unlimited Adventure)",,,254.0,365.0,"CP0, CP9 (former)",Alive,,,,Elephant-Elephant Fruit,Zoan,April 28th (Elephant Day),,Elephant
1006,Fukurokuju,福ロクジュ,Fukurokuju,Fukurokuju,Wano Country,"Flower Capital, Wano Country",925.0,931.0,Kurozumi Family; Beasts Pirates (former); Orochi Oniwabanshu (former); Kozuki Family (former),Unknown,,221.0,X,,,March 29th,,
1007,Fukurô,フクロウ,Fukurō,Fukurô (Viz); Fukurou (FUNimation) (former),Grand Line,,264.0,375.0,CP0; CP9 (former),Alive,,331.0,S,,,June 29th,,
1008,Fullbody,フルボディ,Furubodi,Fullbody;Full Body (Live-Action),North Blue,,20.0,43.0,Marines,Alive,,184.0,F,,,September 7th,Jean Henry,
1009,Fukumi,福み,Fukumi,Fukumi,,,,,,Deceased,,,,,,,,
1010,Fujin,風刃,Fūjin,Fujin,Wano Country,"Flower Capital, Wano Country",925.0,931.0,Beasts Pirates; Orochi Oniwabanshu (former); Kurozumi Family (former),Alive,,200.0,X,,,February 4th,,
1011,Fukaboshi,フカボシ,Fukaboshi,Fukaboshi,Grand Line (Ryugu Kingdom),Ryugu Palace,528.0,609.0,Neptune Family,Alive,,604.0,S,,,February 4th,,
1012,Fugetsu Omusubi,風月おむすび,Fūgetsu Omusubi,Fugetsu Omusubi,,,1048.0,1024.0,,Deceased,,,,,,,,
1013,Francois,フランソワ,Furansowa,Francois,,,438.0,537.0,Newkama Land (former),Alive,,,,,,,,
1014,Franky,フランキー,Furankī,Franky;Frankie (originally),South Blue,"Water 7 (former);Karakuri Island (former, temporary)",233.0,329.0,Straw Hat Pirates;Straw Hat Grand Fleet;Franky Family (former);Tom's Workers (former);Ninja-Pirate-Mink-Samurai Alliance (disbanded),Alive,,225.0,XF,,,March 9th,,
1015,Fuga,二牙（フーガ）,Fūga,Fuga,,,1055.0,991.0,Beasts Pirates (Numbers),Alive,,,,Horse SMILE,Artificial Zoan,,,
1016,Foxy,Noro Noro no Mi,Fokushī,Foxy,South Blue,,207.0,305.0,Foxy Pirates,Alive,,180.0,S,Slow-Slow Fruit,Paramecia,April 4th,,Slowly; Sluggishly
1017,Fugar,フガー,Fugā,Fugar,,,,1079.0,Social Club; Red Hair Pirates,Alive,,,,,,,,
1018,Fourtricks,フォートリックス,Fōtorikkusu,Fourtricks,,,982.0,994.0,Beasts Pirates,Alive,,,,Chicken SMILE,Artificial Zoan,,,
1019,Fōryūbusu,フォーリュウブス,Fōryūbusu,,,,,566.0,Whitebeard Pirates,Alive,,,,,,,,
1020,Fossa,フォッサ,Fossa,Fossa,North Blue,,461.0,553.0,Whitebeard Pirates,Alive,,,,,,April 15th,,
1021,Forest Boss,森番長,Mori Banchō,Forest Boss,,Ukkari Hot-Spring Island,,333.0,Ukkari Hot-Spring Island; Gedatsu,Alive,,,,,,April 10th ,,
1022,Flair,フレア,Furea,Flair,,,,,Gérard,Deceased,,,,,,,,
1023,Flapper,フラッパー,Furappā,Flapper,,,641.0,711.0,Tontatta Kingdom; Tonta Corps; Straw Hat Grand Fleet,Alive,,,,,,July 28th,,
1024,Fisher Tiger,フィッシャー・タイガー,Fisshā Taigā,Fisher Tiger,Grand Line (Ryugu Kingdom; Fish-Man Island),Fish-Man District (former); Mary Geoise (former),415.0,521.0,Sun Pirates; Fish-Man District (former),Deceased,48.0,520.0,S (RH-),,,November 5th,,
1025,Saint Figarland Garling,フィガーランド・ガーリング聖,Figārando Gāringu Sei,Saint Figarland Garling,,Mary Geoise,,1086.0,World Government (God's Knights); Figarland Family,Alive,,,,,,,,
1026,Faust,ファウスト,Fausuto,Faust,North Blue,,490.0,508.0,Hawkins Pirates,Alive,,,,,,December 13th,,
1027,Farul,ファルル,Faruru,Farul,,,634.0,722.0,Beautiful PiratesStraw Hat Grand Fleet,Alive,,,,,,August 29th,,
1028,Fishbonen,フィッシュボーネン,Fisshubōnen,Fishbonen,,,511.0,594.0,Marines,Alive,,,,,,,,
1029,Fiyonce,フィヨンセ,Fiyonse,Fiyonce,Grand Line (Ryugu Kingdom; Fish-Man Island),Mermaid Cove (Coral Hill),527.0,608.0,Mermaid Café,Alive,,,,,,,,
1030,Falafra,ファラフラ,Farafura,Falafra (Viz);Faracia (FUNimation),,,105.0,167.0,Arabasta; Rebel Army (former),Alive,,,,,,,,
1031,Finamore,フィナモレ,Finamore,Finamore,,,461.0,552.0,Spade Pirates,Alive,,,,,,,,
1032,Fen Bock,フェン・ボック,Fen Bokku,Fen Bock,,,593.0,668.0,Caesar Clown,Alive,,,,,,,,
1033,Eustass Kid,Jiki Jiki no Mi,Yūsutasu Kiddo,Eustass Kid,South Blue,,392.0,498.0,Kid Pirates Ninja-Pirate-Mink-Samurai Alliance,Unknown,,205.0,F,Magnet-Magnet Fruit,Paramecia,January 10th,,Magnetism
1034,Esta,エスタ,Esuta,Esta,,,647.0,717.0,,Alive,,,,,,,,
1035,St. Ethanbaron V. Nusjuro,イーザンバロン・V（ブイ）・ナス寿郎聖,Īzanbaron Bui Nasujurō Sei,St. Ethanbaron V. Nusjuro,,Mary Geoise,151.0,233.0,Five Elders; World Nobles,Alive,,,,,,,,
1036,Eric,エリック,Erikku,Eric,,Arabasta Kingdom,105.0,167.0,Suna Suna Clan (former); Rebel Army (former),Alive,,,,,,,,
1037,Epony,エポニー,Eponī,Epony,,,804.0,841.0,Germa Kingdom,Alive,,,,,,August 2nd,,
1038,Epoida,エポイダ,Epoida,Epoida,,,467.0,553.0,Whitebeard Pirates,Alive,,,,,,June 4th,,
1039,Genista,エニシダ,Enishida,Genista (VIZ); Enishida (Funimation),Calm Belt (Amazon Lily),Amazon Lily,411.0,517.0,Kuja,Alive,,,,,,February 24th,,
1040,Elio,エリオ,Erio,Elio,,,959.0,967.0,Roger Pirates,Unknown,,,,,,,,
1041,Eneru,Goro Goro no Mi,Eneru,Eneru;Enel (WT100),Sky Islands (Birka),MoonUpper Yard (former); Birka (former),167.0,254.0,God's Army (former); Automata,Alive,,266.0,S,Rumble-Rumble Fruit,Logia,May 6th,,Sound of Thunder
1042,Emma,エマ,Ema,Emma,,,,1071.0,Kid Pirates,Unknown,,,,,,,,
1043,Emporio Ivankov,Horu Horu no Mi,Enporio Iwankofu,Emporio Ivankov,Grand Line (Kamabakka Kingdom),Momoiro IslandMary Geoise (former),438.0,537.0,Revolutionary Army; Freedom Fighters (former); Kamabakka Kingdom; Newkama Land (former),Alive,,449.0,XF,Horm-Horm Fruit,Paramecia,January 8th,,Hormone
1044,Elizabero II,エリザベローII世,Erizaberō Nisei,Elizabero II; Elizabello II,Grand Line (Prodence Kingdom),,632.0,704.0,Prodence Kingdom,Alive,,436.0,F,,,February 2nd,,
1045,Elmy,エルミー,Erumī,Elmy,,,460.0,551.0,Subordinate of the Whitebeard Pirates,Alive,,,,,,June 30th,,
1046,Eikon,エイコン,Eikon,,,Green Bit,641.0,711.0,Tontatta Tribe; Tonta Corps Straw Hat Grand Fleet,Alive,,,,,,,,
1047,Eggplant Soldier,ナス兵,Nasu-hei,Eggplant Soldier,,Whole Cake Island,802.0,849.0,Big Mom Pirates,Alive,,,,,,,,
1048,Ehgana,エーガナ,Ēgana,Ehgana,,,375.0,483.0,,Alive,,,,,,,,
1049,Eyri,エイリ君,Eiri-kun,Eyri,,Elbaf,836.0,866.0,,Unknown,,,,,,,,
1050,Edward Weevil,エドワード・ウィーブル,Edowādo Wīburu,Edward Weevil,Grand Line,,751.0,802.0,Seven Warlords of the Sea (former),Alive,,680.0,S,,,December 10th,,
1051,Edward Newgate,Gura Gura no Mi,Edowādo Nyūgēto,"Edward Newgate (VIZ, Funimation);Ward Newgate (4Kids)",Grand Line,Sphinx (former),95.0,159.0,Whitebeard Pirates; Rocks Pirates (former); Four Emperors (former),Deceased,72.0,666.0,F,Tremor-Tremor Fruit,Paramecia,April 6th,,Sound of shaking
1052,Edison,想（エジソン）,Ejison,Edison,,Egghead,1095.0,1065.0,Marines (SSG),Alive,,,,,,,,
1053,Eddy,エディ,Edi,Eddy,,,146.0,223.0,Bellamy Pirates,Unknown,,,,,,,,
1054,Duval,デュバル,Dyubaru,Duval,Grand Line,,386.0,491.0,Rosy Life Riders,Alive,,470.0,S,,,August 11th,,
1055,Ducky Bree,ダッキー・ブリー,Dakkī Burī,Ducky Bree,,,461.0,552.0,Spade Pirates,Alive,,,,,,,,
1056,Drug Peclo,ドラッグ・ピエクロ,Doraggu Piekuro,Drug Peclo,,,828.0,860.0,Underworld,Alive,,,,,,September 29th,,
1057,Drophy,Mogu Mogu no Mi,Dorofī,Drophy,Grand Line,,103.0,160.0,New Spiders Cafe; Baroque Works (former),Alive,,156.0,S,Mole-Mole Fruit,Zoan,December 25th,,Mole
1058,Gack,ドリップ,Dorippu,"Gack (VIZ);Drip (Funimation, WT100)",East Blue,,518.0,598.0,Fake Straw Hat Crew,Unknown,,208.0,XF,,,October 22nd,,
1059,Dragon Number Thirteen,ドラゴン十三號,Doragon Jūsan-gō,Dragon Number Thirteen,,Punk Hazard,579.0,655.0,,Deceased,,,,,,June 3rd,,
1060,Dotaku,道たく,Dōtaku,Dotaku,,Wano Country (Flower Capital),918.0,926.0,Kozuki Family,Alive,,,,,,,,
1061,Dracule Mihawk,ジュラキュール・ミホーク,Jurakyūru Mihōku,Dracule MihawkDiego Mihawk (Odex),,Kuraigana Island (former);Karai Bari Island,23.0,49.0,Cross Guild;Seven Warlords of the Sea (former),Alive,,198.0,S,,,March 9th,Steven John Ward;Theo Le Ray (young),
1062,Dorry,ドリー,Dorī,Dorry,Grand Line (Elbaf),ElbafLittle Garden (former),71.0,116.0,Giant Warrior Pirates,Alive,,2260.0,F,,,October 2nd,,
1063,Doringo,ドリンゴ,Doringo,Doringo,,,,0.0,Roger Pirates,Unknown,,,,,,,,
1064,Dorrow,ドロウ,Dorō,Dorrow,,,,,Marines,Alive,,,,,,,,
1065,Dolan,ドラン,Doran,Dolan,,,583.0,657.0,,Alive,,,,,,,,
1066,Dosun,ドスン,Dosun,Dosun,Grand Line (Ryugu Kingdom; Fish-Man Island),Fish-Man District (former),530.0,611.0,New Fish-Man Pirates,Alive,,418.0,S,,,October 9th,,
1067,Don Quixote Myosgard,ドンキホーテ・ミョスガルド聖,Donkihōte Myosugarudo Sei,"Don Quixote Myosgard (VIZ, Funimation dub (Ep 545), Funimation)Don Quixote Mjosgard (Funimation, former)",,Mary Geoise,545.0,625.0,World Government (Donquixote Family),Deceased,,,,,,December 13th,,
1068,Don Quixote Rocinante,Nagi Nagi no Mi,Donkihōte Roshinante,Don Quixote Rocinante (Viz); Donquixote Rosinante (Funimation subs); Don Quixote Rosinante (Funimation dub),Red Line (Mary Geoise),Mary Geoise (former)Spider Miles (former),686.0,761.0,Marines; Donquixote Pirates (undercover); World Government (former),Deceased,26.0,293.0,S,Calm-Calm Fruit,Paramecia,July 15th,,Calm
1069,Don Quixote Homing,ドンキホーテ・ホーミング,Donkihōte Hōmingu,Don Quixote Homing,,Mary Geoise (Former),699.0,760.0,World Government (Former),Deceased,,,,,,,,
1070,Don Quixote Doflamingo,Ito Ito no Mi,Donkihōte Dofuramingo,Don Quixote Doflamingo (VIZ);Donquixote Doflamingo (Funimation subs),Red Line (Mary Geoise),Mary Geoise (former);Downs (former);Spider Miles (former);Dressrosa (former),151.0,233.0,Donquixote Pirates;Impel Down;Underworld;World Government (secret);Seven Warlords of the Sea (former);Dressrosa (former),Alive,,305.0,X,String-String Fruit,Paramecia,October 23rd,,String; Thread
1071,Dōnannoyo,ドウナンノヨ,Dōnannoyo,,,,919.0,926.0,Beasts Pirates,Alive,,,,,,,,
1072,Donkino,ドンキーノ,Donkīno,Donkino,,,959.0,966.0,Roger Pirates,Unknown,,,,,,,,
1073,Donovan,ドノバン,Donoban,Donovan,,,,318.0,Foxy Pirates,Alive,,,,,,,,
1074,"Domo-kun, Nnke-kun","どーも君, ンーケ君","Dōmo-kun, Nnke-kun","Domo-kun, Nnke-kun",,,,9.0,,Alive,,,,,,January 30th (Domo-kun),,
1075,Domino,ドミノ,Domino,Domino,Grand Line,,422.0,526.0,Impel Down,Alive,,,,,,October 30th,,
1076,Doma,ドーマ,Dōma,Doma,,,460.0,551.0,Subordinate of the Whitebeard Pirates,Alive,,,,,,February 1st,,
1077,Doll,ドール,Dōru,Doll,,,1090.0,1061.0,Marines; G-14,Alive,,,,,,,,
1078,Dogura,ドグラ,Dogura,Dogura (Viz);Dogra (FUNimation),East Blue,Mt. Colubo,493.0,582.0,Dadan Family,Alive,,,,,,December 19th,,
1079,Doc Q,Shiku Shiku no Mi,Doku Kyū,Doc Q,North Blue,,146.0,223.0,Blackbeard Pirates,Alive,,342.0,S,Sick-Sick Fruit,Paramecia,October 18th,,Sick
1080,Dobby Ibadonbo,ドビー・イバドンボ,Dobī Ibadonbo,Dobby Ibadonbo,,,432.0,531.0,,Unknown,,,,,,,,
1081,Howja Geddinthere II,ドーハ・イッタンカII世,Dōha Ittanka Nisei,Howja Geddinthere II,,,430.0,529.0,,Unknown,,,,,,,,
1082,Doberman,ドーベルマン,Dōberuman,Doberman,,,302.0,420.0,Marines,Alive,,,,,,October 8th,,
1083,Dogya,ドギャ,Dogya,Dogya,,,461.0,552.0,Spade Pirates,Alive,,,,,,,,
1084,Dive,ダイブ,Daibu,Dive,,,1080.0,1024.0,Kid Pirates,Unknown,,,,,,,,
1085,Dobon,ドボン,Dobon,Dobon,,,919.0,926.0,Beasts Pirates,Alive,,,,Hippopotamus SMILE,Artificial Zoan,,,
1086,Disco,ディスコ,Disuko,Disco,Grand Line,Sabaody Archipelago,394.0,500.0,Donquixote Doflamingo (former); Human Auctioning House (former),Alive,,,,,,June 12th,,
1087,Diez Barrels,ディエス・バレルズ,Diesu Bareruzu,"Diez BarrelsX. Barrels (WT100, OPCG)",,Minion Island,704.0,765.0,Barrels Pirates; Marines (former),Deceased,,,,,,,,
1088,Earth Boss,土番長,Tsuchi Banchyō,Earth Boss,,Ukkari Hot-Spring Island,,326.0,Ukkari Hot-Spring Island; Gedatsu,Alive,,,,,,August 4th,,
1089,Diesel,ディーゼル,Dīzeru,Diesel,,Totto Land,786.0,827.0,Big Mom Pirates,Alive,,,,,,,,
1090,Disc J,ディスクJ（ジェイ）,Disuku Jei,Disc J,,,1079.0,1040.0,Kid Pirates,Unknown,,,,,,,,
1091,Didit,ディディット,Diditto,Didit,,,496.0,585.0,Goa Kingdom,Alive,,,,,,,,
1092,Diamante,Hira Hira no Mi,Diamante,Diamante,North Blue,Downs (former)Spider Miles (former)Dressrosa (former),629.0,700.0,Donquixote Pirates,Alive,,525.0,S,Ripple-Ripple Fruit,Paramecia,May 29th,,Flap; Flutter
1093,Devil Dias,デビル・ディアス,Debiru Diasu,Devil Dias (Viz); Devil (Funimation),,,391.0,497.0,Acumate Pirates,Unknown,,,,,,September 18th,,
1094,Denjiro,傳ジロー,Denjirō,Denjiro,Grand Line (Wano Country),Wano Country (Flower Capital),909.0,919.0,Kozuki Family; Nine Red Scabbards; Kyoshiro Family; Kurozumi Family (undercover),Alive,,306.0,XF,,,October 26th,,
1095,Den,デン,Den,Den,Grand Line (Ryugu Kingdom; Fish-Man Island),Sea Forest,534.0,616.0,,Alive,,435.0,X,,,October 10th,,
1096,Demaro Black,デマロ・ブラック,Demaro Burakku,"Demaro Black (Funimation),Demalo Black (Viz manga)",East Blue,,517.0,598.0,Fake Straw Hat Crew,Alive,,245.0,S,,,May 5th,,
1097,Dellinger,デリンジャー,Derinjā,Dellinger,North Blue,Spider Miles (former); Dressrosa (former),632.0,702.0,Donquixote Pirates,Alive,,145.0,S (RH-),,,August 11th,,
1098,Delacuaji,デラクアヒ,Derakuahi,Delacuaji,,,460.0,551.0,Subordinate of the Whitebeard Pirates,Alive,,,,,,September 1st,,
1099,Decalvan Brothers,ディカルバン兄弟,Dikaruban Kyōdai,Decalvan Brothers (Viz)DeCalvan Brothers (Funimation),,,460.0,551.0,Subordinates of the Whitebeard Pirates,Alive,,,,,,May 22nd,,
1100,Daruma,ダルマ,Daruma,Daruma,Grand Line (Ryugu Kingdom; Fish-Man Island),Fish-Man District (former),530.0,611.0,New Fish-Man Pirates,Alive,,122.0,F,,,July 8th,,
1101,Daz Bonez,Supa Supa no Mi,Dazu Bōnesu,Daz Bonez,West Blue,,103.0,160.0,Cross Guild; Baroque Works (former),Alive,,212.0,F,Dice-Dice Fruit,Paramecia,January 1st,,Sound of slicing
1102,Damask,ダマスク,Damasuku,Damask,,,652.0,706.0,,Alive,,,,,,,,
1103,Dalmation,ダルメシアン,Darumeshian,Dalmation (WT100)Dalmatian (OPCG),,,462.0,553.0,Marines,Alive,,,,,,November 1st,,
1104,Dalton,"Ushi Ushi no Mi, Model: Bison",Doruton,DaltonDolton (Odex),Grand Line (Drum Kingdom),Bighorn; Drum Castle (Former),79.0,132.0,Sakura Kingdom,Alive,,218.0,X,Ox-Ox Fruit,Zoan,June 10th,,Bison
1105,Daikoku,大黒,Daikoku,Daikoku,Wano Country,"Flower Capital, Wano Country",925.0,931.0,Beasts Pirates; Orochi Oniwabanshu; Kurozumi Family,Alive,,436.0,S,,,May 12th,,
1106,Daigin,ダイギン,Daigin,Daigin,West Blue,,432.0,531.0,Marines,Alive,,,,,,August 24th,,
1107,Daifugo,ダイフゴー,Daifugō,Daifugo,,,928.0,934.0,Beasts Pirates; Tama,Alive,,,,Scorpion SMILE,Artificial Zoan,,,
1108,Daisy,デージー,Dējī,Daisy,Calm Belt (Amazon Lily),Amazon Lily,410.0,516.0,Kuja; Kuja Pirates,Alive,,,,,,February 15th,,
1109,Daedalus,ダイダロス,Daidarosu,Daedalus (Viz); Daidalos (Funimation),Grand Line (Ryugu Kingdom; Fish-Man Island),Fish-Man District,550.0,630.0,,Deceased,,,,,,,,
1110,Daikon,ダイコン,Daikon,Daikon,,,664.0,732.0,Tontatta KingdomScouting UnitStraw Hat Grand Fleet,Alive,,,,,,,,
1111,Dagama,ダガマ,Dagama,Dagama,,,632.0,704.0,Prodence Kingdom,Alive,,,,,,September 26th,,
1112,Dachōman,ダチョウマン,Dachōman,,,,937.0,940.0,Beasts Pirates,Alive,,,,Ostrich SMILE,Artificial Zoan,,,
1113,Dadīdī,ダディーディー,Dadīdī,,East Blue (Conomi Islands),Cocoyasi Village,35.0,79.0,World Government Orphanage,Alive,,,,,,,,
1114,D.R.,ディーアール,Dī Āru,D.R. (VIZ)DR (Netflix),,,,,Cyrano,Deceased,,,,,,,,
1115,Shirano,シラノ,Shirano,Shirano,,,,,D.R.,Deceased,,,,,,,,
1116,Curiel,クリエル,Kurieru,Curiel,Grand Line,,461.0,552.0,Whitebeard Pirates,Alive,,,,,,September 12th,,
1117,Curly Dadan,カーリー・ダダン,Kārī Dadan,Curly Dadan,East Blue,Mt. Colubo,324.0,440.0,Dadan Family,Alive,,221.0,X,,,August 30th,,
1118,Crocus,クロッカス,Kurokkasu,Crocus,Grand Line,Reverse Mountain (Twin Cape),62.0,102.0,"Roger Pirates (former), Laboon",Alive,,203.0,XF,,,June 4th,,
1119,Kūran,クーラン,Kūran,,,Cameron Kingdom,884.0,906.0,Levely,Alive,,,,,,,,
1120,Crocodile,Suna Suna no Mi,Kurokodairu,Crocodile,Grand Line,"Rainbase, Arabasta (former)",76.0,126.0,Cross Guild;Seven Warlords of the Sea (former);Baroque Works (former);Impel Down (former),Alive,,253.0,S,Sand-Sand Fruit,Logia,September 5th,,Sand
1121,Cotton,コットン,Kotton,Cotton,,,648.0,718.0,Tontatta Kingdom Scouting Unit; Tontatta Pirates; Straw Hat Grand Fleet; Straw Hat Pirates,Alive,,,,,,,,
1122,Cosmos,コスモス,Kosumosu,Cosmos,Calm Belt (Amazon Lily),Amazon Lily,410.0,516.0,Kuja; Kuja Pirates,Alive,,,,,,September 26th,,
1123,Cosette,コゼット,Kozetto,Cosette,,,800.0,839.0,Germa Kingdom,Alive,,,,,,May 2nd,,
1124,Cosmo,コスモ,Kosumo,Cosmo,,,,437.0,Automata,Alive,,,,,,,,
1125,Cornelia,コーネリア,Kōneria,Cornelia,,,461.0,552.0,Spade Pirates,Alive,,,,,,,,
1126,Coribou,コリブー,Koribū,Coribou,North Blue,,519.0,600.0,"Caribou Pirates; Fake Straw Hat Crew (former, temporary)",Alive,,250.0,XF,,,May 2nd,,
1127,Corgy,コーギー,Kōgī,Corgy,,,233.0,328.0,World Government,Alive,,,,,,August 25th,,
1128,Conis,コニス,Konisu,Conis,Grand Line (Skypiea),,154.0,239.0,Pumpkin Cafe,Alive,,176.0,F,,,May 20th,,
1129,Conney,コニー,Konī,Conney; Connie (Former: Chapter 1099)‡,,Sorbet Kingdom,,1099.0,,Alive,,,,,,,,
1130,Concelot,コンスロット,Konsurotto,Concelot,Grand Line (Mokomo Dukedom),"Kurau City, Zou",758.0,809.0,Mokomo Dukedom; Inuarashi Musketeer Squad  Ninja-Pirate-Mink-Samurai Alliance (disbanded),Alive,,204.0,F,,,November 2nd,,
1131,Comp,コンポ,Konpo,Comp,,,1066.0,1040.0,Kid Pirates,Unknown,,,,,,,,
1132,Komille,コーミル,Kōmiru,Komille (Viz)Comille (WT100),,,421.0,289.0,Marines; G-2,Alive,,,,,,October 1st,,
1133,Columbus,コロンブス,Koronbusu,Columbus,,,,906.0,Yonta Maria Grand Fleet; Straw Hat Grand Fleet,Alive,,,,,,May 16th,,
1134,Colscon,コルスコン,Korusukon,Colscon,,,,574.0,Whitebeard Pirates,Alive,,,,,,,,
1135,Cocoa,ココア,Kokoa,Cocoa,East Blue,,518.0,598.0,Fake Straw Hat Crew,Alive,,138.0,X,,,November 7th,,
1136,Buckox,ココックス,Kokokkusu,Buckox,East Blue (Island of Rare Animals),Island of Rare Animals,18.0,22.0,Animals of the Island of Rare Animals,Alive,,,,,,February 19th,,
1137,Clover,クローバー,Kurōbā,Clover,West Blue (Ohara),,275.0,391.0,Ohara Scholars,Deceased,85.0,172.0,X,,,April 8th,,
1138,Kobān,コバーン,Kobān,,Jaya,,187.0,288.0,Shandia,Deceased,,,,,,,,
1139,Chuji,忠治,Chūji,Chuji,,,1061.0,1034.0,,Alive,,,,,,,,
1140,Clapp,クラップ,Kurappu,Clapp,South Blue (Sorbet Kingdom),Sorbet Kingdom; Mary Geoise (former),,1095.0,,Deceased,,,,,,,,
1141,Chuchun,チュチューン,Chuchūn,Chuchun (Viz);Chirp Chirp (FUNimation),,,209.0,306.0,Foxy Pirates,Alive,,,,,,,,
1142,Chome,ちょめ,Chome,Chome,Wano Country,"Flower Capital, Wano Country",925.0,931.0,Beasts Pirates; Orochi Oniwabanshu (former); Kurozumi Family (former),Alive,,150.0,F,,,April 24th,,
1143,Chouchou,シュシュ,Shushu,Chouchou;Shushu (WT100),East Blue (Organ Islands),Orange Town,6.0,12.0,Hocker,Alive,,40.0,,,,November 22nd,,
1144,Chocolat,ショコラ,Shokora,Chocolat,East Blue,,517.0,598.0,Fake Straw Hat Crew,Unknown,,181.0,X,,,September 21st,,
1145,Choi,チョイ,Choi,Choi,,,464.0,555.0,Ally of the Whitebeard Pirates,Alive,,,,,,,,
1146,Clione,クリオネ,Kurione,Clione,,,757.0,810.0,Heart Pirates,Unknown,,,,,,February 17th,,
1147,Choco-Police,チョコポリス,Chokoporisu,Choco-Police (VIZ); Chocopolice (Funimation),,"Chocolat Town, Cacao Island, Totto Land",786.0,827.0,Cacao Island,Unknown,,,,,,,,
1148,Ocho,お蝶,O-Chō,Ocho,,,946.0,952.0,,Alive,,,,,,,,
1149,Chiya,チヤ,Chiya,,Jaya,,187.0,287.0,Shandia,Deceased,,,,,,,,
1150,Chihaya,千早,Chihaya,,,Wano Country (Flower Capital),909.0,919.0,,Alive,,,,,,,,
1151,Chimney,チムニー,Chimunī,Chimney,Grand Line (Water 7),Water 7 (Shift Station),229.0,322.0,Kokoro,Alive,,115.0,S,,,June 2nd,,
1152,Qing Jiao,チンジャオ,Chinjao,Qing Jiao; Chin Jao,West Blue (Kano Country),Kano Country,632.0,704.0,Chinjao Family; Happo Navy; Straw Hat Grand Fleet,Alive,,520.0,F,,,December 12th,,
1153,O-Chōchō,お蝶々,O-Chōchō,,,Wano Country (Okobore Town; formerly Bakura Town),912.0,921.0,,Alive,,,,,,,,
1154,Mrs. Chicken,チキン,Chikin,Mrs. Chicken,East Blue (Goa Kingdom),Foosha Village,505.0,1.0,,Alive,,,,,,February 8th,,
1155,Chichilisia,チチリシア,Chichirishia,Chichilisia,,,,879.0,,Alive,,,,,,,,
1156,Chikori,チコリ,Chikori,,,Green Bit,672.0,738.0,Tontatta Tribe; Tonta CorpsStraw Hat Grand Fleet,Alive,,,,,,,,
1157,Choo,チュウ,Chū,Choo;Chu (Live-Action),"Grand Line (Ryugu Kingdom, Fish-Man Island)",Fish-Man District (former); Arlong Park (former),31.0,69.0,Arlong Pirates; Sun Pirates (former),Alive,,257.0,X,,,May 23rd,Len-Barry Simons,
1158,Chesskipper,チェスキッパ,Chesukippa,Chesskipper,,,278.0,398.0,,Unknown,,,,,,,,
1159,Charlotte Zuccotto,シャーロット・ズコット,Shārotto Zukotto,Charlotte Zuccotto,,Liqueur Island,832.0,862.0,Charlotte Family; Big Mom Pirates,Alive,,,,,,,,
1160,Chessmarimo,チェスマーリモ,Chesumārimo,Chessmarimo,,,87.0,147.0,"Bliking Pirates, Drum Kingdom",Alive,,,,,,,,
1161,Charlotte Yuen,シャーロット・ユーエン,Shārotto Yūen,Charlotte Yuen,,,869.0,894.0,Charlotte Family; Big Mom Pirates,Alive,,,,,,October 15th,,
1162,Charlotte Wafers,シャーロット・ウエハース,Shārotto Uehāsu,Charlotte Wafers,,,809.0,845.0,Charlotte Family,Alive,,,,,,,,
1163,Charlotte Uiro,シャーロット・ウィロ,Shārotto Wiro,Charlotte Uiro,,,809.0,845.0,Charlotte Family,Alive,,,,,,,,
1164,Charlotte Tablet,シャーロット・タブレット,Shārotto Taburetto,Charlotte Tablet,,Topping Island,832.0,862.0,Charlotte Family; Big Mom Pirates,Alive,,,,,,,,
1165,Charlotte Snack,シャーロット・スナック,Shārotto Sunakku,Charlotte Snack,,Potato Island,798.0,894.0,Charlotte Family; Big Mom Pirates,Alive,,,,,,October 29th,,
1166,Chess,チェス,Chesu,Chess,Grand Line (Drum Kingdom),,78.0,131.0,"Bliking Pirates (disbanded), Drum Kingdom (former)",Alive,,194.0,S,,,July 20th,,
1167,Charlotte Smoothie,Shibo Shibo no Mi,Shārotto Sumūjī,Charlotte Smoothie,Grand Line (Totto Land),100% Island,812.0,846.0,Charlotte Family; Big Mom Pirates,Alive,,464.0,F,Wring-Wring Fruit,Paramecia,October 12th,,Squeeze
1168,Charlotte Raisin,シャーロット・レザン,Shārotto Rezan,Charlotte Raisin,,,809.0,845.0,Charlotte Family; Big Mom Pirates,Alive,,,,,,March 23rd,,
1169,Charlotte Prim,シャーロット・プリム,Shārotto Purimu,Charlotte Prim,Grand Line (Totto Land),,871.0,896.0,Charlotte Family; Big Mom Pirates,Alive,,,,,,July 22nd,,
1170,Charlotte Pudding,Memo Memo no Mi,Shārotto Purin,Charlotte Pudding,Grand Line (Totto Land),Cacao Island,571.0,651.0,Charlotte Family; Big Mom Pirates,Alive,,166.0,XF,Memo-Memo Fruit,Paramecia,June 25th,,Memory
1171,Charlotte Praline,シャーロット・プラリネ,Shārotto Purarine,Charlotte Praline,Grand Line (Totto Land),Unique Island (former),790.0,830.0,Sun Pirates; Charlotte Family (defected),Alive,,800.0,S (RH-),,,July 22nd,,
1172,Charlotte Poire,シャーロット・ポワール,Shārotto Powāru,Charlotte Poire,,,830.0,860.0,Charlotte Family; Big Mom Pirates,Alive,,,,,,October 19th,,
1173,Charlotte Saintmarc,シャーロット・サンマルク,Shārotto Sanmaruku,Charlotte Saintmarc (Viz);Charlotte Saint-Marc (WT100),,Flavor Island,832.0,862.0,Charlotte Family; Big Mom Pirates,Alive,,,,,,,,
1174,Charlotte Perospero,Pero Pero no Mi,Shārotto Perosuperō,Charlotte Perospero (Viz); Charlotte Perosperaw (WT100),Grand Line (At a random port),Candy Island,795.0,834.0,Charlotte Family; Big Mom Pirates,Alive,,333.0,X,Lick-Lick Fruit,Paramecia,March 14th,,Sound of licking
1175,Charlotte Oven,Netsu Netsu no Mi,Shārotto Ōbun,Charlotte Oven,Grand Line (On a boat),Yakigashi Island,827.0,861.0,Charlotte Family; Big Mom Pirates,Alive,,492.0,F,Heat-Heat Fruit,Paramecia,November 25th,,Heat
1176,Charlotte Opera,Kuri Kuri no Mi,Shārotto Opera,Charlotte Opera,,Noko Island,789.0,829.0,Charlotte Family; Big Mom Pirates,Unknown,,,,Cream-Cream Fruit,Paramecia,September 29th,,Cream
1177,Charlotte Nusstorte,シャーロット・ヌストルテ,Shārotto Nusutorute,Charlotte Nusstorte,,Package Island,822.0,854.0,Charlotte Family;Big Mom Pirates,Alive,,,,,,January 23rd,,
1178,Charlotte Nougat,シャーロット・ヌガー,Shārotto Nugā,Charlotte Nougat,,,869.0,894.0,Charlotte Family; Big Mom Pirates,Alive,,,,,,,,
1179,Charlotte Panna,シャーロット・パンナ,Shārotto Panna,Charlotte Panna,,,,897.0,Charlotte Family; Big Mom Pirates,Alive,,,,,,,,
1180,Charlotte Normande,シャーロット・ノルマンド,Shārotto Norumando,Charlotte Normande,,,809.0,845.0,Charlotte Family,Alive,,,,,,,,
1181,Charlotte Noisette,シャーロット・ノアゼット,Shārotto Noazetto,Charlotte Noisette,,Kinko Island,832.0,862.0,Charlotte Family; Big Mom Pirates,Alive,,,,,,December 15th,,
1182,Charlotte Myukuru,シャーロット・ミュークル,Shārotto Myūkuru,Charlotte Myukuru,,,809.0,845.0,Charlotte Family; Big Mom Pirates,Alive,,,,,,November 17th,,
1183,Charlotte Moscato,シャーロット・モスカート,Shārotto Mosukāto,Charlotte Moscato,,Ice Island,788.0,829.0,Charlotte Family; Big Mom Pirates,Alive,,,,,,December 16th,,
1184,Charlotte Mozart,シャーロット・モーツアルト,Shārotto Mōtsaruto,Charlotte Mozart,,,831.0,862.0,Charlotte Family; Big Mom Pirates,Alive,,,,,,December 20th,,
1185,Charlotte Montb,シャーロット・モンブ,Shārotto Monbu,Charlotte Montb,,,873.0,897.0,Charlotte Family; Big Mom Pirates,Alive,,,,,,,,
1186,Charlotte Montd'Or,Buku Buku no Mi,Shārotto Mondōru,Charlotte Montd'Or (Viz)Charlotte Mont-d'Or (WT100),Grand Line (On a boat),Cheese Island,789.0,829.0,Charlotte Family; Big Mom Pirates,Alive,,260.0,X,Book-Book Fruit,Paramecia,April 23rd (World Book Day),,Book
1187,Charlotte Monder,シャーロット・モンデ,Shārotto Monde,Charlotte Monder;Charlotte Mondee (WT100),,,822.0,854.0,Charlotte Family; Big Mom Pirates,Alive,,,,,,December 10th,,
1188,Charlotte Mobile,シャーロット・モービル,Shārotto Mōbiru,Charlotte Mobile,,Futoru Island,832.0,862.0,Charlotte Family; Big Mom Pirates,Alive,,,,,,November 17th,,
1189,Charlotte Melise,シャーロット・メリゼ,Shārotto Merize,Charlotte Melise,,,,854.0,Charlotte Family; Big Mom Pirates,Alive,,,,,,,,
1190,Charlotte Mash,シャーロット・マッシュ,Shārotto Masshu,Charlotte Mash,,,831.0,865.0,Charlotte Family; Big Mom Pirates,Alive,,,,,,December 16th,,
1191,Charlotte Mascarpone,シャーロット・マスカルポーネ,Shārotto Masukarupōne,Charlotte Mascarpone,,Cutlery Island,809.0,845.0,Charlotte Family; Big Mom Pirates,Alive,,,,,,February 27th,,
1192,Charlotte Marble,シャーロット・マーブル,Shārotto Māburu,Charlotte Marble,,,869.0,894.0,Charlotte Family; Big Mom Pirates,Alive,,,,,,November 17th,,
1193,Charlotte Marnier,シャーロット・マルニエ,Shārotto Marunie,Charlotte Marnier,,Kibo Island,834.0,861.0,Charlotte Family; Big Mom Pirates,Alive,,,,,,December 20th,,
1194,Charlotte Maple,シャーロット・メープル,Shārotto Mēpuru,Charlotte Maple,,,,897.0,Charlotte Family; Big Mom Pirates,Alive,,,,,,November 17th,,
1195,Charlotte Lola,シャーロット・ローラ,Shārotto Rōra,Charlotte Lola,Grand Line (Totto Land),Cacao Island (former),370.0,476.0,Rolling Pirates; Charlotte Family; Thriller Bark Victim's Association (former),Alive,,215.0,F,,,January 27th (Proposal Day),,
1196,Charlotte Linlin,Soru Soru no Mi,Shārotto Rinrin,Charlotte Linlin,Grand Line,Whole Cake Island;Elbaf (former),571.0,651.0,Big Mom Pirates; Rocks Pirates (former); Four Emperors (former); Charlotte Family,Unknown,,880.0,X,Soul-Soul Fruit,Paramecia,February 15th,,Soul
1197,Charlotte Laurin,シャーロット・ラウリン,Shārotto Raurin,Charlotte Laurin,,,834.0,864.0,Charlotte Family; Big Mom Pirates,Alive,,,,,,,,
1198,Kato,シャーロット・カトウ,Shārotto Katō,Kato (Funimation subs);Fructose (VIZ);Charlotte Kato (WT100),,Tanega Island,822.0,854.0,Charlotte Family; Big Mom Pirates,Alive,,,,,,,,
1199,Charlotte Kanten,シャーロット・カンテン,Shārotto Kanten,Charlotte Kanten,,Jelly Island,839.0,862.0,Charlotte Family; Big Mom Pirates,Alive,,,,,,,,
1200,Charlotte Katakuri,Mochi Mochi no Mi,Shārotto Katakuri,Charlotte Katakuri,Grand Line (On a boat),Komugi Island,825.0,860.0,Charlotte Family; Big Mom Pirates,Alive,,509.0,XF,Mochi-Mochi Fruit,Special Paramecia,November 25th,,Mochi; Springy
1201,Charlotte Joconde,シャーロット・ジョコンド,Shārotto Jokondo,Charlotte Joconde,,,869.0,894.0,Charlotte Family; Big Mom Pirates,Alive,,,,,,,,
1202,Charlotte Hachee,シャーロット・アッシュ,Shārotto Asshu,Charlotte Hachee,,,,871.0,Charlotte Family; Big Mom Pirates,Alive,,,,,,December 10th,,
1203,Charlotte High-Fat,シャーロット・ハイファット,Shārotto Haifatto,Charlotte High-Fat,,,832.0,862.0,Charlotte Family; Big Mom Pirates,Alive,,,,,,,,
1204,Charlotte Joscarpone,シャーロット・ジョスカルポーネ,Shārotto Josukarupōne,Charlotte Joscarpone,,,809.0,845.0,Charlotte Family; Big Mom Pirates,Alive,,,,,,February 27th,,
1205,Charlotte Galette,Bata Bata no Mi,Shārotto Garetto,Charlotte Galette,,Margarine Island,789.0,829.0,Charlotte Family; Big Mom Pirates,Alive,,,,Butter-Butter Fruit,Paramecia,October 19th,,Butter
1206,Charlotte Flampe,シャーロット・フランペ,Shārotto Furanpe,Charlotte Flampe,Grand Line (Totto Land),Rokumitsu Island,865.0,891.0,Charlotte Family; Big Mom Pirates,Alive,,170.0,S,,,February 11th,,
1207,Charlotte Effiler,シャーロット・エフィレ,Shārotto Efire,Charlotte Effiler;Charlotte Effilee (WT100),,,831.0,864.0,Charlotte Family; Big Mom Pirates,Alive,,,,,,December 10th,,
1208,Charlotte Dosmarche,シャーロット・ドスマルシェ,Shārotto Dosumarushe,Charlotte Dosmarche,,Black Island,832.0,861.0,Charlotte Family; Big Mom Pirates,Alive,,,,,,January 23rd,,
1209,Charlotte Gala,シャーロット・ガラ,Shārotto Gara,Charlotte Gala,,,,,Charlotte Family,Alive,,,,,,September 29th,,
1210,Charlotte De-Chat,シャーロット・ドシャ,Shārotto Dosha,Charlotte De-Chat,,,809.0,845.0,Charlotte Family,Alive,,,,,,,,
1211,Charlotte Daifuku,Hoya Hoya no Mi,Shārotto Daifuku,Charlotte Daifuku,Grand Line (On a boat),Poripori Island,826.0,861.0,Charlotte Family; Big Mom Pirates,Alive,,489.0,X,Puff-Puff Fruit,Paramecia,November 25th,,Lamp Chimney
1212,Charlotte Dacquoise,シャーロット・ダクワーズ,Shārotto Dakuwāzu,Charlotte Dacquoise,,Jam Island,822.0,854.0,Charlotte Family; Big Mom Pirates,Alive,,,,,,,,
1213,Charlotte Custard,シャーロット・カスタード,Shārotto Kasutādo,Charlotte Custard,Grand Line (On a boat),Totto Land,831.0,862.0,Charlotte Family; Big Mom Pirates,Alive,,,,,,February 28th,,
1214,Charlotte Dolce and Dragée,シャーロット・ドルチェシャーロット・ドラジェ,Shārotto DorucheShārotto Doraje,Charlotte Dolce and Dragée (Viz);Charlotte Dolce and Dragee (WT100),,,809.0,845.0,Charlotte Family; Big Mom Pirates,Alive,,,,,,February 21st,,
1215,Charlotte Counter,シャーロット・カウンター,Shārotto Kauntā,Charlotte Counter,,,809.0,845.0,Charlotte Family; Big Mom Pirates,Alive,,,,,,September 29th,,
1216,Charlotte Cracker,Bisu Bisu no Mi,Shārotto Kurakkā,Charlotte Cracker,Grand Line (On a boat),Biscuits Island,796.0,835.0,Charlotte Family; Big Mom Pirates,Alive,,307.0,X,Bis-Bis Fruit,Paramecia,February 28th,,Biscuit
1217,Charlotte Cornstarch,シャーロット・コンスターチ,Shārotto Konsutāchi,Charlotte Cornstarch,,Loving Island,841.0,865.0,Charlotte Family; Big Mom Pirates,Alive,,,,,,December 16th,,
1218,Charlotte Compote,シャーロット・コンポート,Shārotto Konpōto,Charlotte Compote,,Fruits Island,830.0,860.0,Charlotte Family; Big Mom Pirates,Alive,,,,,,October 15th,,
1219,Charlotte Compo,シャーロット・コンポ,Shārotto Konpo,Charlotte Compo,,Piepie Island,834.0,864.0,Charlotte Family; Big Mom Pirates,Alive,,,,,,,,
1220,Charlotte Citron,シャーロット・シトロン,Shārotto Shitoron,Charlotte Citron,Grand Line (Totto Land),Kimi Island,833.0,861.0,Charlotte Family;  Big Mom Pirates,Alive,,,,,,October 12th,,
1221,Charlotte Cinnamon,シャーロット・シナモン,Shārotto Shinamon,Charlotte Cinnamon,Grand Line (Totto Land),,830.0,860.0,Charlotte Family; Big Mom Pirates,Alive,,,,,,October 12th,,
1222,Charlotte Chiffon,シャーロット・シフォン,Shārotto Shifon,Charlotte Chiffon,Grand Line (Totto Land),Funwari Island (former),783.0,825.0,Fire Tank Pirates; Charlotte Family (defected),Alive,,215.0,F,,,January 27th,,
1223,Charlotte Chiboust,シャーロット・シブースト,Shārotto Shibūsuto,Charlotte Chiboust,,Sanshoku Island,869.0,894.0,Charlotte Family; Big Mom Pirates,Alive,,,,,,,,
1224,Charlotte Cadenza,シャーロット・カデンツァ,Shārotto Kadentsa,Charlotte Cadenza,,,809.0,845.0,Charlotte Family; Big Mom Pirates,Alive,,,,,,September 29th,,
1225,Charlotte Cabaletta,シャーロット・カバレッタ,Shārotto Kabaretta,Charlotte Cabaletta,,,809.0,845.0,Charlotte Family; Big Mom Pirates,Alive,,,,,,September 29th,,
1226,Charlotte Brulee,Mira Mira no Mi,Shārotto Buryure,Charlotte Brulee,Grand Line (At a random port),Whole Cake Island; Mirro-World,791.0,831.0,Charlotte Family; Big Mom Pirates,Alive,,350.0,S,Mirror-Mirror Fruit,Paramecia,March 6th,,Mirror
1227,Charlotte Broye,シャーロット・ブロワイエ,Shārotto Burowaie,Charlotte Broye,Grand Line (At a random port),Milenge Island,832.0,864.0,Charlotte Family; Big Mom Pirates,Alive,,,,,,March 6thDecember 26th (SBS),,
1228,Charlotte Brownie,シャーロット・ブラウニー,Shārotto Buraunī,Charlotte Brownie,,,809.0,845.0,Charlotte Family; Big Mom Pirates,Alive,,,,,,,,
1229,Charlotte Bavarois,シャーロット・ババロア,Shārotto Babaroa,Charlotte Bavarois,,,861.0,888.0,Charlotte Family; Big Mom Pirates,Alive,,,,,,October 29th,,
1230,Charlotte Anglaise,シャーロット・アングレ,Shārotto Angure,Charlotte Anglaise,,,809.0,845.0,Charlotte Family; Big Mom Pirates,Alive,,,,,,October 19th,,
1231,Charlotte Bassquarte,シャーロット・バスカルテ,Shārotto Basukarute,Charlotte Bassquarte (Viz);Charlotte Basskarte (WT100),,,830.0,860.0,Charlotte Family; Big Mom Pirates,Alive,,,,,,January 23rd,,
1232,Charlotte Anana,シャーロット・アナナ,Shārotto Anana,Charlotte Anana,,,809.0,845.0,Charlotte Family; Big Mom Pirates,Alive,,,,,,April 17th,,
1233,Charlotte Basans,シャーロット・バサンズ,Shārotto Basanzu,Charlotte Basans,,,832.0,862.0,Charlotte Family; Big Mom Pirates,Alive,,,,,,,,
1234,Charlotte Angel,シャーロット・エンゼル,Shārotto Enzeru,Charlotte Angel,Grand Line (On a boat),Totto Land,830.0,860.0,Charlotte Family; Big Mom Pirates,Alive,,,,,,February 28th,,
1235,Decuplets,10つ子達,Juttsugo-tachi,Decuplets,,,809.0,845.0,Charlotte Family; Big Mom Pirates,Alive,,,,,,December 2nd,,
1236,Saint Charlos,チャルロス聖,Charurosu Sei,Saint Charlos (VIZ);Saint Charloss (Funimation),Red Line (Mary Geoise),Mary Geoise,393.0,499.0,World Government,Alive,,230.0,XF,,,June 1st,,
1237,Charlotte Amande,シャーロット・アマンド,Shārotto Amando,Charlotte Amande,,Nuts Island,786.0,827.0,Charlotte Family; Big Mom Pirates,Alive,,,,,,December 10th,,
1238,Chappu,チャップ,Chappu,,,Deul Kingdom,777.0,823.0,Levely,Alive,,,,,,,,
1239,Chao,チャオ,Chao,Chao,,,671.0,738.0,Tontatta Kingdom; SMILE Factory (former)Straw Hat Grand Fleet,Alive,,,,,,,,
1240,Chaka,"Inu Inu no Mi, Model: Jackal",Chaka,Chaka,Grand Line (Arabasta Kingdom),,91.0,155.0,Arabasta Kingdom,Alive,,213.0,S,Dog-Dog Fruit,Zoan,April 26th,,Dog
1241,Chappe,チャッペ,Chappe,Chappe,,,593.0,668.0,Caesar Clown,Alive,,,,,,,,
1242,Chabo,チャボ,Chabo,Chabo,East Blue (Conomi Islands),Gosa Village (former);  Cocoyasi Village,31.0,69.0,Nojiko's mikan farm,Alive,,,,,,June 14th,,
1243,Browndros Beardriguez,チャドロス・ヒゲリゲス,Chadorosu Higerigesu,Browndros Beardriguez,Grand Line,,490.0,581.0,"Caesar Clown (defected), Centaur Patrol Unit (defected); Brownbeard Pirates (disbanded)",Alive,,691.0,S,,,February 3rd,,
1244,CB Gallant,CB（シービー）ギャラン,Shībī Gyaran,CB Gallant,,,959.0,966.0,Roger Pirates,Unknown,,,,,,,,
1245,Cavendish,キャベンディッシュ,Kyabendisshu,Cavendish,Grand Line (Bourgeois Kingdom),Bourgeois Kingdom (former),632.0,704.0,Beautiful Pirates; Straw Hat Grand Fleet; Bourgeois Kingdom,Alive,,208.0,XF,,,August 31st,,
1246,Sēza,セーザ,Sēza,,,Ilisia Kingdom,777.0,823.0,Levely,Alive,,,,,,,,
1247,Cerberus,ケルベロス,Keruberosu,Cerberus,,,339.0,444.0,Thriller Bark Pirates,Deceased,,,,,,November 29th,,
1248,Catarina Devon,"Inu Inu no Mi, Model: Kyubi no Kitsune",Katarīna Debon,Catarina Devon;Catalina Devon (Chapter 538)*,South Blue,,484.0,575.0,Blackbeard Pirates; Impel Down (former),Alive,,361.0,F,Dog-Dog Fruit,Mythical Zoan,March 29th,,Dog
1249,Catacombo,カタコンボ,Katakonbo,Catacombo,,Sabaody Archipelago,522.0,602.0,Marines,Alive,,,,,,,,
1250,Carne,カルネ,Karune,Carne,East Blue,,21.0,45.0,Baratie,Alive,,171.0,S,,,February 9th,,
1251,Carmel,Soru Soru no Mi,Karumeru,Carmel,West Blue,Elbaf (former)Whole Cake Island,831.0,861.0,Underworld; Sheep's House,Deceased,80.0,185.0,S,Soul-Soul Fruit,Paramecia,December 21st,,Soul
1252,Carrot,キャロット,Kyarotto,Carrot,Grand Line (Mokomo Dukedom),Zou,753.0,804.0,"Mokomo Dukedom, Inuarashi Musketeer Squad; Ninja-Pirate-Mink-Samurai Alliance (disbanded)",Alive,,161.0,F,,,May 24th,,
1253,Caribou,Numa Numa no Mi,Karibū,Caribou,North Blue,,519.0,600.0,"Caribou Pirates; Fake Straw Hat Crew (former, temporary)",Alive,,228.0,XF,Swamp-Swamp Fruit,Logia,July 4th,,Swamp
1254,Capone Pez,カポネ・ペッツ,Kapone Pettsu,Capone Pez,,,795.0,834.0,Fire Tank Pirates; Charlotte Family,Alive,,,,,,January 22nd,,
1255,Capote,カポーティ,Kapōti,Capote,,,209.0,306.0,Foxy Pirates,Alive,,,,,,May 1st,,
1256,Kyandī,キャンディー,Kyandī,,Grand Line,,,510.0,Candy Pirates,Unknown,,,,,,June 14th,,
1257,Cans,キャンズ,Kyanzu,Cans,,,,569.0,Ally of the Whitebeard Pirates,Alive,,,,,,,,
1258,Capone Bege,Shiro Shiro no Mi,Kapone Bejji,Capone Bege,West Blue,,392.0,498.0,Fire Tank Pirates; Big Mom Pirates (former),Alive,,166.0,S,Castle-Castle Fruit,Paramecia,January 17th,,Castle
1259,Cancer,キャンサー,Kyansā,Cancer,,,151.0,96.0,Marines,Alive,,,,,,,,
1260,Kandre,カンドレ,Kandore,Kandre,,,466.0,557.0,Marines,Alive,,,,,,May 19th,,
1261,Camel,キャメル,Kyameru,Camel,,,621.0,695.0,Blackbeard Pirates; Kuzan,Alive,,,,,,,,
1262,Camie,ケイミー,Keimī,Camie,"Grand Line (Ryugu Kingdom, Fish-Man Island)",Mermaid Cove (Coral Hill),385.0,195.0,"Takoyaki 8, Mermaid Cafe",Alive,,197.0,X,,,November 3rd,,
1263,Caiman Lady,カイマンレディ,Kaiman Redi,Caiman Lady,,,1020.0,1004.0,Beasts Pirates,Alive,,,,Caiman SMILE,Artificial Zoan,,,
1264,Byron,バイロン,Bairon,Byron,West Blue,Toroa,395.0,501.0,,Alive,,192.0,,,,December 18th,,
1265,Cabaji,カバジ,Kabaji,Cabaji,East Blue,Karai Bari Island,7.0,9.0,"Cross Guild; Buggy and Alvida Alliance, Buggy Pirates",Alive,,208.0,X,,,September 8th,Sven Ruygrok,
1266,Busshiri,ブッシリ,Busshiri,Busshiri,,,275.0,391.0,Ohara Archaeologists,Deceased,,,,,,,,
1267,Bushon,ブション,Bushon,Bushon,,,251.0,361.0,,Alive,,,,,,,,
1268,Caesar Clown,Gasu Gasu no Mi,Shīzā Kuraun,Caesar Clown,Grand Line,Punk Hazard (Third Research Institute)(former),581.0,658.0,Germa Kingdom; NEO MADS; Fire Tank Pirates (former); Donquixote Pirates (former); Marines and World Government (former); MADS (former),Alive,,309.0,X,Gas-Gas Fruit,Logia,April 9th,,Gas
1269,Bunny Joe,バニー・ジョー,Banī Jō,Bunny Joe,,,455.0,546.0,Revolutionary Army,Alive,,,,,,,,
1270,Bunbuku,"Inu Inu no Mi, Model: Tanuki",Bunbuku-kun,Bunbuku,,"Amigasa Village, Wano Country",894.0,911.0,,Alive,,,,Dog-Dog Fruit,Zoan,,,Raccoon Dog
1271,Bulldog,ブルドッグ,Burudoggu,Bulldog,,Sorbet Kingdom,,1099.0,,Alive,,,,,,,,
1272,Building Snake,ビルディング・スネイク,Birudingu Suneiku,Building Snake,,,4.0,41.0,Red Hair Pirates,Alive,,,,,,,,
1273,Bungoh,ブン業,Bungō,Bungoh,,Wano Country (Ebisu Town),921.0,928.0,,Alive,,,,,,,,
1274,Buffalo,Guru Guru no Mi,Baffarō,Buffalo,North Blue,Spider Miles (former); Dressrosa (former),618.0,692.0,Donquixote Pirates,Alive,,696.0,F,Spin-Spin Fruit,Paramecia,April 8th,,Sound of rotating
1275,Buckingham Stussy,ミス・バッキンガム・ステューシー,Misu Bakkingamu Sutyūshī,Buckingham Stussy,Grand Line,,752.0,802.0,Rocks Pirates (former); MADS (former),Alive,,68.0,S,,,April 12th,,
1276,Oinkchuck,ブヒチャック,Buhichakku,Oinkchuck,,,340.0,446.0,Thriller Bark Pirates,Deceased,,,,,,,,
1277,Buchi,ブチ,Buchi,ButchieBuchi (WT100),East Blue,,13.0,31.0,Black Cat Pirates,Alive,,216.0,X,,,February 7th,Albert Pretorius,
1278,Bouche,ブッシュ,Busshu,Bouche,,,852.0,880.0,WCI 31; Big Mom Pirates,Alive,,,,,,,,
1279,Bubblegum,バブルガム,Baburugamu,Bubblegum,,,1054.0,1029.0,Kid Pirates,Unknown,,,,,,,,
1280,Buggy,Bara Bara no Mi,Bagī,Buggy,Grand Line,Karai Bari Island;Orange Town (former),4.0,9.0,Cross Guild;Buggy's Delivery; (Unknown status)?Buggy Pirates;Buggy and Alvida Alliance;Four Emperors;Seven Warlords of the Sea; (former);Roger Pirates; (former);Impel Down (former),Alive,,192.0,F,Chop-Chop Fruit,Paramecia,August 8th,Jeff Ward,Scattered; in pieces
1281,Brontosaurus,ブロントザウルス,Burontozaurusu,Brontosaurus,Grand Line (Little Garden),Little Garden,,115.0,,Deceased,,,,,,November 19th,,
1282,Brook,Yomi Yomi no Mi,Burukku,Brook,West Blue,"Florian Triangle (former); Namakura Island (former, temporary)",337.0,442.0,Straw Hat Pirates;Straw Hat Grand Fleet;Rumbar Pirates (former);Ninja-Pirate-Mink-Samurai Alliance (disbanded),Alive,,266.0,X,Revive-Revive Fruit,Paramecia,April 3rd,,Resurrection
1283,Broggy,ブロギー,Burogī,Broggy;Brogy (Odex),Grand Line (Elbaf),ElbafLittle Garden (former),71.0,115.0,Giant Warrior Pirates,Alive,,2130.0,F,,,February 1st,,
1284,Brocca,ブロッカ,Burokka,Brocca,,,470.0,561.0,Whitebeard Pirates,Alive,,,,,,,,
1285,Brandnew,ブランニュー,Buran'nyū,Brandnew (FUNimation and Crunchyroll Simulcast; Formerly Viz); Brannew (Current Viz Manga),Grand Line,,45.0,96.0,Marines,Alive,,190.0,X,,,September 3rd,,
1286,Briscola,ブリスコラ,Burisukora,Briscola,,,982.0,993.0,Beasts Pirates,Alive,,,,Gorilla SMILE,Artificial Zoan,,,
1287,Braham,ブラハム,Burahamu,Braham,Sky Islands (Skypiea),,163.0,249.0,Shandia; God's Guards,Alive,,179.0,X,,,October 10th,,
1288,Boogie,ブギ,Bugi,Boogie,,,1065.0,1038.0,Kid Pirates,Unknown,,,,,,,,
1289,Super Spot-Billed Duck Troops,超カルガモ部隊,Chō Karugamo Butai,Supersonic Duck SquadronSuper Spot-Billed Duck Troops (OPCG),,,,,,,,,,,,,,
1290,Boodle,ブードル,Būdoru,Boodle,East Blue (Organ Islands),Orange Town,6.0,12.0,,Alive,,172.0,F,,,January 16th,Lindsay Reardon,
1291,Borsalino,Pika Pika no Mi,Borusarīno,Borsalino,North Blue,,398.0,504.0,Marines,Alive,,302.0,XF,Glint-Glint Fruit,Logia,November 23rd,,Glimmer or Light
1292,Bongoh,凡ゴウ,Bongō,Bongoh,,Wano Country (Ebisu Town),921.0,928.0,,Alive,,,,,,,,
1293,Bonk Punch,ボンク・パンチ,Bonku Panchi,Bonk Punch,,,4.0,1.0,Red Hair Pirates,Alive,,,,,,,,
1294,Bomba,ボンバ,Bonba,Bomba,,,641.0,711.0,Tontatta Kingdom; Tontatta Pirates; Straw Hat Grand Fleet,Alive,,,,,,August 14th,,
1295,Bobomba,ボボンバ,Bobonba,Bobomba,,,641.0,711.0,Tontatta Kingdom; Straw Hat Grand Fleet (Tontatta Pirates),Alive,,,,,,,,
1296,Boo,ブー,Bū,Boo,,Kano Country,632.0,704.0,Happo Navy; Chinjao Family; Straw Hat Grand Fleet,Alive,,,,,,August 20th,,
1297,Bogard,ボガード,Bogādo,Bogard,,,68.0,92.0,,Alive,,,,,,,Armand Aucamp,
1298,Bobby Funk,ボビー・ファンク,Bobī Fanku,Bobby Funk,Grand Line (Mogaro Kingdom),,632.0,704.0,Mogaro Kingdom,Alive,,320.0,X,,,February 19th,,
1299,Bonba,ボンバ,Bonba,,,,589.0,652.0,Marines; G-5,Alive,,,,,,,,
1300,Bobbin,ボビン,Bobin,Bobbin,,Whole Cake Island,571.0,651.0,Big Mom Pirates,Unknown,,,,,,,,
1301,Boa Sandersonia,"Hebi Hebi no Mi, Model: Anaconda",Boa Sandāsonia,Boa Sandersonia,Calm Belt (Amazon Lily),Amazon LilyMary Geoise (former),409.0,516.0,Kuja (Kuja Pirates),Alive,,453.0,S,Snake-Snake Fruit Anaconda Model,Zoan,September 3rd,,Snake
1302,Bluemarine,ブルマリン,Burumarin,Bluemarine,,,959.0,967.0,Roger Pirates,Unknown,,,,,,,,
1303,Boa Marigold,"Hebi Hebi no Mi, Model: King Cobra",Boa Marīgōrudo,Boa Marigold,Calm Belt (Amazon Lily),Amazon LilyMary Geoise (former),409.0,516.0,Kuja (Kuja Pirates),Alive,,432.0,S,Snake-Snake Fruit King Cobra Model,Zoan,September 5th,,Snake
1304,Brew,ブリュー,Buryū,Brew,,,470.0,561.0,Whitebeard Pirates,Alive,,,,,,,,
1305,Boa Hancock,Mero Mero no Mi,Boa Hankokku,Boa Hancock,Calm Belt (Amazon Lily),Amazon LilyMary Geoise (former),409.0,516.0,Kuja (Kuja Pirates);Seven Warlords of the Sea (former),Alive,,191.0,S,Love-Love Fruit,Paramecia,September 2nd,,Fall in Love
1306,Bluejam,ブルージャム,Burūjamu,Bluejam,East Blue (Goa Kingdom),,494.0,584.0,Bluejam Pirates,Unknown,,261.0,X,,,February 16th,,
1307,Blueno,Doa Doa no Mi,Burūno,Blueno,North Blue,,230.0,325.0,CP0; CP9 (former),Alive,,258.0,X,Door-Door Fruit,Paramecia,April 20th,,Door
1308,Bluegrass,Nori Nori no Mi,Burūgurasu,Bluegrass,,,,1089.0,Marines,Alive,,,,Ride-Ride Fruit,Paramecia,,,Ride
1309,Bluefan,ブルーファン,Burūfan,Bluefan,Calm Belt (Amazon Lily),Amazon Lily,410.0,516.0,Kuja; Kuja Pirates,Alive,,,,,,July 11th,,
1310,Blenheim,ブレンハイム,Burenhaimu,Blenheim,Grand Line,,461.0,553.0,Whitebeard Pirates,Alive,,,,,,August 6th,,
1311,Blue Gilly,ブルー・ギリー,Burū Girī,Blue Gilly (Viz);Bluegilly (WT100),Grand Line,,636.0,706.0,Ideo Pirates; Straw Hat Grand Fleet,Alive,,314.0,S,,,November 27th,,
1312,Blamenco,Poke Poke no Mi,Buramenko,Blamenco,South Blue,,461.0,553.0,Whitebeard Pirates,Alive,,,,Pocket-Pocket Fruit,Paramecia,February 5th,,Pocket
1313,Belladonna,ベラドンナ,Beradonna,Belladonna,Calm Belt (Amazon Lily),Amazon Lily,408.0,514.0,Kuja,Alive,,,,,,October 26th,,
1314,Belo Betty,Kobu Kobu no Mi,Bero Beti,Belo Betty,East Blue,Baltigo (former); Momoiro Island,880.0,904.0,Revolutionary Army (East Army),Alive,,196.0,XF,Pump-Pump Fruit,Paramecia,June 15th,,Encouragement
1315,Blondie,ブロンディ,Burondi,Blondie,,,468.0,558.0,Subordinate of the Whitebeard Pirates,Alive,,,,,,February 6th,,
1316,Bekori,ベコリ,Bekori,Bekori,,Sorbet Kingdom,,1097.0,,Unknown,,,,,,,,
1317,Beer VI,ビール6世,Bīru Rokusei,Beer VI,,Roshwan Kingdom,777.0,823.0,,Alive,,,,,,,,
1318,Bat-Man,バットマン,Battoman,Bat-Man (Viz)Batman (Funimation),,,900.0,914.0,Beasts Pirates,Alive,,,,Bat SMILE,Artificial Zoan,,,
1319,Baxcon,バクスコン,Bakusukon,Baxcon,,,648.0,718.0,Tontatta Kingdom Scouting Unit; Tontatta Pirates; Straw Hat Grand Fleet,Alive,,,,,,,,
1320,Bastille,バスティーユ,Basutīyu,Bastille,Grand Line,,462.0,553.0,Marines,Alive,,291.0,F,,,July 14th,,
1321,Bacchy,バッチー,Batchī,Bacchy,East Blue,,20.0,43.0,,Unknown,,,,,,July 1st,,
1322,Basilisk,バシリスク,Bashirisuku,Basilisk,West Blue,,425.0,528.0,"World Government, Impel Down",Alive,,,,,,,,
1323,Basil Hawkins,Wara Wara no Mi,Bajiru Hōkinsu,Basil Hawkins,North Blue,,392.0,498.0,Hawkins Pirates; Beasts Pirates,Unknown,,210.0,S,Straw-Straw Fruit,Paramecia,September 9th,,Straw
1324,Bartolomeo,Bari Bari no Mi,Barutoromeo,Bartolomeo,East Blue,,633.0,705.0,Barto Club; his own Mafia Family (former); Straw Hat Grand Fleet,Alive,,220.0,X,Barrier-Barrier Fruit,Paramecia,October 6th,,Barrier
1325,Barry,バリー,Barī,Barry,,,461.0,552.0,Spade Pirates,Alive,,,,,,,,
1326,Bartholomew Kuma,Nikyu Nikyu no Mi,Bāsoromyū Kuma,Bartholomew Kuma,South Blue (Sorbet Kingdom),"Sorbet Kingdom (former); Baltigo (former); Egghead (former, temporary); Mary Geoise (former); Sabaody Archipelago (former, temporary)",151.0,233.0,Revolutionary Army;Freedom Fighters (former);Seven Warlords of the Sea (former);Sorbet Kingdom (former),Alive,,689.0,X,Paw-Paw Fruit,Paramecia,February 9th,,Paw
1327,Bariete,バリエテ,Bariete,Bariete,,Zou,753.0,804.0,Mokomo Dukedom (Recon Squad); Ninja-Pirate-Mink-Samurai Alliance,Alive,,,,,,,,
1328,Bancro,バンクロ,Bankuro,Bancro,,,959.0,967.0,Roger Pirates,Unknown,,,,,,,,
1329,Banzaburo,番三郎,Banzaburō,Banzaburo,,Wano Country,960.0,960.0,Kozuki Family,Deceased,,,,,,,,
1330,"Gyoro, Nin, Bao","ギョロ, ニン, バオ","Gyoro, Nin, Bao","Gyoro, Nin, Bao",,,343.0,449.0,Thriller Bark Pirates,Deceased,,,,,,,,
1331,Bao Huang,バオファン,Baofan,Bao Huang,,,985.0,979.0,Beasts Pirates,Alive,,,,Flying Squirrel SMILE,Artificial Zoan,,,
1332,Bankina,バンキーナ,Bankīna,Bankina (WT100);Banchina (Live-Action Series),East Blue (Syrup Village),,17.0,41.0,,Deceased,,,,,,December 17th,Chanté Grainger,
1333,Bunchi,バンチ,Banchi,Bunchi (Viz)Bunch (WT100),West Blue,,67.0,114.0,Baroque Works,Alive,,,,,,,,
1334,Ban Dodeshine,バン・ドデシネ,Ban Dodeshine,,East Blue,Frauce Kingdom,777.0,823.0,Levely,Alive,,,,,,,,
1335,Banshee,バンシー,Banshī,Banshee,,,461.0,552.0,Spade Pirates,Alive,,,,,,,,
1336,Bacura,バキュラ,Bakyura,"Bacura (Viz, FUNimation),Bakula (FUNimation subtitles)",Calm Belt (Amazon Lily),Amazon Lily,410.0,516.0,Kuja,Alive,,,,,,November 29th,,
1337,Baggaly,バガリー,Bagarī,Baggaly,,,489.0,561.0,Whitebeard Pirates,Alive,,,,,,,,
1338,Baby 5,Buki Buki no Mi,Bebī Faibu,Baby 5Baby Five (WT100),North Blue,Kuen Village (former); Spider Miles (former); Dressrosa (former); Kano Country,608.0,682.0,Happo Navy; Chinjao Family; Straw Hat Grand Fleet; Donquixote Pirates (defected),Alive,,181.0,XF,Arms-Arms Fruit,Paramecia,May 15th,,Weapon
1339,Bazeko,バケゾー,Bakezō,Bazeko,,,594.0,668.0,Marines; G-5,Alive,,,,,,,,
1340,Babe,ベーブ,Bēbu,Babe,Grand Line,,103.0,160.0,New Spiders Cafe; Baroque Works (former),Alive,,218.0,F,,,June 19th,,
1341,Babanuki,ババヌキ,Babanuki,Babanuki,,,930.0,934.0,Beasts Pirates; Tama,Alive,,,,Elephant SMILE,Artificial Zoan,,,
1342,Azuki,あずき,Azuki,,,"Ebisu Town, Wano Country",936.0,940.0,,Alive,,,,,,,,
1343,Attach,アタッチ,Atatchi,Attach,,,321.0,436.0,World Economy News Paper; Marines Photography Department (former),Unknown,,,,,,,,
1344,Atmos,アトモス,Atomosu,Atmos,West Blue,,461.0,553.0,Whitebeard Pirates,Alive,,,,,,March 19th,,
1345,Atagoyama,アタゴ山,Atagoyama,,,Wano Country (Bakura Town),902.0,915.0,,Alive,,,,,,,,
1346,Avalo Pizarro,Shima Shima no Mi,Abaro Pisaro,Avalo Pizarro,North Blue,,484.0,575.0,Blackbeard Pirates; Impel Down (former),Alive,,505.0,X,Isle-Isle Fruit,Paramecia,September 30th,,Island
1347,Atlas,暴（アトラス）,Atorasu,Atlas,,Egghead,1091.0,1062.0,Marines (SSG),Alive,,,,,,,,
1348,Eiyess Emmar,エーエスエ・ムアール,Ēesue Muāru,Eiyess Emmar,,South Blue,,,Marines,Alive,,,,,,,,
1349,Aswa,アスワ,Asuwa,Aswa,,Arabasta,100.0,163.0,Neutral civilian,Unknown,,,,,,,,
1350,Ashura Doji,アシュラ童子,Ashura Dōji,Ashura Doji,Grand Line (Wano Country),Wano Country (Kuri: Mt. Atama),910.0,920.0,Mt. Atama Thieves; Kozuki Family; Nine Red Scabbards,Deceased,56.0,544.0,X,,,April 10th,,
1351,Asashichi,麻七,Asashichi,,,Wano Country (Flower Capital),924.0,930.0,,Alive,,,,,,,,
1352,Aruyūtayan Gosei,アルユータヤン五世,Aruyūtayan Gosei,,North Blue,,189.0,292.0,Lvneel Kingdom,Deceased,,,,,,,,
1353,Arthur,アーサー,Āsā,Arthur,,,,556.0,Whitebeard Pirates,Alive,,,,,,,,
1354,Kicking Claw Force,ツメゲリ部隊,Tsumegeri Butai,Kicking Claw Force; Elite Alabastian Royal Guards,,,120.0,196.0,Arabasta Kingdom,Deceased,,,,,,,,
1355,Peekatha Krotch,アレモ・ガンミー,Aremo Ganmī,Peekatha Krotch,,,636.0,707.0,Corrida Colosseum,Alive,,,,,,,,
1356,Arlong,アーロン,Āron,Arlong,"Grand Line (Ryugu Kingdom, Fish-Man Island)",Fish-Man District (former) Arlong Park (former),31.0,69.0,Arlong Pirates; Sun Pirates (former); Impel Down (former),Alive,,263.0,F,,,May 3rd,McKinley Belcher III,
1357,Heercomes Dasun,アサヒジャー,Asahijā,Heercomes Dasun,,,375.0,483.0,Marines,Alive,,,,,,,,
1358,Aramaki,Mori Mori no Mi,Aramaki,Aramaki,,,882.0,905.0,Marines,Alive,,,,Woods-Woods Fruit,Logia,,,Forest
1359,Aphelandra,アフェランドラ,Aferandora,Aphelandra,Calm Belt (Amazon Lily),Amazon Lily,408.0,514.0,Kuja; Kuja Pirates,Alive,,,,,,August 1st,,
1360,Antonio,アントニオ,Antonio,Antonio,,Sabaody Archipelago,391.0,497.0,Antonio's Graman,Alive,,,,,,January 21st,,
1361,Ankoro,アンコロ,Ankoro,Ankoro,,,525.0,606.0,Flying Pirates,Alive,,,,,,November 23rd,,
1362,Anjo,アンジョウ,Anjō,Anjo,East Blue,,,1.0,,Alive,,,,,,January 1st,,
1363,Andre,アンドレ,Andore,Andre,,,479.0,558.0,Whitebeard Pirates,Alive,,,,,,May 19th,,
1364,Ratherby Seifer,アン・ゼンガイーナ,An Zengaīna,Ratherby Seifer,Grand Line,,425.0,528.0,,Alive,,,,,,January 31st,,
1365,Amadob,アマドブ,Amadobu,Amadob,,,467.0,558.0,Ally of the Whitebeard Pirates,Alive,,,,,,June 20th,,
1366,Alpha,アルファ,Arufa,Alpha,,,,1100.0,CP8,Unknown,,,,,,,,
1367,Alpaca-Man,アルパカマン,Arupakaman,Alpaca-Man,,,929.0,934.0,Beasts Pirates,Alive,,,,Alpaca SMILE,Artificial Zoan,,,
1368,Amazon,アマゾン,Amazon,Amazon,Grand Line (Skypiea),Skypiea,153.0,238.0,Wagomuland,Alive,,120.0,X,,,August 4th,,
1369,Alvida,Sube Sube no Mi,Arubida,Alvida,East Blue,Karai Bari Island; Goat Island (former),1.0,2.0,"Cross Guild; Buggy's Delivery, Buggy and Alvida Alliance; Buggy Pirates (Acting Captain, temporarily); Alvida Pirates (formerly)",Alive,,198.0,S,Slip-Slip Fruit,Paramecia,March 14th (Beauty Day),Ilia Isorelýs Paulino,"Smooth, fat in cells, young and slippery"
1370,Baskerville,バスカビル,Basukabiru,Baskerville,Grand Line,,267.0,379.0,World Government (Enies Lobby),Unknown,,512.0,Bas: XAnd: XFKerville: F,,,Bas: March 30thAnd: March 31stKerville: April 1st,,
1371,Alice,アリーチェ,Arīche,Alice,,,381.0,487.0,Galley-La Company,Alive,,,,,,,,
1372,Ally,アリー,Arī,Ally,,,583.0,658.0,,Alive,,,,,,,,
1373,Albion,アルビオン,Arubion,Albion,,,519.0,600.0,Fake Straw Hat Crew (Former); His own crew,Alive,,,,,,November 9th,,
1374,Aladdin,アラディン,Aradin,Aladdin,Grand Line (Ryugu Kingdom),,540.0,620.0,Sun Pirates; Ryugu Kingdom (former),Alive,,627.0,XF,,,January 31st,,
1375,Aisa,アイサ,Aisa,Aisa,Sky Islands (Skypiea),,161.0,249.0,Shandia; Wagomuland,Alive,,140.0,F,,,January 3rd,,
1376,Uweshall Notpass,アケヘンデ,Akehende,Uweshall Notpass,,,451.0,548.0,,Alive,,,,,,,,
1377,Dumas Fayes,アッホ・ヅラコ,Ahho Zurako,Dumas Fayes,,"Goa Kingdom, Dawn Island",501.0,587.0,Goa Kingdom (High Town),Alive,,,,,,,,
1378,Akudai Kanzaburō,悪代カン三郎,Akudai Kanzaburō,,,Wano Country (Flower Capital),918.0,926.0,,Alive,,,,,,,,
1379,Ahiru,あひる,Ahiru,Ahiru,,Baltigo (former); Momoiro Island,883.0,905.0,Revolutionary Army,Alive,,,,,,,,
1380,Akumai,アクマイ,Akumai,Akumai,Grand Line,,78.0,129.0,Baroque Works,Alive,,,,,,December 27th,,
1381,Dumas Regal IX,アッホ・デスネン9世,Ahho Desunen Kyūsei,Dumas Regal IX,,,501.0,587.0,Goa Kingdom (High Town),Alive,,,,,,,,
1382,Agushily,アグシリー,Agushirī,Agushily,,,487.0,578.0,Ally of the Whitebeard Pirates,Alive,,,,,,,,
1383,Agyo,アギョウ,Agyō,Agyo,,,652.0,706.0,Corrida Colosseum,Alive,,,,,,November 29th,,
1384,Aggie 68,アギー68,Agī 68,Aggie 68,,,461.0,552.0,Spade Pirates,Alive,,,,,,,,
1385,Agotogi,アゴトギ,Agotogi,Agotogi,,Arabasta,100.0,163.0,His own bandit gang,Alive,,,,,,,,
1386,Agilia,アキリア,Akiria,Agilia; Acilia,,,654.0,706.0,Corrida Colosseum,Alive,,,,,,,,
1387,Absalom,Suke Suke no Mi,Abusaromu,Absalom,West Blue,,339.0,444.0,Thriller Bark Pirates (Mysterious Four) (former),Deceased,,195.0,F,Clear-Clear Fruit,Paramecia,December 30th,,See-through; Sheer
1388,Abdullah,アブドーラ,Abudōra,Abdullah,,,633.0,704.0,Ideo Pirates; Straw Hat Grand Fleet,Alive,,,,,,,,
1389,Adelle,アデル,Aderu,Adelle,Grand Line (Ryugu Kingdom; Fish-Man Island),Mermaid Cove (Coral Hill),527.0,608.0,Mermaid Café,Alive,,,,,,,,
1390,Otama,,,,,,,,,,,,,,,,,
1391,Daddy Masterson,,,,,,,,,,,,,,,,,
1392,Jonathan,,,,,,,,,,,,,,,,,
1393,Douglas Bullet,,,,,,,,,,,,,,,,,
1394,Carmen,,,,,,,,,,,,,,,,,
1395,Lim,,,,,,,,,,,,,,,,,
1396,Zephyr,,,,,,,,,,,,,,,,,
1397,Bins,,,,,,,,,,,,,,,,,
1398,Musshuru,,,,,,,,,,,,,,,,,
1399,Adio,,,,,,,,,,,,,,,,,
1400,Carina,,,,,,,,,,,,,,,,,
1401,Mr. Tanaka,,,,,,,,,,,,,,,,,
1402,Baron Omatsuri,,,,,,,,,,,,,,,,,
1403,Gasparde,,,,,,,,,,,,,,,,,
1404,Shuraiya,,,,,,,,,,,,,,,,,
1405,Z,,,,,,,,,,,,,,,,,
1406,Ain,,,,,,,,,,,,,,,,,
1407,Gordon,,,,,,,,,,,,,,,,,
